ISO-10303-21;
HEADER;
FILE_DESCRIPTION(('KiCad electronic assembly'),'2;1');
FILE_NAME('arduino nano.step','2026-08-21T19:01:20',('Pcbnew'),('Kicad')
  ,'Open CASCADE STEP processor 7.9','KiCad to STEP converter','Unknown'
  );
FILE_SCHEMA(('AUTOMOTIVE_DESIGN { 1 0 10303 214 1 1 1 1 }'));
ENDSEC;
DATA;
#1 = APPLICATION_PROTOCOL_DEFINITION('international standard',
  'automotive_design',2000,#2);
#2 = APPLICATION_CONTEXT(
  'core data for automotive mechanical design processes');
#3 = SHAPE_DEFINITION_REPRESENTATION(#4,#10);
#4 = PRODUCT_DEFINITION_SHAPE('','',#5);
#5 = PRODUCT_DEFINITION('design','',#6,#9);
#6 = PRODUCT_DEFINITION_FORMATION('','',#7);
#7 = PRODUCT('arduino nano 1','arduino nano 1','',(#8));
#8 = PRODUCT_CONTEXT('',#2,'mechanical');
#9 = PRODUCT_DEFINITION_CONTEXT('part definition',#2,'design');
#10 = SHAPE_REPRESENTATION('',(#11,#15,#19,#23,#27,#31),#35);
#11 = AXIS2_PLACEMENT_3D('',#12,#13,#14);
#12 = CARTESIAN_POINT('',(0.,0.,0.));
#13 = DIRECTION('',(0.,0.,1.));
#14 = DIRECTION('',(1.,0.,-0.));
#15 = AXIS2_PLACEMENT_3D('',#16,#17,#18);
#16 = CARTESIAN_POINT('',(0.,0.,0.));
#17 = DIRECTION('',(0.,0.,1.));
#18 = DIRECTION('',(1.,0.,-0.));
#19 = AXIS2_PLACEMENT_3D('',#20,#21,#22);
#20 = CARTESIAN_POINT('',(0.,0.,0.));
#21 = DIRECTION('',(0.,0.,1.));
#22 = DIRECTION('',(1.,0.,-0.));
#23 = AXIS2_PLACEMENT_3D('',#24,#25,#26);
#24 = CARTESIAN_POINT('',(0.,0.,0.));
#25 = DIRECTION('',(0.,0.,1.));
#26 = DIRECTION('',(1.,0.,-0.));
#27 = AXIS2_PLACEMENT_3D('',#28,#29,#30);
#28 = CARTESIAN_POINT('',(0.,0.,0.));
#29 = DIRECTION('',(0.,0.,1.));
#30 = DIRECTION('',(1.,0.,-0.));
#31 = AXIS2_PLACEMENT_3D('',#32,#33,#34);
#32 = CARTESIAN_POINT('',(0.,0.,0.));
#33 = DIRECTION('',(0.,0.,1.));
#34 = DIRECTION('',(1.,0.,-0.));
#35 = ( GEOMETRIC_REPRESENTATION_CONTEXT(3) 
GLOBAL_UNCERTAINTY_ASSIGNED_CONTEXT((#39)) GLOBAL_UNIT_ASSIGNED_CONTEXT(
(#36,#37,#38)) REPRESENTATION_CONTEXT('Context #1',
  '3D Context with UNIT and UNCERTAINTY') );
#36 = ( LENGTH_UNIT() NAMED_UNIT(*) SI_UNIT(.MILLI.,.METRE.) );
#37 = ( NAMED_UNIT(*) PLANE_ANGLE_UNIT() SI_UNIT($,.RADIAN.) );
#38 = ( NAMED_UNIT(*) SI_UNIT($,.STERADIAN.) SOLID_ANGLE_UNIT() );
#39 = UNCERTAINTY_MEASURE_WITH_UNIT(LENGTH_MEASURE(1.E-07),#36,
  'distance_accuracy_value','confusion accuracy');
#40 = PRODUCT_RELATED_PRODUCT_CATEGORY('part',$,(#7));
#41 = SHAPE_DEFINITION_REPRESENTATION(#42,#48);
#42 = PRODUCT_DEFINITION_SHAPE('','',#43);
#43 = PRODUCT_DEFINITION('design','',#44,#47);
#44 = PRODUCT_DEFINITION_FORMATION('','',#45);
#45 = PRODUCT('arduino nano_silkscreen','arduino nano_silkscreen','',(
    #46));
#46 = PRODUCT_CONTEXT('',#2,'mechanical');
#47 = PRODUCT_DEFINITION_CONTEXT('part definition',#2,'design');
#48 = SHAPE_REPRESENTATION('',(#11,#49,#161,#273,#367,#411,#496,#540,
    #592,#644,#696,#740,#800,#942,#1094,#1254,#1388,#1448,#1542,#1586,
    #1923,#1991,#2165,#2290,#2443,#2577,#2646,#2731,#2783,#2976,#3078,
    #3279,#3405,#3449,#3493,#3688,#3765,#3933,#4058,#4127,#4196,#4240,
    #4284,#4394,#4554,#4687,#4756,#4882,#4926,#4970,#5014,#5066,#5118,
    #5170,#5222,#5382,#5595,#5763,#5931,#6081,#6294),#6338);
#49 = SHELL_BASED_SURFACE_MODEL('',(#50));
#50 = OPEN_SHELL('',(#51));
#51 = ADVANCED_FACE('',(#52,#122),#156,.T.);
#52 = FACE_BOUND('',#53,.F.);
#53 = EDGE_LOOP('',(#54,#65,#73,#82,#90,#99,#107,#116));
#54 = ORIENTED_EDGE('',*,*,#55,.T.);
#55 = EDGE_CURVE('',#56,#58,#60,.T.);
#56 = VERTEX_POINT('',#57);
#57 = CARTESIAN_POINT('',(181.66,-64.93,1.585));
#58 = VERTEX_POINT('',#59);
#59 = CARTESIAN_POINT('',(181.72,-64.87,1.585));
#60 = CIRCLE('',#61,5.999932016262E-02);
#61 = AXIS2_PLACEMENT_3D('',#62,#63,#64);
#62 = CARTESIAN_POINT('',(181.71999932015,-64.92999932015,1.585));
#63 = DIRECTION('',(0.,0.,-1.));
#64 = DIRECTION('',(-0.999999999936,-1.133081564772E-05,-0.));
#65 = ORIENTED_EDGE('',*,*,#66,.T.);
#66 = EDGE_CURVE('',#58,#67,#69,.T.);
#67 = VERTEX_POINT('',#68);
#68 = CARTESIAN_POINT('',(184.48,-64.87,1.585));
#69 = LINE('',#70,#71);
#70 = CARTESIAN_POINT('',(181.72,-64.87,1.585));
#71 = VECTOR('',#72,1.);
#72 = DIRECTION('',(1.,0.,0.));
#73 = ORIENTED_EDGE('',*,*,#74,.T.);
#74 = EDGE_CURVE('',#67,#75,#77,.T.);
#75 = VERTEX_POINT('',#76);
#76 = CARTESIAN_POINT('',(184.54,-64.93,1.585));
#77 = CIRCLE('',#78,5.999932016257E-02);
#78 = AXIS2_PLACEMENT_3D('',#79,#80,#81);
#79 = CARTESIAN_POINT('',(184.48000067984,-64.92999932015,1.585));
#80 = DIRECTION('',(0.,0.,-1.));
#81 = DIRECTION('',(-1.133081659513E-05,0.999999999936,0.));
#82 = ORIENTED_EDGE('',*,*,#83,.T.);
#83 = EDGE_CURVE('',#75,#84,#86,.T.);
#84 = VERTEX_POINT('',#85);
#85 = CARTESIAN_POINT('',(184.54,-70.12,1.585));
#86 = LINE('',#87,#88);
#87 = CARTESIAN_POINT('',(184.54,-64.93,1.585));
#88 = VECTOR('',#89,1.);
#89 = DIRECTION('',(0.,-1.,0.));
#90 = ORIENTED_EDGE('',*,*,#91,.T.);
#91 = EDGE_CURVE('',#84,#92,#94,.T.);
#92 = VERTEX_POINT('',#93);
#93 = CARTESIAN_POINT('',(184.48,-70.18,1.585));
#94 = CIRCLE('',#95,5.999932016253E-02);
#95 = AXIS2_PLACEMENT_3D('',#96,#97,#98);
#96 = CARTESIAN_POINT('',(184.48000067984,-70.12000067984,1.585));
#97 = DIRECTION('',(0.,0.,-1.));
#98 = DIRECTION('',(0.999999999936,1.133081706884E-05,0.));
#99 = ORIENTED_EDGE('',*,*,#100,.T.);
#100 = EDGE_CURVE('',#92,#101,#103,.T.);
#101 = VERTEX_POINT('',#102);
#102 = CARTESIAN_POINT('',(181.72,-70.18,1.585));
#103 = LINE('',#104,#105);
#104 = CARTESIAN_POINT('',(184.48,-70.18,1.585));
#105 = VECTOR('',#106,1.);
#106 = DIRECTION('',(-1.,0.,0.));
#107 = ORIENTED_EDGE('',*,*,#108,.T.);
#108 = EDGE_CURVE('',#101,#109,#111,.T.);
#109 = VERTEX_POINT('',#110);
#110 = CARTESIAN_POINT('',(181.66,-70.12,1.585));
#111 = CIRCLE('',#112,5.999932016262E-02);
#112 = AXIS2_PLACEMENT_3D('',#113,#114,#115);
#113 = CARTESIAN_POINT('',(181.71999932015,-70.12000067984,1.585));
#114 = DIRECTION('',(0.,0.,-1.));
#115 = DIRECTION('',(1.133081564772E-05,-0.999999999936,0.));
#116 = ORIENTED_EDGE('',*,*,#117,.T.);
#117 = EDGE_CURVE('',#109,#56,#118,.T.);
#118 = LINE('',#119,#120);
#119 = CARTESIAN_POINT('',(181.66,-70.12,1.585));
#120 = VECTOR('',#121,1.);
#121 = DIRECTION('',(0.,1.,0.));
#122 = FACE_BOUND('',#123,.F.);
#123 = EDGE_LOOP('',(#124,#134,#142,#150));
#124 = ORIENTED_EDGE('',*,*,#125,.T.);
#125 = EDGE_CURVE('',#126,#128,#130,.T.);
#126 = VERTEX_POINT('',#127);
#127 = CARTESIAN_POINT('',(184.42,-70.06,1.585));
#128 = VERTEX_POINT('',#129);
#129 = CARTESIAN_POINT('',(184.42,-64.99,1.585));
#130 = LINE('',#131,#132);
#131 = CARTESIAN_POINT('',(184.42,-70.06,1.585));
#132 = VECTOR('',#133,1.);
#133 = DIRECTION('',(0.,1.,0.));
#134 = ORIENTED_EDGE('',*,*,#135,.T.);
#135 = EDGE_CURVE('',#128,#136,#138,.T.);
#136 = VERTEX_POINT('',#137);
#137 = CARTESIAN_POINT('',(181.78,-64.99,1.585));
#138 = LINE('',#139,#140);
#139 = CARTESIAN_POINT('',(184.42,-64.99,1.585));
#140 = VECTOR('',#141,1.);
#141 = DIRECTION('',(-1.,0.,0.));
#142 = ORIENTED_EDGE('',*,*,#143,.T.);
#143 = EDGE_CURVE('',#136,#144,#146,.T.);
#144 = VERTEX_POINT('',#145);
#145 = CARTESIAN_POINT('',(181.78,-70.06,1.585));
#146 = LINE('',#147,#148);
#147 = CARTESIAN_POINT('',(181.78,-64.99,1.585));
#148 = VECTOR('',#149,1.);
#149 = DIRECTION('',(0.,-1.,0.));
#150 = ORIENTED_EDGE('',*,*,#151,.T.);
#151 = EDGE_CURVE('',#144,#126,#152,.T.);
#152 = LINE('',#153,#154);
#153 = CARTESIAN_POINT('',(181.78,-70.06,1.585));
#154 = VECTOR('',#155,1.);
#155 = DIRECTION('',(1.,0.,0.));
#156 = PLANE('',#157);
#157 = AXIS2_PLACEMENT_3D('',#158,#159,#160);
#158 = CARTESIAN_POINT('',(0.,0.,1.585));
#159 = DIRECTION('',(0.,0.,1.));
#160 = DIRECTION('',(1.,0.,-0.));
#161 = SHELL_BASED_SURFACE_MODEL('',(#162));
#162 = OPEN_SHELL('',(#163));
#163 = ADVANCED_FACE('',(#164,#234),#268,.T.);
#164 = FACE_BOUND('',#165,.F.);
#165 = EDGE_LOOP('',(#166,#177,#185,#194,#202,#211,#219,#228));
#166 = ORIENTED_EDGE('',*,*,#167,.T.);
#167 = EDGE_CURVE('',#168,#170,#172,.T.);
#168 = VERTEX_POINT('',#169);
#169 = CARTESIAN_POINT('',(185.46,-64.93,1.585));
#170 = VERTEX_POINT('',#171);
#171 = CARTESIAN_POINT('',(185.52,-64.87,1.585));
#172 = CIRCLE('',#173,5.999932016251E-02);
#173 = AXIS2_PLACEMENT_3D('',#174,#175,#176);
#174 = CARTESIAN_POINT('',(185.51999932015,-64.92999932015,1.585));
#175 = DIRECTION('',(0.,0.,-1.));
#176 = DIRECTION('',(-0.999999999936,-1.133081730569E-05,-0.));
#177 = ORIENTED_EDGE('',*,*,#178,.T.);
#178 = EDGE_CURVE('',#170,#179,#181,.T.);
#179 = VERTEX_POINT('',#180);
#180 = CARTESIAN_POINT('',(188.28,-64.87,1.585));
#181 = LINE('',#182,#183);
#182 = CARTESIAN_POINT('',(185.52,-64.87,1.585));
#183 = VECTOR('',#184,1.);
#184 = DIRECTION('',(1.,0.,0.));
#185 = ORIENTED_EDGE('',*,*,#186,.T.);
#186 = EDGE_CURVE('',#179,#187,#189,.T.);
#187 = VERTEX_POINT('',#188);
#188 = CARTESIAN_POINT('',(188.34,-64.93,1.585));
#189 = CIRCLE('',#190,5.999932016257E-02);
#190 = AXIS2_PLACEMENT_3D('',#191,#192,#193);
#191 = CARTESIAN_POINT('',(188.28000067984,-64.92999932015,1.585));
#192 = DIRECTION('',(0.,0.,-1.));
#193 = DIRECTION('',(-1.133081659513E-05,0.999999999936,0.));
#194 = ORIENTED_EDGE('',*,*,#195,.T.);
#195 = EDGE_CURVE('',#187,#196,#198,.T.);
#196 = VERTEX_POINT('',#197);
#197 = CARTESIAN_POINT('',(188.34,-70.12,1.585));
#198 = LINE('',#199,#200);
#199 = CARTESIAN_POINT('',(188.34,-64.93,1.585));
#200 = VECTOR('',#201,1.);
#201 = DIRECTION('',(0.,-1.,0.));
#202 = ORIENTED_EDGE('',*,*,#203,.T.);
#203 = EDGE_CURVE('',#196,#204,#206,.T.);
#204 = VERTEX_POINT('',#205);
#205 = CARTESIAN_POINT('',(188.28,-70.18,1.585));
#206 = CIRCLE('',#207,5.999932016264E-02);
#207 = AXIS2_PLACEMENT_3D('',#208,#209,#210);
#208 = CARTESIAN_POINT('',(188.28000067984,-70.12000067984,1.585));
#209 = DIRECTION('',(0.,0.,-1.));
#210 = DIRECTION('',(0.999999999936,1.133081541086E-05,0.));
#211 = ORIENTED_EDGE('',*,*,#212,.T.);
#212 = EDGE_CURVE('',#204,#213,#215,.T.);
#213 = VERTEX_POINT('',#214);
#214 = CARTESIAN_POINT('',(185.52,-70.18,1.585));
#215 = LINE('',#216,#217);
#216 = CARTESIAN_POINT('',(188.28,-70.18,1.585));
#217 = VECTOR('',#218,1.);
#218 = DIRECTION('',(-1.,0.,0.));
#219 = ORIENTED_EDGE('',*,*,#220,.T.);
#220 = EDGE_CURVE('',#213,#221,#223,.T.);
#221 = VERTEX_POINT('',#222);
#222 = CARTESIAN_POINT('',(185.46,-70.12,1.585));
#223 = CIRCLE('',#224,5.999932016262E-02);
#224 = AXIS2_PLACEMENT_3D('',#225,#226,#227);
#225 = CARTESIAN_POINT('',(185.51999932015,-70.12000067984,1.585));
#226 = DIRECTION('',(0.,0.,-1.));
#227 = DIRECTION('',(1.133081564772E-05,-0.999999999936,0.));
#228 = ORIENTED_EDGE('',*,*,#229,.T.);
#229 = EDGE_CURVE('',#221,#168,#230,.T.);
#230 = LINE('',#231,#232);
#231 = CARTESIAN_POINT('',(185.46,-70.12,1.585));
#232 = VECTOR('',#233,1.);
#233 = DIRECTION('',(0.,1.,0.));
#234 = FACE_BOUND('',#235,.F.);
#235 = EDGE_LOOP('',(#236,#246,#254,#262));
#236 = ORIENTED_EDGE('',*,*,#237,.T.);
#237 = EDGE_CURVE('',#238,#240,#242,.T.);
#238 = VERTEX_POINT('',#239);
#239 = CARTESIAN_POINT('',(188.22,-70.06,1.585));
#240 = VERTEX_POINT('',#241);
#241 = CARTESIAN_POINT('',(188.22,-64.99,1.585));
#242 = LINE('',#243,#244);
#243 = CARTESIAN_POINT('',(188.22,-70.06,1.585));
#244 = VECTOR('',#245,1.);
#245 = DIRECTION('',(0.,1.,0.));
#246 = ORIENTED_EDGE('',*,*,#247,.T.);
#247 = EDGE_CURVE('',#240,#248,#250,.T.);
#248 = VERTEX_POINT('',#249);
#249 = CARTESIAN_POINT('',(185.58,-64.99,1.585));
#250 = LINE('',#251,#252);
#251 = CARTESIAN_POINT('',(188.22,-64.99,1.585));
#252 = VECTOR('',#253,1.);
#253 = DIRECTION('',(-1.,0.,0.));
#254 = ORIENTED_EDGE('',*,*,#255,.T.);
#255 = EDGE_CURVE('',#248,#256,#258,.T.);
#256 = VERTEX_POINT('',#257);
#257 = CARTESIAN_POINT('',(185.58,-70.06,1.585));
#258 = LINE('',#259,#260);
#259 = CARTESIAN_POINT('',(185.58,-64.99,1.585));
#260 = VECTOR('',#261,1.);
#261 = DIRECTION('',(0.,-1.,0.));
#262 = ORIENTED_EDGE('',*,*,#263,.T.);
#263 = EDGE_CURVE('',#256,#238,#264,.T.);
#264 = LINE('',#265,#266);
#265 = CARTESIAN_POINT('',(185.58,-70.06,1.585));
#266 = VECTOR('',#267,1.);
#267 = DIRECTION('',(1.,0.,0.));
#268 = PLANE('',#269);
#269 = AXIS2_PLACEMENT_3D('',#270,#271,#272);
#270 = CARTESIAN_POINT('',(0.,0.,1.585));
#271 = DIRECTION('',(0.,0.,1.));
#272 = DIRECTION('',(1.,0.,-0.));
#273 = SHELL_BASED_SURFACE_MODEL('',(#274));
#274 = OPEN_SHELL('',(#275));
#275 = ADVANCED_FACE('',(#276),#362,.T.);
#276 = FACE_BOUND('',#277,.F.);
#277 = EDGE_LOOP('',(#278,#289,#297,#306,#314,#322,#330,#339,#347,#356)
  );
#278 = ORIENTED_EDGE('',*,*,#279,.T.);
#279 = EDGE_CURVE('',#280,#282,#284,.T.);
#280 = VERTEX_POINT('',#281);
#281 = CARTESIAN_POINT('',(144.73,-61.99,1.585));
#282 = VERTEX_POINT('',#283);
#283 = CARTESIAN_POINT('',(144.79,-61.93,1.585));
#284 = CIRCLE('',#285,5.999932016262E-02);
#285 = AXIS2_PLACEMENT_3D('',#286,#287,#288);
#286 = CARTESIAN_POINT('',(144.78999932015,-61.98999932015,1.585));
#287 = DIRECTION('',(0.,0.,-1.));
#288 = DIRECTION('',(-0.999999999936,-1.133081552929E-05,-0.));
#289 = ORIENTED_EDGE('',*,*,#290,.T.);
#290 = EDGE_CURVE('',#282,#291,#293,.T.);
#291 = VERTEX_POINT('',#292);
#292 = CARTESIAN_POINT('',(146.74,-61.93,1.585));
#293 = LINE('',#294,#295);
#294 = CARTESIAN_POINT('',(144.79,-61.93,1.585));
#295 = VECTOR('',#296,1.);
#296 = DIRECTION('',(1.,0.,0.));
#297 = ORIENTED_EDGE('',*,*,#298,.T.);
#298 = EDGE_CURVE('',#291,#299,#301,.T.);
#299 = VERTEX_POINT('',#300);
#300 = CARTESIAN_POINT('',(146.74,-62.05,1.585));
#301 = CIRCLE('',#302,6.000000000042E-02);
#302 = AXIS2_PLACEMENT_3D('',#303,#304,#305);
#303 = CARTESIAN_POINT('',(146.74000022558,-61.99,1.585));
#304 = DIRECTION('',(0.,0.,-1.));
#305 = DIRECTION('',(-3.759794253684E-06,0.999999999993,-0.));
#306 = ORIENTED_EDGE('',*,*,#307,.T.);
#307 = EDGE_CURVE('',#299,#308,#310,.T.);
#308 = VERTEX_POINT('',#309);
#309 = CARTESIAN_POINT('',(144.85,-62.05,1.585));
#310 = LINE('',#311,#312);
#311 = CARTESIAN_POINT('',(146.74,-62.05,1.585));
#312 = VECTOR('',#313,1.);
#313 = DIRECTION('',(-1.,0.,0.));
#314 = ORIENTED_EDGE('',*,*,#315,.T.);
#315 = EDGE_CURVE('',#308,#316,#318,.T.);
#316 = VERTEX_POINT('',#317);
#317 = CARTESIAN_POINT('',(144.85,-69.75,1.585));
#318 = LINE('',#319,#320);
#319 = CARTESIAN_POINT('',(144.85,-62.05,1.585));
#320 = VECTOR('',#321,1.);
#321 = DIRECTION('',(0.,-1.,0.));
#322 = ORIENTED_EDGE('',*,*,#323,.T.);
#323 = EDGE_CURVE('',#316,#324,#326,.T.);
#324 = VERTEX_POINT('',#325);
#325 = CARTESIAN_POINT('',(146.74,-69.75,1.585));
#326 = LINE('',#327,#328);
#327 = CARTESIAN_POINT('',(144.85,-69.75,1.585));
#328 = VECTOR('',#329,1.);
#329 = DIRECTION('',(1.,0.,0.));
#330 = ORIENTED_EDGE('',*,*,#331,.T.);
#331 = EDGE_CURVE('',#324,#332,#334,.T.);
#332 = VERTEX_POINT('',#333);
#333 = CARTESIAN_POINT('',(146.74,-69.87,1.585));
#334 = CIRCLE('',#335,6.000000000042E-02);
#335 = AXIS2_PLACEMENT_3D('',#336,#337,#338);
#336 = CARTESIAN_POINT('',(146.74000022558,-69.81,1.585));
#337 = DIRECTION('',(0.,0.,-1.));
#338 = DIRECTION('',(-3.759794253684E-06,0.999999999993,-0.));
#339 = ORIENTED_EDGE('',*,*,#340,.T.);
#340 = EDGE_CURVE('',#332,#341,#343,.T.);
#341 = VERTEX_POINT('',#342);
#342 = CARTESIAN_POINT('',(144.79,-69.87,1.585));
#343 = LINE('',#344,#345);
#344 = CARTESIAN_POINT('',(146.74,-69.87,1.585));
#345 = VECTOR('',#346,1.);
#346 = DIRECTION('',(-1.,0.,0.));
#347 = ORIENTED_EDGE('',*,*,#348,.T.);
#348 = EDGE_CURVE('',#341,#349,#351,.T.);
#349 = VERTEX_POINT('',#350);
#350 = CARTESIAN_POINT('',(144.73,-69.81,1.585));
#351 = CIRCLE('',#352,5.999932016268E-02);
#352 = AXIS2_PLACEMENT_3D('',#353,#354,#355);
#353 = CARTESIAN_POINT('',(144.78999932015,-69.81000067984,1.585));
#354 = DIRECTION('',(0.,0.,-1.));
#355 = DIRECTION('',(1.133081470031E-05,-0.999999999936,0.));
#356 = ORIENTED_EDGE('',*,*,#357,.T.);
#357 = EDGE_CURVE('',#349,#280,#358,.T.);
#358 = LINE('',#359,#360);
#359 = CARTESIAN_POINT('',(144.73,-69.81,1.585));
#360 = VECTOR('',#361,1.);
#361 = DIRECTION('',(0.,1.,0.));
#362 = PLANE('',#363);
#363 = AXIS2_PLACEMENT_3D('',#364,#365,#366);
#364 = CARTESIAN_POINT('',(0.,0.,1.585));
#365 = DIRECTION('',(0.,0.,1.));
#366 = DIRECTION('',(1.,0.,-0.));
#367 = SHELL_BASED_SURFACE_MODEL('',(#368));
#368 = OPEN_SHELL('',(#369));
#369 = ADVANCED_FACE('',(#370),#406,.T.);
#370 = FACE_BOUND('',#371,.F.);
#371 = EDGE_LOOP('',(#372,#383,#391,#400));
#372 = ORIENTED_EDGE('',*,*,#373,.T.);
#373 = EDGE_CURVE('',#374,#376,#378,.T.);
#374 = VERTEX_POINT('',#375);
#375 = CARTESIAN_POINT('',(148.96,-69.87,1.585));
#376 = VERTEX_POINT('',#377);
#377 = CARTESIAN_POINT('',(148.96,-69.75,1.585));
#378 = CIRCLE('',#379,6.000000000042E-02);
#379 = AXIS2_PLACEMENT_3D('',#380,#381,#382);
#380 = CARTESIAN_POINT('',(148.95999977441,-69.81,1.585));
#381 = DIRECTION('',(0.,0.,-1.));
#382 = DIRECTION('',(3.759794727379E-06,-0.999999999993,0.));
#383 = ORIENTED_EDGE('',*,*,#384,.T.);
#384 = EDGE_CURVE('',#376,#385,#387,.T.);
#385 = VERTEX_POINT('',#386);
#386 = CARTESIAN_POINT('',(152.19,-69.75,1.585));
#387 = LINE('',#388,#389);
#388 = CARTESIAN_POINT('',(148.96,-69.75,1.585));
#389 = VECTOR('',#390,1.);
#390 = DIRECTION('',(1.,0.,0.));
#391 = ORIENTED_EDGE('',*,*,#392,.T.);
#392 = EDGE_CURVE('',#385,#393,#395,.T.);
#393 = VERTEX_POINT('',#394);
#394 = CARTESIAN_POINT('',(152.19,-69.87,1.585));
#395 = CIRCLE('',#396,6.000000000042E-02);
#396 = AXIS2_PLACEMENT_3D('',#397,#398,#399);
#397 = CARTESIAN_POINT('',(152.19000022558,-69.81,1.585));
#398 = DIRECTION('',(0.,0.,-1.));
#399 = DIRECTION('',(-3.759794253684E-06,0.999999999993,-0.));
#400 = ORIENTED_EDGE('',*,*,#401,.T.);
#401 = EDGE_CURVE('',#393,#374,#402,.T.);
#402 = LINE('',#403,#404);
#403 = CARTESIAN_POINT('',(152.19,-69.87,1.585));
#404 = VECTOR('',#405,1.);
#405 = DIRECTION('',(-1.,0.,0.));
#406 = PLANE('',#407);
#407 = AXIS2_PLACEMENT_3D('',#408,#409,#410);
#408 = CARTESIAN_POINT('',(0.,0.,1.585));
#409 = DIRECTION('',(0.,0.,1.));
#410 = DIRECTION('',(1.,0.,-0.));
#411 = SHELL_BASED_SURFACE_MODEL('',(#412));
#412 = OPEN_SHELL('',(#413));
#413 = ADVANCED_FACE('',(#414),#491,.T.);
#414 = FACE_BOUND('',#415,.F.);
#415 = EDGE_LOOP('',(#416,#427,#435,#443,#452,#460,#469,#477,#485));
#416 = ORIENTED_EDGE('',*,*,#417,.T.);
#417 = EDGE_CURVE('',#418,#420,#422,.T.);
#418 = VERTEX_POINT('',#419);
#419 = CARTESIAN_POINT('',(166.480371,-69.103941,1.585));
#420 = VERTEX_POINT('',#421);
#421 = CARTESIAN_POINT('',(166.57823,-69.084476,1.585));
#422 = CIRCLE('',#423,5.999850008892E-02);
#423 = AXIS2_PLACEMENT_3D('',#424,#425,#426);
#424 = CARTESIAN_POINT('',(166.53580307544,-69.12689976793,1.585));
#425 = DIRECTION('',(0.,0.,-1.));
#426 = DIRECTION('',(-0.923891019961,0.382655698031,0.));
#427 = ORIENTED_EDGE('',*,*,#428,.T.);
#428 = EDGE_CURVE('',#420,#429,#431,.T.);
#429 = VERTEX_POINT('',#430);
#430 = CARTESIAN_POINT('',(166.87168,-69.377924,1.585));
#431 = LINE('',#432,#433);
#432 = CARTESIAN_POINT('',(166.57823,-69.084476,1.585));
#433 = VECTOR('',#434,1.);
#434 = DIRECTION('',(0.707109190824,-0.707104371541,0.));
#435 = ORIENTED_EDGE('',*,*,#436,.T.);
#436 = EDGE_CURVE('',#429,#437,#439,.T.);
#437 = VERTEX_POINT('',#438);
#438 = CARTESIAN_POINT('',(167.16513,-69.084475,1.585));
#439 = LINE('',#440,#441);
#440 = CARTESIAN_POINT('',(166.87168,-69.377924,1.585));
#441 = VECTOR('',#442,1.);
#442 = DIRECTION('',(0.707107986004,0.707105576367,0.));
#443 = ORIENTED_EDGE('',*,*,#444,.T.);
#444 = EDGE_CURVE('',#437,#445,#447,.T.);
#445 = VERTEX_POINT('',#446);
#446 = CARTESIAN_POINT('',(167.249983,-69.169328,1.585));
#447 = CIRCLE('',#448,6.000013170726E-02);
#448 = AXIS2_PLACEMENT_3D('',#449,#450,#451);
#449 = CARTESIAN_POINT('',(167.20755605871,-69.12690194128,1.585));
#450 = DIRECTION('',(0.,0.,-1.));
#451 = DIRECTION('',(-0.707099426341,0.707114135956,0.));
#452 = ORIENTED_EDGE('',*,*,#453,.T.);
#453 = EDGE_CURVE('',#445,#454,#456,.T.);
#454 = VERTEX_POINT('',#455);
#455 = CARTESIAN_POINT('',(166.914106,-69.505203,1.585));
#456 = LINE('',#457,#458);
#457 = CARTESIAN_POINT('',(167.249983,-69.169328,1.585));
#458 = VECTOR('',#459,1.);
#459 = DIRECTION('',(-0.707108886445,-0.707104675922,0.));
#460 = ORIENTED_EDGE('',*,*,#461,.T.);
#461 = EDGE_CURVE('',#454,#462,#464,.T.);
#462 = VERTEX_POINT('',#463);
#463 = CARTESIAN_POINT('',(166.829254,-69.505204,1.585));
#464 = CIRCLE('',#465,5.999775057827E-02);
#465 = AXIS2_PLACEMENT_3D('',#466,#467,#468);
#466 = CARTESIAN_POINT('',(166.87167950002,-69.46277986745,1.585));
#467 = DIRECTION('',(-0.,0.,-1.));
#468 = DIRECTION('',(0.70713484361,-0.707078717649,-0.));
#469 = ORIENTED_EDGE('',*,*,#470,.T.);
#470 = EDGE_CURVE('',#462,#471,#473,.T.);
#471 = VERTEX_POINT('',#472);
#472 = CARTESIAN_POINT('',(166.493378,-69.169328,1.585));
#473 = LINE('',#474,#475);
#474 = CARTESIAN_POINT('',(166.829254,-69.505204,1.585));
#475 = VECTOR('',#476,1.);
#476 = DIRECTION('',(-0.707106781187,0.707106781187,0.));
#477 = ORIENTED_EDGE('',*,*,#478,.T.);
#478 = EDGE_CURVE('',#471,#479,#481,.T.);
#479 = VERTEX_POINT('',#480);
#480 = CARTESIAN_POINT('',(166.480371,-69.149863,1.585));
#481 = LINE('',#482,#483);
#482 = CARTESIAN_POINT('',(166.493378,-69.169328,1.585));
#483 = VECTOR('',#484,1.);
#484 = DIRECTION('',(-0.555596893535,0.831451797697,0.));
#485 = ORIENTED_EDGE('',*,*,#486,.T.);
#486 = EDGE_CURVE('',#479,#418,#487,.T.);
#487 = LINE('',#488,#489);
#488 = CARTESIAN_POINT('',(166.480371,-69.149863,1.585));
#489 = VECTOR('',#490,1.);
#490 = DIRECTION('',(0.,1.,0.));
#491 = PLANE('',#492);
#492 = AXIS2_PLACEMENT_3D('',#493,#494,#495);
#493 = CARTESIAN_POINT('',(0.,0.,1.585));
#494 = DIRECTION('',(0.,0.,1.));
#495 = DIRECTION('',(1.,0.,-0.));
#496 = SHELL_BASED_SURFACE_MODEL('',(#497));
#497 = OPEN_SHELL('',(#498));
#498 = ADVANCED_FACE('',(#499),#535,.T.);
#499 = FACE_BOUND('',#500,.F.);
#500 = EDGE_LOOP('',(#501,#512,#520,#529));
#501 = ORIENTED_EDGE('',*,*,#502,.T.);
#502 = EDGE_CURVE('',#503,#505,#507,.T.);
#503 = VERTEX_POINT('',#504);
#504 = CARTESIAN_POINT('',(178.725,-69.21,1.585));
#505 = VERTEX_POINT('',#506);
#506 = CARTESIAN_POINT('',(178.725,-69.09,1.585));
#507 = CIRCLE('',#508,6.000000000042E-02);
#508 = AXIS2_PLACEMENT_3D('',#509,#510,#511);
#509 = CARTESIAN_POINT('',(178.72499977441,-69.15,1.585));
#510 = DIRECTION('',(0.,0.,-1.));
#511 = DIRECTION('',(3.759794253685E-06,-0.999999999993,0.));
#512 = ORIENTED_EDGE('',*,*,#513,.T.);
#513 = EDGE_CURVE('',#505,#514,#516,.T.);
#514 = VERTEX_POINT('',#515);
#515 = CARTESIAN_POINT('',(179.275,-69.09,1.585));
#516 = LINE('',#517,#518);
#517 = CARTESIAN_POINT('',(178.725,-69.09,1.585));
#518 = VECTOR('',#519,1.);
#519 = DIRECTION('',(1.,0.,0.));
#520 = ORIENTED_EDGE('',*,*,#521,.T.);
#521 = EDGE_CURVE('',#514,#522,#524,.T.);
#522 = VERTEX_POINT('',#523);
#523 = CARTESIAN_POINT('',(179.275,-69.21,1.585));
#524 = CIRCLE('',#525,6.000000000042E-02);
#525 = AXIS2_PLACEMENT_3D('',#526,#527,#528);
#526 = CARTESIAN_POINT('',(179.27500022558,-69.15,1.585));
#527 = DIRECTION('',(0.,0.,-1.));
#528 = DIRECTION('',(-3.759794253684E-06,0.999999999993,-0.));
#529 = ORIENTED_EDGE('',*,*,#530,.T.);
#530 = EDGE_CURVE('',#522,#503,#531,.T.);
#531 = LINE('',#532,#533);
#532 = CARTESIAN_POINT('',(179.275,-69.21,1.585));
#533 = VECTOR('',#534,1.);
#534 = DIRECTION('',(-1.,0.,0.));
#535 = PLANE('',#536);
#536 = AXIS2_PLACEMENT_3D('',#537,#538,#539);
#537 = CARTESIAN_POINT('',(0.,0.,1.585));
#538 = DIRECTION('',(0.,0.,1.));
#539 = DIRECTION('',(1.,0.,-0.));
#540 = SHELL_BASED_SURFACE_MODEL('',(#541));
#541 = OPEN_SHELL('',(#542));
#542 = ADVANCED_FACE('',(#543),#587,.T.);
#543 = FACE_BOUND('',#544,.F.);
#544 = EDGE_LOOP('',(#545,#556,#564,#573,#581));
#545 = ORIENTED_EDGE('',*,*,#546,.T.);
#546 = EDGE_CURVE('',#547,#549,#551,.T.);
#547 = VERTEX_POINT('',#548);
#548 = CARTESIAN_POINT('',(154.054567,-67.987039,1.585));
#549 = VERTEX_POINT('',#550);
#550 = CARTESIAN_POINT('',(154.17,-68.01,1.585));
#551 = CIRCLE('',#552,6.000007318647E-02);
#552 = AXIS2_PLACEMENT_3D('',#553,#554,#555);
#553 = CARTESIAN_POINT('',(154.10999992681,-68.00999982331,1.585));
#554 = DIRECTION('',(0.,0.,-1.));
#555 = DIRECTION('',(-0.923880986637,0.382679921777,0.));
#556 = ORIENTED_EDGE('',*,*,#557,.T.);
#557 = EDGE_CURVE('',#549,#558,#560,.T.);
#558 = VERTEX_POINT('',#559);
#559 = CARTESIAN_POINT('',(154.17,-69.09,1.585));
#560 = LINE('',#561,#562);
#561 = CARTESIAN_POINT('',(154.17,-68.01,1.585));
#562 = VECTOR('',#563,1.);
#563 = DIRECTION('',(0.,-1.,0.));
#564 = ORIENTED_EDGE('',*,*,#565,.T.);
#565 = EDGE_CURVE('',#558,#566,#568,.T.);
#566 = VERTEX_POINT('',#567);
#567 = CARTESIAN_POINT('',(154.05,-69.09,1.585));
#568 = CIRCLE('',#569,6.000000000042E-02);
#569 = AXIS2_PLACEMENT_3D('',#570,#571,#572);
#570 = CARTESIAN_POINT('',(154.11,-69.09000022558,1.585));
#571 = DIRECTION('',(0.,0.,-1.));
#572 = DIRECTION('',(0.999999999993,3.759794016836E-06,0.));
#573 = ORIENTED_EDGE('',*,*,#574,.T.);
#574 = EDGE_CURVE('',#566,#575,#577,.T.);
#575 = VERTEX_POINT('',#576);
#576 = CARTESIAN_POINT('',(154.05,-68.01,1.585));
#577 = LINE('',#578,#579);
#578 = CARTESIAN_POINT('',(154.05,-69.09,1.585));
#579 = VECTOR('',#580,1.);
#580 = DIRECTION('',(0.,1.,0.));
#581 = ORIENTED_EDGE('',*,*,#582,.T.);
#582 = EDGE_CURVE('',#575,#547,#583,.T.);
#583 = LINE('',#584,#585);
#584 = CARTESIAN_POINT('',(154.05,-68.01,1.585));
#585 = VECTOR('',#586,1.);
#586 = DIRECTION('',(0.195081000117,0.980787134598,0.));
#587 = PLANE('',#588);
#588 = AXIS2_PLACEMENT_3D('',#589,#590,#591);
#589 = CARTESIAN_POINT('',(0.,0.,1.585));
#590 = DIRECTION('',(0.,0.,1.));
#591 = DIRECTION('',(1.,0.,-0.));
#592 = SHELL_BASED_SURFACE_MODEL('',(#593));
#593 = OPEN_SHELL('',(#594));
#594 = ADVANCED_FACE('',(#595),#639,.T.);
#595 = FACE_BOUND('',#596,.F.);
#596 = EDGE_LOOP('',(#597,#608,#616,#625,#633));
#597 = ORIENTED_EDGE('',*,*,#598,.T.);
#598 = EDGE_CURVE('',#599,#601,#603,.T.);
#599 = VERTEX_POINT('',#600);
#600 = CARTESIAN_POINT('',(177.094567,-68.102039,1.585));
#601 = VERTEX_POINT('',#602);
#602 = CARTESIAN_POINT('',(177.21,-68.125,1.585));
#603 = CIRCLE('',#604,6.000007318648E-02);
#604 = AXIS2_PLACEMENT_3D('',#605,#606,#607);
#605 = CARTESIAN_POINT('',(177.14999992681,-68.12499982331,1.585));
#606 = DIRECTION('',(0.,0.,-1.));
#607 = DIRECTION('',(-0.923880986636,0.382679921778,0.));
#608 = ORIENTED_EDGE('',*,*,#609,.T.);
#609 = EDGE_CURVE('',#601,#610,#612,.T.);
#610 = VERTEX_POINT('',#611);
#611 = CARTESIAN_POINT('',(177.21,-69.05,1.585));
#612 = LINE('',#613,#614);
#613 = CARTESIAN_POINT('',(177.21,-68.125,1.585));
#614 = VECTOR('',#615,1.);
#615 = DIRECTION('',(0.,-1.,0.));
#616 = ORIENTED_EDGE('',*,*,#617,.T.);
#617 = EDGE_CURVE('',#610,#618,#620,.T.);
#618 = VERTEX_POINT('',#619);
#619 = CARTESIAN_POINT('',(177.09,-69.05,1.585));
#620 = CIRCLE('',#621,6.000000000042E-02);
#621 = AXIS2_PLACEMENT_3D('',#622,#623,#624);
#622 = CARTESIAN_POINT('',(177.15,-69.05000022558,1.585));
#623 = DIRECTION('',(0.,0.,-1.));
#624 = DIRECTION('',(0.999999999993,3.759794253685E-06,0.));
#625 = ORIENTED_EDGE('',*,*,#626,.T.);
#626 = EDGE_CURVE('',#618,#627,#629,.T.);
#627 = VERTEX_POINT('',#628);
#628 = CARTESIAN_POINT('',(177.09,-68.125,1.585));
#629 = LINE('',#630,#631);
#630 = CARTESIAN_POINT('',(177.09,-69.05,1.585));
#631 = VECTOR('',#632,1.);
#632 = DIRECTION('',(0.,1.,0.));
#633 = ORIENTED_EDGE('',*,*,#634,.T.);
#634 = EDGE_CURVE('',#627,#599,#635,.T.);
#635 = LINE('',#636,#637);
#636 = CARTESIAN_POINT('',(177.09,-68.125,1.585));
#637 = VECTOR('',#638,1.);
#638 = DIRECTION('',(0.195081000118,0.980787134598,0.));
#639 = PLANE('',#640);
#640 = AXIS2_PLACEMENT_3D('',#641,#642,#643);
#641 = CARTESIAN_POINT('',(0.,0.,1.585));
#642 = DIRECTION('',(0.,0.,1.));
#643 = DIRECTION('',(1.,0.,-0.));
#644 = SHELL_BASED_SURFACE_MODEL('',(#645));
#645 = OPEN_SHELL('',(#646));
#646 = ADVANCED_FACE('',(#647),#691,.T.);
#647 = FACE_BOUND('',#648,.F.);
#648 = EDGE_LOOP('',(#649,#660,#668,#677,#685));
#649 = ORIENTED_EDGE('',*,*,#650,.T.);
#650 = EDGE_CURVE('',#651,#653,#655,.T.);
#651 = VERTEX_POINT('',#652);
#652 = CARTESIAN_POINT('',(180.794567,-64.327039,1.585));
#653 = VERTEX_POINT('',#654);
#654 = CARTESIAN_POINT('',(180.91,-64.35,1.585));
#655 = CIRCLE('',#656,6.000007318647E-02);
#656 = AXIS2_PLACEMENT_3D('',#657,#658,#659);
#657 = CARTESIAN_POINT('',(180.84999992681,-64.34999982331,1.585));
#658 = DIRECTION('',(0.,0.,-1.));
#659 = DIRECTION('',(-0.923880986637,0.382679921777,0.));
#660 = ORIENTED_EDGE('',*,*,#661,.T.);
#661 = EDGE_CURVE('',#653,#662,#664,.T.);
#662 = VERTEX_POINT('',#663);
#663 = CARTESIAN_POINT('',(180.91,-69.05,1.585));
#664 = LINE('',#665,#666);
#665 = CARTESIAN_POINT('',(180.91,-64.35,1.585));
#666 = VECTOR('',#667,1.);
#667 = DIRECTION('',(0.,-1.,0.));
#668 = ORIENTED_EDGE('',*,*,#669,.T.);
#669 = EDGE_CURVE('',#662,#670,#672,.T.);
#670 = VERTEX_POINT('',#671);
#671 = CARTESIAN_POINT('',(180.79,-69.05,1.585));
#672 = CIRCLE('',#673,6.000000000042E-02);
#673 = AXIS2_PLACEMENT_3D('',#674,#675,#676);
#674 = CARTESIAN_POINT('',(180.85,-69.05000022558,1.585));
#675 = DIRECTION('',(0.,0.,-1.));
#676 = DIRECTION('',(0.999999999993,3.759794490531E-06,0.));
#677 = ORIENTED_EDGE('',*,*,#678,.T.);
#678 = EDGE_CURVE('',#670,#679,#681,.T.);
#679 = VERTEX_POINT('',#680);
#680 = CARTESIAN_POINT('',(180.79,-64.35,1.585));
#681 = LINE('',#682,#683);
#682 = CARTESIAN_POINT('',(180.79,-69.05,1.585));
#683 = VECTOR('',#684,1.);
#684 = DIRECTION('',(0.,1.,0.));
#685 = ORIENTED_EDGE('',*,*,#686,.T.);
#686 = EDGE_CURVE('',#679,#651,#687,.T.);
#687 = LINE('',#688,#689);
#688 = CARTESIAN_POINT('',(180.79,-64.35,1.585));
#689 = VECTOR('',#690,1.);
#690 = DIRECTION('',(0.195081000118,0.980787134598,0.));
#691 = PLANE('',#692);
#692 = AXIS2_PLACEMENT_3D('',#693,#694,#695);
#693 = CARTESIAN_POINT('',(0.,0.,1.585));
#694 = DIRECTION('',(0.,0.,1.));
#695 = DIRECTION('',(1.,0.,-0.));
#696 = SHELL_BASED_SURFACE_MODEL('',(#697));
#697 = OPEN_SHELL('',(#698));
#698 = ADVANCED_FACE('',(#699),#735,.T.);
#699 = FACE_BOUND('',#700,.F.);
#700 = EDGE_LOOP('',(#701,#712,#720,#729));
#701 = ORIENTED_EDGE('',*,*,#702,.T.);
#702 = EDGE_CURVE('',#703,#705,#707,.T.);
#703 = VERTEX_POINT('',#704);
#704 = CARTESIAN_POINT('',(156.987742,-68.9825,1.585));
#705 = VERTEX_POINT('',#706);
#706 = CARTESIAN_POINT('',(156.987742,-68.8625,1.585));
#707 = CIRCLE('',#708,6.000000000043E-02);
#708 = AXIS2_PLACEMENT_3D('',#709,#710,#711);
#709 = CARTESIAN_POINT('',(156.98774177441,-68.9225,1.585));
#710 = DIRECTION('',(0.,0.,-1.));
#711 = DIRECTION('',(3.759793779988E-06,-0.999999999993,0.));
#712 = ORIENTED_EDGE('',*,*,#713,.T.);
#713 = EDGE_CURVE('',#705,#714,#716,.T.);
#714 = VERTEX_POINT('',#715);
#715 = CARTESIAN_POINT('',(157.462258,-68.8625,1.585));
#716 = LINE('',#717,#718);
#717 = CARTESIAN_POINT('',(156.987742,-68.8625,1.585));
#718 = VECTOR('',#719,1.);
#719 = DIRECTION('',(1.,0.,0.));
#720 = ORIENTED_EDGE('',*,*,#721,.T.);
#721 = EDGE_CURVE('',#714,#722,#724,.T.);
#722 = VERTEX_POINT('',#723);
#723 = CARTESIAN_POINT('',(157.462258,-68.9825,1.585));
#724 = CIRCLE('',#725,6.000000000042E-02);
#725 = AXIS2_PLACEMENT_3D('',#726,#727,#728);
#726 = CARTESIAN_POINT('',(157.46225822558,-68.9225,1.585));
#727 = DIRECTION('',(0.,0.,-1.));
#728 = DIRECTION('',(-3.759794727378E-06,0.999999999993,-0.));
#729 = ORIENTED_EDGE('',*,*,#730,.T.);
#730 = EDGE_CURVE('',#722,#703,#731,.T.);
#731 = LINE('',#732,#733);
#732 = CARTESIAN_POINT('',(157.462258,-68.9825,1.585));
#733 = VECTOR('',#734,1.);
#734 = DIRECTION('',(-1.,0.,0.));
#735 = PLANE('',#736);
#736 = AXIS2_PLACEMENT_3D('',#737,#738,#739);
#737 = CARTESIAN_POINT('',(0.,0.,1.585));
#738 = DIRECTION('',(0.,0.,1.));
#739 = DIRECTION('',(1.,0.,-0.));
#740 = SHELL_BASED_SURFACE_MODEL('',(#741));
#741 = OPEN_SHELL('',(#742));
#742 = ADVANCED_FACE('',(#743),#795,.T.);
#743 = FACE_BOUND('',#744,.F.);
#744 = EDGE_LOOP('',(#745,#756,#764,#773,#781,#789));
#745 = ORIENTED_EDGE('',*,*,#746,.T.);
#746 = EDGE_CURVE('',#747,#749,#751,.T.);
#747 = VERTEX_POINT('',#748);
#748 = CARTESIAN_POINT('',(162.884537,-68.638258,1.585));
#749 = VERTEX_POINT('',#750);
#750 = CARTESIAN_POINT('',(162.982396,-68.618793,1.585));
#751 = CIRCLE('',#752,5.999850008894E-02);
#752 = AXIS2_PLACEMENT_3D('',#753,#754,#755);
#753 = CARTESIAN_POINT('',(162.93996907544,-68.66121676793,1.585));
#754 = DIRECTION('',(0.,0.,-1.));
#755 = DIRECTION('',(-0.923891019961,0.382655698032,0.));
#756 = ORIENTED_EDGE('',*,*,#757,.T.);
#757 = EDGE_CURVE('',#749,#758,#760,.T.);
#758 = VERTEX_POINT('',#759);
#759 = CARTESIAN_POINT('',(163.181207,-68.817603,1.585));
#760 = LINE('',#761,#762);
#761 = CARTESIAN_POINT('',(162.982396,-68.618793,1.585));
#762 = VECTOR('',#763,1.);
#763 = DIRECTION('',(0.707108559528,-0.707105002841,0.));
#764 = ORIENTED_EDGE('',*,*,#765,.T.);
#765 = EDGE_CURVE('',#758,#766,#768,.T.);
#766 = VERTEX_POINT('',#767);
#767 = CARTESIAN_POINT('',(163.096354,-68.902456,1.585));
#768 = CIRCLE('',#769,6.000013170922E-02);
#769 = AXIS2_PLACEMENT_3D('',#770,#771,#772);
#770 = CARTESIAN_POINT('',(163.1387810587,-68.8600300587,1.585));
#771 = DIRECTION('',(0.,0.,-1.));
#772 = DIRECTION('',(0.707097469327,0.707116092923,0.));
#773 = ORIENTED_EDGE('',*,*,#774,.T.);
#774 = EDGE_CURVE('',#766,#775,#777,.T.);
#775 = VERTEX_POINT('',#776);
#776 = CARTESIAN_POINT('',(162.897544,-68.703645,1.585));
#777 = LINE('',#778,#779);
#778 = CARTESIAN_POINT('',(163.096354,-68.902456,1.585));
#779 = VECTOR('',#780,1.);
#780 = DIRECTION('',(-0.707105002841,0.707108559528,0.));
#781 = ORIENTED_EDGE('',*,*,#782,.T.);
#782 = EDGE_CURVE('',#775,#783,#785,.T.);
#783 = VERTEX_POINT('',#784);
#784 = CARTESIAN_POINT('',(162.884537,-68.68418,1.585));
#785 = LINE('',#786,#787);
#786 = CARTESIAN_POINT('',(162.897544,-68.703645,1.585));
#787 = VECTOR('',#788,1.);
#788 = DIRECTION('',(-0.555596893535,0.831451797697,0.));
#789 = ORIENTED_EDGE('',*,*,#790,.T.);
#790 = EDGE_CURVE('',#783,#747,#791,.T.);
#791 = LINE('',#792,#793);
#792 = CARTESIAN_POINT('',(162.884537,-68.68418,1.585));
#793 = VECTOR('',#794,1.);
#794 = DIRECTION('',(0.,1.,0.));
#795 = PLANE('',#796);
#796 = AXIS2_PLACEMENT_3D('',#797,#798,#799);
#797 = CARTESIAN_POINT('',(0.,0.,1.585));
#798 = DIRECTION('',(0.,0.,1.));
#799 = DIRECTION('',(1.,0.,-0.));
#800 = SHELL_BASED_SURFACE_MODEL('',(#801));
#801 = OPEN_SHELL('',(#802));
#802 = ADVANCED_FACE('',(#803),#937,.T.);
#803 = FACE_BOUND('',#804,.F.);
#804 = EDGE_LOOP('',(#805,#816,#824,#832,#840,#849,#857,#865,#873,#882,
    #890,#898,#906,#914,#923,#931));
#805 = ORIENTED_EDGE('',*,*,#806,.T.);
#806 = EDGE_CURVE('',#807,#809,#811,.T.);
#807 = VERTEX_POINT('',#808);
#808 = CARTESIAN_POINT('',(163.50638,-68.386293,1.585));
#809 = VERTEX_POINT('',#810);
#810 = CARTESIAN_POINT('',(163.50638,-68.328551,1.585));
#811 = CIRCLE('',#812,3.124983715156E-02);
#812 = AXIS2_PLACEMENT_3D('',#813,#814,#815);
#813 = CARTESIAN_POINT('',(163.518339,-68.357422,1.585));
#814 = DIRECTION('',(0.,0.,-1.));
#815 = DIRECTION('',(-0.382689994254,-0.923876814461,-0.));
#816 = ORIENTED_EDGE('',*,*,#817,.T.);
#817 = EDGE_CURVE('',#809,#818,#820,.T.);
#818 = VERTEX_POINT('',#819);
#819 = CARTESIAN_POINT('',(163.540091,-68.32715,1.585));
#820 = LINE('',#821,#822);
#821 = CARTESIAN_POINT('',(163.50638,-68.328551,1.585));
#822 = VECTOR('',#823,1.);
#823 = DIRECTION('',(0.999137536199,4.152329175097E-02,0.));
#824 = ORIENTED_EDGE('',*,*,#825,.T.);
#825 = EDGE_CURVE('',#818,#826,#828,.T.);
#826 = VERTEX_POINT('',#827);
#827 = CARTESIAN_POINT('',(163.582526,-68.343743,1.585));
#828 = LINE('',#829,#830);
#829 = CARTESIAN_POINT('',(163.540091,-68.32715,1.585));
#830 = VECTOR('',#831,1.);
#831 = DIRECTION('',(0.931332123833,-0.364170942165,0.));
#832 = ORIENTED_EDGE('',*,*,#833,.T.);
#833 = EDGE_CURVE('',#826,#834,#836,.T.);
#834 = VERTEX_POINT('',#835);
#835 = CARTESIAN_POINT('',(163.632165,-68.398048,1.585));
#836 = LINE('',#837,#838);
#837 = CARTESIAN_POINT('',(163.582526,-68.343743,1.585));
#838 = VECTOR('',#839,1.);
#839 = DIRECTION('',(0.674685643744,-0.738105197194,0.));
#840 = ORIENTED_EDGE('',*,*,#841,.T.);
#841 = EDGE_CURVE('',#834,#842,#844,.T.);
#842 = VERTEX_POINT('',#843);
#843 = CARTESIAN_POINT('',(163.599658,-68.52006,1.585));
#844 = CIRCLE('',#845,9.439471588687E-02);
#845 = AXIS2_PLACEMENT_3D('',#846,#847,#848);
#846 = CARTESIAN_POINT('',(163.54810240543,-68.44098798815,1.585));
#847 = DIRECTION('',(0.,0.,-1.));
#848 = DIRECTION('',(0.890543435313,0.454898219188,0.));
#849 = ORIENTED_EDGE('',*,*,#850,.T.);
#850 = EDGE_CURVE('',#842,#851,#853,.T.);
#851 = VERTEX_POINT('',#852);
#852 = CARTESIAN_POINT('',(163.552011,-68.540195,1.585));
#853 = LINE('',#854,#855);
#854 = CARTESIAN_POINT('',(163.599658,-68.52006,1.585));
#855 = VECTOR('',#856,1.);
#856 = DIRECTION('',(-0.921129131598,-0.389257142416,0.));
#857 = ORIENTED_EDGE('',*,*,#858,.T.);
#858 = EDGE_CURVE('',#851,#859,#861,.T.);
#859 = VERTEX_POINT('',#860);
#860 = CARTESIAN_POINT('',(163.425425,-68.540195,1.585));
#861 = LINE('',#862,#863);
#862 = CARTESIAN_POINT('',(163.552011,-68.540195,1.585));
#863 = VECTOR('',#864,1.);
#864 = DIRECTION('',(-1.,0.,0.));
#865 = ORIENTED_EDGE('',*,*,#866,.T.);
#866 = EDGE_CURVE('',#859,#867,#869,.T.);
#867 = VERTEX_POINT('',#868);
#868 = CARTESIAN_POINT('',(163.488285,-68.60642,1.585));
#869 = LINE('',#870,#871);
#870 = CARTESIAN_POINT('',(163.425425,-68.540195,1.585));
#871 = VECTOR('',#872,1.);
#872 = DIRECTION('',(0.688439981234,-0.725293314624,0.));
#873 = ORIENTED_EDGE('',*,*,#874,.T.);
#874 = EDGE_CURVE('',#867,#875,#877,.T.);
#875 = VERTEX_POINT('',#876);
#876 = CARTESIAN_POINT('',(163.447456,-68.647249,1.585));
#877 = CIRCLE('',#878,3.124918386933E-02);
#878 = AXIS2_PLACEMENT_3D('',#879,#880,#881);
#879 = CARTESIAN_POINT('',(163.4594145,-68.6183785,1.585));
#880 = DIRECTION('',(0.,0.,-1.));
#881 = DIRECTION('',(0.923880128221,0.382681994193,0.));
#882 = ORIENTED_EDGE('',*,*,#883,.T.);
#883 = EDGE_CURVE('',#875,#884,#886,.T.);
#884 = VERTEX_POINT('',#885);
#885 = CARTESIAN_POINT('',(163.32111,-68.520904,1.585));
#886 = LINE('',#887,#888);
#887 = CARTESIAN_POINT('',(163.447456,-68.647249,1.585));
#888 = VECTOR('',#889,1.);
#889 = DIRECTION('',(-0.707109579487,0.707103982875,0.));
#890 = ORIENTED_EDGE('',*,*,#891,.T.);
#891 = EDGE_CURVE('',#884,#892,#894,.T.);
#892 = VERTEX_POINT('',#893);
#893 = CARTESIAN_POINT('',(163.32111,-68.496986,1.585));
#894 = LINE('',#895,#896);
#895 = CARTESIAN_POINT('',(163.32111,-68.520904,1.585));
#896 = VECTOR('',#897,1.);
#897 = DIRECTION('',(0.,1.,0.));
#898 = ORIENTED_EDGE('',*,*,#899,.T.);
#899 = EDGE_CURVE('',#892,#900,#902,.T.);
#900 = VERTEX_POINT('',#901);
#901 = CARTESIAN_POINT('',(163.338022,-68.480074,1.585));
#902 = LINE('',#903,#904);
#903 = CARTESIAN_POINT('',(163.32111,-68.496986,1.585));
#904 = VECTOR('',#905,1.);
#905 = DIRECTION('',(0.707106781186,0.707106781187,0.));
#906 = ORIENTED_EDGE('',*,*,#907,.T.);
#907 = EDGE_CURVE('',#900,#908,#910,.T.);
#908 = VERTEX_POINT('',#909);
#909 = CARTESIAN_POINT('',(163.544634,-68.477695,1.585));
#910 = LINE('',#911,#912);
#911 = CARTESIAN_POINT('',(163.338022,-68.480074,1.585));
#912 = VECTOR('',#913,1.);
#913 = DIRECTION('',(0.999933716623,1.151357284113E-02,0.));
#914 = ORIENTED_EDGE('',*,*,#915,.T.);
#915 = EDGE_CURVE('',#908,#916,#918,.T.);
#916 = VERTEX_POINT('',#917);
#917 = CARTESIAN_POINT('',(163.575206,-68.424811,1.585));
#918 = CIRCLE('',#919,3.61210047023E-02);
#919 = AXIS2_PLACEMENT_3D('',#920,#921,#922);
#920 = CARTESIAN_POINT('',(163.54322466027,-68.4416015,1.585));
#921 = DIRECTION('',(0.,0.,1.));
#922 = DIRECTION('',(3.901717945636E-02,-0.999238539943,0.));
#923 = ORIENTED_EDGE('',*,*,#924,.T.);
#924 = EDGE_CURVE('',#916,#925,#927,.T.);
#925 = VERTEX_POINT('',#926);
#926 = CARTESIAN_POINT('',(163.543548,-68.393153,1.585));
#927 = LINE('',#928,#929);
#928 = CARTESIAN_POINT('',(163.575206,-68.424811,1.585));
#929 = VECTOR('',#930,1.);
#930 = DIRECTION('',(-0.707106781187,0.707106781186,0.));
#931 = ORIENTED_EDGE('',*,*,#932,.T.);
#932 = EDGE_CURVE('',#925,#807,#933,.T.);
#933 = LINE('',#934,#935);
#934 = CARTESIAN_POINT('',(163.543548,-68.393153,1.585));
#935 = VECTOR('',#936,1.);
#936 = DIRECTION('',(-0.983390609065,0.181501818182,0.));
#937 = PLANE('',#938);
#938 = AXIS2_PLACEMENT_3D('',#939,#940,#941);
#939 = CARTESIAN_POINT('',(0.,0.,1.585));
#940 = DIRECTION('',(0.,0.,1.));
#941 = DIRECTION('',(1.,0.,-0.));
#942 = SHELL_BASED_SURFACE_MODEL('',(#943));
#943 = OPEN_SHELL('',(#944));
#944 = ADVANCED_FACE('',(#945,#1038),#1089,.T.);
#945 = FACE_BOUND('',#946,.F.);
#946 = EDGE_LOOP('',(#947,#958,#966,#975,#983,#991,#999,#1008,#1016,
    #1024,#1032));
#947 = ORIENTED_EDGE('',*,*,#948,.T.);
#948 = EDGE_CURVE('',#949,#951,#953,.T.);
#949 = VERTEX_POINT('',#950);
#950 = CARTESIAN_POINT('',(157.077212,-68.443378,1.585));
#951 = VERTEX_POINT('',#952);
#952 = CARTESIAN_POINT('',(157.243337,-68.469367,1.585));
#953 = CIRCLE('',#954,9.861254078417E-02);
#954 = AXIS2_PLACEMENT_3D('',#955,#956,#957);
#955 = CARTESIAN_POINT('',(157.15230861161,-68.50729147372,1.585));
#956 = DIRECTION('',(0.,0.,-1.));
#957 = DIRECTION('',(-0.761532062921,0.64812723839,0.));
#958 = ORIENTED_EDGE('',*,*,#959,.T.);
#959 = EDGE_CURVE('',#951,#960,#962,.T.);
#960 = VERTEX_POINT('',#961);
#961 = CARTESIAN_POINT('',(157.330644,-68.411156,1.585));
#962 = LINE('',#963,#964);
#963 = CARTESIAN_POINT('',(157.243337,-68.469367,1.585));
#964 = VECTOR('',#965,1.);
#965 = DIRECTION('',(0.83202243681,0.554741980244,0.));
#966 = ORIENTED_EDGE('',*,*,#967,.T.);
#967 = EDGE_CURVE('',#960,#968,#970,.T.);
#968 = VERTEX_POINT('',#969);
#969 = CARTESIAN_POINT('',(157.363757,-68.45846,1.585));
#970 = CIRCLE('',#971,3.1249923194E-02);
#971 = AXIS2_PLACEMENT_3D('',#972,#973,#974);
#972 = CARTESIAN_POINT('',(157.33740314604,-68.44166618918,1.585));
#973 = DIRECTION('',(0.,0.,-1.));
#974 = DIRECTION('',(-0.216293205179,0.976328453643,0.));
#975 = ORIENTED_EDGE('',*,*,#976,.T.);
#976 = EDGE_CURVE('',#968,#977,#979,.T.);
#977 = VERTEX_POINT('',#978);
#978 = CARTESIAN_POINT('',(157.249607,-68.541269,1.585));
#979 = LINE('',#980,#981);
#980 = CARTESIAN_POINT('',(157.363757,-68.45846,1.585));
#981 = VECTOR('',#982,1.);
#982 = DIRECTION('',(-0.809441079045,-0.587201106567,0.));
#983 = ORIENTED_EDGE('',*,*,#984,.T.);
#984 = EDGE_CURVE('',#977,#985,#987,.T.);
#985 = VERTEX_POINT('',#986);
#986 = CARTESIAN_POINT('',(157.249607,-68.553273,1.585));
#987 = LINE('',#988,#989);
#988 = CARTESIAN_POINT('',(157.249607,-68.541269,1.585));
#989 = VECTOR('',#990,1.);
#990 = DIRECTION('',(0.,-1.,0.));
#991 = ORIENTED_EDGE('',*,*,#992,.T.);
#992 = EDGE_CURVE('',#985,#993,#995,.T.);
#993 = VERTEX_POINT('',#994);
#994 = CARTESIAN_POINT('',(157.349363,-68.555652,1.585));
#995 = LINE('',#996,#997);
#996 = CARTESIAN_POINT('',(157.249607,-68.553273,1.585));
#997 = VECTOR('',#998,1.);
#998 = DIRECTION('',(0.999715753167,-2.384141081013E-02,0.));
#999 = ORIENTED_EDGE('',*,*,#1000,.T.);
#1000 = EDGE_CURVE('',#993,#1001,#1003,.T.);
#1001 = VERTEX_POINT('',#1002);
#1002 = CARTESIAN_POINT('',(157.349363,-68.613394,1.585));
#1003 = CIRCLE('',#1004,3.124983715159E-02);
#1004 = AXIS2_PLACEMENT_3D('',#1005,#1006,#1007);
#1005 = CARTESIAN_POINT('',(157.337404,-68.584523,1.585));
#1006 = DIRECTION('',(0.,0.,-1.));
#1007 = DIRECTION('',(0.382689994255,0.92387681446,0.));
#1008 = ORIENTED_EDGE('',*,*,#1009,.T.);
#1009 = EDGE_CURVE('',#1001,#1010,#1012,.T.);
#1010 = VERTEX_POINT('',#1011);
#1011 = CARTESIAN_POINT('',(157.075445,-68.613394,1.585));
#1012 = LINE('',#1013,#1014);
#1013 = CARTESIAN_POINT('',(157.349363,-68.613394,1.585));
#1014 = VECTOR('',#1015,1.);
#1015 = DIRECTION('',(-1.,0.,0.));
#1016 = ORIENTED_EDGE('',*,*,#1017,.T.);
#1017 = EDGE_CURVE('',#1010,#1018,#1020,.T.);
#1018 = VERTEX_POINT('',#1019);
#1019 = CARTESIAN_POINT('',(157.058533,-68.596482,1.585));
#1020 = LINE('',#1021,#1022);
#1021 = CARTESIAN_POINT('',(157.075445,-68.613394,1.585));
#1022 = VECTOR('',#1023,1.);
#1023 = DIRECTION('',(-0.707106781186,0.707106781187,0.));
#1024 = ORIENTED_EDGE('',*,*,#1025,.T.);
#1025 = EDGE_CURVE('',#1018,#1026,#1028,.T.);
#1026 = VERTEX_POINT('',#1027);
#1027 = CARTESIAN_POINT('',(157.059039,-68.476819,1.585));
#1028 = LINE('',#1029,#1030);
#1029 = CARTESIAN_POINT('',(157.058533,-68.596482,1.585));
#1030 = VECTOR('',#1031,1.);
#1031 = DIRECTION('',(4.228504017775E-03,0.999991059837,0.));
#1032 = ORIENTED_EDGE('',*,*,#1033,.T.);
#1033 = EDGE_CURVE('',#1026,#949,#1034,.T.);
#1034 = LINE('',#1035,#1036);
#1035 = CARTESIAN_POINT('',(157.059039,-68.476819,1.585));
#1036 = VECTOR('',#1037,1.);
#1037 = DIRECTION('',(0.477483777082,0.878640565091,0.));
#1038 = FACE_BOUND('',#1039,.F.);
#1039 = EDGE_LOOP('',(#1040,#1051,#1059,#1067,#1075,#1083));
#1040 = ORIENTED_EDGE('',*,*,#1041,.T.);
#1041 = EDGE_CURVE('',#1042,#1044,#1046,.T.);
#1042 = VERTEX_POINT('',#1043);
#1043 = CARTESIAN_POINT('',(157.176036,-68.479253,1.585));
#1044 = VERTEX_POINT('',#1045);
#1045 = CARTESIAN_POINT('',(157.129724,-68.479253,1.585));
#1046 = CIRCLE('',#1047,3.827260581341E-02);
#1047 = AXIS2_PLACEMENT_3D('',#1048,#1049,#1050);
#1048 = CARTESIAN_POINT('',(157.15288,-68.50972580787,1.585));
#1049 = DIRECTION('',(0.,0.,1.));
#1050 = DIRECTION('',(0.605028048335,0.796204157693,-0.));
#1051 = ORIENTED_EDGE('',*,*,#1052,.T.);
#1052 = EDGE_CURVE('',#1044,#1053,#1055,.T.);
#1053 = VERTEX_POINT('',#1054);
#1054 = CARTESIAN_POINT('',(157.118654,-68.496662,1.585));
#1055 = LINE('',#1056,#1057);
#1056 = CARTESIAN_POINT('',(157.129724,-68.479253,1.585));
#1057 = VECTOR('',#1058,1.);
#1058 = DIRECTION('',(-0.536583773406,-0.843847056117,0.));
#1059 = ORIENTED_EDGE('',*,*,#1060,.T.);
#1060 = EDGE_CURVE('',#1053,#1061,#1063,.T.);
#1061 = VERTEX_POINT('',#1062);
#1062 = CARTESIAN_POINT('',(157.118654,-68.553273,1.585));
#1063 = LINE('',#1064,#1065);
#1064 = CARTESIAN_POINT('',(157.118654,-68.496662,1.585));
#1065 = VECTOR('',#1066,1.);
#1066 = DIRECTION('',(0.,-1.,0.));
#1067 = ORIENTED_EDGE('',*,*,#1068,.T.);
#1068 = EDGE_CURVE('',#1061,#1069,#1071,.T.);
#1069 = VERTEX_POINT('',#1070);
#1070 = CARTESIAN_POINT('',(157.187107,-68.553273,1.585));
#1071 = LINE('',#1072,#1073);
#1072 = CARTESIAN_POINT('',(157.118654,-68.553273,1.585));
#1073 = VECTOR('',#1074,1.);
#1074 = DIRECTION('',(1.,0.,0.));
#1075 = ORIENTED_EDGE('',*,*,#1076,.T.);
#1076 = EDGE_CURVE('',#1069,#1077,#1079,.T.);
#1077 = VERTEX_POINT('',#1078);
#1078 = CARTESIAN_POINT('',(157.187107,-68.496662,1.585));
#1079 = LINE('',#1080,#1081);
#1080 = CARTESIAN_POINT('',(157.187107,-68.553273,1.585));
#1081 = VECTOR('',#1082,1.);
#1082 = DIRECTION('',(0.,1.,0.));
#1083 = ORIENTED_EDGE('',*,*,#1084,.T.);
#1084 = EDGE_CURVE('',#1077,#1042,#1085,.T.);
#1085 = LINE('',#1086,#1087);
#1086 = CARTESIAN_POINT('',(157.187107,-68.496662,1.585));
#1087 = VECTOR('',#1088,1.);
#1088 = DIRECTION('',(-0.536618287815,0.843825108173,0.));
#1089 = PLANE('',#1090);
#1090 = AXIS2_PLACEMENT_3D('',#1091,#1092,#1093);
#1091 = CARTESIAN_POINT('',(0.,0.,1.585));
#1092 = DIRECTION('',(0.,0.,1.));
#1093 = DIRECTION('',(1.,0.,-0.));
#1094 = SHELL_BASED_SURFACE_MODEL('',(#1095));
#1095 = OPEN_SHELL('',(#1096));
#1096 = ADVANCED_FACE('',(#1097),#1249,.T.);
#1097 = FACE_BOUND('',#1098,.F.);
#1098 = EDGE_LOOP('',(#1099,#1110,#1118,#1127,#1135,#1144,#1152,#1160,
    #1168,#1176,#1185,#1193,#1202,#1210,#1218,#1226,#1234,#1243));
#1099 = ORIENTED_EDGE('',*,*,#1100,.T.);
#1100 = EDGE_CURVE('',#1101,#1103,#1105,.T.);
#1101 = VERTEX_POINT('',#1102);
#1102 = CARTESIAN_POINT('',(163.205333,-68.290836,1.585));
#1103 = VERTEX_POINT('',#1104);
#1104 = CARTESIAN_POINT('',(163.349981,-68.174649,1.585));
#1105 = CIRCLE('',#1106,0.202048489643);
#1106 = AXIS2_PLACEMENT_3D('',#1107,#1108,#1109);
#1107 = CARTESIAN_POINT('',(163.39006201759,-68.37268208863,1.585));
#1108 = DIRECTION('',(0.,0.,-1.));
#1109 = DIRECTION('',(-0.914280616111,0.405081417747,0.));
#1110 = ORIENTED_EDGE('',*,*,#1111,.T.);
#1111 = EDGE_CURVE('',#1103,#1112,#1114,.T.);
#1112 = VERTEX_POINT('',#1113);
#1113 = CARTESIAN_POINT('',(163.385187,-68.174954,1.585));
#1114 = LINE('',#1115,#1116);
#1115 = CARTESIAN_POINT('',(163.349981,-68.174649,1.585));
#1116 = VECTOR('',#1117,1.);
#1117 = DIRECTION('',(0.999962475763,-8.662970945441E-03,0.));
#1118 = ORIENTED_EDGE('',*,*,#1119,.T.);
#1119 = EDGE_CURVE('',#1112,#1120,#1122,.T.);
#1120 = VERTEX_POINT('',#1121);
#1121 = CARTESIAN_POINT('',(163.482246,-68.273243,1.585));
#1122 = CIRCLE('',#1123,0.123113923946);
#1123 = AXIS2_PLACEMENT_3D('',#1124,#1125,#1126);
#1124 = CARTESIAN_POINT('',(163.36119912905,-68.29570838011,1.585));
#1125 = DIRECTION('',(0.,0.,-1.));
#1126 = DIRECTION('',(0.194842875419,0.980834468144,0.));
#1127 = ORIENTED_EDGE('',*,*,#1128,.T.);
#1128 = EDGE_CURVE('',#1120,#1129,#1131,.T.);
#1129 = VERTEX_POINT('',#1130);
#1130 = CARTESIAN_POINT('',(163.479867,-68.302038,1.585));
#1131 = LINE('',#1132,#1133);
#1132 = CARTESIAN_POINT('',(163.482246,-68.273243,1.585));
#1133 = VECTOR('',#1134,1.);
#1134 = DIRECTION('',(-8.233797603375E-02,-0.996604464019,0.));
#1135 = ORIENTED_EDGE('',*,*,#1136,.T.);
#1136 = EDGE_CURVE('',#1129,#1137,#1139,.T.);
#1137 = VERTEX_POINT('',#1138);
#1138 = CARTESIAN_POINT('',(163.422125,-68.302038,1.585));
#1139 = CIRCLE('',#1140,3.124983715158E-02);
#1140 = AXIS2_PLACEMENT_3D('',#1141,#1142,#1143);
#1141 = CARTESIAN_POINT('',(163.450996,-68.290079,1.585));
#1142 = DIRECTION('',(-0.,0.,-1.));
#1143 = DIRECTION('',(0.92387681446,-0.382689994254,-0.));
#1144 = ORIENTED_EDGE('',*,*,#1145,.T.);
#1145 = EDGE_CURVE('',#1137,#1146,#1148,.T.);
#1146 = VERTEX_POINT('',#1147);
#1147 = CARTESIAN_POINT('',(163.419746,-68.28062,1.585));
#1148 = LINE('',#1149,#1150);
#1149 = CARTESIAN_POINT('',(163.422125,-68.302038,1.585));
#1150 = VECTOR('',#1151,1.);
#1151 = DIRECTION('',(-0.110395873905,0.993887695378,0.));
#1152 = ORIENTED_EDGE('',*,*,#1153,.T.);
#1153 = EDGE_CURVE('',#1146,#1154,#1156,.T.);
#1154 = VERTEX_POINT('',#1155);
#1155 = CARTESIAN_POINT('',(163.398813,-68.248418,1.585));
#1156 = LINE('',#1157,#1158);
#1157 = CARTESIAN_POINT('',(163.419746,-68.28062,1.585));
#1158 = VECTOR('',#1159,1.);
#1159 = DIRECTION('',(-0.545019465749,0.838423390629,0.));
#1160 = ORIENTED_EDGE('',*,*,#1161,.T.);
#1161 = EDGE_CURVE('',#1154,#1162,#1164,.T.);
#1162 = VERTEX_POINT('',#1163);
#1163 = CARTESIAN_POINT('',(163.376275,-68.237149,1.585));
#1164 = LINE('',#1165,#1166);
#1165 = CARTESIAN_POINT('',(163.398813,-68.248418,1.585));
#1166 = VECTOR('',#1167,1.);
#1167 = DIRECTION('',(-0.894427191,0.4472135955,0.));
#1168 = ORIENTED_EDGE('',*,*,#1169,.T.);
#1169 = EDGE_CURVE('',#1162,#1170,#1172,.T.);
#1170 = VERTEX_POINT('',#1171);
#1171 = CARTESIAN_POINT('',(163.355051,-68.237149,1.585));
#1172 = LINE('',#1173,#1174);
#1173 = CARTESIAN_POINT('',(163.376275,-68.237149,1.585));
#1174 = VECTOR('',#1175,1.);
#1175 = DIRECTION('',(-1.,0.,0.));
#1176 = ORIENTED_EDGE('',*,*,#1177,.T.);
#1177 = EDGE_CURVE('',#1170,#1178,#1180,.T.);
#1178 = VERTEX_POINT('',#1179);
#1179 = CARTESIAN_POINT('',(163.254961,-68.337238,1.585));
#1180 = CIRCLE('',#1181,0.141725920973);
#1181 = AXIS2_PLACEMENT_3D('',#1182,#1183,#1184);
#1182 = CARTESIAN_POINT('',(163.39183091587,-68.37401928334,1.585));
#1183 = DIRECTION('',(0.,0.,1.));
#1184 = DIRECTION('',(-0.2595143896,0.965739240991,0.));
#1185 = ORIENTED_EDGE('',*,*,#1186,.T.);
#1186 = EDGE_CURVE('',#1178,#1187,#1189,.T.);
#1187 = VERTEX_POINT('',#1188);
#1188 = CARTESIAN_POINT('',(163.254961,-68.358462,1.585));
#1189 = LINE('',#1190,#1191);
#1190 = CARTESIAN_POINT('',(163.254961,-68.337238,1.585));
#1191 = VECTOR('',#1192,1.);
#1192 = DIRECTION('',(0.,-1.,0.));
#1193 = ORIENTED_EDGE('',*,*,#1194,.T.);
#1194 = EDGE_CURVE('',#1187,#1195,#1197,.T.);
#1195 = VERTEX_POINT('',#1196);
#1196 = CARTESIAN_POINT('',(163.31985,-68.404312,1.585));
#1197 = CIRCLE('',#1198,6.215795238371E-02);
#1198 = AXIS2_PLACEMENT_3D('',#1199,#1200,#1201);
#1199 = CARTESIAN_POINT('',(163.31499286401,-68.34234411094,1.585));
#1200 = DIRECTION('',(0.,0.,1.));
#1201 = DIRECTION('',(-0.965795392385,-0.25930534134,0.));
#1202 = ORIENTED_EDGE('',*,*,#1203,.T.);
#1203 = EDGE_CURVE('',#1195,#1204,#1206,.T.);
#1204 = VERTEX_POINT('',#1205);
#1205 = CARTESIAN_POINT('',(163.336762,-68.421224,1.585));
#1206 = LINE('',#1207,#1208);
#1207 = CARTESIAN_POINT('',(163.31985,-68.404312,1.585));
#1208 = VECTOR('',#1209,1.);
#1209 = DIRECTION('',(0.707106781187,-0.707106781187,0.));
#1210 = ORIENTED_EDGE('',*,*,#1211,.T.);
#1211 = EDGE_CURVE('',#1204,#1212,#1214,.T.);
#1212 = VERTEX_POINT('',#1213);
#1213 = CARTESIAN_POINT('',(163.336762,-68.445142,1.585));
#1214 = LINE('',#1215,#1216);
#1215 = CARTESIAN_POINT('',(163.336762,-68.421224,1.585));
#1216 = VECTOR('',#1217,1.);
#1217 = DIRECTION('',(0.,-1.,0.));
#1218 = ORIENTED_EDGE('',*,*,#1219,.T.);
#1219 = EDGE_CURVE('',#1212,#1220,#1222,.T.);
#1220 = VERTEX_POINT('',#1221);
#1221 = CARTESIAN_POINT('',(163.31985,-68.462054,1.585));
#1222 = LINE('',#1223,#1224);
#1223 = CARTESIAN_POINT('',(163.336762,-68.445142,1.585));
#1224 = VECTOR('',#1225,1.);
#1225 = DIRECTION('',(-0.707106781187,-0.707106781187,0.));
#1226 = ORIENTED_EDGE('',*,*,#1227,.T.);
#1227 = EDGE_CURVE('',#1220,#1228,#1230,.T.);
#1228 = VERTEX_POINT('',#1229);
#1229 = CARTESIAN_POINT('',(163.27708,-68.461134,1.585));
#1230 = LINE('',#1231,#1232);
#1231 = CARTESIAN_POINT('',(163.31985,-68.462054,1.585));
#1232 = VECTOR('',#1233,1.);
#1233 = DIRECTION('',(-0.999768731502,2.150542981004E-02,0.));
#1234 = ORIENTED_EDGE('',*,*,#1235,.T.);
#1235 = EDGE_CURVE('',#1228,#1236,#1238,.T.);
#1236 = VERTEX_POINT('',#1237);
#1237 = CARTESIAN_POINT('',(163.194065,-68.322286,1.585));
#1238 = CIRCLE('',#1239,0.120756187889);
#1239 = AXIS2_PLACEMENT_3D('',#1240,#1241,#1242);
#1240 = CARTESIAN_POINT('',(163.31252982285,-68.34569844666,1.585));
#1241 = DIRECTION('',(0.,0.,-1.));
#1242 = DIRECTION('',(-0.293565269624,-0.955939031775,-0.));
#1243 = ORIENTED_EDGE('',*,*,#1244,.T.);
#1244 = EDGE_CURVE('',#1236,#1101,#1245,.T.);
#1245 = LINE('',#1246,#1247);
#1246 = CARTESIAN_POINT('',(163.194065,-68.322286,1.585));
#1247 = VECTOR('',#1248,1.);
#1248 = DIRECTION('',(0.33728813038,0.941401464363,0.));
#1249 = PLANE('',#1250);
#1250 = AXIS2_PLACEMENT_3D('',#1251,#1252,#1253);
#1251 = CARTESIAN_POINT('',(0.,0.,1.585));
#1252 = DIRECTION('',(0.,0.,1.));
#1253 = DIRECTION('',(1.,0.,-0.));
#1254 = SHELL_BASED_SURFACE_MODEL('',(#1255));
#1255 = OPEN_SHELL('',(#1256));
#1256 = ADVANCED_FACE('',(#1257),#1383,.T.);
#1257 = FACE_BOUND('',#1258,.F.);
#1258 = EDGE_LOOP('',(#1259,#1270,#1278,#1287,#1295,#1303,#1311,#1319,
    #1327,#1336,#1344,#1352,#1360,#1369,#1377));
#1259 = ORIENTED_EDGE('',*,*,#1260,.T.);
#1260 = EDGE_CURVE('',#1261,#1263,#1265,.T.);
#1261 = VERTEX_POINT('',#1262);
#1262 = CARTESIAN_POINT('',(157.2252,-68.179707,1.585));
#1263 = VERTEX_POINT('',#1264);
#1264 = CARTESIAN_POINT('',(157.285321,-68.19613,1.585));
#1265 = CIRCLE('',#1266,3.143500458221E-02);
#1266 = AXIS2_PLACEMENT_3D('',#1267,#1268,#1269);
#1267 = CARTESIAN_POINT('',(157.25417091675,-68.19190722522,1.585));
#1268 = DIRECTION('',(0.,0.,-1.));
#1269 = DIRECTION('',(-0.921613250517,0.388109541845,0.));
#1270 = ORIENTED_EDGE('',*,*,#1271,.T.);
#1271 = EDGE_CURVE('',#1263,#1272,#1274,.T.);
#1272 = VERTEX_POINT('',#1273);
#1273 = CARTESIAN_POINT('',(157.349363,-68.198509,1.585));
#1274 = LINE('',#1275,#1276);
#1275 = CARTESIAN_POINT('',(157.285321,-68.19613,1.585));
#1276 = VECTOR('',#1277,1.);
#1277 = DIRECTION('',(0.999310744999,-3.712189285715E-02,0.));
#1278 = ORIENTED_EDGE('',*,*,#1279,.T.);
#1279 = EDGE_CURVE('',#1272,#1280,#1282,.T.);
#1280 = VERTEX_POINT('',#1281);
#1281 = CARTESIAN_POINT('',(157.349363,-68.256251,1.585));
#1282 = CIRCLE('',#1283,3.124983715158E-02);
#1283 = AXIS2_PLACEMENT_3D('',#1284,#1285,#1286);
#1284 = CARTESIAN_POINT('',(157.337404,-68.22738,1.585));
#1285 = DIRECTION('',(0.,0.,-1.));
#1286 = DIRECTION('',(0.382689994255,0.92387681446,0.));
#1287 = ORIENTED_EDGE('',*,*,#1288,.T.);
#1288 = EDGE_CURVE('',#1280,#1289,#1291,.T.);
#1289 = VERTEX_POINT('',#1290);
#1290 = CARTESIAN_POINT('',(157.285321,-68.25863,1.585));
#1291 = LINE('',#1292,#1293);
#1292 = CARTESIAN_POINT('',(157.349363,-68.256251,1.585));
#1293 = VECTOR('',#1294,1.);
#1294 = DIRECTION('',(-0.999310744999,-3.712189285693E-02,0.));
#1295 = ORIENTED_EDGE('',*,*,#1296,.T.);
#1296 = EDGE_CURVE('',#1289,#1297,#1299,.T.);
#1297 = VERTEX_POINT('',#1298);
#1298 = CARTESIAN_POINT('',(157.282942,-68.358386,1.585));
#1299 = LINE('',#1300,#1301);
#1300 = CARTESIAN_POINT('',(157.285321,-68.25863,1.585));
#1301 = VECTOR('',#1302,1.);
#1302 = DIRECTION('',(-2.384141081041E-02,-0.999715753167,0.));
#1303 = ORIENTED_EDGE('',*,*,#1304,.T.);
#1304 = EDGE_CURVE('',#1297,#1305,#1307,.T.);
#1305 = VERTEX_POINT('',#1306);
#1306 = CARTESIAN_POINT('',(157.26603,-68.375298,1.585));
#1307 = LINE('',#1308,#1309);
#1308 = CARTESIAN_POINT('',(157.282942,-68.358386,1.585));
#1309 = VECTOR('',#1310,1.);
#1310 = DIRECTION('',(-0.707106781186,-0.707106781187,0.));
#1311 = ORIENTED_EDGE('',*,*,#1312,.T.);
#1312 = EDGE_CURVE('',#1305,#1313,#1315,.T.);
#1313 = VERTEX_POINT('',#1314);
#1314 = CARTESIAN_POINT('',(157.244189,-68.376073,1.585));
#1315 = LINE('',#1316,#1317);
#1316 = CARTESIAN_POINT('',(157.26603,-68.375298,1.585));
#1317 = VECTOR('',#1318,1.);
#1318 = DIRECTION('',(-0.999371046563,-3.546140566324E-02,0.));
#1319 = ORIENTED_EDGE('',*,*,#1320,.T.);
#1320 = EDGE_CURVE('',#1313,#1321,#1323,.T.);
#1321 = VERTEX_POINT('',#1322);
#1322 = CARTESIAN_POINT('',(157.055025,-68.310512,1.585));
#1323 = LINE('',#1324,#1325);
#1324 = CARTESIAN_POINT('',(157.244189,-68.376073,1.585));
#1325 = VECTOR('',#1326,1.);
#1326 = DIRECTION('',(-0.944860702,0.327472523756,0.));
#1327 = ORIENTED_EDGE('',*,*,#1328,.T.);
#1328 = EDGE_CURVE('',#1321,#1329,#1331,.T.);
#1329 = VERTEX_POINT('',#1330);
#1330 = CARTESIAN_POINT('',(157.073284,-68.255733,1.585));
#1331 = CIRCLE('',#1332,3.125001263797E-02);
#1332 = AXIS2_PLACEMENT_3D('',#1333,#1334,#1335);
#1333 = CARTESIAN_POINT('',(157.07550036569,-68.28690431715,1.585));
#1334 = DIRECTION('',(0.,0.,-1.));
#1335 = DIRECTION('',(-0.655211437313,-0.755445545632,-0.));
#1336 = ORIENTED_EDGE('',*,*,#1337,.T.);
#1337 = EDGE_CURVE('',#1329,#1338,#1340,.T.);
#1338 = VERTEX_POINT('',#1339);
#1339 = CARTESIAN_POINT('',(157.222821,-68.30307,1.585));
#1340 = LINE('',#1341,#1342);
#1341 = CARTESIAN_POINT('',(157.073284,-68.255733,1.585));
#1342 = VECTOR('',#1343,1.);
#1343 = DIRECTION('',(0.953372282504,-0.301796770946,0.));
#1344 = ORIENTED_EDGE('',*,*,#1345,.T.);
#1345 = EDGE_CURVE('',#1338,#1346,#1348,.T.);
#1346 = VERTEX_POINT('',#1347);
#1347 = CARTESIAN_POINT('',(157.222821,-68.25863,1.585));
#1348 = LINE('',#1349,#1350);
#1349 = CARTESIAN_POINT('',(157.222821,-68.30307,1.585));
#1350 = VECTOR('',#1351,1.);
#1351 = DIRECTION('',(0.,1.,0.));
#1352 = ORIENTED_EDGE('',*,*,#1353,.T.);
#1353 = EDGE_CURVE('',#1346,#1354,#1356,.T.);
#1354 = VERTEX_POINT('',#1355);
#1355 = CARTESIAN_POINT('',(157.158779,-68.256251,1.585));
#1356 = LINE('',#1357,#1358);
#1357 = CARTESIAN_POINT('',(157.222821,-68.25863,1.585));
#1358 = VECTOR('',#1359,1.);
#1359 = DIRECTION('',(-0.999310744999,3.712189285693E-02,0.));
#1360 = ORIENTED_EDGE('',*,*,#1361,.T.);
#1361 = EDGE_CURVE('',#1354,#1362,#1364,.T.);
#1362 = VERTEX_POINT('',#1363);
#1363 = CARTESIAN_POINT('',(157.158779,-68.198509,1.585));
#1364 = CIRCLE('',#1365,3.124983715158E-02);
#1365 = AXIS2_PLACEMENT_3D('',#1366,#1367,#1368);
#1366 = CARTESIAN_POINT('',(157.170738,-68.22738,1.585));
#1367 = DIRECTION('',(0.,0.,-1.));
#1368 = DIRECTION('',(-0.382689994254,-0.92387681446,-0.));
#1369 = ORIENTED_EDGE('',*,*,#1370,.T.);
#1370 = EDGE_CURVE('',#1362,#1371,#1373,.T.);
#1371 = VERTEX_POINT('',#1372);
#1372 = CARTESIAN_POINT('',(157.222821,-68.19613,1.585));
#1373 = LINE('',#1374,#1375);
#1374 = CARTESIAN_POINT('',(157.158779,-68.198509,1.585));
#1375 = VECTOR('',#1376,1.);
#1376 = DIRECTION('',(0.999310744999,3.712189285715E-02,0.));
#1377 = ORIENTED_EDGE('',*,*,#1378,.T.);
#1378 = EDGE_CURVE('',#1371,#1261,#1379,.T.);
#1379 = LINE('',#1380,#1381);
#1380 = CARTESIAN_POINT('',(157.222821,-68.19613,1.585));
#1381 = VECTOR('',#1382,1.);
#1382 = DIRECTION('',(0.143361496581,0.98967039023,0.));
#1383 = PLANE('',#1384);
#1384 = AXIS2_PLACEMENT_3D('',#1385,#1386,#1387);
#1385 = CARTESIAN_POINT('',(0.,0.,1.585));
#1386 = DIRECTION('',(0.,0.,1.));
#1387 = DIRECTION('',(1.,0.,-0.));
#1388 = SHELL_BASED_SURFACE_MODEL('',(#1389));
#1389 = OPEN_SHELL('',(#1390));
#1390 = ADVANCED_FACE('',(#1391),#1443,.T.);
#1391 = FACE_BOUND('',#1392,.F.);
#1392 = EDGE_LOOP('',(#1393,#1404,#1412,#1421,#1429,#1437));
#1393 = ORIENTED_EDGE('',*,*,#1394,.T.);
#1394 = EDGE_CURVE('',#1395,#1397,#1399,.T.);
#1395 = VERTEX_POINT('',#1396);
#1396 = CARTESIAN_POINT('',(163.605786,-67.917009,1.585));
#1397 = VERTEX_POINT('',#1398);
#1398 = CARTESIAN_POINT('',(163.703645,-67.897544,1.585));
#1399 = CIRCLE('',#1400,5.999850008894E-02);
#1400 = AXIS2_PLACEMENT_3D('',#1401,#1402,#1403);
#1401 = CARTESIAN_POINT('',(163.66121807544,-67.93996776793,1.585));
#1402 = DIRECTION('',(0.,0.,-1.));
#1403 = DIRECTION('',(-0.923891019961,0.382655698032,0.));
#1404 = ORIENTED_EDGE('',*,*,#1405,.T.);
#1405 = EDGE_CURVE('',#1397,#1406,#1408,.T.);
#1406 = VERTEX_POINT('',#1407);
#1407 = CARTESIAN_POINT('',(163.902456,-68.096354,1.585));
#1408 = LINE('',#1409,#1410);
#1409 = CARTESIAN_POINT('',(163.703645,-67.897544,1.585));
#1410 = VECTOR('',#1411,1.);
#1411 = DIRECTION('',(0.707108559528,-0.707105002841,0.));
#1412 = ORIENTED_EDGE('',*,*,#1413,.T.);
#1413 = EDGE_CURVE('',#1406,#1414,#1416,.T.);
#1414 = VERTEX_POINT('',#1415);
#1415 = CARTESIAN_POINT('',(163.817603,-68.181207,1.585));
#1416 = CIRCLE('',#1417,6.000013170922E-02);
#1417 = AXIS2_PLACEMENT_3D('',#1418,#1419,#1420);
#1418 = CARTESIAN_POINT('',(163.8600300587,-68.1387810587,1.585));
#1419 = DIRECTION('',(0.,0.,-1.));
#1420 = DIRECTION('',(0.707097469327,0.707116092923,0.));
#1421 = ORIENTED_EDGE('',*,*,#1422,.T.);
#1422 = EDGE_CURVE('',#1414,#1423,#1425,.T.);
#1423 = VERTEX_POINT('',#1424);
#1424 = CARTESIAN_POINT('',(163.618793,-67.982396,1.585));
#1425 = LINE('',#1426,#1427);
#1426 = CARTESIAN_POINT('',(163.817603,-68.181207,1.585));
#1427 = VECTOR('',#1428,1.);
#1428 = DIRECTION('',(-0.707105002841,0.707108559528,0.));
#1429 = ORIENTED_EDGE('',*,*,#1430,.T.);
#1430 = EDGE_CURVE('',#1423,#1431,#1433,.T.);
#1431 = VERTEX_POINT('',#1432);
#1432 = CARTESIAN_POINT('',(163.605786,-67.962931,1.585));
#1433 = LINE('',#1434,#1435);
#1434 = CARTESIAN_POINT('',(163.618793,-67.982396,1.585));
#1435 = VECTOR('',#1436,1.);
#1436 = DIRECTION('',(-0.555596893535,0.831451797697,0.));
#1437 = ORIENTED_EDGE('',*,*,#1438,.T.);
#1438 = EDGE_CURVE('',#1431,#1395,#1439,.T.);
#1439 = LINE('',#1440,#1441);
#1440 = CARTESIAN_POINT('',(163.605786,-67.962931,1.585));
#1441 = VECTOR('',#1442,1.);
#1442 = DIRECTION('',(0.,1.,0.));
#1443 = PLANE('',#1444);
#1444 = AXIS2_PLACEMENT_3D('',#1445,#1446,#1447);
#1445 = CARTESIAN_POINT('',(0.,0.,1.585));
#1446 = DIRECTION('',(0.,0.,1.));
#1447 = DIRECTION('',(1.,0.,-0.));
#1448 = SHELL_BASED_SURFACE_MODEL('',(#1449));
#1449 = OPEN_SHELL('',(#1450));
#1450 = ADVANCED_FACE('',(#1451),#1537,.T.);
#1451 = FACE_BOUND('',#1452,.F.);
#1452 = EDGE_LOOP('',(#1453,#1464,#1472,#1481,#1489,#1498,#1506,#1514,
    #1522,#1531));
#1453 = ORIENTED_EDGE('',*,*,#1454,.T.);
#1454 = EDGE_CURVE('',#1455,#1457,#1459,.T.);
#1455 = VERTEX_POINT('',#1456);
#1456 = CARTESIAN_POINT('',(173.48,-65.3775,1.585));
#1457 = VERTEX_POINT('',#1458);
#1458 = CARTESIAN_POINT('',(173.54,-65.3175,1.585));
#1459 = CIRCLE('',#1460,5.999932016264E-02);
#1460 = AXIS2_PLACEMENT_3D('',#1461,#1462,#1463);
#1461 = CARTESIAN_POINT('',(173.53999932015,-65.37749932015,1.585));
#1462 = DIRECTION('',(0.,0.,-1.));
#1463 = DIRECTION('',(-0.999999999936,-1.133081541086E-05,-0.));
#1464 = ORIENTED_EDGE('',*,*,#1465,.T.);
#1465 = EDGE_CURVE('',#1457,#1466,#1468,.T.);
#1466 = VERTEX_POINT('',#1467);
#1467 = CARTESIAN_POINT('',(175.46,-65.3175,1.585));
#1468 = LINE('',#1469,#1470);
#1469 = CARTESIAN_POINT('',(173.54,-65.3175,1.585));
#1470 = VECTOR('',#1471,1.);
#1471 = DIRECTION('',(1.,0.,0.));
#1472 = ORIENTED_EDGE('',*,*,#1473,.T.);
#1473 = EDGE_CURVE('',#1466,#1474,#1476,.T.);
#1474 = VERTEX_POINT('',#1475);
#1475 = CARTESIAN_POINT('',(175.52,-65.3775,1.585));
#1476 = CIRCLE('',#1477,5.999932016268E-02);
#1477 = AXIS2_PLACEMENT_3D('',#1478,#1479,#1480);
#1478 = CARTESIAN_POINT('',(175.46000067984,-65.37749932015,1.585));
#1479 = DIRECTION('',(0.,0.,-1.));
#1480 = DIRECTION('',(-1.133081470031E-05,0.999999999936,0.));
#1481 = ORIENTED_EDGE('',*,*,#1482,.T.);
#1482 = EDGE_CURVE('',#1474,#1483,#1485,.T.);
#1483 = VERTEX_POINT('',#1484);
#1484 = CARTESIAN_POINT('',(175.52,-68.0625,1.585));
#1485 = LINE('',#1486,#1487);
#1486 = CARTESIAN_POINT('',(175.52,-65.3775,1.585));
#1487 = VECTOR('',#1488,1.);
#1488 = DIRECTION('',(0.,-1.,0.));
#1489 = ORIENTED_EDGE('',*,*,#1490,.T.);
#1490 = EDGE_CURVE('',#1483,#1491,#1493,.T.);
#1491 = VERTEX_POINT('',#1492);
#1492 = CARTESIAN_POINT('',(175.4,-68.0625,1.585));
#1493 = CIRCLE('',#1494,6.000000000042E-02);
#1494 = AXIS2_PLACEMENT_3D('',#1495,#1496,#1497);
#1495 = CARTESIAN_POINT('',(175.46,-68.06250022558,1.585));
#1496 = DIRECTION('',(0.,0.,-1.));
#1497 = DIRECTION('',(0.999999999993,3.75979377999E-06,0.));
#1498 = ORIENTED_EDGE('',*,*,#1499,.T.);
#1499 = EDGE_CURVE('',#1491,#1500,#1502,.T.);
#1500 = VERTEX_POINT('',#1501);
#1501 = CARTESIAN_POINT('',(175.4,-65.4375,1.585));
#1502 = LINE('',#1503,#1504);
#1503 = CARTESIAN_POINT('',(175.4,-68.0625,1.585));
#1504 = VECTOR('',#1505,1.);
#1505 = DIRECTION('',(0.,1.,0.));
#1506 = ORIENTED_EDGE('',*,*,#1507,.T.);
#1507 = EDGE_CURVE('',#1500,#1508,#1510,.T.);
#1508 = VERTEX_POINT('',#1509);
#1509 = CARTESIAN_POINT('',(173.6,-65.4375,1.585));
#1510 = LINE('',#1511,#1512);
#1511 = CARTESIAN_POINT('',(175.4,-65.4375,1.585));
#1512 = VECTOR('',#1513,1.);
#1513 = DIRECTION('',(-1.,0.,0.));
#1514 = ORIENTED_EDGE('',*,*,#1515,.T.);
#1515 = EDGE_CURVE('',#1508,#1516,#1518,.T.);
#1516 = VERTEX_POINT('',#1517);
#1517 = CARTESIAN_POINT('',(173.6,-68.0625,1.585));
#1518 = LINE('',#1519,#1520);
#1519 = CARTESIAN_POINT('',(173.6,-65.4375,1.585));
#1520 = VECTOR('',#1521,1.);
#1521 = DIRECTION('',(0.,-1.,0.));
#1522 = ORIENTED_EDGE('',*,*,#1523,.T.);
#1523 = EDGE_CURVE('',#1516,#1524,#1526,.T.);
#1524 = VERTEX_POINT('',#1525);
#1525 = CARTESIAN_POINT('',(173.48,-68.0625,1.585));
#1526 = CIRCLE('',#1527,6.000000000043E-02);
#1527 = AXIS2_PLACEMENT_3D('',#1528,#1529,#1530);
#1528 = CARTESIAN_POINT('',(173.54,-68.06250022558,1.585));
#1529 = DIRECTION('',(0.,0.,-1.));
#1530 = DIRECTION('',(0.999999999993,3.759794016836E-06,0.));
#1531 = ORIENTED_EDGE('',*,*,#1532,.T.);
#1532 = EDGE_CURVE('',#1524,#1455,#1533,.T.);
#1533 = LINE('',#1534,#1535);
#1534 = CARTESIAN_POINT('',(173.48,-68.0625,1.585));
#1535 = VECTOR('',#1536,1.);
#1536 = DIRECTION('',(0.,1.,0.));
#1537 = PLANE('',#1538);
#1538 = AXIS2_PLACEMENT_3D('',#1539,#1540,#1541);
#1539 = CARTESIAN_POINT('',(0.,0.,1.585));
#1540 = DIRECTION('',(0.,0.,1.));
#1541 = DIRECTION('',(1.,0.,-0.));
#1542 = SHELL_BASED_SURFACE_MODEL('',(#1543));
#1543 = OPEN_SHELL('',(#1544));
#1544 = ADVANCED_FACE('',(#1545),#1581,.T.);
#1545 = FACE_BOUND('',#1546,.F.);
#1546 = EDGE_LOOP('',(#1547,#1558,#1566,#1575));
#1547 = ORIENTED_EDGE('',*,*,#1548,.T.);
#1548 = EDGE_CURVE('',#1549,#1551,#1553,.T.);
#1549 = VERTEX_POINT('',#1550);
#1550 = CARTESIAN_POINT('',(156.987742,-67.9375,1.585));
#1551 = VERTEX_POINT('',#1552);
#1552 = CARTESIAN_POINT('',(156.987742,-67.8175,1.585));
#1553 = CIRCLE('',#1554,6.000000000042E-02);
#1554 = AXIS2_PLACEMENT_3D('',#1555,#1556,#1557);
#1555 = CARTESIAN_POINT('',(156.98774177441,-67.8775,1.585));
#1556 = DIRECTION('',(0.,0.,-1.));
#1557 = DIRECTION('',(3.759794253684E-06,-0.999999999993,0.));
#1558 = ORIENTED_EDGE('',*,*,#1559,.T.);
#1559 = EDGE_CURVE('',#1551,#1560,#1562,.T.);
#1560 = VERTEX_POINT('',#1561);
#1561 = CARTESIAN_POINT('',(157.462258,-67.8175,1.585));
#1562 = LINE('',#1563,#1564);
#1563 = CARTESIAN_POINT('',(156.987742,-67.8175,1.585));
#1564 = VECTOR('',#1565,1.);
#1565 = DIRECTION('',(1.,0.,0.));
#1566 = ORIENTED_EDGE('',*,*,#1567,.T.);
#1567 = EDGE_CURVE('',#1560,#1568,#1570,.T.);
#1568 = VERTEX_POINT('',#1569);
#1569 = CARTESIAN_POINT('',(157.462258,-67.9375,1.585));
#1570 = CIRCLE('',#1571,6.000000000042E-02);
#1571 = AXIS2_PLACEMENT_3D('',#1572,#1573,#1574);
#1572 = CARTESIAN_POINT('',(157.46225822558,-67.8775,1.585));
#1573 = DIRECTION('',(0.,0.,-1.));
#1574 = DIRECTION('',(-3.759794727379E-06,0.999999999993,-0.));
#1575 = ORIENTED_EDGE('',*,*,#1576,.T.);
#1576 = EDGE_CURVE('',#1568,#1549,#1577,.T.);
#1577 = LINE('',#1578,#1579);
#1578 = CARTESIAN_POINT('',(157.462258,-67.9375,1.585));
#1579 = VECTOR('',#1580,1.);
#1580 = DIRECTION('',(-1.,0.,0.));
#1581 = PLANE('',#1582);
#1582 = AXIS2_PLACEMENT_3D('',#1583,#1584,#1585);
#1583 = CARTESIAN_POINT('',(0.,0.,1.585));
#1584 = DIRECTION('',(0.,0.,1.));
#1585 = DIRECTION('',(1.,0.,-0.));
#1586 = SHELL_BASED_SURFACE_MODEL('',(#1587));
#1587 = OPEN_SHELL('',(#1588));
#1588 = ADVANCED_FACE('',(#1589,#1860),#1918,.T.);
#1589 = FACE_BOUND('',#1590,.F.);
#1590 = EDGE_LOOP('',(#1591,#1601,#1609,#1617,#1625,#1633,#1641,#1649,
    #1657,#1666,#1674,#1683,#1691,#1699,#1707,#1715,#1723,#1731,#1739,
    #1748,#1756,#1764,#1772,#1780,#1788,#1796,#1804,#1813,#1821,#1829,
    #1838,#1846,#1854));
#1591 = ORIENTED_EDGE('',*,*,#1592,.T.);
#1592 = EDGE_CURVE('',#1593,#1595,#1597,.T.);
#1593 = VERTEX_POINT('',#1594);
#1594 = CARTESIAN_POINT('',(159.640845,-65.285,1.585));
#1595 = VERTEX_POINT('',#1596);
#1596 = CARTESIAN_POINT('',(159.679403,-65.249854,1.585));
#1597 = LINE('',#1598,#1599);
#1598 = CARTESIAN_POINT('',(159.640845,-65.285,1.585));
#1599 = VECTOR('',#1600,1.);
#1600 = DIRECTION('',(0.739049581386,0.673651034478,0.));
#1601 = ORIENTED_EDGE('',*,*,#1602,.T.);
#1602 = EDGE_CURVE('',#1595,#1603,#1605,.T.);
#1603 = VERTEX_POINT('',#1604);
#1604 = CARTESIAN_POINT('',(159.724999,-65.236345,1.585));
#1605 = LINE('',#1606,#1607);
#1606 = CARTESIAN_POINT('',(159.679403,-65.249854,1.585));
#1607 = VECTOR('',#1608,1.);
#1608 = DIRECTION('',(0.958803416005,0.28407043045,0.));
#1609 = ORIENTED_EDGE('',*,*,#1610,.T.);
#1610 = EDGE_CURVE('',#1603,#1611,#1613,.T.);
#1611 = VERTEX_POINT('',#1612);
#1612 = CARTESIAN_POINT('',(159.796482,-65.238724,1.585));
#1613 = LINE('',#1614,#1615);
#1614 = CARTESIAN_POINT('',(159.724999,-65.236345,1.585));
#1615 = VECTOR('',#1616,1.);
#1616 = DIRECTION('',(0.999446659114,-3.326222461336E-02,0.));
#1617 = ORIENTED_EDGE('',*,*,#1618,.T.);
#1618 = EDGE_CURVE('',#1611,#1619,#1621,.T.);
#1619 = VERTEX_POINT('',#1620);
#1620 = CARTESIAN_POINT('',(159.813394,-65.255636,1.585));
#1621 = LINE('',#1622,#1623);
#1622 = CARTESIAN_POINT('',(159.796482,-65.238724,1.585));
#1623 = VECTOR('',#1624,1.);
#1624 = DIRECTION('',(0.707106781187,-0.707106781187,0.));
#1625 = ORIENTED_EDGE('',*,*,#1626,.T.);
#1626 = EDGE_CURVE('',#1619,#1627,#1629,.T.);
#1627 = VERTEX_POINT('',#1628);
#1628 = CARTESIAN_POINT('',(159.813394,-65.529554,1.585));
#1629 = LINE('',#1630,#1631);
#1630 = CARTESIAN_POINT('',(159.813394,-65.255636,1.585));
#1631 = VECTOR('',#1632,1.);
#1632 = DIRECTION('',(0.,-1.,0.));
#1633 = ORIENTED_EDGE('',*,*,#1634,.T.);
#1634 = EDGE_CURVE('',#1627,#1635,#1637,.T.);
#1635 = VERTEX_POINT('',#1636);
#1636 = CARTESIAN_POINT('',(159.796482,-65.546466,1.585));
#1637 = LINE('',#1638,#1639);
#1638 = CARTESIAN_POINT('',(159.813394,-65.529554,1.585));
#1639 = VECTOR('',#1640,1.);
#1640 = DIRECTION('',(-0.707106781187,-0.707106781187,0.));
#1641 = ORIENTED_EDGE('',*,*,#1642,.T.);
#1642 = EDGE_CURVE('',#1635,#1643,#1645,.T.);
#1643 = VERTEX_POINT('',#1644);
#1644 = CARTESIAN_POINT('',(159.7275,-65.548845,1.585));
#1645 = LINE('',#1646,#1647);
#1646 = CARTESIAN_POINT('',(159.796482,-65.546466,1.585));
#1647 = VECTOR('',#1648,1.);
#1648 = DIRECTION('',(-0.999405844484,-3.446676675123E-02,0.));
#1649 = ORIENTED_EDGE('',*,*,#1650,.T.);
#1650 = EDGE_CURVE('',#1643,#1651,#1653,.T.);
#1651 = VERTEX_POINT('',#1652);
#1652 = CARTESIAN_POINT('',(159.7275,-67.255,1.585));
#1653 = LINE('',#1654,#1655);
#1654 = CARTESIAN_POINT('',(159.7275,-65.548845,1.585));
#1655 = VECTOR('',#1656,1.);
#1656 = DIRECTION('',(0.,-1.,0.));
#1657 = ORIENTED_EDGE('',*,*,#1658,.T.);
#1658 = EDGE_CURVE('',#1651,#1659,#1661,.T.);
#1659 = VERTEX_POINT('',#1660);
#1660 = CARTESIAN_POINT('',(159.6675,-67.315,1.585));
#1661 = CIRCLE('',#1662,5.999932016251E-02);
#1662 = AXIS2_PLACEMENT_3D('',#1663,#1664,#1665);
#1663 = CARTESIAN_POINT('',(159.66750067984,-67.25500067984,1.585));
#1664 = DIRECTION('',(0.,0.,-1.));
#1665 = DIRECTION('',(0.999999999936,1.133081730569E-05,0.));
#1666 = ORIENTED_EDGE('',*,*,#1667,.T.);
#1667 = EDGE_CURVE('',#1659,#1668,#1670,.T.);
#1668 = VERTEX_POINT('',#1669);
#1669 = CARTESIAN_POINT('',(155.7475,-67.315,1.585));
#1670 = LINE('',#1671,#1672);
#1671 = CARTESIAN_POINT('',(159.6675,-67.315,1.585));
#1672 = VECTOR('',#1673,1.);
#1673 = DIRECTION('',(-1.,0.,0.));
#1674 = ORIENTED_EDGE('',*,*,#1675,.T.);
#1675 = EDGE_CURVE('',#1668,#1676,#1678,.T.);
#1676 = VERTEX_POINT('',#1677);
#1677 = CARTESIAN_POINT('',(155.7475,-67.195,1.585));
#1678 = CIRCLE('',#1679,6.000000000042E-02);
#1679 = AXIS2_PLACEMENT_3D('',#1680,#1681,#1682);
#1680 = CARTESIAN_POINT('',(155.74749977441,-67.255,1.585));
#1681 = DIRECTION('',(0.,0.,-1.));
#1682 = DIRECTION('',(3.759794253684E-06,-0.999999999993,0.));
#1683 = ORIENTED_EDGE('',*,*,#1684,.T.);
#1684 = EDGE_CURVE('',#1676,#1685,#1687,.T.);
#1685 = VERTEX_POINT('',#1686);
#1686 = CARTESIAN_POINT('',(159.6075,-67.195,1.585));
#1687 = LINE('',#1688,#1689);
#1688 = CARTESIAN_POINT('',(155.7475,-67.195,1.585));
#1689 = VECTOR('',#1690,1.);
#1690 = DIRECTION('',(1.,0.,0.));
#1691 = ORIENTED_EDGE('',*,*,#1692,.T.);
#1692 = EDGE_CURVE('',#1685,#1693,#1695,.T.);
#1693 = VERTEX_POINT('',#1694);
#1694 = CARTESIAN_POINT('',(159.6075,-65.405,1.585));
#1695 = LINE('',#1696,#1697);
#1696 = CARTESIAN_POINT('',(159.6075,-67.195,1.585));
#1697 = VECTOR('',#1698,1.);
#1698 = DIRECTION('',(0.,1.,0.));
#1699 = ORIENTED_EDGE('',*,*,#1700,.T.);
#1700 = EDGE_CURVE('',#1693,#1701,#1703,.T.);
#1701 = VERTEX_POINT('',#1702);
#1702 = CARTESIAN_POINT('',(159.510911,-65.405,1.585));
#1703 = LINE('',#1704,#1705);
#1704 = CARTESIAN_POINT('',(159.6075,-65.405,1.585));
#1705 = VECTOR('',#1706,1.);
#1706 = DIRECTION('',(-1.,0.,0.));
#1707 = ORIENTED_EDGE('',*,*,#1708,.T.);
#1708 = EDGE_CURVE('',#1701,#1709,#1711,.T.);
#1709 = VERTEX_POINT('',#1710);
#1710 = CARTESIAN_POINT('',(159.515775,-65.410398,1.585));
#1711 = LINE('',#1712,#1713);
#1712 = CARTESIAN_POINT('',(159.510911,-65.405,1.585));
#1713 = VECTOR('',#1714,1.);
#1714 = DIRECTION('',(0.669405620597,-0.742897109372,0.));
#1715 = ORIENTED_EDGE('',*,*,#1716,.T.);
#1716 = EDGE_CURVE('',#1709,#1717,#1719,.T.);
#1717 = VERTEX_POINT('',#1718);
#1718 = CARTESIAN_POINT('',(159.514857,-65.435233,1.585));
#1719 = LINE('',#1720,#1721);
#1720 = CARTESIAN_POINT('',(159.515775,-65.410398,1.585));
#1721 = VECTOR('',#1722,1.);
#1722 = DIRECTION('',(-3.69387354294E-02,-0.999317532031,0.));
#1723 = ORIENTED_EDGE('',*,*,#1724,.T.);
#1724 = EDGE_CURVE('',#1717,#1725,#1727,.T.);
#1725 = VERTEX_POINT('',#1726);
#1726 = CARTESIAN_POINT('',(159.472438,-65.486345,1.585));
#1727 = LINE('',#1728,#1729);
#1728 = CARTESIAN_POINT('',(159.514857,-65.435233,1.585));
#1729 = VECTOR('',#1730,1.);
#1730 = DIRECTION('',(-0.638634121948,-0.769510531626,0.));
#1731 = ORIENTED_EDGE('',*,*,#1732,.T.);
#1732 = EDGE_CURVE('',#1725,#1733,#1735,.T.);
#1733 = VERTEX_POINT('',#1734);
#1734 = CARTESIAN_POINT('',(159.570291,-65.488724,1.585));
#1735 = LINE('',#1736,#1737);
#1736 = CARTESIAN_POINT('',(159.472438,-65.486345,1.585));
#1737 = VECTOR('',#1738,1.);
#1738 = DIRECTION('',(0.999704594807,-2.430479628678E-02,0.));
#1739 = ORIENTED_EDGE('',*,*,#1740,.T.);
#1740 = EDGE_CURVE('',#1733,#1741,#1743,.T.);
#1741 = VERTEX_POINT('',#1742);
#1742 = CARTESIAN_POINT('',(159.570291,-65.546466,1.585));
#1743 = CIRCLE('',#1744,3.124983715156E-02);
#1744 = AXIS2_PLACEMENT_3D('',#1745,#1746,#1747);
#1745 = CARTESIAN_POINT('',(159.558332,-65.517595,1.585));
#1746 = DIRECTION('',(0.,0.,-1.));
#1747 = DIRECTION('',(0.382689994255,0.92387681446,0.));
#1748 = ORIENTED_EDGE('',*,*,#1749,.T.);
#1749 = EDGE_CURVE('',#1741,#1750,#1752,.T.);
#1750 = VERTEX_POINT('',#1751);
#1751 = CARTESIAN_POINT('',(159.391611,-65.546466,1.585));
#1752 = LINE('',#1753,#1754);
#1753 = CARTESIAN_POINT('',(159.570291,-65.546466,1.585));
#1754 = VECTOR('',#1755,1.);
#1755 = DIRECTION('',(-1.,0.,0.));
#1756 = ORIENTED_EDGE('',*,*,#1757,.T.);
#1757 = EDGE_CURVE('',#1750,#1758,#1760,.T.);
#1758 = VERTEX_POINT('',#1759);
#1759 = CARTESIAN_POINT('',(159.374699,-65.529554,1.585));
#1760 = LINE('',#1761,#1762);
#1761 = CARTESIAN_POINT('',(159.391611,-65.546466,1.585));
#1762 = VECTOR('',#1763,1.);
#1763 = DIRECTION('',(-0.707106781187,0.707106781186,0.));
#1764 = ORIENTED_EDGE('',*,*,#1765,.T.);
#1765 = EDGE_CURVE('',#1758,#1766,#1768,.T.);
#1766 = VERTEX_POINT('',#1767);
#1767 = CARTESIAN_POINT('',(159.375616,-65.504718,1.585));
#1768 = LINE('',#1769,#1770);
#1769 = CARTESIAN_POINT('',(159.374699,-65.529554,1.585));
#1770 = VECTOR('',#1771,1.);
#1771 = DIRECTION('',(3.689706830556E-02,0.999319071343,0.));
#1772 = ORIENTED_EDGE('',*,*,#1773,.T.);
#1773 = EDGE_CURVE('',#1766,#1774,#1776,.T.);
#1774 = VERTEX_POINT('',#1775);
#1775 = CARTESIAN_POINT('',(159.42588,-65.444641,1.585));
#1776 = LINE('',#1777,#1778);
#1777 = CARTESIAN_POINT('',(159.375616,-65.504718,1.585));
#1778 = VECTOR('',#1779,1.);
#1779 = DIRECTION('',(0.641688764579,0.766965142241,0.));
#1780 = ORIENTED_EDGE('',*,*,#1781,.T.);
#1781 = EDGE_CURVE('',#1774,#1782,#1784,.T.);
#1782 = VERTEX_POINT('',#1783);
#1783 = CARTESIAN_POINT('',(159.393378,-65.420644,1.585));
#1784 = LINE('',#1785,#1786);
#1785 = CARTESIAN_POINT('',(159.42588,-65.444641,1.585));
#1786 = VECTOR('',#1787,1.);
#1787 = DIRECTION('',(-0.804486217436,0.593971317452,0.));
#1788 = ORIENTED_EDGE('',*,*,#1789,.T.);
#1789 = EDGE_CURVE('',#1782,#1790,#1792,.T.);
#1790 = VERTEX_POINT('',#1791);
#1791 = CARTESIAN_POINT('',(159.383763,-65.405,1.585));
#1792 = LINE('',#1793,#1794);
#1793 = CARTESIAN_POINT('',(159.393378,-65.420644,1.585));
#1794 = VECTOR('',#1795,1.);
#1795 = DIRECTION('',(-0.523620304023,0.851951745825,0.));
#1796 = ORIENTED_EDGE('',*,*,#1797,.T.);
#1797 = EDGE_CURVE('',#1790,#1798,#1800,.T.);
#1798 = VERTEX_POINT('',#1799);
#1799 = CARTESIAN_POINT('',(155.7475,-65.405,1.585));
#1800 = LINE('',#1801,#1802);
#1801 = CARTESIAN_POINT('',(159.383763,-65.405,1.585));
#1802 = VECTOR('',#1803,1.);
#1803 = DIRECTION('',(-1.,0.,0.));
#1804 = ORIENTED_EDGE('',*,*,#1805,.T.);
#1805 = EDGE_CURVE('',#1798,#1806,#1808,.T.);
#1806 = VERTEX_POINT('',#1807);
#1807 = CARTESIAN_POINT('',(155.7475,-65.285,1.585));
#1808 = CIRCLE('',#1809,6.000000000043E-02);
#1809 = AXIS2_PLACEMENT_3D('',#1810,#1811,#1812);
#1810 = CARTESIAN_POINT('',(155.74749977441,-65.345,1.585));
#1811 = DIRECTION('',(0.,0.,-1.));
#1812 = DIRECTION('',(3.759793779989E-06,-0.999999999993,0.));
#1813 = ORIENTED_EDGE('',*,*,#1814,.T.);
#1814 = EDGE_CURVE('',#1806,#1815,#1817,.T.);
#1815 = VERTEX_POINT('',#1816);
#1816 = CARTESIAN_POINT('',(159.383739,-65.285,1.585));
#1817 = LINE('',#1818,#1819);
#1818 = CARTESIAN_POINT('',(155.7475,-65.285,1.585));
#1819 = VECTOR('',#1820,1.);
#1820 = DIRECTION('',(1.,0.,0.));
#1821 = ORIENTED_EDGE('',*,*,#1822,.T.);
#1822 = EDGE_CURVE('',#1815,#1823,#1825,.T.);
#1823 = VERTEX_POINT('',#1824);
#1824 = CARTESIAN_POINT('',(159.409447,-65.25462,1.585));
#1825 = LINE('',#1826,#1827);
#1826 = CARTESIAN_POINT('',(159.383739,-65.285,1.585));
#1827 = VECTOR('',#1828,1.);
#1828 = DIRECTION('',(0.64596927443,0.763363410501,0.));
#1829 = ORIENTED_EDGE('',*,*,#1830,.T.);
#1830 = EDGE_CURVE('',#1823,#1831,#1833,.T.);
#1831 = VERTEX_POINT('',#1832);
#1832 = CARTESIAN_POINT('',(159.568523,-65.257402,1.585));
#1833 = CIRCLE('',#1834,0.142931520824);
#1834 = AXIS2_PLACEMENT_3D('',#1835,#1836,#1837);
#1835 = CARTESIAN_POINT('',(159.48690858593,-65.37474128183,1.585));
#1836 = DIRECTION('',(0.,0.,-1.));
#1837 = DIRECTION('',(-0.541948938114,0.840411416199,0.));
#1838 = ORIENTED_EDGE('',*,*,#1839,.T.);
#1839 = EDGE_CURVE('',#1831,#1840,#1842,.T.);
#1840 = VERTEX_POINT('',#1841);
#1841 = CARTESIAN_POINT('',(159.587203,-65.279445,1.585));
#1842 = LINE('',#1843,#1844);
#1843 = CARTESIAN_POINT('',(159.568523,-65.257402,1.585));
#1844 = VECTOR('',#1845,1.);
#1845 = DIRECTION('',(0.646511453012,-0.762904280447,0.));
#1846 = ORIENTED_EDGE('',*,*,#1847,.T.);
#1847 = EDGE_CURVE('',#1840,#1848,#1850,.T.);
#1848 = VERTEX_POINT('',#1849);
#1849 = CARTESIAN_POINT('',(159.587203,-65.285,1.585));
#1850 = LINE('',#1851,#1852);
#1851 = CARTESIAN_POINT('',(159.587203,-65.279445,1.585));
#1852 = VECTOR('',#1853,1.);
#1853 = DIRECTION('',(0.,-1.,0.));
#1854 = ORIENTED_EDGE('',*,*,#1855,.T.);
#1855 = EDGE_CURVE('',#1848,#1593,#1856,.T.);
#1856 = LINE('',#1857,#1858);
#1857 = CARTESIAN_POINT('',(159.587203,-65.285,1.585));
#1858 = VECTOR('',#1859,1.);
#1859 = DIRECTION('',(1.,0.,0.));
#1860 = FACE_BOUND('',#1861,.F.);
#1861 = EDGE_LOOP('',(#1862,#1872,#1880,#1888,#1896,#1904,#1912));
#1862 = ORIENTED_EDGE('',*,*,#1863,.T.);
#1863 = EDGE_CURVE('',#1864,#1866,#1868,.T.);
#1864 = VERTEX_POINT('',#1865);
#1865 = CARTESIAN_POINT('',(159.753273,-65.486345,1.585));
#1866 = VERTEX_POINT('',#1867);
#1867 = CARTESIAN_POINT('',(159.753273,-65.298845,1.585));
#1868 = LINE('',#1869,#1870);
#1869 = CARTESIAN_POINT('',(159.753273,-65.486345,1.585));
#1870 = VECTOR('',#1871,1.);
#1871 = DIRECTION('',(0.,1.,0.));
#1872 = ORIENTED_EDGE('',*,*,#1873,.T.);
#1873 = EDGE_CURVE('',#1866,#1874,#1876,.T.);
#1874 = VERTEX_POINT('',#1875);
#1875 = CARTESIAN_POINT('',(159.730069,-65.298845,1.585));
#1876 = LINE('',#1877,#1878);
#1877 = CARTESIAN_POINT('',(159.753273,-65.298845,1.585));
#1878 = VECTOR('',#1879,1.);
#1879 = DIRECTION('',(-1.,0.,0.));
#1880 = ORIENTED_EDGE('',*,*,#1881,.T.);
#1881 = EDGE_CURVE('',#1874,#1882,#1884,.T.);
#1882 = VERTEX_POINT('',#1883);
#1883 = CARTESIAN_POINT('',(159.707321,-65.306427,1.585));
#1884 = LINE('',#1885,#1886);
#1885 = CARTESIAN_POINT('',(159.730069,-65.298845,1.585));
#1886 = VECTOR('',#1887,1.);
#1887 = DIRECTION('',(-0.9486916386,-0.316202743268,0.));
#1888 = ORIENTED_EDGE('',*,*,#1889,.T.);
#1889 = EDGE_CURVE('',#1882,#1890,#1892,.T.);
#1890 = VERTEX_POINT('',#1891);
#1891 = CARTESIAN_POINT('',(159.722933,-65.322039,1.585));
#1892 = LINE('',#1893,#1894);
#1893 = CARTESIAN_POINT('',(159.707321,-65.306427,1.585));
#1894 = VECTOR('',#1895,1.);
#1895 = DIRECTION('',(0.707106781187,-0.707106781187,0.));
#1896 = ORIENTED_EDGE('',*,*,#1897,.T.);
#1897 = EDGE_CURVE('',#1890,#1898,#1900,.T.);
#1898 = VERTEX_POINT('',#1899);
#1899 = CARTESIAN_POINT('',(159.7275,-65.345,1.585));
#1900 = LINE('',#1901,#1902);
#1901 = CARTESIAN_POINT('',(159.722933,-65.322039,1.585));
#1902 = VECTOR('',#1903,1.);
#1903 = DIRECTION('',(0.195081000117,-0.980787134598,0.));
#1904 = ORIENTED_EDGE('',*,*,#1905,.T.);
#1905 = EDGE_CURVE('',#1898,#1906,#1908,.T.);
#1906 = VERTEX_POINT('',#1907);
#1907 = CARTESIAN_POINT('',(159.730069,-65.486345,1.585));
#1908 = LINE('',#1909,#1910);
#1909 = CARTESIAN_POINT('',(159.7275,-65.345,1.585));
#1910 = VECTOR('',#1911,1.);
#1911 = DIRECTION('',(1.817238513823E-02,-0.999834868575,0.));
#1912 = ORIENTED_EDGE('',*,*,#1913,.T.);
#1913 = EDGE_CURVE('',#1906,#1864,#1914,.T.);
#1914 = LINE('',#1915,#1916);
#1915 = CARTESIAN_POINT('',(159.730069,-65.486345,1.585));
#1916 = VECTOR('',#1917,1.);
#1917 = DIRECTION('',(1.,0.,0.));
#1918 = PLANE('',#1919);
#1919 = AXIS2_PLACEMENT_3D('',#1920,#1921,#1922);
#1920 = CARTESIAN_POINT('',(0.,0.,1.585));
#1921 = DIRECTION('',(0.,0.,1.));
#1922 = DIRECTION('',(1.,0.,-0.));
#1923 = SHELL_BASED_SURFACE_MODEL('',(#1924));
#1924 = OPEN_SHELL('',(#1925));
#1925 = ADVANCED_FACE('',(#1926),#1986,.T.);
#1926 = FACE_BOUND('',#1927,.F.);
#1927 = EDGE_LOOP('',(#1928,#1939,#1947,#1955,#1963,#1971,#1980));
#1928 = ORIENTED_EDGE('',*,*,#1929,.T.);
#1929 = EDGE_CURVE('',#1930,#1932,#1934,.T.);
#1930 = VERTEX_POINT('',#1931);
#1931 = CARTESIAN_POINT('',(162.968451,-66.860624,1.585));
#1932 = VERTEX_POINT('',#1933);
#1933 = CARTESIAN_POINT('',(163.001519,-66.758932,1.585));
#1934 = CIRCLE('',#1935,5.999956421671E-02);
#1935 = AXIS2_PLACEMENT_3D('',#1936,#1937,#1938);
#1936 = CARTESIAN_POINT('',(163.01087656421,-66.81819736676,1.585));
#1937 = DIRECTION('',(0.,0.,-1.));
#1938 = DIRECTION('',(-0.70709787258,-0.707115689681,-0.));
#1939 = ORIENTED_EDGE('',*,*,#1940,.T.);
#1940 = EDGE_CURVE('',#1932,#1941,#1943,.T.);
#1941 = VERTEX_POINT('',#1942);
#1942 = CARTESIAN_POINT('',(163.40457,-66.695292,1.585));
#1943 = LINE('',#1944,#1945);
#1944 = CARTESIAN_POINT('',(163.001519,-66.758932,1.585));
#1945 = VECTOR('',#1946,1.);
#1946 = DIRECTION('',(0.987762826234,0.155963454405,0.));
#1947 = ORIENTED_EDGE('',*,*,#1948,.T.);
#1948 = EDGE_CURVE('',#1941,#1949,#1951,.T.);
#1949 = VERTEX_POINT('',#1950);
#1950 = CARTESIAN_POINT('',(163.449218,-66.706034,1.585));
#1951 = LINE('',#1952,#1953);
#1952 = CARTESIAN_POINT('',(163.40457,-66.695292,1.585));
#1953 = VECTOR('',#1954,1.);
#1954 = DIRECTION('',(0.972256295266,-0.233918140202,0.));
#1955 = ORIENTED_EDGE('',*,*,#1956,.T.);
#1956 = EDGE_CURVE('',#1949,#1957,#1959,.T.);
#1957 = VERTEX_POINT('',#1958);
#1958 = CARTESIAN_POINT('',(163.473194,-66.7452,1.585));
#1959 = LINE('',#1960,#1961);
#1960 = CARTESIAN_POINT('',(163.449218,-66.706034,1.585));
#1961 = VECTOR('',#1962,1.);
#1962 = DIRECTION('',(0.522103432673,-0.852882175679,0.));
#1963 = ORIENTED_EDGE('',*,*,#1964,.T.);
#1964 = EDGE_CURVE('',#1957,#1965,#1967,.T.);
#1965 = VERTEX_POINT('',#1966);
#1966 = CARTESIAN_POINT('',(163.409554,-67.166967,1.585));
#1967 = LINE('',#1968,#1969);
#1968 = CARTESIAN_POINT('',(163.473194,-66.7452,1.585));
#1969 = VECTOR('',#1970,1.);
#1970 = DIRECTION('',(-0.149200100957,-0.988807023577,0.));
#1971 = ORIENTED_EDGE('',*,*,#1972,.T.);
#1972 = EDGE_CURVE('',#1965,#1973,#1975,.T.);
#1973 = VERTEX_POINT('',#1974);
#1974 = CARTESIAN_POINT('',(163.307862,-67.200035,1.585));
#1975 = CIRCLE('',#1976,6.000011193593E-02);
#1976 = AXIS2_PLACEMENT_3D('',#1977,#1978,#1979);
#1977 = CARTESIAN_POINT('',(163.35028825997,-67.15760828793,1.585));
#1978 = DIRECTION('',(-0.,0.,-1.));
#1979 = DIRECTION('',(0.987760490991,-0.155978243471,-0.));
#1980 = ORIENTED_EDGE('',*,*,#1981,.T.);
#1981 = EDGE_CURVE('',#1973,#1930,#1982,.T.);
#1982 = LINE('',#1983,#1984);
#1983 = CARTESIAN_POINT('',(163.307862,-67.200035,1.585));
#1984 = VECTOR('',#1985,1.);
#1985 = DIRECTION('',(-0.707106781187,0.707106781187,0.));
#1986 = PLANE('',#1987);
#1987 = AXIS2_PLACEMENT_3D('',#1988,#1989,#1990);
#1988 = CARTESIAN_POINT('',(0.,0.,1.585));
#1989 = DIRECTION('',(0.,0.,1.));
#1990 = DIRECTION('',(1.,0.,-0.));
#1991 = SHELL_BASED_SURFACE_MODEL('',(#1992));
#1992 = OPEN_SHELL('',(#1993));
#1993 = ADVANCED_FACE('',(#1994,#2093),#2160,.T.);
#1994 = FACE_BOUND('',#1995,.F.);
#1995 = EDGE_LOOP('',(#1996,#2006,#2014,#2022,#2030,#2039,#2047,#2055,
    #2063,#2071,#2079,#2087));
#1996 = ORIENTED_EDGE('',*,*,#1997,.T.);
#1997 = EDGE_CURVE('',#1998,#2000,#2002,.T.);
#1998 = VERTEX_POINT('',#1999);
#1999 = CARTESIAN_POINT('',(174.286605,-66.912945,1.585));
#2000 = VERTEX_POINT('',#2001);
#2001 = CARTESIAN_POINT('',(174.303517,-66.896033,1.585));
#2002 = LINE('',#2003,#2004);
#2003 = CARTESIAN_POINT('',(174.286605,-66.912945,1.585));
#2004 = VECTOR('',#2005,1.);
#2005 = DIRECTION('',(0.707106781187,0.707106781187,0.));
#2006 = ORIENTED_EDGE('',*,*,#2007,.T.);
#2007 = EDGE_CURVE('',#2000,#2008,#2010,.T.);
#2008 = VERTEX_POINT('',#2009);
#2009 = CARTESIAN_POINT('',(174.379916,-66.894632,1.585));
#2010 = LINE('',#2011,#2012);
#2011 = CARTESIAN_POINT('',(174.303517,-66.896033,1.585));
#2012 = VECTOR('',#2013,1.);
#2013 = DIRECTION('',(0.99983190244,1.833485379808E-02,0.));
#2014 = ORIENTED_EDGE('',*,*,#2015,.T.);
#2015 = EDGE_CURVE('',#2008,#2016,#2018,.T.);
#2016 = VERTEX_POINT('',#2017);
#2017 = CARTESIAN_POINT('',(174.432811,-66.914712,1.585));
#2018 = LINE('',#2019,#2020);
#2019 = CARTESIAN_POINT('',(174.379916,-66.894632,1.585));
#2020 = VECTOR('',#2021,1.);
#2021 = DIRECTION('',(0.934901494005,-0.354907306922,0.));
#2022 = ORIENTED_EDGE('',*,*,#2023,.T.);
#2023 = EDGE_CURVE('',#2016,#2024,#2026,.T.);
#2024 = VERTEX_POINT('',#2025);
#2025 = CARTESIAN_POINT('',(174.462475,-66.946643,1.585));
#2026 = LINE('',#2027,#2028);
#2027 = CARTESIAN_POINT('',(174.432811,-66.914712,1.585));
#2028 = VECTOR('',#2029,1.);
#2029 = DIRECTION('',(0.680620932074,-0.73263575317,0.));
#2030 = ORIENTED_EDGE('',*,*,#2031,.T.);
#2031 = EDGE_CURVE('',#2024,#2032,#2034,.T.);
#2032 = VERTEX_POINT('',#2033);
#2033 = CARTESIAN_POINT('',(174.48865,-67.07534,1.585));
#2034 = CIRCLE('',#2035,0.208066184732);
#2035 = AXIS2_PLACEMENT_3D('',#2036,#2037,#2038);
#2036 = CARTESIAN_POINT('',(174.28209112696,-67.05034061605,1.585));
#2037 = DIRECTION('',(0.,0.,-1.));
#2038 = DIRECTION('',(0.866954297606,0.498387646179,0.));
#2039 = ORIENTED_EDGE('',*,*,#2040,.T.);
#2040 = EDGE_CURVE('',#2032,#2041,#2043,.T.);
#2041 = VERTEX_POINT('',#2042);
#2042 = CARTESIAN_POINT('',(174.47438,-67.129356,1.585));
#2043 = LINE('',#2044,#2045);
#2044 = CARTESIAN_POINT('',(174.48865,-67.07534,1.585));
#2045 = VECTOR('',#2046,1.);
#2046 = DIRECTION('',(-0.255418271986,-0.966830650288,0.));
#2047 = ORIENTED_EDGE('',*,*,#2048,.T.);
#2048 = EDGE_CURVE('',#2041,#2049,#2051,.T.);
#2049 = VERTEX_POINT('',#2050);
#2050 = CARTESIAN_POINT('',(174.456621,-67.161287,1.585));
#2051 = LINE('',#2052,#2053);
#2052 = CARTESIAN_POINT('',(174.47438,-67.129356,1.585));
#2053 = VECTOR('',#2054,1.);
#2054 = DIRECTION('',(-0.486051868714,-0.873929963395,0.));
#2055 = ORIENTED_EDGE('',*,*,#2056,.T.);
#2056 = EDGE_CURVE('',#2049,#2057,#2059,.T.);
#2057 = VERTEX_POINT('',#2058);
#2058 = CARTESIAN_POINT('',(174.420596,-67.192646,1.585));
#2059 = LINE('',#2060,#2061);
#2060 = CARTESIAN_POINT('',(174.456621,-67.161287,1.585));
#2061 = VECTOR('',#2062,1.);
#2062 = DIRECTION('',(-0.754264203918,-0.656571024862,0.));
#2063 = ORIENTED_EDGE('',*,*,#2064,.T.);
#2064 = EDGE_CURVE('',#2057,#2065,#2067,.T.);
#2065 = VERTEX_POINT('',#2066);
#2066 = CARTESIAN_POINT('',(174.375,-67.206154,1.585));
#2067 = LINE('',#2068,#2069);
#2068 = CARTESIAN_POINT('',(174.420596,-67.192646,1.585));
#2069 = VECTOR('',#2070,1.);
#2070 = DIRECTION('',(-0.958809143257,-0.284051098937,0.));
#2071 = ORIENTED_EDGE('',*,*,#2072,.T.);
#2072 = EDGE_CURVE('',#2065,#2073,#2075,.T.);
#2073 = VERTEX_POINT('',#2074);
#2074 = CARTESIAN_POINT('',(174.303517,-67.203775,1.585));
#2075 = LINE('',#2076,#2077);
#2076 = CARTESIAN_POINT('',(174.375,-67.206154,1.585));
#2077 = VECTOR('',#2078,1.);
#2078 = DIRECTION('',(-0.999446659114,3.326222461336E-02,0.));
#2079 = ORIENTED_EDGE('',*,*,#2080,.T.);
#2080 = EDGE_CURVE('',#2073,#2081,#2083,.T.);
#2081 = VERTEX_POINT('',#2082);
#2082 = CARTESIAN_POINT('',(174.286605,-67.186863,1.585));
#2083 = LINE('',#2084,#2085);
#2084 = CARTESIAN_POINT('',(174.303517,-67.203775,1.585));
#2085 = VECTOR('',#2086,1.);
#2086 = DIRECTION('',(-0.707106781187,0.707106781187,0.));
#2087 = ORIENTED_EDGE('',*,*,#2088,.T.);
#2088 = EDGE_CURVE('',#2081,#1998,#2089,.T.);
#2089 = LINE('',#2090,#2091);
#2090 = CARTESIAN_POINT('',(174.286605,-67.186863,1.585));
#2091 = VECTOR('',#2092,1.);
#2092 = DIRECTION('',(0.,1.,0.));
#2093 = FACE_BOUND('',#2094,.F.);
#2094 = EDGE_LOOP('',(#2095,#2105,#2113,#2121,#2129,#2137,#2145,#2154));
#2095 = ORIENTED_EDGE('',*,*,#2096,.T.);
#2096 = EDGE_CURVE('',#2097,#2099,#2101,.T.);
#2097 = VERTEX_POINT('',#2098);
#2098 = CARTESIAN_POINT('',(174.393832,-66.964121,1.585));
#2099 = VERTEX_POINT('',#2100);
#2100 = CARTESIAN_POINT('',(174.36993,-66.956154,1.585));
#2101 = LINE('',#2102,#2103);
#2102 = CARTESIAN_POINT('',(174.393832,-66.964121,1.585));
#2103 = VECTOR('',#2104,1.);
#2104 = DIRECTION('',(-0.948687267046,0.31621585878,0.));
#2105 = ORIENTED_EDGE('',*,*,#2106,.T.);
#2106 = EDGE_CURVE('',#2099,#2107,#2109,.T.);
#2107 = VERTEX_POINT('',#2108);
#2108 = CARTESIAN_POINT('',(174.346726,-66.956154,1.585));
#2109 = LINE('',#2110,#2111);
#2110 = CARTESIAN_POINT('',(174.36993,-66.956154,1.585));
#2111 = VECTOR('',#2112,1.);
#2112 = DIRECTION('',(-1.,0.,0.));
#2113 = ORIENTED_EDGE('',*,*,#2114,.T.);
#2114 = EDGE_CURVE('',#2107,#2115,#2117,.T.);
#2115 = VERTEX_POINT('',#2116);
#2116 = CARTESIAN_POINT('',(174.346726,-67.143654,1.585));
#2117 = LINE('',#2118,#2119);
#2118 = CARTESIAN_POINT('',(174.346726,-66.956154,1.585));
#2119 = VECTOR('',#2120,1.);
#2120 = DIRECTION('',(0.,-1.,0.));
#2121 = ORIENTED_EDGE('',*,*,#2122,.T.);
#2122 = EDGE_CURVE('',#2115,#2123,#2125,.T.);
#2123 = VERTEX_POINT('',#2124);
#2124 = CARTESIAN_POINT('',(174.369927,-67.143654,1.585));
#2125 = LINE('',#2126,#2127);
#2126 = CARTESIAN_POINT('',(174.346726,-67.143654,1.585));
#2127 = VECTOR('',#2128,1.);
#2128 = DIRECTION('',(1.,0.,0.));
#2129 = ORIENTED_EDGE('',*,*,#2130,.T.);
#2130 = EDGE_CURVE('',#2123,#2131,#2133,.T.);
#2131 = VERTEX_POINT('',#2132);
#2132 = CARTESIAN_POINT('',(174.393834,-67.135685,1.585));
#2133 = LINE('',#2134,#2135);
#2134 = CARTESIAN_POINT('',(174.369927,-67.143654,1.585));
#2135 = VECTOR('',#2136,1.);
#2136 = DIRECTION('',(0.948683298051,0.316227766017,0.));
#2137 = ORIENTED_EDGE('',*,*,#2138,.T.);
#2138 = EDGE_CURVE('',#2131,#2139,#2141,.T.);
#2139 = VERTEX_POINT('',#2140);
#2140 = CARTESIAN_POINT('',(174.408841,-67.120679,1.585));
#2141 = LINE('',#2142,#2143);
#2142 = CARTESIAN_POINT('',(174.393834,-67.135685,1.585));
#2143 = VECTOR('',#2144,1.);
#2144 = DIRECTION('',(0.707130340811,0.707083220777,0.));
#2145 = ORIENTED_EDGE('',*,*,#2146,.T.);
#2146 = EDGE_CURVE('',#2139,#2147,#2149,.T.);
#2147 = VERTEX_POINT('',#2148);
#2148 = CARTESIAN_POINT('',(174.40884,-66.979129,1.585));
#2149 = CIRCLE('',#2150,0.141727623788);
#2150 = AXIS2_PLACEMENT_3D('',#2151,#2152,#2153);
#2151 = CARTESIAN_POINT('',(174.28604954463,-67.04990486747,1.585));
#2152 = DIRECTION('',(0.,-0.,1.));
#2153 = DIRECTION('',(0.866390419027,-0.499367241434,-0.));
#2154 = ORIENTED_EDGE('',*,*,#2155,.T.);
#2155 = EDGE_CURVE('',#2147,#2097,#2156,.T.);
#2156 = LINE('',#2157,#2158);
#2157 = CARTESIAN_POINT('',(174.40884,-66.979129,1.585));
#2158 = VECTOR('',#2159,1.);
#2159 = DIRECTION('',(-0.707106781187,0.707106781187,0.));
#2160 = PLANE('',#2161);
#2161 = AXIS2_PLACEMENT_3D('',#2162,#2163,#2164);
#2162 = CARTESIAN_POINT('',(0.,0.,1.585));
#2163 = DIRECTION('',(0.,0.,1.));
#2164 = DIRECTION('',(1.,0.,-0.));
#2165 = SHELL_BASED_SURFACE_MODEL('',(#2166));
#2166 = OPEN_SHELL('',(#2167));
#2167 = ADVANCED_FACE('',(#2168),#2285,.T.);
#2168 = FACE_BOUND('',#2169,.F.);
#2169 = EDGE_LOOP('',(#2170,#2180,#2188,#2196,#2204,#2212,#2221,#2229,
    #2238,#2246,#2254,#2262,#2271,#2279));
#2170 = ORIENTED_EDGE('',*,*,#2171,.T.);
#2171 = EDGE_CURVE('',#2172,#2174,#2176,.T.);
#2172 = VERTEX_POINT('',#2173);
#2173 = CARTESIAN_POINT('',(174.576905,-66.94071,1.585));
#2174 = VERTEX_POINT('',#2175);
#2175 = CARTESIAN_POINT('',(174.607611,-66.898939,1.585));
#2176 = LINE('',#2177,#2178);
#2177 = CARTESIAN_POINT('',(174.576905,-66.94071,1.585));
#2178 = VECTOR('',#2179,1.);
#2179 = DIRECTION('',(0.592290653888,0.805724382973,0.));
#2180 = ORIENTED_EDGE('',*,*,#2181,.T.);
#2181 = EDGE_CURVE('',#2174,#2182,#2184,.T.);
#2182 = VERTEX_POINT('',#2183);
#2183 = CARTESIAN_POINT('',(174.633742,-66.896033,1.585));
#2184 = LINE('',#2185,#2186);
#2185 = CARTESIAN_POINT('',(174.607611,-66.898939,1.585));
#2186 = VECTOR('',#2187,1.);
#2187 = DIRECTION('',(0.993873061892,0.110527538856,0.));
#2188 = ORIENTED_EDGE('',*,*,#2189,.T.);
#2189 = EDGE_CURVE('',#2182,#2190,#2192,.T.);
#2190 = VERTEX_POINT('',#2191);
#2191 = CARTESIAN_POINT('',(174.653871,-66.912945,1.585));
#2192 = LINE('',#2193,#2194);
#2193 = CARTESIAN_POINT('',(174.633742,-66.896033,1.585));
#2194 = VECTOR('',#2195,1.);
#2195 = DIRECTION('',(0.765636673106,-0.643273258262,0.));
#2196 = ORIENTED_EDGE('',*,*,#2197,.T.);
#2197 = EDGE_CURVE('',#2190,#2198,#2200,.T.);
#2198 = VERTEX_POINT('',#2199);
#2199 = CARTESIAN_POINT('',(174.65625,-67.143654,1.585));
#2200 = LINE('',#2201,#2202);
#2201 = CARTESIAN_POINT('',(174.653871,-66.912945,1.585));
#2202 = VECTOR('',#2203,1.);
#2203 = DIRECTION('',(1.0311143169E-02,-0.99994683875,0.));
#2204 = ORIENTED_EDGE('',*,*,#2205,.T.);
#2205 = EDGE_CURVE('',#2198,#2206,#2208,.T.);
#2206 = VERTEX_POINT('',#2207);
#2207 = CARTESIAN_POINT('',(174.708388,-67.146033,1.585));
#2208 = LINE('',#2209,#2210);
#2209 = CARTESIAN_POINT('',(174.65625,-67.143654,1.585));
#2210 = VECTOR('',#2211,1.);
#2211 = DIRECTION('',(0.998960624084,-4.558148231041E-02,0.));
#2212 = ORIENTED_EDGE('',*,*,#2213,.T.);
#2213 = EDGE_CURVE('',#2206,#2214,#2216,.T.);
#2214 = VERTEX_POINT('',#2215);
#2215 = CARTESIAN_POINT('',(174.708388,-67.203775,1.585));
#2216 = CIRCLE('',#2217,3.124983715156E-02);
#2217 = AXIS2_PLACEMENT_3D('',#2218,#2219,#2220);
#2218 = CARTESIAN_POINT('',(174.696429,-67.174904,1.585));
#2219 = DIRECTION('',(0.,0.,-1.));
#2220 = DIRECTION('',(0.382689994255,0.92387681446,0.));
#2221 = ORIENTED_EDGE('',*,*,#2222,.T.);
#2222 = EDGE_CURVE('',#2214,#2223,#2225,.T.);
#2223 = VERTEX_POINT('',#2224);
#2224 = CARTESIAN_POINT('',(174.541613,-67.203775,1.585));
#2225 = LINE('',#2226,#2227);
#2226 = CARTESIAN_POINT('',(174.708388,-67.203775,1.585));
#2227 = VECTOR('',#2228,1.);
#2228 = DIRECTION('',(-1.,0.,0.));
#2229 = ORIENTED_EDGE('',*,*,#2230,.T.);
#2230 = EDGE_CURVE('',#2223,#2231,#2233,.T.);
#2231 = VERTEX_POINT('',#2232);
#2232 = CARTESIAN_POINT('',(174.541613,-67.146033,1.585));
#2233 = CIRCLE('',#2234,3.124983715156E-02);
#2234 = AXIS2_PLACEMENT_3D('',#2235,#2236,#2237);
#2235 = CARTESIAN_POINT('',(174.553572,-67.174904,1.585));
#2236 = DIRECTION('',(0.,0.,-1.));
#2237 = DIRECTION('',(-0.382689994254,-0.923876814461,-0.));
#2238 = ORIENTED_EDGE('',*,*,#2239,.T.);
#2239 = EDGE_CURVE('',#2231,#2240,#2242,.T.);
#2240 = VERTEX_POINT('',#2241);
#2241 = CARTESIAN_POINT('',(174.59375,-67.143654,1.585));
#2242 = LINE('',#2243,#2244);
#2243 = CARTESIAN_POINT('',(174.541613,-67.146033,1.585));
#2244 = VECTOR('',#2245,1.);
#2245 = DIRECTION('',(0.998960584275,4.558235475757E-02,0.));
#2246 = ORIENTED_EDGE('',*,*,#2247,.T.);
#2247 = EDGE_CURVE('',#2240,#2248,#2250,.T.);
#2248 = VERTEX_POINT('',#2249);
#2249 = CARTESIAN_POINT('',(174.59375,-67.010521,1.585));
#2250 = LINE('',#2251,#2252);
#2251 = CARTESIAN_POINT('',(174.59375,-67.143654,1.585));
#2252 = VECTOR('',#2253,1.);
#2253 = DIRECTION('',(0.,1.,0.));
#2254 = ORIENTED_EDGE('',*,*,#2255,.T.);
#2255 = EDGE_CURVE('',#2248,#2256,#2258,.T.);
#2256 = VERTEX_POINT('',#2257);
#2257 = CARTESIAN_POINT('',(174.555788,-67.027504,1.585));
#2258 = LINE('',#2259,#2260);
#2259 = CARTESIAN_POINT('',(174.59375,-67.010521,1.585));
#2260 = VECTOR('',#2261,1.);
#2261 = DIRECTION('',(-0.912818251895,-0.408366060058,0.));
#2262 = ORIENTED_EDGE('',*,*,#2263,.T.);
#2263 = EDGE_CURVE('',#2256,#2264,#2266,.T.);
#2264 = VERTEX_POINT('',#2265);
#2265 = CARTESIAN_POINT('',(174.529964,-66.975859,1.585));
#2266 = CIRCLE('',#2267,3.124967035473E-02);
#2267 = AXIS2_PLACEMENT_3D('',#2268,#2269,#2270);
#2268 = CARTESIAN_POINT('',(174.55357244142,-66.99633296861,1.585));
#2269 = DIRECTION('',(0.,0.,-1.));
#2270 = DIRECTION('',(7.089862240617E-02,-0.997483526351,0.));
#2271 = ORIENTED_EDGE('',*,*,#2272,.T.);
#2272 = EDGE_CURVE('',#2264,#2273,#2275,.T.);
#2273 = VERTEX_POINT('',#2274);
#2274 = CARTESIAN_POINT('',(174.558867,-66.958746,1.585));
#2275 = LINE('',#2276,#2277);
#2276 = CARTESIAN_POINT('',(174.529964,-66.975859,1.585));
#2277 = VECTOR('',#2278,1.);
#2278 = DIRECTION('',(0.860483460532,0.509478374566,0.));
#2279 = ORIENTED_EDGE('',*,*,#2280,.T.);
#2280 = EDGE_CURVE('',#2273,#2172,#2281,.T.);
#2281 = LINE('',#2282,#2283);
#2282 = CARTESIAN_POINT('',(174.558867,-66.958746,1.585));
#2283 = VECTOR('',#2284,1.);
#2284 = DIRECTION('',(0.707145983226,0.707067576974,0.));
#2285 = PLANE('',#2286);
#2286 = AXIS2_PLACEMENT_3D('',#2287,#2288,#2289);
#2287 = CARTESIAN_POINT('',(0.,0.,1.585));
#2288 = DIRECTION('',(0.,0.,1.));
#2289 = DIRECTION('',(1.,0.,-0.));
#2290 = SHELL_BASED_SURFACE_MODEL('',(#2291));
#2291 = OPEN_SHELL('',(#2292));
#2292 = ADVANCED_FACE('',(#2293),#2438,.T.);
#2293 = FACE_BOUND('',#2294,.F.);
#2294 = EDGE_LOOP('',(#2295,#2306,#2314,#2323,#2331,#2340,#2348,#2357,
    #2365,#2374,#2382,#2390,#2398,#2406,#2415,#2423,#2432));
#2295 = ORIENTED_EDGE('',*,*,#2296,.T.);
#2296 = EDGE_CURVE('',#2297,#2299,#2301,.T.);
#2297 = VERTEX_POINT('',#2298);
#2298 = CARTESIAN_POINT('',(157.407223,-66.329709,1.585));
#2299 = VERTEX_POINT('',#2300);
#2300 = CARTESIAN_POINT('',(157.458191,-66.319568,1.585));
#2301 = CIRCLE('',#2302,3.124973722852E-02);
#2302 = AXIS2_PLACEMENT_3D('',#2303,#2304,#2305);
#2303 = CARTESIAN_POINT('',(157.43609486007,-66.34166566226,1.585));
#2304 = DIRECTION('',(0.,0.,-1.));
#2305 = DIRECTION('',(-0.923907291369,0.382616409678,0.));
#2306 = ORIENTED_EDGE('',*,*,#2307,.T.);
#2307 = EDGE_CURVE('',#2299,#2308,#2310,.T.);
#2308 = VERTEX_POINT('',#2309);
#2309 = CARTESIAN_POINT('',(157.477647,-66.343689,1.585));
#2310 = LINE('',#2311,#2312);
#2311 = CARTESIAN_POINT('',(157.458191,-66.319568,1.585));
#2312 = VECTOR('',#2313,1.);
#2313 = DIRECTION('',(0.627822459409,-0.778356576038,0.));
#2314 = ORIENTED_EDGE('',*,*,#2315,.T.);
#2315 = EDGE_CURVE('',#2308,#2316,#2318,.T.);
#2316 = VERTEX_POINT('',#2317);
#2317 = CARTESIAN_POINT('',(157.438165,-66.500569,1.585));
#2318 = CIRCLE('',#2319,0.120758634895);
#2319 = AXIS2_PLACEMENT_3D('',#2320,#2321,#2322);
#2320 = CARTESIAN_POINT('',(157.37095085385,-66.4002449926,1.585));
#2321 = DIRECTION('',(0.,0.,-1.));
#2322 = DIRECTION('',(0.883548793322,0.468339118396,0.));
#2323 = ORIENTED_EDGE('',*,*,#2324,.T.);
#2324 = EDGE_CURVE('',#2316,#2325,#2327,.T.);
#2325 = VERTEX_POINT('',#2326);
#2326 = CARTESIAN_POINT('',(157.407958,-66.51484,1.585));
#2327 = LINE('',#2328,#2329);
#2328 = CARTESIAN_POINT('',(157.438165,-66.500569,1.585));
#2329 = VECTOR('',#2330,1.);
#2330 = DIRECTION('',(-0.90417254517,-0.427167424509,0.));
#2331 = ORIENTED_EDGE('',*,*,#2332,.T.);
#2332 = EDGE_CURVE('',#2325,#2333,#2335,.T.);
#2333 = VERTEX_POINT('',#2334);
#2334 = CARTESIAN_POINT('',(157.223522,-66.494715,1.585));
#2335 = CIRCLE('',#2336,0.202050940041);
#2336 = AXIS2_PLACEMENT_3D('',#2337,#2338,#2339);
#2337 = CARTESIAN_POINT('',(157.33521050386,-66.32633964409,1.585));
#2338 = DIRECTION('',(-0.,0.,-1.));
#2339 = DIRECTION('',(0.360045323837,-0.932934812719,-0.));
#2340 = ORIENTED_EDGE('',*,*,#2341,.T.);
#2341 = EDGE_CURVE('',#2333,#2342,#2344,.T.);
#2342 = VERTEX_POINT('',#2343);
#2343 = CARTESIAN_POINT('',(157.192163,-66.45869,1.585));
#2344 = LINE('',#2345,#2346);
#2345 = CARTESIAN_POINT('',(157.223522,-66.494715,1.585));
#2346 = VECTOR('',#2347,1.);
#2347 = DIRECTION('',(-0.656571024862,0.754264203918,0.));
#2348 = ORIENTED_EDGE('',*,*,#2349,.T.);
#2349 = EDGE_CURVE('',#2342,#2350,#2352,.T.);
#2350 = VERTEX_POINT('',#2351);
#2351 = CARTESIAN_POINT('',(157.199713,-66.331472,1.585));
#2352 = CIRCLE('',#2353,0.123827041389);
#2353 = AXIS2_PLACEMENT_3D('',#2354,#2355,#2356);
#2354 = CARTESIAN_POINT('',(157.30192486997,-66.40137099723,1.585));
#2355 = DIRECTION('',(0.,0.,-1.));
#2356 = DIRECTION('',(-0.886412763703,-0.462895681924,-0.));
#2357 = ORIENTED_EDGE('',*,*,#2358,.T.);
#2358 = EDGE_CURVE('',#2350,#2359,#2361,.T.);
#2359 = VERTEX_POINT('',#2360);
#2360 = CARTESIAN_POINT('',(157.221757,-66.312794,1.585));
#2361 = LINE('',#2362,#2363);
#2362 = CARTESIAN_POINT('',(157.199713,-66.331472,1.585));
#2363 = VECTOR('',#2364,1.);
#2364 = DIRECTION('',(0.762952886245,0.646454092238,0.));
#2365 = ORIENTED_EDGE('',*,*,#2366,.T.);
#2366 = EDGE_CURVE('',#2359,#2367,#2369,.T.);
#2367 = VERTEX_POINT('',#2368);
#2368 = CARTESIAN_POINT('',(157.262585,-66.353625,1.585));
#2369 = CIRCLE('',#2370,3.124972509903E-02);
#2370 = AXIS2_PLACEMENT_3D('',#2371,#2372,#2373);
#2371 = CARTESIAN_POINT('',(157.23371429286,-66.34166558579,1.585));
#2372 = DIRECTION('',(0.,0.,-1.));
#2373 = DIRECTION('',(-0.38263673762,0.923898872725,0.));
#2374 = ORIENTED_EDGE('',*,*,#2375,.T.);
#2375 = EDGE_CURVE('',#2367,#2376,#2378,.T.);
#2376 = VERTEX_POINT('',#2377);
#2377 = CARTESIAN_POINT('',(157.249121,-66.370452,1.585));
#2378 = LINE('',#2379,#2380);
#2379 = CARTESIAN_POINT('',(157.262585,-66.353625,1.585));
#2380 = VECTOR('',#2381,1.);
#2381 = DIRECTION('',(-0.624762951256,-0.780814481639,0.));
#2382 = ORIENTED_EDGE('',*,*,#2383,.T.);
#2383 = EDGE_CURVE('',#2376,#2384,#2386,.T.);
#2384 = VERTEX_POINT('',#2385);
#2385 = CARTESIAN_POINT('',(157.241154,-66.408023,1.585));
#2386 = LINE('',#2387,#2388);
#2387 = CARTESIAN_POINT('',(157.249121,-66.370452,1.585));
#2388 = VECTOR('',#2389,1.);
#2389 = DIRECTION('',(-0.207439274774,-0.97824789664,0.));
#2390 = ORIENTED_EDGE('',*,*,#2391,.T.);
#2391 = EDGE_CURVE('',#2384,#2392,#2394,.T.);
#2392 = VERTEX_POINT('',#2393);
#2393 = CARTESIAN_POINT('',(157.249121,-66.431926,1.585));
#2394 = LINE('',#2395,#2396);
#2395 = CARTESIAN_POINT('',(157.241154,-66.408023,1.585));
#2396 = VECTOR('',#2397,1.);
#2397 = DIRECTION('',(0.31620395239,-0.948691235594,0.));
#2398 = ORIENTED_EDGE('',*,*,#2399,.T.);
#2399 = EDGE_CURVE('',#2392,#2400,#2402,.T.);
#2400 = VERTEX_POINT('',#2401);
#2401 = CARTESIAN_POINT('',(157.264129,-66.446934,1.585));
#2402 = LINE('',#2403,#2404);
#2403 = CARTESIAN_POINT('',(157.249121,-66.431926,1.585));
#2404 = VECTOR('',#2405,1.);
#2405 = DIRECTION('',(0.707106781187,-0.707106781187,0.));
#2406 = ORIENTED_EDGE('',*,*,#2407,.T.);
#2407 = EDGE_CURVE('',#2400,#2408,#2410,.T.);
#2408 = VERTEX_POINT('',#2409);
#2409 = CARTESIAN_POINT('',(157.405679,-66.446934,1.585));
#2410 = CIRCLE('',#2411,0.141723697628);
#2411 = AXIS2_PLACEMENT_3D('',#2412,#2413,#2414);
#2412 = CARTESIAN_POINT('',(157.334904,-66.3241475763,1.585));
#2413 = DIRECTION('',(0.,0.,1.));
#2414 = DIRECTION('',(-0.499387196247,-0.866378917232,0.));
#2415 = ORIENTED_EDGE('',*,*,#2416,.T.);
#2416 = EDGE_CURVE('',#2408,#2417,#2419,.T.);
#2417 = VERTEX_POINT('',#2418);
#2418 = CARTESIAN_POINT('',(157.420685,-66.431928,1.585));
#2419 = LINE('',#2420,#2421);
#2420 = CARTESIAN_POINT('',(157.405679,-66.446934,1.585));
#2421 = VECTOR('',#2422,1.);
#2422 = DIRECTION('',(0.707106781187,0.707106781187,0.));
#2423 = ORIENTED_EDGE('',*,*,#2424,.T.);
#2424 = EDGE_CURVE('',#2417,#2425,#2427,.T.);
#2425 = VERTEX_POINT('',#2426);
#2426 = CARTESIAN_POINT('',(157.407224,-66.353626,1.585));
#2427 = CIRCLE('',#2428,6.215593825143E-02);
#2428 = AXIS2_PLACEMENT_3D('',#2429,#2430,#2431);
#2429 = CARTESIAN_POINT('',(157.36684121672,-66.40087630661,1.585));
#2430 = DIRECTION('',(0.,-0.,1.));
#2431 = DIRECTION('',(0.866269334698,-0.499577261054,-0.));
#2432 = ORIENTED_EDGE('',*,*,#2433,.T.);
#2433 = EDGE_CURVE('',#2425,#2297,#2434,.T.);
#2434 = LINE('',#2435,#2436);
#2435 = CARTESIAN_POINT('',(157.407224,-66.353626,1.585));
#2436 = VECTOR('',#2437,1.);
#2437 = DIRECTION('',(-4.181126500073E-05,0.999999999126,0.));
#2438 = PLANE('',#2439);
#2439 = AXIS2_PLACEMENT_3D('',#2440,#2441,#2442);
#2440 = CARTESIAN_POINT('',(0.,0.,1.585));
#2441 = DIRECTION('',(0.,0.,1.));
#2442 = DIRECTION('',(1.,0.,-0.));
#2443 = SHELL_BASED_SURFACE_MODEL('',(#2444));
#2444 = OPEN_SHELL('',(#2445));
#2445 = ADVANCED_FACE('',(#2446),#2572,.T.);
#2446 = FACE_BOUND('',#2447,.F.);
#2447 = EDGE_LOOP('',(#2448,#2459,#2467,#2476,#2484,#2492,#2500,#2508,
    #2516,#2525,#2533,#2541,#2549,#2558,#2566));
#2448 = ORIENTED_EDGE('',*,*,#2449,.T.);
#2449 = EDGE_CURVE('',#2450,#2452,#2454,.T.);
#2450 = VERTEX_POINT('',#2451);
#2451 = CARTESIAN_POINT('',(157.3477,-66.079707,1.585));
#2452 = VERTEX_POINT('',#2453);
#2453 = CARTESIAN_POINT('',(157.407821,-66.09613,1.585));
#2454 = CIRCLE('',#2455,3.143500458221E-02);
#2455 = AXIS2_PLACEMENT_3D('',#2456,#2457,#2458);
#2456 = CARTESIAN_POINT('',(157.37667091675,-66.09190722522,1.585));
#2457 = DIRECTION('',(0.,0.,-1.));
#2458 = DIRECTION('',(-0.921613250518,0.388109541844,0.));
#2459 = ORIENTED_EDGE('',*,*,#2460,.T.);
#2460 = EDGE_CURVE('',#2452,#2461,#2463,.T.);
#2461 = VERTEX_POINT('',#2462);
#2462 = CARTESIAN_POINT('',(157.471863,-66.098509,1.585));
#2463 = LINE('',#2464,#2465);
#2464 = CARTESIAN_POINT('',(157.407821,-66.09613,1.585));
#2465 = VECTOR('',#2466,1.);
#2466 = DIRECTION('',(0.999310744999,-3.712189285715E-02,0.));
#2467 = ORIENTED_EDGE('',*,*,#2468,.T.);
#2468 = EDGE_CURVE('',#2461,#2469,#2471,.T.);
#2469 = VERTEX_POINT('',#2470);
#2470 = CARTESIAN_POINT('',(157.471863,-66.156251,1.585));
#2471 = CIRCLE('',#2472,3.124983715158E-02);
#2472 = AXIS2_PLACEMENT_3D('',#2473,#2474,#2475);
#2473 = CARTESIAN_POINT('',(157.459904,-66.12738,1.585));
#2474 = DIRECTION('',(0.,0.,-1.));
#2475 = DIRECTION('',(0.382689994255,0.92387681446,0.));
#2476 = ORIENTED_EDGE('',*,*,#2477,.T.);
#2477 = EDGE_CURVE('',#2469,#2478,#2480,.T.);
#2478 = VERTEX_POINT('',#2479);
#2479 = CARTESIAN_POINT('',(157.407821,-66.15863,1.585));
#2480 = LINE('',#2481,#2482);
#2481 = CARTESIAN_POINT('',(157.471863,-66.156251,1.585));
#2482 = VECTOR('',#2483,1.);
#2483 = DIRECTION('',(-0.999310744999,-3.712189285715E-02,0.));
#2484 = ORIENTED_EDGE('',*,*,#2485,.T.);
#2485 = EDGE_CURVE('',#2478,#2486,#2488,.T.);
#2486 = VERTEX_POINT('',#2487);
#2487 = CARTESIAN_POINT('',(157.405442,-66.258386,1.585));
#2488 = LINE('',#2489,#2490);
#2489 = CARTESIAN_POINT('',(157.407821,-66.15863,1.585));
#2490 = VECTOR('',#2491,1.);
#2491 = DIRECTION('',(-2.384141081041E-02,-0.999715753167,0.));
#2492 = ORIENTED_EDGE('',*,*,#2493,.T.);
#2493 = EDGE_CURVE('',#2486,#2494,#2496,.T.);
#2494 = VERTEX_POINT('',#2495);
#2495 = CARTESIAN_POINT('',(157.38853,-66.275298,1.585));
#2496 = LINE('',#2497,#2498);
#2497 = CARTESIAN_POINT('',(157.405442,-66.258386,1.585));
#2498 = VECTOR('',#2499,1.);
#2499 = DIRECTION('',(-0.707106781186,-0.707106781187,0.));
#2500 = ORIENTED_EDGE('',*,*,#2501,.T.);
#2501 = EDGE_CURVE('',#2494,#2502,#2504,.T.);
#2502 = VERTEX_POINT('',#2503);
#2503 = CARTESIAN_POINT('',(157.366689,-66.276073,1.585));
#2504 = LINE('',#2505,#2506);
#2505 = CARTESIAN_POINT('',(157.38853,-66.275298,1.585));
#2506 = VECTOR('',#2507,1.);
#2507 = DIRECTION('',(-0.999371046563,-3.546140566259E-02,0.));
#2508 = ORIENTED_EDGE('',*,*,#2509,.T.);
#2509 = EDGE_CURVE('',#2502,#2510,#2512,.T.);
#2510 = VERTEX_POINT('',#2511);
#2511 = CARTESIAN_POINT('',(157.177525,-66.210512,1.585));
#2512 = LINE('',#2513,#2514);
#2513 = CARTESIAN_POINT('',(157.366689,-66.276073,1.585));
#2514 = VECTOR('',#2515,1.);
#2515 = DIRECTION('',(-0.944860702,0.327472523756,0.));
#2516 = ORIENTED_EDGE('',*,*,#2517,.T.);
#2517 = EDGE_CURVE('',#2510,#2518,#2520,.T.);
#2518 = VERTEX_POINT('',#2519);
#2519 = CARTESIAN_POINT('',(157.195784,-66.155733,1.585));
#2520 = CIRCLE('',#2521,3.125001263797E-02);
#2521 = AXIS2_PLACEMENT_3D('',#2522,#2523,#2524);
#2522 = CARTESIAN_POINT('',(157.19800036569,-66.18690431715,1.585));
#2523 = DIRECTION('',(0.,0.,-1.));
#2524 = DIRECTION('',(-0.655211437313,-0.755445545631,-0.));
#2525 = ORIENTED_EDGE('',*,*,#2526,.T.);
#2526 = EDGE_CURVE('',#2518,#2527,#2529,.T.);
#2527 = VERTEX_POINT('',#2528);
#2528 = CARTESIAN_POINT('',(157.345321,-66.20307,1.585));
#2529 = LINE('',#2530,#2531);
#2530 = CARTESIAN_POINT('',(157.195784,-66.155733,1.585));
#2531 = VECTOR('',#2532,1.);
#2532 = DIRECTION('',(0.953372282504,-0.301796770946,0.));
#2533 = ORIENTED_EDGE('',*,*,#2534,.T.);
#2534 = EDGE_CURVE('',#2527,#2535,#2537,.T.);
#2535 = VERTEX_POINT('',#2536);
#2536 = CARTESIAN_POINT('',(157.345321,-66.15863,1.585));
#2537 = LINE('',#2538,#2539);
#2538 = CARTESIAN_POINT('',(157.345321,-66.20307,1.585));
#2539 = VECTOR('',#2540,1.);
#2540 = DIRECTION('',(0.,1.,0.));
#2541 = ORIENTED_EDGE('',*,*,#2542,.T.);
#2542 = EDGE_CURVE('',#2535,#2543,#2545,.T.);
#2543 = VERTEX_POINT('',#2544);
#2544 = CARTESIAN_POINT('',(157.281279,-66.156251,1.585));
#2545 = LINE('',#2546,#2547);
#2546 = CARTESIAN_POINT('',(157.345321,-66.15863,1.585));
#2547 = VECTOR('',#2548,1.);
#2548 = DIRECTION('',(-0.999310744999,3.712189285715E-02,0.));
#2549 = ORIENTED_EDGE('',*,*,#2550,.T.);
#2550 = EDGE_CURVE('',#2543,#2551,#2553,.T.);
#2551 = VERTEX_POINT('',#2552);
#2552 = CARTESIAN_POINT('',(157.281279,-66.098509,1.585));
#2553 = CIRCLE('',#2554,3.124983715156E-02);
#2554 = AXIS2_PLACEMENT_3D('',#2555,#2556,#2557);
#2555 = CARTESIAN_POINT('',(157.293238,-66.12738,1.585));
#2556 = DIRECTION('',(0.,0.,-1.));
#2557 = DIRECTION('',(-0.382689994254,-0.923876814461,-0.));
#2558 = ORIENTED_EDGE('',*,*,#2559,.T.);
#2559 = EDGE_CURVE('',#2551,#2560,#2562,.T.);
#2560 = VERTEX_POINT('',#2561);
#2561 = CARTESIAN_POINT('',(157.345321,-66.09613,1.585));
#2562 = LINE('',#2563,#2564);
#2563 = CARTESIAN_POINT('',(157.281279,-66.098509,1.585));
#2564 = VECTOR('',#2565,1.);
#2565 = DIRECTION('',(0.999310744999,3.712189285715E-02,0.));
#2566 = ORIENTED_EDGE('',*,*,#2567,.T.);
#2567 = EDGE_CURVE('',#2560,#2450,#2568,.T.);
#2568 = LINE('',#2569,#2570);
#2569 = CARTESIAN_POINT('',(157.345321,-66.09613,1.585));
#2570 = VECTOR('',#2571,1.);
#2571 = DIRECTION('',(0.143361496581,0.98967039023,0.));
#2572 = PLANE('',#2573);
#2573 = AXIS2_PLACEMENT_3D('',#2574,#2575,#2576);
#2574 = CARTESIAN_POINT('',(0.,0.,1.585));
#2575 = DIRECTION('',(0.,0.,1.));
#2576 = DIRECTION('',(1.,0.,-0.));
#2577 = SHELL_BASED_SURFACE_MODEL('',(#2578));
#2578 = OPEN_SHELL('',(#2579));
#2579 = ADVANCED_FACE('',(#2580),#2641,.T.);
#2580 = FACE_BOUND('',#2581,.F.);
#2581 = EDGE_LOOP('',(#2582,#2593,#2601,#2609,#2618,#2626,#2635));
#2582 = ORIENTED_EDGE('',*,*,#2583,.T.);
#2583 = EDGE_CURVE('',#2584,#2586,#2588,.T.);
#2584 = VERTEX_POINT('',#2585);
#2585 = CARTESIAN_POINT('',(163.474032,-65.393377,1.585));
#2586 = VERTEX_POINT('',#2587);
#2587 = CARTESIAN_POINT('',(163.558885,-65.47823,1.585));
#2588 = CIRCLE('',#2589,6.000013170727E-02);
#2589 = AXIS2_PLACEMENT_3D('',#2590,#2591,#2592);
#2590 = CARTESIAN_POINT('',(163.51645805871,-65.43580394128,1.585));
#2591 = DIRECTION('',(0.,0.,-1.));
#2592 = DIRECTION('',(-0.707099426341,0.707114135956,-0.));
#2593 = ORIENTED_EDGE('',*,*,#2594,.T.);
#2594 = EDGE_CURVE('',#2586,#2595,#2597,.T.);
#2595 = VERTEX_POINT('',#2596);
#2596 = CARTESIAN_POINT('',(163.265435,-65.77168,1.585));
#2597 = LINE('',#2598,#2599);
#2598 = CARTESIAN_POINT('',(163.558885,-65.47823,1.585));
#2599 = VECTOR('',#2600,1.);
#2600 = DIRECTION('',(-0.707106781187,-0.707106781187,0.));
#2601 = ORIENTED_EDGE('',*,*,#2602,.T.);
#2602 = EDGE_CURVE('',#2595,#2603,#2605,.T.);
#2603 = VERTEX_POINT('',#2604);
#2604 = CARTESIAN_POINT('',(163.558885,-66.06513,1.585));
#2605 = LINE('',#2606,#2607);
#2606 = CARTESIAN_POINT('',(163.265435,-65.77168,1.585));
#2607 = VECTOR('',#2608,1.);
#2608 = DIRECTION('',(0.707106781187,-0.707106781187,0.));
#2609 = ORIENTED_EDGE('',*,*,#2610,.T.);
#2610 = EDGE_CURVE('',#2603,#2611,#2613,.T.);
#2611 = VERTEX_POINT('',#2612);
#2612 = CARTESIAN_POINT('',(163.474032,-66.149983,1.585));
#2613 = CIRCLE('',#2614,6.000013170727E-02);
#2614 = AXIS2_PLACEMENT_3D('',#2615,#2616,#2617);
#2615 = CARTESIAN_POINT('',(163.51645805871,-66.10755605871,1.585));
#2616 = DIRECTION('',(0.,0.,-1.));
#2617 = DIRECTION('',(0.707114135956,0.707099426341,0.));
#2618 = ORIENTED_EDGE('',*,*,#2619,.T.);
#2619 = EDGE_CURVE('',#2611,#2620,#2622,.T.);
#2620 = VERTEX_POINT('',#2621);
#2621 = CARTESIAN_POINT('',(163.138157,-65.814106,1.585));
#2622 = LINE('',#2623,#2624);
#2623 = CARTESIAN_POINT('',(163.474032,-66.149983,1.585));
#2624 = VECTOR('',#2625,1.);
#2625 = DIRECTION('',(-0.707104675922,0.707108886445,0.));
#2626 = ORIENTED_EDGE('',*,*,#2627,.T.);
#2627 = EDGE_CURVE('',#2620,#2628,#2630,.T.);
#2628 = VERTEX_POINT('',#2629);
#2629 = CARTESIAN_POINT('',(163.138157,-65.729254,1.585));
#2630 = CIRCLE('',#2631,5.999686798796E-02);
#2631 = AXIS2_PLACEMENT_3D('',#2632,#2633,#2634);
#2632 = CARTESIAN_POINT('',(163.18057938433,-65.77168,1.585));
#2633 = DIRECTION('',(0.,0.,-1.));
#2634 = DIRECTION('',(-0.7070766484,-0.707136912689,-0.));
#2635 = ORIENTED_EDGE('',*,*,#2636,.T.);
#2636 = EDGE_CURVE('',#2628,#2584,#2637,.T.);
#2637 = LINE('',#2638,#2639);
#2638 = CARTESIAN_POINT('',(163.138157,-65.729254,1.585));
#2639 = VECTOR('',#2640,1.);
#2640 = DIRECTION('',(0.707104675922,0.707108886445,0.));
#2641 = PLANE('',#2642);
#2642 = AXIS2_PLACEMENT_3D('',#2643,#2644,#2645);
#2643 = CARTESIAN_POINT('',(0.,0.,1.585));
#2644 = DIRECTION('',(0.,0.,1.));
#2645 = DIRECTION('',(1.,0.,-0.));
#2646 = SHELL_BASED_SURFACE_MODEL('',(#2647));
#2647 = OPEN_SHELL('',(#2648));
#2648 = ADVANCED_FACE('',(#2649),#2726,.T.);
#2649 = FACE_BOUND('',#2650,.F.);
#2650 = EDGE_LOOP('',(#2651,#2662,#2670,#2679,#2687,#2696,#2704,#2712,
    #2720));
#2651 = ORIENTED_EDGE('',*,*,#2652,.T.);
#2652 = EDGE_CURVE('',#2653,#2655,#2657,.T.);
#2653 = VERTEX_POINT('',#2654);
#2654 = CARTESIAN_POINT('',(170.171469,-65.412843,1.585));
#2655 = VERTEX_POINT('',#2656);
#2656 = CARTESIAN_POINT('',(170.269328,-65.393378,1.585));
#2657 = CIRCLE('',#2658,5.999850008893E-02);
#2658 = AXIS2_PLACEMENT_3D('',#2659,#2660,#2661);
#2659 = CARTESIAN_POINT('',(170.22690107544,-65.43580176793,1.585));
#2660 = DIRECTION('',(0.,0.,-1.));
#2661 = DIRECTION('',(-0.923891019961,0.382655698031,0.));
#2662 = ORIENTED_EDGE('',*,*,#2663,.T.);
#2663 = EDGE_CURVE('',#2655,#2664,#2666,.T.);
#2664 = VERTEX_POINT('',#2665);
#2665 = CARTESIAN_POINT('',(170.605204,-65.729254,1.585));
#2666 = LINE('',#2667,#2668);
#2667 = CARTESIAN_POINT('',(170.269328,-65.393378,1.585));
#2668 = VECTOR('',#2669,1.);
#2669 = DIRECTION('',(0.707106781187,-0.707106781187,0.));
#2670 = ORIENTED_EDGE('',*,*,#2671,.T.);
#2671 = EDGE_CURVE('',#2664,#2672,#2674,.T.);
#2672 = VERTEX_POINT('',#2673);
#2673 = CARTESIAN_POINT('',(170.605204,-65.814106,1.585));
#2674 = CIRCLE('',#2675,5.999988147818E-02);
#2675 = AXIS2_PLACEMENT_3D('',#2676,#2677,#2678);
#2676 = CARTESIAN_POINT('',(170.56277735387,-65.77168,1.585));
#2677 = DIRECTION('',(0.,0.,-1.));
#2678 = DIRECTION('',(0.70711216555,0.707101396782,0.));
#2679 = ORIENTED_EDGE('',*,*,#2680,.T.);
#2680 = EDGE_CURVE('',#2672,#2681,#2683,.T.);
#2681 = VERTEX_POINT('',#2682);
#2682 = CARTESIAN_POINT('',(170.269328,-66.149982,1.585));
#2683 = LINE('',#2684,#2685);
#2684 = CARTESIAN_POINT('',(170.605204,-65.814106,1.585));
#2685 = VECTOR('',#2686,1.);
#2686 = DIRECTION('',(-0.707106781187,-0.707106781187,0.));
#2687 = ORIENTED_EDGE('',*,*,#2688,.T.);
#2688 = EDGE_CURVE('',#2681,#2689,#2691,.T.);
#2689 = VERTEX_POINT('',#2690);
#2690 = CARTESIAN_POINT('',(170.184476,-66.06513,1.585));
#2691 = CIRCLE('',#2692,5.999942460324E-02);
#2692 = AXIS2_PLACEMENT_3D('',#2693,#2694,#2695);
#2693 = CARTESIAN_POINT('',(170.22690140009,-66.1075565999,1.585));
#2694 = DIRECTION('',(-0.,0.,-1.));
#2695 = DIRECTION('',(0.707116779639,-0.707096782593,-0.));
#2696 = ORIENTED_EDGE('',*,*,#2697,.T.);
#2697 = EDGE_CURVE('',#2689,#2698,#2700,.T.);
#2698 = VERTEX_POINT('',#2699);
#2699 = CARTESIAN_POINT('',(170.477924,-65.77168,1.585));
#2700 = LINE('',#2701,#2702);
#2701 = CARTESIAN_POINT('',(170.184476,-66.06513,1.585));
#2702 = VECTOR('',#2703,1.);
#2703 = DIRECTION('',(0.707104371541,0.707109190824,0.));
#2704 = ORIENTED_EDGE('',*,*,#2705,.T.);
#2705 = EDGE_CURVE('',#2698,#2706,#2708,.T.);
#2706 = VERTEX_POINT('',#2707);
#2707 = CARTESIAN_POINT('',(170.184476,-65.47823,1.585));
#2708 = LINE('',#2709,#2710);
#2709 = CARTESIAN_POINT('',(170.477924,-65.77168,1.585));
#2710 = VECTOR('',#2711,1.);
#2711 = DIRECTION('',(-0.707104371541,0.707109190824,0.));
#2712 = ORIENTED_EDGE('',*,*,#2713,.T.);
#2713 = EDGE_CURVE('',#2706,#2714,#2716,.T.);
#2714 = VERTEX_POINT('',#2715);
#2715 = CARTESIAN_POINT('',(170.171469,-65.458765,1.585));
#2716 = LINE('',#2717,#2718);
#2717 = CARTESIAN_POINT('',(170.184476,-65.47823,1.585));
#2718 = VECTOR('',#2719,1.);
#2719 = DIRECTION('',(-0.555596893534,0.831451797698,0.));
#2720 = ORIENTED_EDGE('',*,*,#2721,.T.);
#2721 = EDGE_CURVE('',#2714,#2653,#2722,.T.);
#2722 = LINE('',#2723,#2724);
#2723 = CARTESIAN_POINT('',(170.171469,-65.458765,1.585));
#2724 = VECTOR('',#2725,1.);
#2725 = DIRECTION('',(0.,1.,0.));
#2726 = PLANE('',#2727);
#2727 = AXIS2_PLACEMENT_3D('',#2728,#2729,#2730);
#2728 = CARTESIAN_POINT('',(0.,0.,1.585));
#2729 = DIRECTION('',(0.,0.,1.));
#2730 = DIRECTION('',(1.,0.,-0.));
#2731 = SHELL_BASED_SURFACE_MODEL('',(#2732));
#2732 = OPEN_SHELL('',(#2733));
#2733 = ADVANCED_FACE('',(#2734),#2778,.T.);
#2734 = FACE_BOUND('',#2735,.F.);
#2735 = EDGE_LOOP('',(#2736,#2747,#2755,#2764,#2772));
#2736 = ORIENTED_EDGE('',*,*,#2737,.T.);
#2737 = EDGE_CURVE('',#2738,#2740,#2742,.T.);
#2738 = VERTEX_POINT('',#2739);
#2739 = CARTESIAN_POINT('',(177.094567,-64.327039,1.585));
#2740 = VERTEX_POINT('',#2741);
#2741 = CARTESIAN_POINT('',(177.21,-64.35,1.585));
#2742 = CIRCLE('',#2743,6.000007318648E-02);
#2743 = AXIS2_PLACEMENT_3D('',#2744,#2745,#2746);
#2744 = CARTESIAN_POINT('',(177.14999992681,-64.34999982331,1.585));
#2745 = DIRECTION('',(0.,0.,-1.));
#2746 = DIRECTION('',(-0.923880986636,0.382679921778,0.));
#2747 = ORIENTED_EDGE('',*,*,#2748,.T.);
#2748 = EDGE_CURVE('',#2740,#2749,#2751,.T.);
#2749 = VERTEX_POINT('',#2750);
#2750 = CARTESIAN_POINT('',(177.21,-65.275,1.585));
#2751 = LINE('',#2752,#2753);
#2752 = CARTESIAN_POINT('',(177.21,-64.35,1.585));
#2753 = VECTOR('',#2754,1.);
#2754 = DIRECTION('',(0.,-1.,0.));
#2755 = ORIENTED_EDGE('',*,*,#2756,.T.);
#2756 = EDGE_CURVE('',#2749,#2757,#2759,.T.);
#2757 = VERTEX_POINT('',#2758);
#2758 = CARTESIAN_POINT('',(177.09,-65.275,1.585));
#2759 = CIRCLE('',#2760,6.000000000042E-02);
#2760 = AXIS2_PLACEMENT_3D('',#2761,#2762,#2763);
#2761 = CARTESIAN_POINT('',(177.15,-65.27500022558,1.585));
#2762 = DIRECTION('',(0.,0.,-1.));
#2763 = DIRECTION('',(0.999999999993,3.75979377999E-06,0.));
#2764 = ORIENTED_EDGE('',*,*,#2765,.T.);
#2765 = EDGE_CURVE('',#2757,#2766,#2768,.T.);
#2766 = VERTEX_POINT('',#2767);
#2767 = CARTESIAN_POINT('',(177.09,-64.35,1.585));
#2768 = LINE('',#2769,#2770);
#2769 = CARTESIAN_POINT('',(177.09,-65.275,1.585));
#2770 = VECTOR('',#2771,1.);
#2771 = DIRECTION('',(0.,1.,0.));
#2772 = ORIENTED_EDGE('',*,*,#2773,.T.);
#2773 = EDGE_CURVE('',#2766,#2738,#2774,.T.);
#2774 = LINE('',#2775,#2776);
#2775 = CARTESIAN_POINT('',(177.09,-64.35,1.585));
#2776 = VECTOR('',#2777,1.);
#2777 = DIRECTION('',(0.195081000118,0.980787134598,0.));
#2778 = PLANE('',#2779);
#2779 = AXIS2_PLACEMENT_3D('',#2780,#2781,#2782);
#2780 = CARTESIAN_POINT('',(0.,0.,1.585));
#2781 = DIRECTION('',(0.,0.,1.));
#2782 = DIRECTION('',(1.,0.,-0.));
#2783 = SHELL_BASED_SURFACE_MODEL('',(#2784));
#2784 = OPEN_SHELL('',(#2785));
#2785 = ADVANCED_FACE('',(#2786),#2971,.T.);
#2786 = FACE_BOUND('',#2787,.F.);
#2787 = EDGE_LOOP('',(#2788,#2799,#2807,#2816,#2824,#2832,#2840,#2848,
    #2857,#2865,#2874,#2882,#2891,#2899,#2907,#2915,#2924,#2932,#2940,
    #2949,#2957,#2965));
#2788 = ORIENTED_EDGE('',*,*,#2789,.T.);
#2789 = EDGE_CURVE('',#2790,#2792,#2794,.T.);
#2790 = VERTEX_POINT('',#2791);
#2791 = CARTESIAN_POINT('',(155.7125,-61.725,1.585));
#2792 = VERTEX_POINT('',#2793);
#2793 = CARTESIAN_POINT('',(155.7125,-61.605,1.585));
#2794 = CIRCLE('',#2795,6.000000000043E-02);
#2795 = AXIS2_PLACEMENT_3D('',#2796,#2797,#2798);
#2796 = CARTESIAN_POINT('',(155.71249977441,-61.665,1.585));
#2797 = DIRECTION('',(0.,0.,-1.));
#2798 = DIRECTION('',(3.759793779988E-06,-0.999999999993,0.));
#2799 = ORIENTED_EDGE('',*,*,#2800,.T.);
#2800 = EDGE_CURVE('',#2792,#2801,#2803,.T.);
#2801 = VERTEX_POINT('',#2802);
#2802 = CARTESIAN_POINT('',(157.9975,-61.605,1.585));
#2803 = LINE('',#2804,#2805);
#2804 = CARTESIAN_POINT('',(155.7125,-61.605,1.585));
#2805 = VECTOR('',#2806,1.);
#2806 = DIRECTION('',(1.,0.,0.));
#2807 = ORIENTED_EDGE('',*,*,#2808,.T.);
#2808 = EDGE_CURVE('',#2801,#2809,#2811,.T.);
#2809 = VERTEX_POINT('',#2810);
#2810 = CARTESIAN_POINT('',(158.0575,-61.665,1.585));
#2811 = CIRCLE('',#2812,5.999932016259E-02);
#2812 = AXIS2_PLACEMENT_3D('',#2813,#2814,#2815);
#2813 = CARTESIAN_POINT('',(157.99750067984,-61.66499932015,1.585));
#2814 = DIRECTION('',(0.,0.,-1.));
#2815 = DIRECTION('',(-1.133081612143E-05,0.999999999936,0.));
#2816 = ORIENTED_EDGE('',*,*,#2817,.T.);
#2817 = EDGE_CURVE('',#2809,#2818,#2820,.T.);
#2818 = VERTEX_POINT('',#2819);
#2819 = CARTESIAN_POINT('',(158.0575,-63.135,1.585));
#2820 = LINE('',#2821,#2822);
#2821 = CARTESIAN_POINT('',(158.0575,-61.665,1.585));
#2822 = VECTOR('',#2823,1.);
#2823 = DIRECTION('',(0.,-1.,0.));
#2824 = ORIENTED_EDGE('',*,*,#2825,.T.);
#2825 = EDGE_CURVE('',#2818,#2826,#2828,.T.);
#2826 = VERTEX_POINT('',#2827);
#2827 = CARTESIAN_POINT('',(158.052933,-63.157961,1.585));
#2828 = LINE('',#2829,#2830);
#2829 = CARTESIAN_POINT('',(158.0575,-63.135,1.585));
#2830 = VECTOR('',#2831,1.);
#2831 = DIRECTION('',(-0.195081000118,-0.980787134598,0.));
#2832 = ORIENTED_EDGE('',*,*,#2833,.T.);
#2833 = EDGE_CURVE('',#2826,#2834,#2836,.T.);
#2834 = VERTEX_POINT('',#2835);
#2835 = CARTESIAN_POINT('',(158.030894,-63.18,1.585));
#2836 = LINE('',#2837,#2838);
#2837 = CARTESIAN_POINT('',(158.052933,-63.157961,1.585));
#2838 = VECTOR('',#2839,1.);
#2839 = DIRECTION('',(-0.707106781187,-0.707106781186,0.));
#2840 = ORIENTED_EDGE('',*,*,#2841,.T.);
#2841 = EDGE_CURVE('',#2834,#2842,#2844,.T.);
#2842 = VERTEX_POINT('',#2843);
#2843 = CARTESIAN_POINT('',(158.4225,-63.18,1.585));
#2844 = LINE('',#2845,#2846);
#2845 = CARTESIAN_POINT('',(158.030894,-63.18,1.585));
#2846 = VECTOR('',#2847,1.);
#2847 = DIRECTION('',(1.,0.,0.));
#2848 = ORIENTED_EDGE('',*,*,#2849,.T.);
#2849 = EDGE_CURVE('',#2842,#2850,#2852,.T.);
#2850 = VERTEX_POINT('',#2851);
#2851 = CARTESIAN_POINT('',(158.4825,-63.24,1.585));
#2852 = CIRCLE('',#2853,5.999932016258E-02);
#2853 = AXIS2_PLACEMENT_3D('',#2854,#2855,#2856);
#2854 = CARTESIAN_POINT('',(158.42250067984,-63.23999932015,1.585));
#2855 = DIRECTION('',(0.,0.,-1.));
#2856 = DIRECTION('',(-1.133081564773E-05,0.999999999936,0.));
#2857 = ORIENTED_EDGE('',*,*,#2858,.T.);
#2858 = EDGE_CURVE('',#2850,#2859,#2861,.T.);
#2859 = VERTEX_POINT('',#2860);
#2860 = CARTESIAN_POINT('',(158.4825,-65.16,1.585));
#2861 = LINE('',#2862,#2863);
#2862 = CARTESIAN_POINT('',(158.4825,-63.24,1.585));
#2863 = VECTOR('',#2864,1.);
#2864 = DIRECTION('',(0.,-1.,0.));
#2865 = ORIENTED_EDGE('',*,*,#2866,.T.);
#2866 = EDGE_CURVE('',#2859,#2867,#2869,.T.);
#2867 = VERTEX_POINT('',#2868);
#2868 = CARTESIAN_POINT('',(158.4225,-65.22,1.585));
#2869 = CIRCLE('',#2870,5.999932016253E-02);
#2870 = AXIS2_PLACEMENT_3D('',#2871,#2872,#2873);
#2871 = CARTESIAN_POINT('',(158.42250067984,-65.16000067984,1.585));
#2872 = DIRECTION('',(0.,0.,-1.));
#2873 = DIRECTION('',(0.999999999936,1.133081706884E-05,0.));
#2874 = ORIENTED_EDGE('',*,*,#2875,.T.);
#2875 = EDGE_CURVE('',#2867,#2876,#2878,.T.);
#2876 = VERTEX_POINT('',#2877);
#2877 = CARTESIAN_POINT('',(155.7375,-65.22,1.585));
#2878 = LINE('',#2879,#2880);
#2879 = CARTESIAN_POINT('',(158.4225,-65.22,1.585));
#2880 = VECTOR('',#2881,1.);
#2881 = DIRECTION('',(-1.,0.,0.));
#2882 = ORIENTED_EDGE('',*,*,#2883,.T.);
#2883 = EDGE_CURVE('',#2876,#2884,#2886,.T.);
#2884 = VERTEX_POINT('',#2885);
#2885 = CARTESIAN_POINT('',(155.7375,-65.1,1.585));
#2886 = CIRCLE('',#2887,6.000000000043E-02);
#2887 = AXIS2_PLACEMENT_3D('',#2888,#2889,#2890);
#2888 = CARTESIAN_POINT('',(155.73749977441,-65.16,1.585));
#2889 = DIRECTION('',(0.,0.,-1.));
#2890 = DIRECTION('',(3.759794253684E-06,-0.999999999993,0.));
#2891 = ORIENTED_EDGE('',*,*,#2892,.T.);
#2892 = EDGE_CURVE('',#2884,#2893,#2895,.T.);
#2893 = VERTEX_POINT('',#2894);
#2894 = CARTESIAN_POINT('',(158.3625,-65.1,1.585));
#2895 = LINE('',#2896,#2897);
#2896 = CARTESIAN_POINT('',(155.7375,-65.1,1.585));
#2897 = VECTOR('',#2898,1.);
#2898 = DIRECTION('',(1.,0.,0.));
#2899 = ORIENTED_EDGE('',*,*,#2900,.T.);
#2900 = EDGE_CURVE('',#2893,#2901,#2903,.T.);
#2901 = VERTEX_POINT('',#2902);
#2902 = CARTESIAN_POINT('',(158.3625,-63.3,1.585));
#2903 = LINE('',#2904,#2905);
#2904 = CARTESIAN_POINT('',(158.3625,-65.1,1.585));
#2905 = VECTOR('',#2906,1.);
#2906 = DIRECTION('',(0.,1.,0.));
#2907 = ORIENTED_EDGE('',*,*,#2908,.T.);
#2908 = EDGE_CURVE('',#2901,#2909,#2911,.T.);
#2909 = VERTEX_POINT('',#2910);
#2910 = CARTESIAN_POINT('',(155.7375,-63.3,1.585));
#2911 = LINE('',#2912,#2913);
#2912 = CARTESIAN_POINT('',(158.3625,-63.3,1.585));
#2913 = VECTOR('',#2914,1.);
#2914 = DIRECTION('',(-1.,0.,0.));
#2915 = ORIENTED_EDGE('',*,*,#2916,.T.);
#2916 = EDGE_CURVE('',#2909,#2917,#2919,.T.);
#2917 = VERTEX_POINT('',#2918);
#2918 = CARTESIAN_POINT('',(155.682067,-63.217039,1.585));
#2919 = CIRCLE('',#2920,5.999975415857E-02);
#2920 = AXIS2_PLACEMENT_3D('',#2921,#2922,#2923);
#2921 = CARTESIAN_POINT('',(155.73749940648,-63.24000024584,1.585));
#2922 = DIRECTION('',(0.,0.,-1.));
#2923 = DIRECTION('',(9.892010914656E-06,-0.999999999951,0.));
#2924 = ORIENTED_EDGE('',*,*,#2925,.T.);
#2925 = EDGE_CURVE('',#2917,#2926,#2928,.T.);
#2926 = VERTEX_POINT('',#2927);
#2927 = CARTESIAN_POINT('',(155.705498,-63.193607,1.585));
#2928 = LINE('',#2929,#2930);
#2929 = CARTESIAN_POINT('',(155.682067,-63.217039,1.585));
#2930 = VECTOR('',#2931,1.);
#2931 = DIRECTION('',(0.707091692218,0.707121869833,0.));
#2932 = ORIENTED_EDGE('',*,*,#2933,.T.);
#2933 = EDGE_CURVE('',#2926,#2934,#2936,.T.);
#2934 = VERTEX_POINT('',#2935);
#2935 = CARTESIAN_POINT('',(155.689539,-63.190433,1.585));
#2936 = LINE('',#2937,#2938);
#2937 = CARTESIAN_POINT('',(155.705498,-63.193607,1.585));
#2938 = VECTOR('',#2939,1.);
#2939 = DIRECTION('',(-0.980790483189,0.195064164023,0.));
#2940 = ORIENTED_EDGE('',*,*,#2941,.T.);
#2941 = EDGE_CURVE('',#2934,#2942,#2944,.T.);
#2942 = VERTEX_POINT('',#2943);
#2943 = CARTESIAN_POINT('',(155.7125,-63.075,1.585));
#2944 = CIRCLE('',#2945,6.000007318647E-02);
#2945 = AXIS2_PLACEMENT_3D('',#2946,#2947,#2948);
#2946 = CARTESIAN_POINT('',(155.71249982331,-63.13500007318,1.585));
#2947 = DIRECTION('',(0.,0.,-1.));
#2948 = DIRECTION('',(-0.382679921777,-0.923880986637,-0.));
#2949 = ORIENTED_EDGE('',*,*,#2950,.T.);
#2950 = EDGE_CURVE('',#2942,#2951,#2953,.T.);
#2951 = VERTEX_POINT('',#2952);
#2952 = CARTESIAN_POINT('',(157.9375,-63.075,1.585));
#2953 = LINE('',#2954,#2955);
#2954 = CARTESIAN_POINT('',(155.7125,-63.075,1.585));
#2955 = VECTOR('',#2956,1.);
#2956 = DIRECTION('',(1.,0.,0.));
#2957 = ORIENTED_EDGE('',*,*,#2958,.T.);
#2958 = EDGE_CURVE('',#2951,#2959,#2961,.T.);
#2959 = VERTEX_POINT('',#2960);
#2960 = CARTESIAN_POINT('',(157.9375,-61.725,1.585));
#2961 = LINE('',#2962,#2963);
#2962 = CARTESIAN_POINT('',(157.9375,-63.075,1.585));
#2963 = VECTOR('',#2964,1.);
#2964 = DIRECTION('',(0.,1.,0.));
#2965 = ORIENTED_EDGE('',*,*,#2966,.T.);
#2966 = EDGE_CURVE('',#2959,#2790,#2967,.T.);
#2967 = LINE('',#2968,#2969);
#2968 = CARTESIAN_POINT('',(157.9375,-61.725,1.585));
#2969 = VECTOR('',#2970,1.);
#2970 = DIRECTION('',(-1.,0.,0.));
#2971 = PLANE('',#2972);
#2972 = AXIS2_PLACEMENT_3D('',#2973,#2974,#2975);
#2973 = CARTESIAN_POINT('',(0.,0.,1.585));
#2974 = DIRECTION('',(0.,0.,1.));
#2975 = DIRECTION('',(1.,0.,-0.));
#2976 = SHELL_BASED_SURFACE_MODEL('',(#2977));
#2977 = OPEN_SHELL('',(#2978));
#2978 = ADVANCED_FACE('',(#2979),#3073,.T.);
#2979 = FACE_BOUND('',#2980,.F.);
#2980 = EDGE_LOOP('',(#2981,#2992,#3000,#3008,#3016,#3025,#3033,#3042,
    #3050,#3059,#3067));
#2981 = ORIENTED_EDGE('',*,*,#2982,.T.);
#2982 = EDGE_CURVE('',#2983,#2985,#2987,.T.);
#2983 = VERTEX_POINT('',#2984);
#2984 = CARTESIAN_POINT('',(158.634567,-61.877039,1.585));
#2985 = VERTEX_POINT('',#2986);
#2986 = CARTESIAN_POINT('',(158.75,-61.9,1.585));
#2987 = CIRCLE('',#2988,6.000007318647E-02);
#2988 = AXIS2_PLACEMENT_3D('',#2989,#2990,#2991);
#2989 = CARTESIAN_POINT('',(158.68999992681,-61.89999982331,1.585));
#2990 = DIRECTION('',(0.,0.,-1.));
#2991 = DIRECTION('',(-0.923880986637,0.382679921777,0.));
#2992 = ORIENTED_EDGE('',*,*,#2993,.T.);
#2993 = EDGE_CURVE('',#2985,#2994,#2996,.T.);
#2994 = VERTEX_POINT('',#2995);
#2995 = CARTESIAN_POINT('',(158.75,-65.08,1.585));
#2996 = LINE('',#2997,#2998);
#2997 = CARTESIAN_POINT('',(158.75,-61.9,1.585));
#2998 = VECTOR('',#2999,1.);
#2999 = DIRECTION('',(0.,-1.,0.));
#3000 = ORIENTED_EDGE('',*,*,#3001,.T.);
#3001 = EDGE_CURVE('',#2994,#3002,#3004,.T.);
#3002 = VERTEX_POINT('',#3003);
#3003 = CARTESIAN_POINT('',(160.25,-65.08,1.585));
#3004 = LINE('',#3005,#3006);
#3005 = CARTESIAN_POINT('',(158.75,-65.08,1.585));
#3006 = VECTOR('',#3007,1.);
#3007 = DIRECTION('',(1.,0.,0.));
#3008 = ORIENTED_EDGE('',*,*,#3009,.T.);
#3009 = EDGE_CURVE('',#3002,#3010,#3012,.T.);
#3010 = VERTEX_POINT('',#3011);
#3011 = CARTESIAN_POINT('',(160.25,-61.9,1.585));
#3012 = LINE('',#3013,#3014);
#3013 = CARTESIAN_POINT('',(160.25,-65.08,1.585));
#3014 = VECTOR('',#3015,1.);
#3015 = DIRECTION('',(0.,1.,0.));
#3016 = ORIENTED_EDGE('',*,*,#3017,.T.);
#3017 = EDGE_CURVE('',#3010,#3018,#3020,.T.);
#3018 = VERTEX_POINT('',#3019);
#3019 = CARTESIAN_POINT('',(160.37,-61.9,1.585));
#3020 = CIRCLE('',#3021,6.000000000042E-02);
#3021 = AXIS2_PLACEMENT_3D('',#3022,#3023,#3024);
#3022 = CARTESIAN_POINT('',(160.31,-61.89999977441,1.585));
#3023 = DIRECTION('',(0.,0.,-1.));
#3024 = DIRECTION('',(-0.999999999993,-3.759794253684E-06,-0.));
#3025 = ORIENTED_EDGE('',*,*,#3026,.T.);
#3026 = EDGE_CURVE('',#3018,#3027,#3029,.T.);
#3027 = VERTEX_POINT('',#3028);
#3028 = CARTESIAN_POINT('',(160.37,-65.14,1.585));
#3029 = LINE('',#3030,#3031);
#3030 = CARTESIAN_POINT('',(160.37,-61.9,1.585));
#3031 = VECTOR('',#3032,1.);
#3032 = DIRECTION('',(0.,-1.,0.));
#3033 = ORIENTED_EDGE('',*,*,#3034,.T.);
#3034 = EDGE_CURVE('',#3027,#3035,#3037,.T.);
#3035 = VERTEX_POINT('',#3036);
#3036 = CARTESIAN_POINT('',(160.31,-65.2,1.585));
#3037 = CIRCLE('',#3038,5.999932016265E-02);
#3038 = AXIS2_PLACEMENT_3D('',#3039,#3040,#3041);
#3039 = CARTESIAN_POINT('',(160.31000067984,-65.14000067984,1.585));
#3040 = DIRECTION('',(0.,0.,-1.));
#3041 = DIRECTION('',(0.999999999936,1.133081517401E-05,0.));
#3042 = ORIENTED_EDGE('',*,*,#3043,.T.);
#3043 = EDGE_CURVE('',#3035,#3044,#3046,.T.);
#3044 = VERTEX_POINT('',#3045);
#3045 = CARTESIAN_POINT('',(158.69,-65.2,1.585));
#3046 = LINE('',#3047,#3048);
#3047 = CARTESIAN_POINT('',(160.31,-65.2,1.585));
#3048 = VECTOR('',#3049,1.);
#3049 = DIRECTION('',(-1.,0.,0.));
#3050 = ORIENTED_EDGE('',*,*,#3051,.T.);
#3051 = EDGE_CURVE('',#3044,#3052,#3054,.T.);
#3052 = VERTEX_POINT('',#3053);
#3053 = CARTESIAN_POINT('',(158.63,-65.14,1.585));
#3054 = CIRCLE('',#3055,5.999932016262E-02);
#3055 = AXIS2_PLACEMENT_3D('',#3056,#3057,#3058);
#3056 = CARTESIAN_POINT('',(158.68999932015,-65.14000067984,1.585));
#3057 = DIRECTION('',(0.,0.,-1.));
#3058 = DIRECTION('',(1.133081564772E-05,-0.999999999936,0.));
#3059 = ORIENTED_EDGE('',*,*,#3060,.T.);
#3060 = EDGE_CURVE('',#3052,#3061,#3063,.T.);
#3061 = VERTEX_POINT('',#3062);
#3062 = CARTESIAN_POINT('',(158.63,-61.9,1.585));
#3063 = LINE('',#3064,#3065);
#3064 = CARTESIAN_POINT('',(158.63,-65.14,1.585));
#3065 = VECTOR('',#3066,1.);
#3066 = DIRECTION('',(0.,1.,0.));
#3067 = ORIENTED_EDGE('',*,*,#3068,.T.);
#3068 = EDGE_CURVE('',#3061,#2983,#3069,.T.);
#3069 = LINE('',#3070,#3071);
#3070 = CARTESIAN_POINT('',(158.63,-61.9,1.585));
#3071 = VECTOR('',#3072,1.);
#3072 = DIRECTION('',(0.195081000118,0.980787134598,0.));
#3073 = PLANE('',#3074);
#3074 = AXIS2_PLACEMENT_3D('',#3075,#3076,#3077);
#3075 = CARTESIAN_POINT('',(0.,0.,1.585));
#3076 = DIRECTION('',(0.,0.,1.));
#3077 = DIRECTION('',(1.,0.,-0.));
#3078 = SHELL_BASED_SURFACE_MODEL('',(#3079));
#3079 = OPEN_SHELL('',(#3080));
#3080 = ADVANCED_FACE('',(#3081),#3274,.T.);
#3081 = FACE_BOUND('',#3082,.F.);
#3082 = EDGE_LOOP('',(#3083,#3094,#3102,#3110,#3118,#3126,#3134,#3143,
    #3151,#3159,#3167,#3176,#3184,#3193,#3201,#3210,#3218,#3227,#3235,
    #3243,#3251,#3260,#3268));
#3083 = ORIENTED_EDGE('',*,*,#3084,.T.);
#3084 = EDGE_CURVE('',#3085,#3087,#3089,.T.);
#3085 = VERTEX_POINT('',#3086);
#3086 = CARTESIAN_POINT('',(156.856947,-64.497512,1.585));
#3087 = VERTEX_POINT('',#3088);
#3088 = CARTESIAN_POINT('',(156.958883,-64.477233,1.585));
#3089 = CIRCLE('',#3090,6.249966142306E-02);
#3090 = AXIS2_PLACEMENT_3D('',#3091,#3092,#3093);
#3091 = CARTESIAN_POINT('',(156.91468990722,-64.52142777603,1.585));
#3092 = DIRECTION('',(0.,0.,-1.));
#3093 = DIRECTION('',(-0.923891520508,0.382654489498,0.));
#3094 = ORIENTED_EDGE('',*,*,#3095,.T.);
#3095 = EDGE_CURVE('',#3087,#3096,#3098,.T.);
#3096 = VERTEX_POINT('',#3097);
#3097 = CARTESIAN_POINT('',(156.996242,-64.521319,1.585));
#3098 = LINE('',#3099,#3100);
#3099 = CARTESIAN_POINT('',(156.958883,-64.477233,1.585));
#3100 = VECTOR('',#3101,1.);
#3101 = DIRECTION('',(0.646501380988,-0.762912815714,0.));
#3102 = ORIENTED_EDGE('',*,*,#3103,.T.);
#3103 = EDGE_CURVE('',#3096,#3104,#3106,.T.);
#3104 = VERTEX_POINT('',#3105);
#3105 = CARTESIAN_POINT('',(157.024809,-64.616666,1.585));
#3106 = LINE('',#3107,#3108);
#3107 = CARTESIAN_POINT('',(156.996242,-64.521319,1.585));
#3108 = VECTOR('',#3109,1.);
#3109 = DIRECTION('',(0.287005908588,-0.957928811779,0.));
#3110 = ORIENTED_EDGE('',*,*,#3111,.T.);
#3111 = EDGE_CURVE('',#3104,#3112,#3114,.T.);
#3112 = VERTEX_POINT('',#3113);
#3113 = CARTESIAN_POINT('',(157.021602,-64.684049,1.585));
#3114 = LINE('',#3115,#3116);
#3115 = CARTESIAN_POINT('',(157.024809,-64.616666,1.585));
#3116 = VECTOR('',#3117,1.);
#3117 = DIRECTION('',(-4.753979473566E-02,-0.998869344768,0.));
#3118 = ORIENTED_EDGE('',*,*,#3119,.T.);
#3119 = EDGE_CURVE('',#3112,#3120,#3122,.T.);
#3120 = VERTEX_POINT('',#3121);
#3121 = CARTESIAN_POINT('',(156.990677,-64.767958,1.585));
#3122 = LINE('',#3123,#3124);
#3123 = CARTESIAN_POINT('',(157.021602,-64.684049,1.585));
#3124 = VECTOR('',#3125,1.);
#3125 = DIRECTION('',(-0.34581521656,-0.938302635612,0.));
#3126 = ORIENTED_EDGE('',*,*,#3127,.T.);
#3127 = EDGE_CURVE('',#3120,#3128,#3130,.T.);
#3128 = VERTEX_POINT('',#3129);
#3129 = CARTESIAN_POINT('',(156.926733,-64.833099,1.585));
#3130 = LINE('',#3131,#3132);
#3131 = CARTESIAN_POINT('',(156.990677,-64.767958,1.585));
#3132 = VECTOR('',#3133,1.);
#3133 = DIRECTION('',(-0.700519691097,-0.713633072654,0.));
#3134 = ORIENTED_EDGE('',*,*,#3135,.T.);
#3135 = EDGE_CURVE('',#3128,#3136,#3138,.T.);
#3136 = VERTEX_POINT('',#3137);
#3137 = CARTESIAN_POINT('',(156.661437,-64.891585,1.585));
#3138 = CIRCLE('',#3139,0.39674919994);
#3139 = AXIS2_PLACEMENT_3D('',#3140,#3141,#3142);
#3140 = CARTESIAN_POINT('',(156.7138322487,-64.49831071204,1.585));
#3141 = DIRECTION('',(0.,0.,-1.));
#3142 = DIRECTION('',(0.53661293161,-0.843828514349,0.));
#3143 = ORIENTED_EDGE('',*,*,#3144,.T.);
#3144 = EDGE_CURVE('',#3136,#3145,#3147,.T.);
#3145 = VERTEX_POINT('',#3146);
#3146 = CARTESIAN_POINT('',(156.553406,-64.863044,1.585));
#3147 = LINE('',#3148,#3149);
#3148 = CARTESIAN_POINT('',(156.661437,-64.891585,1.585));
#3149 = VECTOR('',#3150,1.);
#3150 = DIRECTION('',(-0.96682785632,0.255428847713,0.));
#3151 = ORIENTED_EDGE('',*,*,#3152,.T.);
#3152 = EDGE_CURVE('',#3145,#3153,#3155,.T.);
#3153 = VERTEX_POINT('',#3154);
#3154 = CARTESIAN_POINT('',(156.489544,-64.827526,1.585));
#3155 = LINE('',#3156,#3157);
#3156 = CARTESIAN_POINT('',(156.553406,-64.863044,1.585));
#3157 = VECTOR('',#3158,1.);
#3158 = DIRECTION('',(-0.873929963395,0.486051868715,0.));
#3159 = ORIENTED_EDGE('',*,*,#3160,.T.);
#3160 = EDGE_CURVE('',#3153,#3161,#3163,.T.);
#3161 = VERTEX_POINT('',#3162);
#3162 = CARTESIAN_POINT('',(156.433937,-64.767952,1.585));
#3163 = LINE('',#3164,#3165);
#3164 = CARTESIAN_POINT('',(156.489544,-64.827526,1.585));
#3165 = VECTOR('',#3166,1.);
#3166 = DIRECTION('',(-0.682348416977,0.731027111569,0.));
#3167 = ORIENTED_EDGE('',*,*,#3168,.T.);
#3168 = EDGE_CURVE('',#3161,#3169,#3171,.T.);
#3169 = VERTEX_POINT('',#3170);
#3170 = CARTESIAN_POINT('',(156.433937,-64.512997,1.585));
#3171 = CIRCLE('',#3172,0.253291426441);
#3172 = AXIS2_PLACEMENT_3D('',#3173,#3174,#3175);
#3173 = CARTESIAN_POINT('',(156.65281147019,-64.6404745,1.585));
#3174 = DIRECTION('',(0.,0.,-1.));
#3175 = DIRECTION('',(-0.864121116409,-0.503283912097,-0.));
#3176 = ORIENTED_EDGE('',*,*,#3177,.T.);
#3177 = EDGE_CURVE('',#3169,#3178,#3180,.T.);
#3178 = VERTEX_POINT('',#3179);
#3179 = CARTESIAN_POINT('',(156.465734,-64.477234,1.585));
#3180 = LINE('',#3181,#3182);
#3181 = CARTESIAN_POINT('',(156.433937,-64.512997,1.585));
#3182 = VECTOR('',#3183,1.);
#3183 = DIRECTION('',(0.664453329719,0.747329761635,0.));
#3184 = ORIENTED_EDGE('',*,*,#3185,.T.);
#3185 = EDGE_CURVE('',#3178,#3186,#3188,.T.);
#3186 = VERTEX_POINT('',#3187);
#3187 = CARTESIAN_POINT('',(156.56767,-64.545345,1.585));
#3188 = CIRCLE('',#3189,6.249959175061E-02);
#3189 = AXIS2_PLACEMENT_3D('',#3190,#3191,#3192);
#3190 = CARTESIAN_POINT('',(156.50992760786,-64.52142816243,1.585));
#3191 = DIRECTION('',(0.,0.,-1.));
#3192 = DIRECTION('',(-0.707102344588,0.707111217758,0.));
#3193 = ORIENTED_EDGE('',*,*,#3194,.T.);
#3194 = EDGE_CURVE('',#3186,#3195,#3197,.T.);
#3195 = VERTEX_POINT('',#3196);
#3196 = CARTESIAN_POINT('',(156.540746,-64.578997,1.585));
#3197 = LINE('',#3198,#3199);
#3198 = CARTESIAN_POINT('',(156.56767,-64.545345,1.585));
#3199 = VECTOR('',#3200,1.);
#3200 = DIRECTION('',(-0.624729003195,-0.78084164372,0.));
#3201 = ORIENTED_EDGE('',*,*,#3202,.T.);
#3202 = EDGE_CURVE('',#3195,#3203,#3205,.T.);
#3203 = VERTEX_POINT('',#3204);
#3204 = CARTESIAN_POINT('',(156.540746,-64.701952,1.585));
#3205 = CIRCLE('',#3206,0.121456582388);
#3206 = AXIS2_PLACEMENT_3D('',#3207,#3208,#3209);
#3207 = CARTESIAN_POINT('',(156.6454943575,-64.6404745,1.585));
#3208 = DIRECTION('',(0.,0.,1.));
#3209 = DIRECTION('',(-0.862434587253,0.506168531923,0.));
#3210 = ORIENTED_EDGE('',*,*,#3211,.T.);
#3211 = EDGE_CURVE('',#3203,#3212,#3214,.T.);
#3212 = VERTEX_POINT('',#3213);
#3213 = CARTESIAN_POINT('',(156.570761,-64.731967,1.585));
#3214 = LINE('',#3215,#3216);
#3215 = CARTESIAN_POINT('',(156.540746,-64.701952,1.585));
#3216 = VECTOR('',#3217,1.);
#3217 = DIRECTION('',(0.707106781187,-0.707106781187,0.));
#3218 = ORIENTED_EDGE('',*,*,#3219,.T.);
#3219 = EDGE_CURVE('',#3212,#3220,#3222,.T.);
#3220 = VERTEX_POINT('',#3221);
#3221 = CARTESIAN_POINT('',(156.740329,-64.768451,1.585));
#3222 = CIRCLE('',#3223,0.27833766686);
#3223 = AXIS2_PLACEMENT_3D('',#3224,#3225,#3226);
#3224 = CARTESIAN_POINT('',(156.71117743478,-64.49164413043,1.585));
#3225 = DIRECTION('',(0.,0.,1.));
#3226 = DIRECTION('',(-0.504482330281,-0.863422016417,0.));
#3227 = ORIENTED_EDGE('',*,*,#3228,.T.);
#3228 = EDGE_CURVE('',#3220,#3229,#3231,.T.);
#3229 = VERTEX_POINT('',#3230);
#3230 = CARTESIAN_POINT('',(156.821448,-64.748171,1.585));
#3231 = LINE('',#3232,#3233);
#3232 = CARTESIAN_POINT('',(156.740329,-64.768451,1.585));
#3233 = VECTOR('',#3234,1.);
#3234 = DIRECTION('',(0.970141796642,0.242538439033,0.));
#3235 = ORIENTED_EDGE('',*,*,#3236,.T.);
#3236 = EDGE_CURVE('',#3229,#3237,#3239,.T.);
#3237 = VERTEX_POINT('',#3238);
#3238 = CARTESIAN_POINT('',(156.853856,-64.731966,1.585));
#3239 = LINE('',#3240,#3241);
#3240 = CARTESIAN_POINT('',(156.821448,-64.748171,1.585));
#3241 = VECTOR('',#3242,1.);
#3242 = DIRECTION('',(0.894416151279,0.447235674261,0.));
#3243 = ORIENTED_EDGE('',*,*,#3244,.T.);
#3244 = EDGE_CURVE('',#3237,#3245,#3247,.T.);
#3245 = VERTEX_POINT('',#3246);
#3246 = CARTESIAN_POINT('',(156.883873,-64.70195,1.585));
#3247 = LINE('',#3248,#3249);
#3248 = CARTESIAN_POINT('',(156.853856,-64.731966,1.585));
#3249 = VECTOR('',#3250,1.);
#3250 = DIRECTION('',(0.707118559723,0.707095002454,0.));
#3251 = ORIENTED_EDGE('',*,*,#3252,.T.);
#3252 = EDGE_CURVE('',#3245,#3253,#3255,.T.);
#3253 = VERTEX_POINT('',#3254);
#3254 = CARTESIAN_POINT('',(156.883872,-64.578997,1.585));
#3255 = CIRCLE('',#3256,0.121454426154);
#3256 = AXIS2_PLACEMENT_3D('',#3257,#3258,#3259);
#3257 = CARTESIAN_POINT('',(156.77912605576,-64.64047435192,1.585));
#3258 = DIRECTION('',(0.,-0.,1.));
#3259 = DIRECTION('',(0.862438262225,-0.506162270276,-0.));
#3260 = ORIENTED_EDGE('',*,*,#3261,.T.);
#3261 = EDGE_CURVE('',#3253,#3262,#3264,.T.);
#3262 = VERTEX_POINT('',#3263);
#3263 = CARTESIAN_POINT('',(156.856948,-64.545346,1.585));
#3264 = LINE('',#3265,#3266);
#3265 = CARTESIAN_POINT('',(156.883872,-64.578997,1.585));
#3266 = VECTOR('',#3267,1.);
#3267 = DIRECTION('',(-0.624740322299,0.780832587494,0.));
#3268 = ORIENTED_EDGE('',*,*,#3269,.T.);
#3269 = EDGE_CURVE('',#3262,#3085,#3270,.T.);
#3270 = LINE('',#3271,#3272);
#3271 = CARTESIAN_POINT('',(156.856948,-64.545346,1.585));
#3272 = VECTOR('',#3273,1.);
#3273 = DIRECTION('',(-2.090563191991E-05,0.999999999781,0.));
#3274 = PLANE('',#3275);
#3275 = AXIS2_PLACEMENT_3D('',#3276,#3277,#3278);
#3276 = CARTESIAN_POINT('',(0.,0.,1.585));
#3277 = DIRECTION('',(0.,0.,1.));
#3278 = DIRECTION('',(1.,0.,-0.));
#3279 = SHELL_BASED_SURFACE_MODEL('',(#3280));
#3280 = OPEN_SHELL('',(#3281));
#3281 = ADVANCED_FACE('',(#3282),#3400,.T.);
#3282 = FACE_BOUND('',#3283,.F.);
#3283 = EDGE_LOOP('',(#3284,#3295,#3303,#3312,#3320,#3328,#3336,#3345,
    #3353,#3361,#3369,#3378,#3386,#3394));
#3284 = ORIENTED_EDGE('',*,*,#3285,.T.);
#3285 = EDGE_CURVE('',#3286,#3288,#3290,.T.);
#3286 = VERTEX_POINT('',#3287);
#3287 = CARTESIAN_POINT('',(156.904567,-64.021319,1.585));
#3288 = VERTEX_POINT('',#3289);
#3289 = CARTESIAN_POINT('',(157.024809,-64.045237,1.585));
#3290 = CIRCLE('',#3291,6.249988563227E-02);
#3291 = AXIS2_PLACEMENT_3D('',#3292,#3293,#3294);
#3292 = CARTESIAN_POINT('',(156.96230911436,-64.04523727611,1.585));
#3293 = DIRECTION('',(0.,0.,-1.));
#3294 = DIRECTION('',(-0.923875520478,0.382693118126,0.));
#3295 = ORIENTED_EDGE('',*,*,#3296,.T.);
#3296 = EDGE_CURVE('',#3288,#3297,#3299,.T.);
#3297 = VERTEX_POINT('',#3298);
#3298 = CARTESIAN_POINT('',(157.024809,-64.330951,1.585));
#3299 = LINE('',#3300,#3301);
#3300 = CARTESIAN_POINT('',(157.024809,-64.045237,1.585));
#3301 = VECTOR('',#3302,1.);
#3302 = DIRECTION('',(0.,-1.,0.));
#3303 = ORIENTED_EDGE('',*,*,#3304,.T.);
#3304 = EDGE_CURVE('',#3297,#3305,#3307,.T.);
#3305 = VERTEX_POINT('',#3306);
#3306 = CARTESIAN_POINT('',(156.899809,-64.330951,1.585));
#3307 = CIRCLE('',#3308,6.250000000099E-02);
#3308 = AXIS2_PLACEMENT_3D('',#3309,#3310,#3311);
#3309 = CARTESIAN_POINT('',(156.962309,-64.33095064746,1.585));
#3310 = DIRECTION('',(-0.,0.,-1.));
#3311 = DIRECTION('',(0.999999999984,-5.640538802164E-06,-0.));
#3312 = ORIENTED_EDGE('',*,*,#3313,.T.);
#3313 = EDGE_CURVE('',#3305,#3314,#3316,.T.);
#3314 = VERTEX_POINT('',#3315);
#3315 = CARTESIAN_POINT('',(156.899809,-64.250594,1.585));
#3316 = LINE('',#3317,#3318);
#3317 = CARTESIAN_POINT('',(156.899809,-64.330951,1.585));
#3318 = VECTOR('',#3319,1.);
#3319 = DIRECTION('',(0.,1.,0.));
#3320 = ORIENTED_EDGE('',*,*,#3321,.T.);
#3321 = EDGE_CURVE('',#3314,#3322,#3324,.T.);
#3322 = VERTEX_POINT('',#3323);
#3323 = CARTESIAN_POINT('',(156.633543,-64.250594,1.585));
#3324 = LINE('',#3325,#3326);
#3325 = CARTESIAN_POINT('',(156.899809,-64.250594,1.585));
#3326 = VECTOR('',#3327,1.);
#3327 = DIRECTION('',(-1.,0.,0.));
#3328 = ORIENTED_EDGE('',*,*,#3329,.T.);
#3329 = EDGE_CURVE('',#3322,#3330,#3332,.T.);
#3330 = VERTEX_POINT('',#3331);
#3331 = CARTESIAN_POINT('',(156.661068,-64.303,1.585));
#3332 = LINE('',#3333,#3334);
#3333 = CARTESIAN_POINT('',(156.633543,-64.250594,1.585));
#3334 = VECTOR('',#3335,1.);
#3335 = DIRECTION('',(0.464990824004,-0.885315499464,0.));
#3336 = ORIENTED_EDGE('',*,*,#3337,.T.);
#3337 = EDGE_CURVE('',#3330,#3338,#3340,.T.);
#3338 = VERTEX_POINT('',#3339);
#3339 = CARTESIAN_POINT('',(156.549264,-64.358901,1.585));
#3340 = CIRCLE('',#3341,6.250011243639E-02);
#3341 = AXIS2_PLACEMENT_3D('',#3342,#3343,#3344);
#3342 = CARTESIAN_POINT('',(156.60516575069,-64.33095000138,1.585));
#3343 = DIRECTION('',(0.,0.,-1.));
#3344 = DIRECTION('',(0.894434379793,0.447199217626,0.));
#3345 = ORIENTED_EDGE('',*,*,#3346,.T.);
#3346 = EDGE_CURVE('',#3338,#3347,#3349,.T.);
#3347 = VERTEX_POINT('',#3348);
#3348 = CARTESIAN_POINT('',(156.52999,-64.320353,1.585));
#3349 = LINE('',#3350,#3351);
#3350 = CARTESIAN_POINT('',(156.549264,-64.358901,1.585));
#3351 = VECTOR('',#3352,1.);
#3352 = DIRECTION('',(-0.4472135955,0.894427191,0.));
#3353 = ORIENTED_EDGE('',*,*,#3354,.T.);
#3354 = EDGE_CURVE('',#3347,#3355,#3357,.T.);
#3355 = VERTEX_POINT('',#3356);
#3356 = CARTESIAN_POINT('',(156.493919,-64.284282,1.585));
#3357 = LINE('',#3358,#3359);
#3358 = CARTESIAN_POINT('',(156.52999,-64.320353,1.585));
#3359 = VECTOR('',#3360,1.);
#3360 = DIRECTION('',(-0.707106781187,0.707106781187,0.));
#3361 = ORIENTED_EDGE('',*,*,#3362,.T.);
#3362 = EDGE_CURVE('',#3355,#3363,#3365,.T.);
#3363 = VERTEX_POINT('',#3364);
#3364 = CARTESIAN_POINT('',(156.42764,-64.240097,1.585));
#3365 = LINE('',#3366,#3367);
#3366 = CARTESIAN_POINT('',(156.493919,-64.284282,1.585));
#3367 = VECTOR('',#3368,1.);
#3368 = DIRECTION('',(-0.832056088373,0.554691505074,0.));
#3369 = ORIENTED_EDGE('',*,*,#3370,.T.);
#3370 = EDGE_CURVE('',#3363,#3371,#3373,.T.);
#3371 = VERTEX_POINT('',#3372);
#3372 = CARTESIAN_POINT('',(156.462309,-64.125594,1.585));
#3373 = CIRCLE('',#3374,6.250001001977E-02);
#3374 = AXIS2_PLACEMENT_3D('',#3375,#3376,#3377);
#3375 = CARTESIAN_POINT('',(156.46230901045,-64.18809401002,1.585));
#3376 = DIRECTION('',(0.,0.,-1.));
#3377 = DIRECTION('',(-0.554704078273,-0.832047706293,-0.));
#3378 = ORIENTED_EDGE('',*,*,#3379,.T.);
#3379 = EDGE_CURVE('',#3371,#3380,#3382,.T.);
#3380 = VERTEX_POINT('',#3381);
#3381 = CARTESIAN_POINT('',(156.899809,-64.125594,1.585));
#3382 = LINE('',#3383,#3384);
#3383 = CARTESIAN_POINT('',(156.462309,-64.125594,1.585));
#3384 = VECTOR('',#3385,1.);
#3385 = DIRECTION('',(1.,0.,0.));
#3386 = ORIENTED_EDGE('',*,*,#3387,.T.);
#3387 = EDGE_CURVE('',#3380,#3388,#3390,.T.);
#3388 = VERTEX_POINT('',#3389);
#3389 = CARTESIAN_POINT('',(156.899809,-64.045237,1.585));
#3390 = LINE('',#3391,#3392);
#3391 = CARTESIAN_POINT('',(156.899809,-64.125594,1.585));
#3392 = VECTOR('',#3393,1.);
#3393 = DIRECTION('',(0.,1.,0.));
#3394 = ORIENTED_EDGE('',*,*,#3395,.T.);
#3395 = EDGE_CURVE('',#3388,#3286,#3396,.T.);
#3396 = LINE('',#3397,#3398);
#3397 = CARTESIAN_POINT('',(156.899809,-64.045237,1.585));
#3398 = VECTOR('',#3399,1.);
#3399 = DIRECTION('',(0.195106652234,0.98078203198,0.));
#3400 = PLANE('',#3401);
#3401 = AXIS2_PLACEMENT_3D('',#3402,#3403,#3404);
#3402 = CARTESIAN_POINT('',(0.,0.,1.585));
#3403 = DIRECTION('',(0.,0.,1.));
#3404 = DIRECTION('',(1.,0.,-0.));
#3405 = SHELL_BASED_SURFACE_MODEL('',(#3406));
#3406 = OPEN_SHELL('',(#3407));
#3407 = ADVANCED_FACE('',(#3408),#3444,.T.);
#3408 = FACE_BOUND('',#3409,.F.);
#3409 = EDGE_LOOP('',(#3410,#3421,#3429,#3438));
#3410 = ORIENTED_EDGE('',*,*,#3411,.T.);
#3411 = EDGE_CURVE('',#3412,#3414,#3416,.T.);
#3412 = VERTEX_POINT('',#3413);
#3413 = CARTESIAN_POINT('',(178.725,-64.31,1.585));
#3414 = VERTEX_POINT('',#3415);
#3415 = CARTESIAN_POINT('',(178.725,-64.19,1.585));
#3416 = CIRCLE('',#3417,6.000000000043E-02);
#3417 = AXIS2_PLACEMENT_3D('',#3418,#3419,#3420);
#3418 = CARTESIAN_POINT('',(178.72499977441,-64.25,1.585));
#3419 = DIRECTION('',(0.,0.,-1.));
#3420 = DIRECTION('',(3.759793779989E-06,-0.999999999993,0.));
#3421 = ORIENTED_EDGE('',*,*,#3422,.T.);
#3422 = EDGE_CURVE('',#3414,#3423,#3425,.T.);
#3423 = VERTEX_POINT('',#3424);
#3424 = CARTESIAN_POINT('',(179.275,-64.19,1.585));
#3425 = LINE('',#3426,#3427);
#3426 = CARTESIAN_POINT('',(178.725,-64.19,1.585));
#3427 = VECTOR('',#3428,1.);
#3428 = DIRECTION('',(1.,0.,0.));
#3429 = ORIENTED_EDGE('',*,*,#3430,.T.);
#3430 = EDGE_CURVE('',#3423,#3431,#3433,.T.);
#3431 = VERTEX_POINT('',#3432);
#3432 = CARTESIAN_POINT('',(179.275,-64.31,1.585));
#3433 = CIRCLE('',#3434,6.000000000043E-02);
#3434 = AXIS2_PLACEMENT_3D('',#3435,#3436,#3437);
#3435 = CARTESIAN_POINT('',(179.27500022558,-64.25,1.585));
#3436 = DIRECTION('',(0.,0.,-1.));
#3437 = DIRECTION('',(-3.759793779989E-06,0.999999999993,-0.));
#3438 = ORIENTED_EDGE('',*,*,#3439,.T.);
#3439 = EDGE_CURVE('',#3431,#3412,#3440,.T.);
#3440 = LINE('',#3441,#3442);
#3441 = CARTESIAN_POINT('',(179.275,-64.31,1.585));
#3442 = VECTOR('',#3443,1.);
#3443 = DIRECTION('',(-1.,0.,0.));
#3444 = PLANE('',#3445);
#3445 = AXIS2_PLACEMENT_3D('',#3446,#3447,#3448);
#3446 = CARTESIAN_POINT('',(0.,0.,1.585));
#3447 = DIRECTION('',(0.,0.,1.));
#3448 = DIRECTION('',(1.,0.,-0.));
#3449 = SHELL_BASED_SURFACE_MODEL('',(#3450));
#3450 = OPEN_SHELL('',(#3451));
#3451 = ADVANCED_FACE('',(#3452),#3488,.T.);
#3452 = FACE_BOUND('',#3453,.F.);
#3453 = EDGE_LOOP('',(#3454,#3465,#3473,#3482));
#3454 = ORIENTED_EDGE('',*,*,#3455,.T.);
#3455 = EDGE_CURVE('',#3456,#3458,#3460,.T.);
#3456 = VERTEX_POINT('',#3457);
#3457 = CARTESIAN_POINT('',(173.912742,-64.2075,1.585));
#3458 = VERTEX_POINT('',#3459);
#3459 = CARTESIAN_POINT('',(173.912742,-64.0875,1.585));
#3460 = CIRCLE('',#3461,6.000000000042E-02);
#3461 = AXIS2_PLACEMENT_3D('',#3462,#3463,#3464);
#3462 = CARTESIAN_POINT('',(173.91274177441,-64.1475,1.585));
#3463 = DIRECTION('',(0.,0.,-1.));
#3464 = DIRECTION('',(3.75979472738E-06,-0.999999999993,0.));
#3465 = ORIENTED_EDGE('',*,*,#3466,.T.);
#3466 = EDGE_CURVE('',#3458,#3467,#3469,.T.);
#3467 = VERTEX_POINT('',#3468);
#3468 = CARTESIAN_POINT('',(174.387258,-64.0875,1.585));
#3469 = LINE('',#3470,#3471);
#3470 = CARTESIAN_POINT('',(173.912742,-64.0875,1.585));
#3471 = VECTOR('',#3472,1.);
#3472 = DIRECTION('',(1.,0.,0.));
#3473 = ORIENTED_EDGE('',*,*,#3474,.T.);
#3474 = EDGE_CURVE('',#3467,#3475,#3477,.T.);
#3475 = VERTEX_POINT('',#3476);
#3476 = CARTESIAN_POINT('',(174.387258,-64.2075,1.585));
#3477 = CIRCLE('',#3478,6.000000000042E-02);
#3478 = AXIS2_PLACEMENT_3D('',#3479,#3480,#3481);
#3479 = CARTESIAN_POINT('',(174.38725822558,-64.1475,1.585));
#3480 = DIRECTION('',(0.,0.,-1.));
#3481 = DIRECTION('',(-3.759794253684E-06,0.999999999993,-0.));
#3482 = ORIENTED_EDGE('',*,*,#3483,.T.);
#3483 = EDGE_CURVE('',#3475,#3456,#3484,.T.);
#3484 = LINE('',#3485,#3486);
#3485 = CARTESIAN_POINT('',(174.387258,-64.2075,1.585));
#3486 = VECTOR('',#3487,1.);
#3487 = DIRECTION('',(-1.,0.,0.));
#3488 = PLANE('',#3489);
#3489 = AXIS2_PLACEMENT_3D('',#3490,#3491,#3492);
#3490 = CARTESIAN_POINT('',(0.,0.,1.585));
#3491 = DIRECTION('',(0.,0.,1.));
#3492 = DIRECTION('',(1.,0.,-0.));
#3493 = SHELL_BASED_SURFACE_MODEL('',(#3494));
#3494 = OPEN_SHELL('',(#3495));
#3495 = ADVANCED_FACE('',(#3496,#3613),#3683,.T.);
#3496 = FACE_BOUND('',#3497,.F.);
#3497 = EDGE_LOOP('',(#3498,#3508,#3516,#3524,#3532,#3540,#3548,#3557,
    #3565,#3573,#3582,#3590,#3598,#3607));
#3498 = ORIENTED_EDGE('',*,*,#3499,.T.);
#3499 = EDGE_CURVE('',#3500,#3502,#3504,.T.);
#3500 = VERTEX_POINT('',#3501);
#3501 = CARTESIAN_POINT('',(156.481978,-63.560764,1.585));
#3502 = VERTEX_POINT('',#3503);
#3503 = CARTESIAN_POINT('',(156.542388,-63.532223,1.585));
#3504 = LINE('',#3505,#3506);
#3505 = CARTESIAN_POINT('',(156.481978,-63.560764,1.585));
#3506 = VECTOR('',#3507,1.);
#3507 = DIRECTION('',(0.904167401558,0.427178311668,0.));
#3508 = ORIENTED_EDGE('',*,*,#3509,.T.);
#3509 = EDGE_CURVE('',#3502,#3510,#3512,.T.);
#3510 = VERTEX_POINT('',#3511);
#3511 = CARTESIAN_POINT('',(156.652785,-63.506547,1.585));
#3512 = LINE('',#3513,#3514);
#3513 = CARTESIAN_POINT('',(156.542388,-63.532223,1.585));
#3514 = VECTOR('',#3515,1.);
#3515 = DIRECTION('',(0.974003590587,0.226532570558,0.));
#3516 = ORIENTED_EDGE('',*,*,#3517,.T.);
#3517 = EDGE_CURVE('',#3510,#3518,#3520,.T.);
#3518 = VERTEX_POINT('',#3519);
#3519 = CARTESIAN_POINT('',(156.779342,-63.50804,1.585));
#3520 = LINE('',#3521,#3522);
#3521 = CARTESIAN_POINT('',(156.652785,-63.506547,1.585));
#3522 = VECTOR('',#3523,1.);
#3523 = DIRECTION('',(0.999930421999,-1.179623505651E-02,0.));
#3524 = ORIENTED_EDGE('',*,*,#3525,.T.);
#3525 = EDGE_CURVE('',#3518,#3526,#3528,.T.);
#3526 = VERTEX_POINT('',#3527);
#3527 = CARTESIAN_POINT('',(156.895021,-63.536955,1.585));
#3528 = LINE('',#3529,#3530);
#3529 = CARTESIAN_POINT('',(156.779342,-63.50804,1.585));
#3530 = VECTOR('',#3531,1.);
#3531 = DIRECTION('',(0.970151872664,-0.242498131883,0.));
#3532 = ORIENTED_EDGE('',*,*,#3533,.T.);
#3533 = EDGE_CURVE('',#3526,#3534,#3536,.T.);
#3534 = VERTEX_POINT('',#3535);
#3535 = CARTESIAN_POINT('',(156.958884,-63.572472,1.585));
#3536 = LINE('',#3537,#3538);
#3537 = CARTESIAN_POINT('',(156.895021,-63.536955,1.585));
#3538 = VECTOR('',#3539,1.);
#3539 = DIRECTION('',(0.873939009055,-0.486035604099,0.));
#3540 = ORIENTED_EDGE('',*,*,#3541,.T.);
#3541 = EDGE_CURVE('',#3534,#3542,#3544,.T.);
#3542 = VERTEX_POINT('',#3543);
#3543 = CARTESIAN_POINT('',(156.994402,-63.612526,1.585));
#3544 = LINE('',#3545,#3546);
#3545 = CARTESIAN_POINT('',(156.958884,-63.572472,1.585));
#3546 = VECTOR('',#3547,1.);
#3547 = DIRECTION('',(0.663470597297,-0.748202356668,0.));
#3548 = ORIENTED_EDGE('',*,*,#3549,.T.);
#3549 = EDGE_CURVE('',#3542,#3550,#3552,.T.);
#3550 = VERTEX_POINT('',#3551);
#3551 = CARTESIAN_POINT('',(156.988257,-63.8192,1.585));
#3552 = CIRCLE('',#3553,0.170740389697);
#3553 = AXIS2_PLACEMENT_3D('',#3554,#3555,#3556);
#3554 = CARTESIAN_POINT('',(156.85550609967,-63.71182458783,1.585));
#3555 = DIRECTION('',(0.,0.,-1.));
#3556 = DIRECTION('',(0.813491761213,0.581576439033,0.));
#3557 = ORIENTED_EDGE('',*,*,#3558,.T.);
#3558 = EDGE_CURVE('',#3550,#3559,#3561,.T.);
#3559 = VERTEX_POINT('',#3560);
#3560 = CARTESIAN_POINT('',(156.942641,-63.863043,1.585));
#3561 = LINE('',#3562,#3563);
#3562 = CARTESIAN_POINT('',(156.988257,-63.8192,1.585));
#3563 = VECTOR('',#3564,1.);
#3564 = DIRECTION('',(-0.720979440179,-0.692956453783,0.));
#3565 = ORIENTED_EDGE('',*,*,#3566,.T.);
#3566 = EDGE_CURVE('',#3559,#3567,#3569,.T.);
#3567 = VERTEX_POINT('',#3568);
#3568 = CARTESIAN_POINT('',(156.882229,-63.891586,1.585));
#3569 = LINE('',#3570,#3571);
#3570 = CARTESIAN_POINT('',(156.942641,-63.863043,1.585));
#3571 = VECTOR('',#3572,1.);
#3572 = DIRECTION('',(-0.904161302302,-0.427191221141,0.));
#3573 = ORIENTED_EDGE('',*,*,#3574,.T.);
#3574 = EDGE_CURVE('',#3567,#3575,#3577,.T.);
#3575 = VERTEX_POINT('',#3576);
#3576 = CARTESIAN_POINT('',(156.529596,-63.886854,1.585));
#3577 = CIRCLE('',#3578,0.509523480015);
#3578 = AXIS2_PLACEMENT_3D('',#3579,#3580,#3581);
#3579 = CARTESIAN_POINT('',(156.71232674893,-63.41122425946,1.585));
#3580 = DIRECTION('',(-0.,0.,-1.));
#3581 = DIRECTION('',(0.333453231756,-0.942766642511,-0.));
#3582 = ORIENTED_EDGE('',*,*,#3583,.T.);
#3583 = EDGE_CURVE('',#3575,#3584,#3586,.T.);
#3584 = VERTEX_POINT('',#3585);
#3585 = CARTESIAN_POINT('',(156.465734,-63.851336,1.585));
#3586 = LINE('',#3587,#3588);
#3587 = CARTESIAN_POINT('',(156.529596,-63.886854,1.585));
#3588 = VECTOR('',#3589,1.);
#3589 = DIRECTION('',(-0.873929963395,0.486051868715,0.));
#3590 = ORIENTED_EDGE('',*,*,#3591,.T.);
#3591 = EDGE_CURVE('',#3584,#3592,#3594,.T.);
#3592 = VERTEX_POINT('',#3593);
#3593 = CARTESIAN_POINT('',(156.430218,-63.811284,1.585));
#3594 = LINE('',#3595,#3596);
#3595 = CARTESIAN_POINT('',(156.465734,-63.851336,1.585));
#3596 = VECTOR('',#3597,1.);
#3597 = DIRECTION('',(-0.663468228695,0.748204457025,0.));
#3598 = ORIENTED_EDGE('',*,*,#3599,.T.);
#3599 = EDGE_CURVE('',#3592,#3600,#3602,.T.);
#3600 = VERTEX_POINT('',#3601);
#3601 = CARTESIAN_POINT('',(156.436356,-63.604616,1.585));
#3602 = CIRCLE('',#3603,0.170730584689);
#3603 = AXIS2_PLACEMENT_3D('',#3604,#3605,#3606);
#3604 = CARTESIAN_POINT('',(156.56910057812,-63.71198363724,1.585));
#3605 = DIRECTION('',(0.,0.,-1.));
#3606 = DIRECTION('',(-0.81346044924,-0.581620234794,-0.));
#3607 = ORIENTED_EDGE('',*,*,#3608,.T.);
#3608 = EDGE_CURVE('',#3600,#3500,#3609,.T.);
#3609 = LINE('',#3610,#3611);
#3610 = CARTESIAN_POINT('',(156.436356,-63.604616,1.585));
#3611 = VECTOR('',#3612,1.);
#3612 = DIRECTION('',(0.720953912935,0.692983012363,0.));
#3613 = FACE_BOUND('',#3614,.F.);
#3614 = EDGE_LOOP('',(#3615,#3626,#3634,#3643,#3651,#3660,#3668,#3677));
#3615 = ORIENTED_EDGE('',*,*,#3616,.T.);
#3616 = EDGE_CURVE('',#3617,#3619,#3621,.T.);
#3617 = VERTEX_POINT('',#3618);
#3618 = CARTESIAN_POINT('',(156.845257,-63.651827,1.585));
#3619 = VERTEX_POINT('',#3620);
#3620 = CARTESIAN_POINT('',(156.579359,-63.651827,1.585));
#3621 = CIRCLE('',#3622,0.383219434194);
#3622 = AXIS2_PLACEMENT_3D('',#3623,#3624,#3625);
#3623 = CARTESIAN_POINT('',(156.712308,-64.01124555564,1.585));
#3624 = DIRECTION('',(0.,0.,1.));
#3625 = DIRECTION('',(0.346926559922,0.937892297666,-0.));
#3626 = ORIENTED_EDGE('',*,*,#3627,.T.);
#3627 = EDGE_CURVE('',#3619,#3628,#3630,.T.);
#3628 = VERTEX_POINT('',#3629);
#3629 = CARTESIAN_POINT('',(156.54695,-63.668031,1.585));
#3630 = LINE('',#3631,#3632);
#3631 = CARTESIAN_POINT('',(156.579359,-63.651827,1.585));
#3632 = VECTOR('',#3633,1.);
#3633 = DIRECTION('',(-0.894432710588,-0.447202556153,0.));
#3634 = ORIENTED_EDGE('',*,*,#3635,.T.);
#3635 = EDGE_CURVE('',#3628,#3636,#3638,.T.);
#3636 = VERTEX_POINT('',#3637);
#3637 = CARTESIAN_POINT('',(156.546951,-63.755777,1.585));
#3638 = CIRCLE('',#3639,5.34582914752E-02);
#3639 = AXIS2_PLACEMENT_3D('',#3640,#3641,#3642);
#3640 = CARTESIAN_POINT('',(156.57749471054,-63.7119036519,1.585));
#3641 = DIRECTION('',(0.,0.,1.));
#3642 = DIRECTION('',(-0.571374611989,0.820689376545,0.));
#3643 = ORIENTED_EDGE('',*,*,#3644,.T.);
#3644 = EDGE_CURVE('',#3636,#3645,#3647,.T.);
#3645 = VERTEX_POINT('',#3646);
#3646 = CARTESIAN_POINT('',(156.579359,-63.771981,1.585));
#3647 = LINE('',#3648,#3649);
#3648 = CARTESIAN_POINT('',(156.546951,-63.755777,1.585));
#3649 = VECTOR('',#3650,1.);
#3650 = DIRECTION('',(0.894427191,-0.4472135955,0.));
#3651 = ORIENTED_EDGE('',*,*,#3652,.T.);
#3652 = EDGE_CURVE('',#3645,#3653,#3655,.T.);
#3653 = VERTEX_POINT('',#3654);
#3654 = CARTESIAN_POINT('',(156.845258,-63.771981,1.585));
#3655 = CIRCLE('',#3656,0.383219086521);
#3656 = AXIS2_PLACEMENT_3D('',#3657,#3658,#3659);
#3657 = CARTESIAN_POINT('',(156.7123085,-63.412563,1.585));
#3658 = DIRECTION('',(0.,0.,1.));
#3659 = DIRECTION('',(-0.346928179405,-0.937891698617,0.));
#3660 = ORIENTED_EDGE('',*,*,#3661,.T.);
#3661 = EDGE_CURVE('',#3653,#3662,#3664,.T.);
#3662 = VERTEX_POINT('',#3663);
#3663 = CARTESIAN_POINT('',(156.877669,-63.755775,1.585));
#3664 = LINE('',#3665,#3666);
#3665 = CARTESIAN_POINT('',(156.845258,-63.771981,1.585));
#3666 = VECTOR('',#3667,1.);
#3667 = DIRECTION('',(0.894421671684,0.447224633961,0.));
#3668 = ORIENTED_EDGE('',*,*,#3669,.T.);
#3669 = EDGE_CURVE('',#3662,#3670,#3672,.T.);
#3670 = VERTEX_POINT('',#3671);
#3671 = CARTESIAN_POINT('',(156.877669,-63.668033,1.585));
#3672 = CIRCLE('',#3673,5.345634378066E-02);
#3673 = AXIS2_PLACEMENT_3D('',#3674,#3675,#3676);
#3674 = CARTESIAN_POINT('',(156.84712532554,-63.711904,1.585));
#3675 = DIRECTION('',(0.,-0.,1.));
#3676 = DIRECTION('',(0.571376048151,-0.820688376669,-0.));
#3677 = ORIENTED_EDGE('',*,*,#3678,.T.);
#3678 = EDGE_CURVE('',#3670,#3617,#3679,.T.);
#3679 = LINE('',#3680,#3681);
#3680 = CARTESIAN_POINT('',(156.877669,-63.668033,1.585));
#3681 = VECTOR('',#3682,1.);
#3682 = DIRECTION('',(-0.894427191,0.4472135955,0.));
#3683 = PLANE('',#3684);
#3684 = AXIS2_PLACEMENT_3D('',#3685,#3686,#3687);
#3685 = CARTESIAN_POINT('',(0.,0.,1.585));
#3686 = DIRECTION('',(0.,0.,1.));
#3687 = DIRECTION('',(1.,0.,-0.));
#3688 = SHELL_BASED_SURFACE_MODEL('',(#3689));
#3689 = OPEN_SHELL('',(#3690));
#3690 = ADVANCED_FACE('',(#3691),#3760,.T.);
#3691 = FACE_BOUND('',#3692,.F.);
#3692 = EDGE_LOOP('',(#3693,#3704,#3712,#3720,#3729,#3737,#3746,#3754));
#3693 = ORIENTED_EDGE('',*,*,#3694,.T.);
#3694 = EDGE_CURVE('',#3695,#3697,#3699,.T.);
#3695 = VERTEX_POINT('',#3696);
#3696 = CARTESIAN_POINT('',(154.054567,-62.687039,1.585));
#3697 = VERTEX_POINT('',#3698);
#3698 = CARTESIAN_POINT('',(154.17,-62.71,1.585));
#3699 = CIRCLE('',#3700,6.000007318647E-02);
#3700 = AXIS2_PLACEMENT_3D('',#3701,#3702,#3703);
#3701 = CARTESIAN_POINT('',(154.10999992681,-62.70999982331,1.585));
#3702 = DIRECTION('',(0.,0.,-1.));
#3703 = DIRECTION('',(-0.923880986637,0.382679921777,0.));
#3704 = ORIENTED_EDGE('',*,*,#3705,.T.);
#3705 = EDGE_CURVE('',#3697,#3706,#3708,.T.);
#3706 = VERTEX_POINT('',#3707);
#3707 = CARTESIAN_POINT('',(154.17,-63.73,1.585));
#3708 = LINE('',#3709,#3710);
#3709 = CARTESIAN_POINT('',(154.17,-62.71,1.585));
#3710 = VECTOR('',#3711,1.);
#3711 = DIRECTION('',(0.,-1.,0.));
#3712 = ORIENTED_EDGE('',*,*,#3713,.T.);
#3713 = EDGE_CURVE('',#3706,#3714,#3716,.T.);
#3714 = VERTEX_POINT('',#3715);
#3715 = CARTESIAN_POINT('',(154.54,-63.73,1.585));
#3716 = LINE('',#3717,#3718);
#3717 = CARTESIAN_POINT('',(154.17,-63.73,1.585));
#3718 = VECTOR('',#3719,1.);
#3719 = DIRECTION('',(1.,0.,0.));
#3720 = ORIENTED_EDGE('',*,*,#3721,.T.);
#3721 = EDGE_CURVE('',#3714,#3722,#3724,.T.);
#3722 = VERTEX_POINT('',#3723);
#3723 = CARTESIAN_POINT('',(154.54,-63.85,1.585));
#3724 = CIRCLE('',#3725,6.000000000042E-02);
#3725 = AXIS2_PLACEMENT_3D('',#3726,#3727,#3728);
#3726 = CARTESIAN_POINT('',(154.54000022558,-63.79,1.585));
#3727 = DIRECTION('',(0.,0.,-1.));
#3728 = DIRECTION('',(-3.759794727378E-06,0.999999999993,-0.));
#3729 = ORIENTED_EDGE('',*,*,#3730,.T.);
#3730 = EDGE_CURVE('',#3722,#3731,#3733,.T.);
#3731 = VERTEX_POINT('',#3732);
#3732 = CARTESIAN_POINT('',(154.11,-63.85,1.585));
#3733 = LINE('',#3734,#3735);
#3734 = CARTESIAN_POINT('',(154.54,-63.85,1.585));
#3735 = VECTOR('',#3736,1.);
#3736 = DIRECTION('',(-1.,0.,0.));
#3737 = ORIENTED_EDGE('',*,*,#3738,.T.);
#3738 = EDGE_CURVE('',#3731,#3739,#3741,.T.);
#3739 = VERTEX_POINT('',#3740);
#3740 = CARTESIAN_POINT('',(154.05,-63.79,1.585));
#3741 = CIRCLE('',#3742,5.999932016259E-02);
#3742 = AXIS2_PLACEMENT_3D('',#3743,#3744,#3745);
#3743 = CARTESIAN_POINT('',(154.10999932015,-63.79000067984,1.585));
#3744 = DIRECTION('',(0.,0.,-1.));
#3745 = DIRECTION('',(1.133081612143E-05,-0.999999999936,0.));
#3746 = ORIENTED_EDGE('',*,*,#3747,.T.);
#3747 = EDGE_CURVE('',#3739,#3748,#3750,.T.);
#3748 = VERTEX_POINT('',#3749);
#3749 = CARTESIAN_POINT('',(154.05,-62.71,1.585));
#3750 = LINE('',#3751,#3752);
#3751 = CARTESIAN_POINT('',(154.05,-63.79,1.585));
#3752 = VECTOR('',#3753,1.);
#3753 = DIRECTION('',(0.,1.,0.));
#3754 = ORIENTED_EDGE('',*,*,#3755,.T.);
#3755 = EDGE_CURVE('',#3748,#3695,#3756,.T.);
#3756 = LINE('',#3757,#3758);
#3757 = CARTESIAN_POINT('',(154.05,-62.71,1.585));
#3758 = VECTOR('',#3759,1.);
#3759 = DIRECTION('',(0.195081000117,0.980787134598,0.));
#3760 = PLANE('',#3761);
#3761 = AXIS2_PLACEMENT_3D('',#3762,#3763,#3764);
#3762 = CARTESIAN_POINT('',(0.,0.,1.585));
#3763 = DIRECTION('',(0.,0.,1.));
#3764 = DIRECTION('',(1.,0.,-0.));
#3765 = SHELL_BASED_SURFACE_MODEL('',(#3766));
#3766 = OPEN_SHELL('',(#3767));
#3767 = ADVANCED_FACE('',(#3768,#3877),#3928,.T.);
#3768 = FACE_BOUND('',#3769,.F.);
#3769 = EDGE_LOOP('',(#3770,#3780,#3788,#3797,#3805,#3813,#3821,#3829,
    #3838,#3846,#3854,#3862,#3871));
#3770 = ORIENTED_EDGE('',*,*,#3771,.T.);
#3771 = EDGE_CURVE('',#3772,#3774,#3776,.T.);
#3772 = VERTEX_POINT('',#3773);
#3773 = CARTESIAN_POINT('',(173.936605,-63.475445,1.585));
#3774 = VERTEX_POINT('',#3775);
#3775 = CARTESIAN_POINT('',(173.953517,-63.458533,1.585));
#3776 = LINE('',#3777,#3778);
#3777 = CARTESIAN_POINT('',(173.936605,-63.475445,1.585));
#3778 = VECTOR('',#3779,1.);
#3779 = DIRECTION('',(0.707106781187,0.707106781186,0.));
#3780 = ORIENTED_EDGE('',*,*,#3781,.T.);
#3781 = EDGE_CURVE('',#3774,#3782,#3784,.T.);
#3782 = VERTEX_POINT('',#3783);
#3783 = CARTESIAN_POINT('',(174.062249,-63.456459,1.585));
#3784 = LINE('',#3785,#3786);
#3785 = CARTESIAN_POINT('',(173.953517,-63.458533,1.585));
#3786 = VECTOR('',#3787,1.);
#3787 = DIRECTION('',(0.999818132847,1.907095250272E-02,0.));
#3788 = ORIENTED_EDGE('',*,*,#3789,.T.);
#3789 = EDGE_CURVE('',#3782,#3790,#3792,.T.);
#3790 = VERTEX_POINT('',#3791);
#3791 = CARTESIAN_POINT('',(174.139583,-63.535023,1.585));
#3792 = CIRCLE('',#3793,9.551901418158E-02);
#3793 = AXIS2_PLACEMENT_3D('',#3794,#3795,#3796);
#3794 = CARTESIAN_POINT('',(174.0453206189,-63.55046597837,1.585));
#3795 = DIRECTION('',(0.,0.,-1.));
#3796 = DIRECTION('',(0.177225249198,0.984170316077,0.));
#3797 = ORIENTED_EDGE('',*,*,#3798,.T.);
#3798 = EDGE_CURVE('',#3790,#3799,#3801,.T.);
#3799 = VERTEX_POINT('',#3800);
#3800 = CARTESIAN_POINT('',(174.136284,-63.584713,1.585));
#3801 = LINE('',#3802,#3803);
#3802 = CARTESIAN_POINT('',(174.139583,-63.535023,1.585));
#3803 = VECTOR('',#3804,1.);
#3804 = DIRECTION('',(-6.624578793653E-02,-0.997803335122,0.));
#3805 = ORIENTED_EDGE('',*,*,#3806,.T.);
#3806 = EDGE_CURVE('',#3799,#3807,#3809,.T.);
#3807 = VERTEX_POINT('',#3808);
#3808 = CARTESIAN_POINT('',(174.118526,-63.616644,1.585));
#3809 = LINE('',#3810,#3811);
#3810 = CARTESIAN_POINT('',(174.136284,-63.584713,1.585));
#3811 = VECTOR('',#3812,1.);
#3812 = DIRECTION('',(-0.486030964876,-0.873941589113,0.));
#3813 = ORIENTED_EDGE('',*,*,#3814,.T.);
#3814 = EDGE_CURVE('',#3807,#3815,#3817,.T.);
#3815 = VERTEX_POINT('',#3816);
#3816 = CARTESIAN_POINT('',(174.080631,-63.643336,1.585));
#3817 = LINE('',#3818,#3819);
#3818 = CARTESIAN_POINT('',(174.118526,-63.616644,1.585));
#3819 = VECTOR('',#3820,1.);
#3820 = DIRECTION('',(-0.817550992355,-0.575856210264,0.));
#3821 = ORIENTED_EDGE('',*,*,#3822,.T.);
#3822 = EDGE_CURVE('',#3815,#3823,#3825,.T.);
#3823 = VERTEX_POINT('',#3824);
#3824 = CARTESIAN_POINT('',(174.138843,-63.730644,1.585));
#3825 = LINE('',#3826,#3827);
#3826 = CARTESIAN_POINT('',(174.080631,-63.643336,1.585));
#3827 = VECTOR('',#3828,1.);
#3828 = DIRECTION('',(0.554744178783,-0.832020970954,0.));
#3829 = ORIENTED_EDGE('',*,*,#3830,.T.);
#3830 = EDGE_CURVE('',#3823,#3831,#3833,.T.);
#3831 = VERTEX_POINT('',#3832);
#3832 = CARTESIAN_POINT('',(174.091539,-63.763757,1.585));
#3833 = CIRCLE('',#3834,3.124992319403E-02);
#3834 = AXIS2_PLACEMENT_3D('',#3835,#3836,#3837);
#3835 = CARTESIAN_POINT('',(174.10833281081,-63.73740314604,1.585));
#3836 = DIRECTION('',(0.,0.,-1.));
#3837 = DIRECTION('',(0.976328453643,0.216293205178,0.));
#3838 = ORIENTED_EDGE('',*,*,#3839,.T.);
#3839 = EDGE_CURVE('',#3831,#3840,#3842,.T.);
#3840 = VERTEX_POINT('',#3841);
#3841 = CARTESIAN_POINT('',(174.008729,-63.649607,1.585));
#3842 = LINE('',#3843,#3844);
#3843 = CARTESIAN_POINT('',(174.091539,-63.763757,1.585));
#3844 = VECTOR('',#3845,1.);
#3845 = DIRECTION('',(-0.587205752545,0.809437708646,0.));
#3846 = ORIENTED_EDGE('',*,*,#3847,.T.);
#3847 = EDGE_CURVE('',#3840,#3848,#3850,.T.);
#3848 = VERTEX_POINT('',#3849);
#3849 = CARTESIAN_POINT('',(173.996726,-63.649607,1.585));
#3850 = LINE('',#3851,#3852);
#3851 = CARTESIAN_POINT('',(174.008729,-63.649607,1.585));
#3852 = VECTOR('',#3853,1.);
#3853 = DIRECTION('',(-1.,0.,0.));
#3854 = ORIENTED_EDGE('',*,*,#3855,.T.);
#3855 = EDGE_CURVE('',#3848,#3856,#3858,.T.);
#3856 = VERTEX_POINT('',#3857);
#3857 = CARTESIAN_POINT('',(173.994347,-63.749363,1.585));
#3858 = LINE('',#3859,#3860);
#3859 = CARTESIAN_POINT('',(173.996726,-63.649607,1.585));
#3860 = VECTOR('',#3861,1.);
#3861 = DIRECTION('',(-2.384141081013E-02,-0.999715753167,0.));
#3862 = ORIENTED_EDGE('',*,*,#3863,.T.);
#3863 = EDGE_CURVE('',#3856,#3864,#3866,.T.);
#3864 = VERTEX_POINT('',#3865);
#3865 = CARTESIAN_POINT('',(173.936605,-63.749363,1.585));
#3866 = CIRCLE('',#3867,3.124983715159E-02);
#3867 = AXIS2_PLACEMENT_3D('',#3868,#3869,#3870);
#3868 = CARTESIAN_POINT('',(173.965476,-63.737404,1.585));
#3869 = DIRECTION('',(-0.,0.,-1.));
#3870 = DIRECTION('',(0.92387681446,-0.382689994255,-0.));
#3871 = ORIENTED_EDGE('',*,*,#3872,.T.);
#3872 = EDGE_CURVE('',#3864,#3772,#3873,.T.);
#3873 = LINE('',#3874,#3875);
#3874 = CARTESIAN_POINT('',(173.936605,-63.749363,1.585));
#3875 = VECTOR('',#3876,1.);
#3876 = DIRECTION('',(0.,1.,0.));
#3877 = FACE_BOUND('',#3878,.F.);
#3878 = EDGE_LOOP('',(#3879,#3890,#3898,#3906,#3914,#3922));
#3879 = ORIENTED_EDGE('',*,*,#3880,.T.);
#3880 = EDGE_CURVE('',#3881,#3883,#3885,.T.);
#3881 = VERTEX_POINT('',#3882);
#3882 = CARTESIAN_POINT('',(174.070745,-63.576036,1.585));
#3883 = VERTEX_POINT('',#3884);
#3884 = CARTESIAN_POINT('',(174.066013,-63.524992,1.585));
#3885 = CIRCLE('',#3886,3.782387131785E-02);
#3886 = AXIS2_PLACEMENT_3D('',#3887,#3888,#3889);
#3887 = CARTESIAN_POINT('',(174.04068274712,-63.55308156266,1.585));
#3888 = DIRECTION('',(0.,-0.,1.));
#3889 = DIRECTION('',(0.794795768644,-0.606876994246,-0.));
#3890 = ORIENTED_EDGE('',*,*,#3891,.T.);
#3891 = EDGE_CURVE('',#3883,#3892,#3894,.T.);
#3892 = VERTEX_POINT('',#3893);
#3893 = CARTESIAN_POINT('',(174.053337,-63.518654,1.585));
#3894 = LINE('',#3895,#3896);
#3895 = CARTESIAN_POINT('',(174.066013,-63.524992,1.585));
#3896 = VECTOR('',#3897,1.);
#3897 = DIRECTION('',(-0.894427191,0.4472135955,0.));
#3898 = ORIENTED_EDGE('',*,*,#3899,.T.);
#3899 = EDGE_CURVE('',#3892,#3900,#3902,.T.);
#3900 = VERTEX_POINT('',#3901);
#3901 = CARTESIAN_POINT('',(173.996726,-63.518654,1.585));
#3902 = LINE('',#3903,#3904);
#3903 = CARTESIAN_POINT('',(174.053337,-63.518654,1.585));
#3904 = VECTOR('',#3905,1.);
#3905 = DIRECTION('',(-1.,0.,0.));
#3906 = ORIENTED_EDGE('',*,*,#3907,.T.);
#3907 = EDGE_CURVE('',#3900,#3908,#3910,.T.);
#3908 = VERTEX_POINT('',#3909);
#3909 = CARTESIAN_POINT('',(173.996726,-63.587107,1.585));
#3910 = LINE('',#3911,#3912);
#3911 = CARTESIAN_POINT('',(173.996726,-63.518654,1.585));
#3912 = VECTOR('',#3913,1.);
#3913 = DIRECTION('',(0.,-1.,0.));
#3914 = ORIENTED_EDGE('',*,*,#3915,.T.);
#3915 = EDGE_CURVE('',#3908,#3916,#3918,.T.);
#3916 = VERTEX_POINT('',#3917);
#3917 = CARTESIAN_POINT('',(174.053337,-63.587107,1.585));
#3918 = LINE('',#3919,#3920);
#3919 = CARTESIAN_POINT('',(173.996726,-63.587107,1.585));
#3920 = VECTOR('',#3921,1.);
#3921 = DIRECTION('',(1.,0.,0.));
#3922 = ORIENTED_EDGE('',*,*,#3923,.T.);
#3923 = EDGE_CURVE('',#3916,#3881,#3924,.T.);
#3924 = LINE('',#3925,#3926);
#3925 = CARTESIAN_POINT('',(174.053337,-63.587107,1.585));
#3926 = VECTOR('',#3927,1.);
#3927 = DIRECTION('',(0.843811149754,0.536640236612,0.));
#3928 = PLANE('',#3929);
#3929 = AXIS2_PLACEMENT_3D('',#3930,#3931,#3932);
#3930 = CARTESIAN_POINT('',(0.,0.,1.585));
#3931 = DIRECTION('',(0.,0.,1.));
#3932 = DIRECTION('',(1.,0.,-0.));
#3933 = SHELL_BASED_SURFACE_MODEL('',(#3934));
#3934 = OPEN_SHELL('',(#3935));
#3935 = ADVANCED_FACE('',(#3936),#4053,.T.);
#3936 = FACE_BOUND('',#3937,.F.);
#3937 = EDGE_LOOP('',(#3938,#3948,#3956,#3964,#3972,#3980,#3989,#3997,
    #4006,#4014,#4022,#4030,#4039,#4047));
#3938 = ORIENTED_EDGE('',*,*,#3939,.T.);
#3939 = EDGE_CURVE('',#3940,#3942,#3944,.T.);
#3940 = VERTEX_POINT('',#3941);
#3941 = CARTESIAN_POINT('',(174.226905,-63.50321,1.585));
#3942 = VERTEX_POINT('',#3943);
#3943 = CARTESIAN_POINT('',(174.257611,-63.461439,1.585));
#3944 = LINE('',#3945,#3946);
#3945 = CARTESIAN_POINT('',(174.226905,-63.50321,1.585));
#3946 = VECTOR('',#3947,1.);
#3947 = DIRECTION('',(0.592290653888,0.805724382973,0.));
#3948 = ORIENTED_EDGE('',*,*,#3949,.T.);
#3949 = EDGE_CURVE('',#3942,#3950,#3952,.T.);
#3950 = VERTEX_POINT('',#3951);
#3951 = CARTESIAN_POINT('',(174.283742,-63.458533,1.585));
#3952 = LINE('',#3953,#3954);
#3953 = CARTESIAN_POINT('',(174.257611,-63.461439,1.585));
#3954 = VECTOR('',#3955,1.);
#3955 = DIRECTION('',(0.993873061892,0.110527538856,0.));
#3956 = ORIENTED_EDGE('',*,*,#3957,.T.);
#3957 = EDGE_CURVE('',#3950,#3958,#3960,.T.);
#3958 = VERTEX_POINT('',#3959);
#3959 = CARTESIAN_POINT('',(174.303871,-63.475445,1.585));
#3960 = LINE('',#3961,#3962);
#3961 = CARTESIAN_POINT('',(174.283742,-63.458533,1.585));
#3962 = VECTOR('',#3963,1.);
#3963 = DIRECTION('',(0.765636673106,-0.643273258262,0.));
#3964 = ORIENTED_EDGE('',*,*,#3965,.T.);
#3965 = EDGE_CURVE('',#3958,#3966,#3968,.T.);
#3966 = VERTEX_POINT('',#3967);
#3967 = CARTESIAN_POINT('',(174.30625,-63.706154,1.585));
#3968 = LINE('',#3969,#3970);
#3969 = CARTESIAN_POINT('',(174.303871,-63.475445,1.585));
#3970 = VECTOR('',#3971,1.);
#3971 = DIRECTION('',(1.031114316913E-02,-0.99994683875,0.));
#3972 = ORIENTED_EDGE('',*,*,#3973,.T.);
#3973 = EDGE_CURVE('',#3966,#3974,#3976,.T.);
#3974 = VERTEX_POINT('',#3975);
#3975 = CARTESIAN_POINT('',(174.358388,-63.708533,1.585));
#3976 = LINE('',#3977,#3978);
#3977 = CARTESIAN_POINT('',(174.30625,-63.706154,1.585));
#3978 = VECTOR('',#3979,1.);
#3979 = DIRECTION('',(0.998960624084,-4.558148231043E-02,0.));
#3980 = ORIENTED_EDGE('',*,*,#3981,.T.);
#3981 = EDGE_CURVE('',#3974,#3982,#3984,.T.);
#3982 = VERTEX_POINT('',#3983);
#3983 = CARTESIAN_POINT('',(174.358388,-63.766275,1.585));
#3984 = CIRCLE('',#3985,3.124983715156E-02);
#3985 = AXIS2_PLACEMENT_3D('',#3986,#3987,#3988);
#3986 = CARTESIAN_POINT('',(174.346429,-63.737404,1.585));
#3987 = DIRECTION('',(0.,0.,-1.));
#3988 = DIRECTION('',(0.382689994254,0.923876814461,0.));
#3989 = ORIENTED_EDGE('',*,*,#3990,.T.);
#3990 = EDGE_CURVE('',#3982,#3991,#3993,.T.);
#3991 = VERTEX_POINT('',#3992);
#3992 = CARTESIAN_POINT('',(174.191613,-63.766275,1.585));
#3993 = LINE('',#3994,#3995);
#3994 = CARTESIAN_POINT('',(174.358388,-63.766275,1.585));
#3995 = VECTOR('',#3996,1.);
#3996 = DIRECTION('',(-1.,0.,0.));
#3997 = ORIENTED_EDGE('',*,*,#3998,.T.);
#3998 = EDGE_CURVE('',#3991,#3999,#4001,.T.);
#3999 = VERTEX_POINT('',#4000);
#4000 = CARTESIAN_POINT('',(174.191613,-63.708533,1.585));
#4001 = CIRCLE('',#4002,3.124983715158E-02);
#4002 = AXIS2_PLACEMENT_3D('',#4003,#4004,#4005);
#4003 = CARTESIAN_POINT('',(174.203572,-63.737404,1.585));
#4004 = DIRECTION('',(0.,0.,-1.));
#4005 = DIRECTION('',(-0.382689994255,-0.92387681446,-0.));
#4006 = ORIENTED_EDGE('',*,*,#4007,.T.);
#4007 = EDGE_CURVE('',#3999,#4008,#4010,.T.);
#4008 = VERTEX_POINT('',#4009);
#4009 = CARTESIAN_POINT('',(174.24375,-63.706154,1.585));
#4010 = LINE('',#4011,#4012);
#4011 = CARTESIAN_POINT('',(174.191613,-63.708533,1.585));
#4012 = VECTOR('',#4013,1.);
#4013 = DIRECTION('',(0.998960584275,4.558235475754E-02,0.));
#4014 = ORIENTED_EDGE('',*,*,#4015,.T.);
#4015 = EDGE_CURVE('',#4008,#4016,#4018,.T.);
#4016 = VERTEX_POINT('',#4017);
#4017 = CARTESIAN_POINT('',(174.24375,-63.573021,1.585));
#4018 = LINE('',#4019,#4020);
#4019 = CARTESIAN_POINT('',(174.24375,-63.706154,1.585));
#4020 = VECTOR('',#4021,1.);
#4021 = DIRECTION('',(0.,1.,0.));
#4022 = ORIENTED_EDGE('',*,*,#4023,.T.);
#4023 = EDGE_CURVE('',#4016,#4024,#4026,.T.);
#4024 = VERTEX_POINT('',#4025);
#4025 = CARTESIAN_POINT('',(174.205788,-63.590004,1.585));
#4026 = LINE('',#4027,#4028);
#4027 = CARTESIAN_POINT('',(174.24375,-63.573021,1.585));
#4028 = VECTOR('',#4029,1.);
#4029 = DIRECTION('',(-0.912818251895,-0.408366060058,0.));
#4030 = ORIENTED_EDGE('',*,*,#4031,.T.);
#4031 = EDGE_CURVE('',#4024,#4032,#4034,.T.);
#4032 = VERTEX_POINT('',#4033);
#4033 = CARTESIAN_POINT('',(174.179964,-63.538359,1.585));
#4034 = CIRCLE('',#4035,3.124967035473E-02);
#4035 = AXIS2_PLACEMENT_3D('',#4036,#4037,#4038);
#4036 = CARTESIAN_POINT('',(174.20357244142,-63.55883296861,1.585));
#4037 = DIRECTION('',(0.,0.,-1.));
#4038 = DIRECTION('',(7.089862240614E-02,-0.997483526351,0.));
#4039 = ORIENTED_EDGE('',*,*,#4040,.T.);
#4040 = EDGE_CURVE('',#4032,#4041,#4043,.T.);
#4041 = VERTEX_POINT('',#4042);
#4042 = CARTESIAN_POINT('',(174.208867,-63.521246,1.585));
#4043 = LINE('',#4044,#4045);
#4044 = CARTESIAN_POINT('',(174.179964,-63.538359,1.585));
#4045 = VECTOR('',#4046,1.);
#4046 = DIRECTION('',(0.860483460532,0.509478374566,0.));
#4047 = ORIENTED_EDGE('',*,*,#4048,.T.);
#4048 = EDGE_CURVE('',#4041,#3940,#4049,.T.);
#4049 = LINE('',#4050,#4051);
#4050 = CARTESIAN_POINT('',(174.208867,-63.521246,1.585));
#4051 = VECTOR('',#4052,1.);
#4052 = DIRECTION('',(0.707145983226,0.707067576974,0.));
#4053 = PLANE('',#4054);
#4054 = AXIS2_PLACEMENT_3D('',#4055,#4056,#4057);
#4055 = CARTESIAN_POINT('',(0.,0.,1.585));
#4056 = DIRECTION('',(0.,0.,1.));
#4057 = DIRECTION('',(1.,0.,-0.));
#4058 = SHELL_BASED_SURFACE_MODEL('',(#4059));
#4059 = OPEN_SHELL('',(#4060));
#4060 = ADVANCED_FACE('',(#4061),#4122,.T.);
#4061 = FACE_BOUND('',#4062,.F.);
#4062 = EDGE_LOOP('',(#4063,#4074,#4082,#4091,#4099,#4107,#4116));
#4063 = ORIENTED_EDGE('',*,*,#4064,.T.);
#4064 = EDGE_CURVE('',#4065,#4067,#4069,.T.);
#4065 = VERTEX_POINT('',#4066);
#4066 = CARTESIAN_POINT('',(181.66,-62.28,1.585));
#4067 = VERTEX_POINT('',#4068);
#4068 = CARTESIAN_POINT('',(181.72,-62.22,1.585));
#4069 = CIRCLE('',#4070,5.999932016262E-02);
#4070 = AXIS2_PLACEMENT_3D('',#4071,#4072,#4073);
#4071 = CARTESIAN_POINT('',(181.71999932015,-62.27999932015,1.585));
#4072 = DIRECTION('',(0.,0.,-1.));
#4073 = DIRECTION('',(-0.999999999936,-1.133081564772E-05,-0.));
#4074 = ORIENTED_EDGE('',*,*,#4075,.T.);
#4075 = EDGE_CURVE('',#4067,#4076,#4078,.T.);
#4076 = VERTEX_POINT('',#4077);
#4077 = CARTESIAN_POINT('',(183.1,-62.22,1.585));
#4078 = LINE('',#4079,#4080);
#4079 = CARTESIAN_POINT('',(181.72,-62.22,1.585));
#4080 = VECTOR('',#4081,1.);
#4081 = DIRECTION('',(1.,0.,0.));
#4082 = ORIENTED_EDGE('',*,*,#4083,.T.);
#4083 = EDGE_CURVE('',#4076,#4084,#4086,.T.);
#4084 = VERTEX_POINT('',#4085);
#4085 = CARTESIAN_POINT('',(183.1,-62.34,1.585));
#4086 = CIRCLE('',#4087,6.000000000043E-02);
#4087 = AXIS2_PLACEMENT_3D('',#4088,#4089,#4090);
#4088 = CARTESIAN_POINT('',(183.10000022558,-62.28,1.585));
#4089 = DIRECTION('',(0.,0.,-1.));
#4090 = DIRECTION('',(-3.759793779989E-06,0.999999999993,-0.));
#4091 = ORIENTED_EDGE('',*,*,#4092,.T.);
#4092 = EDGE_CURVE('',#4084,#4093,#4095,.T.);
#4093 = VERTEX_POINT('',#4094);
#4094 = CARTESIAN_POINT('',(181.78,-62.34,1.585));
#4095 = LINE('',#4096,#4097);
#4096 = CARTESIAN_POINT('',(183.1,-62.34,1.585));
#4097 = VECTOR('',#4098,1.);
#4098 = DIRECTION('',(-1.,0.,0.));
#4099 = ORIENTED_EDGE('',*,*,#4100,.T.);
#4100 = EDGE_CURVE('',#4093,#4101,#4103,.T.);
#4101 = VERTEX_POINT('',#4102);
#4102 = CARTESIAN_POINT('',(181.78,-63.66,1.585));
#4103 = LINE('',#4104,#4105);
#4104 = CARTESIAN_POINT('',(181.78,-62.34,1.585));
#4105 = VECTOR('',#4106,1.);
#4106 = DIRECTION('',(0.,-1.,0.));
#4107 = ORIENTED_EDGE('',*,*,#4108,.T.);
#4108 = EDGE_CURVE('',#4101,#4109,#4111,.T.);
#4109 = VERTEX_POINT('',#4110);
#4110 = CARTESIAN_POINT('',(181.66,-63.66,1.585));
#4111 = CIRCLE('',#4112,6.000000000043E-02);
#4112 = AXIS2_PLACEMENT_3D('',#4113,#4114,#4115);
#4113 = CARTESIAN_POINT('',(181.72,-63.66000022558,1.585));
#4114 = DIRECTION('',(0.,0.,-1.));
#4115 = DIRECTION('',(0.999999999993,3.75979413526E-06,0.));
#4116 = ORIENTED_EDGE('',*,*,#4117,.T.);
#4117 = EDGE_CURVE('',#4109,#4065,#4118,.T.);
#4118 = LINE('',#4119,#4120);
#4119 = CARTESIAN_POINT('',(181.66,-63.66,1.585));
#4120 = VECTOR('',#4121,1.);
#4121 = DIRECTION('',(0.,1.,0.));
#4122 = PLANE('',#4123);
#4123 = AXIS2_PLACEMENT_3D('',#4124,#4125,#4126);
#4124 = CARTESIAN_POINT('',(0.,0.,1.585));
#4125 = DIRECTION('',(0.,0.,1.));
#4126 = DIRECTION('',(1.,0.,-0.));
#4127 = SHELL_BASED_SURFACE_MODEL('',(#4128));
#4128 = OPEN_SHELL('',(#4129));
#4129 = ADVANCED_FACE('',(#4130),#4191,.T.);
#4130 = FACE_BOUND('',#4131,.F.);
#4131 = EDGE_LOOP('',(#4132,#4143,#4151,#4160,#4168,#4176,#4185));
#4132 = ORIENTED_EDGE('',*,*,#4133,.T.);
#4133 = EDGE_CURVE('',#4134,#4136,#4138,.T.);
#4134 = VERTEX_POINT('',#4135);
#4135 = CARTESIAN_POINT('',(185.46,-62.28,1.585));
#4136 = VERTEX_POINT('',#4137);
#4137 = CARTESIAN_POINT('',(185.52,-62.22,1.585));
#4138 = CIRCLE('',#4139,5.999932016253E-02);
#4139 = AXIS2_PLACEMENT_3D('',#4140,#4141,#4142);
#4140 = CARTESIAN_POINT('',(185.51999932015,-62.27999932015,1.585));
#4141 = DIRECTION('',(0.,0.,-1.));
#4142 = DIRECTION('',(-0.999999999936,-1.133081706884E-05,-0.));
#4143 = ORIENTED_EDGE('',*,*,#4144,.T.);
#4144 = EDGE_CURVE('',#4136,#4145,#4147,.T.);
#4145 = VERTEX_POINT('',#4146);
#4146 = CARTESIAN_POINT('',(186.9,-62.22,1.585));
#4147 = LINE('',#4148,#4149);
#4148 = CARTESIAN_POINT('',(185.52,-62.22,1.585));
#4149 = VECTOR('',#4150,1.);
#4150 = DIRECTION('',(1.,0.,0.));
#4151 = ORIENTED_EDGE('',*,*,#4152,.T.);
#4152 = EDGE_CURVE('',#4145,#4153,#4155,.T.);
#4153 = VERTEX_POINT('',#4154);
#4154 = CARTESIAN_POINT('',(186.9,-62.34,1.585));
#4155 = CIRCLE('',#4156,6.000000000043E-02);
#4156 = AXIS2_PLACEMENT_3D('',#4157,#4158,#4159);
#4157 = CARTESIAN_POINT('',(186.90000022558,-62.28,1.585));
#4158 = DIRECTION('',(0.,0.,-1.));
#4159 = DIRECTION('',(-3.759793779989E-06,0.999999999993,-0.));
#4160 = ORIENTED_EDGE('',*,*,#4161,.T.);
#4161 = EDGE_CURVE('',#4153,#4162,#4164,.T.);
#4162 = VERTEX_POINT('',#4163);
#4163 = CARTESIAN_POINT('',(185.58,-62.34,1.585));
#4164 = LINE('',#4165,#4166);
#4165 = CARTESIAN_POINT('',(186.9,-62.34,1.585));
#4166 = VECTOR('',#4167,1.);
#4167 = DIRECTION('',(-1.,0.,0.));
#4168 = ORIENTED_EDGE('',*,*,#4169,.T.);
#4169 = EDGE_CURVE('',#4162,#4170,#4172,.T.);
#4170 = VERTEX_POINT('',#4171);
#4171 = CARTESIAN_POINT('',(185.58,-63.66,1.585));
#4172 = LINE('',#4173,#4174);
#4173 = CARTESIAN_POINT('',(185.58,-62.34,1.585));
#4174 = VECTOR('',#4175,1.);
#4175 = DIRECTION('',(0.,-1.,0.));
#4176 = ORIENTED_EDGE('',*,*,#4177,.T.);
#4177 = EDGE_CURVE('',#4170,#4178,#4180,.T.);
#4178 = VERTEX_POINT('',#4179);
#4179 = CARTESIAN_POINT('',(185.46,-63.66,1.585));
#4180 = CIRCLE('',#4181,6.000000000042E-02);
#4181 = AXIS2_PLACEMENT_3D('',#4182,#4183,#4184);
#4182 = CARTESIAN_POINT('',(185.52,-63.66000022558,1.585));
#4183 = DIRECTION('',(0.,0.,-1.));
#4184 = DIRECTION('',(0.999999999993,3.759793898414E-06,0.));
#4185 = ORIENTED_EDGE('',*,*,#4186,.T.);
#4186 = EDGE_CURVE('',#4178,#4134,#4187,.T.);
#4187 = LINE('',#4188,#4189);
#4188 = CARTESIAN_POINT('',(185.46,-63.66,1.585));
#4189 = VECTOR('',#4190,1.);
#4190 = DIRECTION('',(0.,1.,0.));
#4191 = PLANE('',#4192);
#4192 = AXIS2_PLACEMENT_3D('',#4193,#4194,#4195);
#4193 = CARTESIAN_POINT('',(0.,0.,1.585));
#4194 = DIRECTION('',(0.,0.,1.));
#4195 = DIRECTION('',(1.,0.,-0.));
#4196 = SHELL_BASED_SURFACE_MODEL('',(#4197));
#4197 = OPEN_SHELL('',(#4198));
#4198 = ADVANCED_FACE('',(#4199),#4235,.T.);
#4199 = FACE_BOUND('',#4200,.F.);
#4200 = EDGE_LOOP('',(#4201,#4212,#4220,#4229));
#4201 = ORIENTED_EDGE('',*,*,#4202,.T.);
#4202 = EDGE_CURVE('',#4203,#4205,#4207,.T.);
#4203 = VERTEX_POINT('',#4204);
#4204 = CARTESIAN_POINT('',(173.912742,-63.1625,1.585));
#4205 = VERTEX_POINT('',#4206);
#4206 = CARTESIAN_POINT('',(173.912742,-63.0425,1.585));
#4207 = CIRCLE('',#4208,6.000000000042E-02);
#4208 = AXIS2_PLACEMENT_3D('',#4209,#4210,#4211);
#4209 = CARTESIAN_POINT('',(173.91274177441,-63.1025,1.585));
#4210 = DIRECTION('',(0.,0.,-1.));
#4211 = DIRECTION('',(3.759794727378E-06,-0.999999999993,0.));
#4212 = ORIENTED_EDGE('',*,*,#4213,.T.);
#4213 = EDGE_CURVE('',#4205,#4214,#4216,.T.);
#4214 = VERTEX_POINT('',#4215);
#4215 = CARTESIAN_POINT('',(174.387258,-63.0425,1.585));
#4216 = LINE('',#4217,#4218);
#4217 = CARTESIAN_POINT('',(173.912742,-63.0425,1.585));
#4218 = VECTOR('',#4219,1.);
#4219 = DIRECTION('',(1.,0.,0.));
#4220 = ORIENTED_EDGE('',*,*,#4221,.T.);
#4221 = EDGE_CURVE('',#4214,#4222,#4224,.T.);
#4222 = VERTEX_POINT('',#4223);
#4223 = CARTESIAN_POINT('',(174.387258,-63.1625,1.585));
#4224 = CIRCLE('',#4225,6.000000000043E-02);
#4225 = AXIS2_PLACEMENT_3D('',#4226,#4227,#4228);
#4226 = CARTESIAN_POINT('',(174.38725822558,-63.1025,1.585));
#4227 = DIRECTION('',(0.,0.,-1.));
#4228 = DIRECTION('',(-3.759793779988E-06,0.999999999993,-0.));
#4229 = ORIENTED_EDGE('',*,*,#4230,.T.);
#4230 = EDGE_CURVE('',#4222,#4203,#4231,.T.);
#4231 = LINE('',#4232,#4233);
#4232 = CARTESIAN_POINT('',(174.387258,-63.1625,1.585));
#4233 = VECTOR('',#4234,1.);
#4234 = DIRECTION('',(-1.,0.,0.));
#4235 = PLANE('',#4236);
#4236 = AXIS2_PLACEMENT_3D('',#4237,#4238,#4239);
#4237 = CARTESIAN_POINT('',(0.,0.,1.585));
#4238 = DIRECTION('',(0.,0.,1.));
#4239 = DIRECTION('',(1.,0.,-0.));
#4240 = SHELL_BASED_SURFACE_MODEL('',(#4241));
#4241 = OPEN_SHELL('',(#4242));
#4242 = ADVANCED_FACE('',(#4243),#4279,.T.);
#4243 = FACE_BOUND('',#4244,.F.);
#4244 = EDGE_LOOP('',(#4245,#4256,#4264,#4273));
#4245 = ORIENTED_EDGE('',*,*,#4246,.T.);
#4246 = EDGE_CURVE('',#4247,#4249,#4251,.T.);
#4247 = VERTEX_POINT('',#4248);
#4248 = CARTESIAN_POINT('',(172.069595,-62.766801,1.585));
#4249 = VERTEX_POINT('',#4250);
#4250 = CARTESIAN_POINT('',(172.154448,-62.851654,1.585));
#4251 = CIRCLE('',#4252,6.000013170923E-02);
#4252 = AXIS2_PLACEMENT_3D('',#4253,#4254,#4255);
#4253 = CARTESIAN_POINT('',(172.1120220587,-62.80922694129,1.585));
#4254 = DIRECTION('',(0.,0.,-1.));
#4255 = DIRECTION('',(-0.707116092923,0.707097469328,-0.));
#4256 = ORIENTED_EDGE('',*,*,#4257,.T.);
#4257 = EDGE_CURVE('',#4249,#4258,#4260,.T.);
#4258 = VERTEX_POINT('',#4259);
#4259 = CARTESIAN_POINT('',(171.955637,-63.050464,1.585));
#4260 = LINE('',#4261,#4262);
#4261 = CARTESIAN_POINT('',(172.154448,-62.851654,1.585));
#4262 = VECTOR('',#4263,1.);
#4263 = DIRECTION('',(-0.707108559528,-0.707105002841,0.));
#4264 = ORIENTED_EDGE('',*,*,#4265,.T.);
#4265 = EDGE_CURVE('',#4258,#4266,#4268,.T.);
#4266 = VERTEX_POINT('',#4267);
#4267 = CARTESIAN_POINT('',(171.870785,-62.965612,1.585));
#4268 = CIRCLE('',#4269,5.999942460323E-02);
#4269 = AXIS2_PLACEMENT_3D('',#4270,#4271,#4272);
#4270 = CARTESIAN_POINT('',(171.91321040009,-63.0080385999,1.585));
#4271 = DIRECTION('',(-0.,0.,-1.));
#4272 = DIRECTION('',(0.707116779639,-0.707096782593,-0.));
#4273 = ORIENTED_EDGE('',*,*,#4274,.T.);
#4274 = EDGE_CURVE('',#4266,#4247,#4275,.T.);
#4275 = LINE('',#4276,#4277);
#4276 = CARTESIAN_POINT('',(171.870785,-62.965612,1.585));
#4277 = VECTOR('',#4278,1.);
#4278 = DIRECTION('',(0.707105002841,0.707108559528,0.));
#4279 = PLANE('',#4280);
#4280 = AXIS2_PLACEMENT_3D('',#4281,#4282,#4283);
#4281 = CARTESIAN_POINT('',(0.,0.,1.585));
#4282 = DIRECTION('',(0.,0.,1.));
#4283 = DIRECTION('',(1.,0.,-0.));
#4284 = SHELL_BASED_SURFACE_MODEL('',(#4285));
#4285 = OPEN_SHELL('',(#4286));
#4286 = ADVANCED_FACE('',(#4287),#4389,.T.);
#4287 = FACE_BOUND('',#4288,.F.);
#4288 = EDGE_LOOP('',(#4289,#4300,#4308,#4316,#4324,#4333,#4341,#4349,
    #4358,#4366,#4375,#4383));
#4289 = ORIENTED_EDGE('',*,*,#4290,.T.);
#4290 = EDGE_CURVE('',#4291,#4293,#4295,.T.);
#4291 = VERTEX_POINT('',#4292);
#4292 = CARTESIAN_POINT('',(156.167067,-62.471319,1.585));
#4293 = VERTEX_POINT('',#4294);
#4294 = CARTESIAN_POINT('',(156.287309,-62.495237,1.585));
#4295 = CIRCLE('',#4296,6.249988563226E-02);
#4296 = AXIS2_PLACEMENT_3D('',#4297,#4298,#4299);
#4297 = CARTESIAN_POINT('',(156.22480911436,-62.49523727611,1.585));
#4298 = DIRECTION('',(0.,0.,-1.));
#4299 = DIRECTION('',(-0.923875520478,0.382693118126,0.));
#4300 = ORIENTED_EDGE('',*,*,#4301,.T.);
#4301 = EDGE_CURVE('',#4293,#4302,#4304,.T.);
#4302 = VERTEX_POINT('',#4303);
#4303 = CARTESIAN_POINT('',(156.287309,-62.670832,1.585));
#4304 = LINE('',#4305,#4306);
#4305 = CARTESIAN_POINT('',(156.287309,-62.495237,1.585));
#4306 = VECTOR('',#4307,1.);
#4307 = DIRECTION('',(0.,-1.,0.));
#4308 = ORIENTED_EDGE('',*,*,#4309,.T.);
#4309 = EDGE_CURVE('',#4302,#4310,#4312,.T.);
#4310 = VERTEX_POINT('',#4311);
#4311 = CARTESIAN_POINT('',(156.400404,-62.670832,1.585));
#4312 = LINE('',#4313,#4314);
#4313 = CARTESIAN_POINT('',(156.287309,-62.670832,1.585));
#4314 = VECTOR('',#4315,1.);
#4315 = DIRECTION('',(1.,0.,0.));
#4316 = ORIENTED_EDGE('',*,*,#4317,.T.);
#4317 = EDGE_CURVE('',#4310,#4318,#4320,.T.);
#4318 = VERTEX_POINT('',#4319);
#4319 = CARTESIAN_POINT('',(156.400404,-62.566665,1.585));
#4320 = LINE('',#4321,#4322);
#4321 = CARTESIAN_POINT('',(156.400404,-62.670832,1.585));
#4322 = VECTOR('',#4323,1.);
#4323 = DIRECTION('',(0.,1.,0.));
#4324 = ORIENTED_EDGE('',*,*,#4325,.T.);
#4325 = EDGE_CURVE('',#4318,#4326,#4328,.T.);
#4326 = VERTEX_POINT('',#4327);
#4327 = CARTESIAN_POINT('',(156.525404,-62.566665,1.585));
#4328 = CIRCLE('',#4329,6.2500000001E-02);
#4329 = AXIS2_PLACEMENT_3D('',#4330,#4331,#4332);
#4330 = CARTESIAN_POINT('',(156.462904,-62.56666535253,1.585));
#4331 = DIRECTION('',(0.,0.,-1.));
#4332 = DIRECTION('',(-0.999999999984,5.640539029538E-06,0.));
#4333 = ORIENTED_EDGE('',*,*,#4334,.T.);
#4334 = EDGE_CURVE('',#4326,#4335,#4337,.T.);
#4335 = VERTEX_POINT('',#4336);
#4336 = CARTESIAN_POINT('',(156.525404,-62.670832,1.585));
#4337 = LINE('',#4338,#4339);
#4338 = CARTESIAN_POINT('',(156.525404,-62.566665,1.585));
#4339 = VECTOR('',#4340,1.);
#4340 = DIRECTION('',(0.,-1.,0.));
#4341 = ORIENTED_EDGE('',*,*,#4342,.T.);
#4342 = EDGE_CURVE('',#4335,#4343,#4345,.T.);
#4343 = VERTEX_POINT('',#4344);
#4344 = CARTESIAN_POINT('',(156.724809,-62.670832,1.585));
#4345 = LINE('',#4346,#4347);
#4346 = CARTESIAN_POINT('',(156.525404,-62.670832,1.585));
#4347 = VECTOR('',#4348,1.);
#4348 = DIRECTION('',(1.,0.,0.));
#4349 = ORIENTED_EDGE('',*,*,#4350,.T.);
#4350 = EDGE_CURVE('',#4343,#4351,#4353,.T.);
#4351 = VERTEX_POINT('',#4352);
#4352 = CARTESIAN_POINT('',(156.724809,-62.795832,1.585));
#4353 = CIRCLE('',#4354,6.2500000001E-02);
#4354 = AXIS2_PLACEMENT_3D('',#4355,#4356,#4357);
#4355 = CARTESIAN_POINT('',(156.72480864746,-62.733332,1.585));
#4356 = DIRECTION('',(0.,0.,-1.));
#4357 = DIRECTION('',(5.640538802164E-06,0.999999999984,0.));
#4358 = ORIENTED_EDGE('',*,*,#4359,.T.);
#4359 = EDGE_CURVE('',#4351,#4360,#4362,.T.);
#4360 = VERTEX_POINT('',#4361);
#4361 = CARTESIAN_POINT('',(156.224809,-62.795832,1.585));
#4362 = LINE('',#4363,#4364);
#4363 = CARTESIAN_POINT('',(156.724809,-62.795832,1.585));
#4364 = VECTOR('',#4365,1.);
#4365 = DIRECTION('',(-1.,0.,0.));
#4366 = ORIENTED_EDGE('',*,*,#4367,.T.);
#4367 = EDGE_CURVE('',#4360,#4368,#4370,.T.);
#4368 = VERTEX_POINT('',#4369);
#4369 = CARTESIAN_POINT('',(156.162309,-62.733332,1.585));
#4370 = CIRCLE('',#4371,6.250106243075E-02);
#4371 = AXIS2_PLACEMENT_3D('',#4372,#4373,#4374);
#4372 = CARTESIAN_POINT('',(156.22481006242,-62.73333093757,1.585));
#4373 = DIRECTION('',(0.,0.,-1.));
#4374 = DIRECTION('',(-1.699845851423E-05,-0.999999999856,-0.));
#4375 = ORIENTED_EDGE('',*,*,#4376,.T.);
#4376 = EDGE_CURVE('',#4368,#4377,#4379,.T.);
#4377 = VERTEX_POINT('',#4378);
#4378 = CARTESIAN_POINT('',(156.162309,-62.495237,1.585));
#4379 = LINE('',#4380,#4381);
#4380 = CARTESIAN_POINT('',(156.162309,-62.733332,1.585));
#4381 = VECTOR('',#4382,1.);
#4382 = DIRECTION('',(0.,1.,0.));
#4383 = ORIENTED_EDGE('',*,*,#4384,.T.);
#4384 = EDGE_CURVE('',#4377,#4291,#4385,.T.);
#4385 = LINE('',#4386,#4387);
#4386 = CARTESIAN_POINT('',(156.162309,-62.495237,1.585));
#4387 = VECTOR('',#4388,1.);
#4388 = DIRECTION('',(0.195106652235,0.980782031979,0.));
#4389 = PLANE('',#4390);
#4390 = AXIS2_PLACEMENT_3D('',#4391,#4392,#4393);
#4391 = CARTESIAN_POINT('',(0.,0.,1.585));
#4392 = DIRECTION('',(0.,0.,1.));
#4393 = DIRECTION('',(1.,0.,-0.));
#4394 = SHELL_BASED_SURFACE_MODEL('',(#4395));
#4395 = OPEN_SHELL('',(#4396));
#4396 = ADVANCED_FACE('',(#4397),#4549,.T.);
#4397 = FACE_BOUND('',#4398,.F.);
#4398 = EDGE_LOOP('',(#4399,#4410,#4418,#4427,#4435,#4443,#4451,#4459,
    #4468,#4476,#4485,#4493,#4501,#4509,#4517,#4526,#4534,#4543));
#4399 = ORIENTED_EDGE('',*,*,#4400,.T.);
#4400 = EDGE_CURVE('',#4401,#4403,#4405,.T.);
#4401 = VERTEX_POINT('',#4402);
#4402 = CARTESIAN_POINT('',(171.42994,-62.55038,1.585));
#4403 = VERTEX_POINT('',#4404);
#4404 = CARTESIAN_POINT('',(171.525235,-62.465761,1.585));
#4405 = CIRCLE('',#4406,0.123833323182);
#4406 = AXIS2_PLACEMENT_3D('',#4407,#4408,#4409);
#4407 = CARTESIAN_POINT('',(171.54808922096,-62.58746710713,1.585));
#4408 = DIRECTION('',(0.,0.,-1.));
#4409 = DIRECTION('',(-0.954098767024,0.299492141405,0.));
#4410 = ORIENTED_EDGE('',*,*,#4411,.T.);
#4411 = EDGE_CURVE('',#4403,#4412,#4414,.T.);
#4412 = VERTEX_POINT('',#4413);
#4413 = CARTESIAN_POINT('',(171.55403,-62.46814,1.585));
#4414 = LINE('',#4415,#4416);
#4415 = CARTESIAN_POINT('',(171.525235,-62.465761,1.585));
#4416 = VECTOR('',#4417,1.);
#4417 = DIRECTION('',(0.996604464019,-8.233797603399E-02,0.));
#4418 = ORIENTED_EDGE('',*,*,#4419,.T.);
#4419 = EDGE_CURVE('',#4412,#4420,#4422,.T.);
#4420 = VERTEX_POINT('',#4421);
#4421 = CARTESIAN_POINT('',(171.55403,-62.525882,1.585));
#4422 = CIRCLE('',#4423,3.124983715158E-02);
#4423 = AXIS2_PLACEMENT_3D('',#4424,#4425,#4426);
#4424 = CARTESIAN_POINT('',(171.542071,-62.497011,1.585));
#4425 = DIRECTION('',(0.,0.,-1.));
#4426 = DIRECTION('',(0.382689994255,0.92387681446,0.));
#4427 = ORIENTED_EDGE('',*,*,#4428,.T.);
#4428 = EDGE_CURVE('',#4420,#4429,#4431,.T.);
#4429 = VERTEX_POINT('',#4430);
#4430 = CARTESIAN_POINT('',(171.532612,-62.528261,1.585));
#4431 = LINE('',#4432,#4433);
#4432 = CARTESIAN_POINT('',(171.55403,-62.525882,1.585));
#4433 = VECTOR('',#4434,1.);
#4434 = DIRECTION('',(-0.993887695378,-0.110395873905,0.));
#4435 = ORIENTED_EDGE('',*,*,#4436,.T.);
#4436 = EDGE_CURVE('',#4429,#4437,#4439,.T.);
#4437 = VERTEX_POINT('',#4438);
#4438 = CARTESIAN_POINT('',(171.50041,-62.549193,1.585));
#4439 = LINE('',#4440,#4441);
#4440 = CARTESIAN_POINT('',(171.532612,-62.528261,1.585));
#4441 = VECTOR('',#4442,1.);
#4442 = DIRECTION('',(-0.838435288105,-0.54500116299,0.));
#4443 = ORIENTED_EDGE('',*,*,#4444,.T.);
#4444 = EDGE_CURVE('',#4437,#4445,#4447,.T.);
#4445 = VERTEX_POINT('',#4446);
#4446 = CARTESIAN_POINT('',(171.489141,-62.571732,1.585));
#4447 = LINE('',#4448,#4449);
#4448 = CARTESIAN_POINT('',(171.50041,-62.549193,1.585));
#4449 = VECTOR('',#4450,1.);
#4450 = DIRECTION('',(-0.447197721875,-0.894435127636,0.));
#4451 = ORIENTED_EDGE('',*,*,#4452,.T.);
#4452 = EDGE_CURVE('',#4445,#4453,#4455,.T.);
#4453 = VERTEX_POINT('',#4454);
#4454 = CARTESIAN_POINT('',(171.489141,-62.592956,1.585));
#4455 = LINE('',#4456,#4457);
#4456 = CARTESIAN_POINT('',(171.489141,-62.571732,1.585));
#4457 = VECTOR('',#4458,1.);
#4458 = DIRECTION('',(0.,-1.,0.));
#4459 = ORIENTED_EDGE('',*,*,#4460,.T.);
#4460 = EDGE_CURVE('',#4453,#4461,#4463,.T.);
#4461 = VERTEX_POINT('',#4462);
#4462 = CARTESIAN_POINT('',(171.58923,-62.693046,1.585));
#4463 = CIRCLE('',#4464,0.14173018692);
#4464 = AXIS2_PLACEMENT_3D('',#4465,#4466,#4467);
#4465 = CARTESIAN_POINT('',(171.62601476502,-62.55617260248,1.585));
#4466 = DIRECTION('',(0.,0.,1.));
#4467 = DIRECTION('',(-0.96573473865,-0.259531143729,0.));
#4468 = ORIENTED_EDGE('',*,*,#4469,.T.);
#4469 = EDGE_CURVE('',#4461,#4470,#4472,.T.);
#4470 = VERTEX_POINT('',#4471);
#4471 = CARTESIAN_POINT('',(171.610455,-62.693046,1.585));
#4472 = LINE('',#4473,#4474);
#4473 = CARTESIAN_POINT('',(171.58923,-62.693046,1.585));
#4474 = VECTOR('',#4475,1.);
#4475 = DIRECTION('',(1.,0.,0.));
#4476 = ORIENTED_EDGE('',*,*,#4477,.T.);
#4477 = EDGE_CURVE('',#4470,#4478,#4480,.T.);
#4478 = VERTEX_POINT('',#4479);
#4479 = CARTESIAN_POINT('',(171.656304,-62.628157,1.585));
#4480 = CIRCLE('',#4481,6.216067732574E-02);
#4481 = AXIS2_PLACEMENT_3D('',#4482,#4483,#4484);
#4482 = CARTESIAN_POINT('',(171.59433323803,-62.63301235446,1.585));
#4483 = DIRECTION('',(0.,0.,1.));
#4484 = DIRECTION('',(0.259356278915,-0.965781714772,0.));
#4485 = ORIENTED_EDGE('',*,*,#4486,.T.);
#4486 = EDGE_CURVE('',#4478,#4487,#4489,.T.);
#4487 = VERTEX_POINT('',#4488);
#4488 = CARTESIAN_POINT('',(171.673216,-62.611245,1.585));
#4489 = LINE('',#4490,#4491);
#4490 = CARTESIAN_POINT('',(171.656304,-62.628157,1.585));
#4491 = VECTOR('',#4492,1.);
#4492 = DIRECTION('',(0.707106781186,0.707106781187,0.));
#4493 = ORIENTED_EDGE('',*,*,#4494,.T.);
#4494 = EDGE_CURVE('',#4487,#4495,#4497,.T.);
#4495 = VERTEX_POINT('',#4496);
#4496 = CARTESIAN_POINT('',(171.697134,-62.611245,1.585));
#4497 = LINE('',#4498,#4499);
#4498 = CARTESIAN_POINT('',(171.673216,-62.611245,1.585));
#4499 = VECTOR('',#4500,1.);
#4500 = DIRECTION('',(1.,0.,0.));
#4501 = ORIENTED_EDGE('',*,*,#4502,.T.);
#4502 = EDGE_CURVE('',#4495,#4503,#4505,.T.);
#4503 = VERTEX_POINT('',#4504);
#4504 = CARTESIAN_POINT('',(171.714046,-62.628157,1.585));
#4505 = LINE('',#4506,#4507);
#4506 = CARTESIAN_POINT('',(171.697134,-62.611245,1.585));
#4507 = VECTOR('',#4508,1.);
#4508 = DIRECTION('',(0.707106781186,-0.707106781187,0.));
#4509 = ORIENTED_EDGE('',*,*,#4510,.T.);
#4510 = EDGE_CURVE('',#4503,#4511,#4513,.T.);
#4511 = VERTEX_POINT('',#4512);
#4512 = CARTESIAN_POINT('',(171.713126,-62.670927,1.585));
#4513 = LINE('',#4514,#4515);
#4514 = CARTESIAN_POINT('',(171.714046,-62.628157,1.585));
#4515 = VECTOR('',#4516,1.);
#4516 = DIRECTION('',(-2.150542981037E-02,-0.999768731502,0.));
#4517 = ORIENTED_EDGE('',*,*,#4518,.T.);
#4518 = EDGE_CURVE('',#4511,#4519,#4521,.T.);
#4519 = VERTEX_POINT('',#4520);
#4520 = CARTESIAN_POINT('',(171.574278,-62.753942,1.585));
#4521 = CIRCLE('',#4522,0.120756187889);
#4522 = AXIS2_PLACEMENT_3D('',#4523,#4524,#4525);
#4523 = CARTESIAN_POINT('',(171.59769044666,-62.63547717714,1.585));
#4524 = DIRECTION('',(0.,0.,-1.));
#4525 = DIRECTION('',(0.955939031775,-0.293565269624,0.));
#4526 = ORIENTED_EDGE('',*,*,#4527,.T.);
#4527 = EDGE_CURVE('',#4519,#4528,#4530,.T.);
#4528 = VERTEX_POINT('',#4529);
#4529 = CARTESIAN_POINT('',(171.542828,-62.742674,1.585));
#4530 = LINE('',#4531,#4532);
#4531 = CARTESIAN_POINT('',(171.574278,-62.753942,1.585));
#4532 = VECTOR('',#4533,1.);
#4533 = DIRECTION('',(-0.941401464363,0.33728813038,0.));
#4534 = ORIENTED_EDGE('',*,*,#4535,.T.);
#4535 = EDGE_CURVE('',#4528,#4536,#4538,.T.);
#4536 = VERTEX_POINT('',#4537);
#4537 = CARTESIAN_POINT('',(171.426641,-62.598026,1.585));
#4538 = CIRCLE('',#4539,0.202048489643);
#4539 = AXIS2_PLACEMENT_3D('',#4540,#4541,#4542);
#4540 = CARTESIAN_POINT('',(171.62467408863,-62.5579449824,1.585));
#4541 = DIRECTION('',(0.,0.,-1.));
#4542 = DIRECTION('',(-0.405081417747,-0.914280616111,-0.));
#4543 = ORIENTED_EDGE('',*,*,#4544,.T.);
#4544 = EDGE_CURVE('',#4536,#4401,#4545,.T.);
#4545 = LINE('',#4546,#4547);
#4546 = CARTESIAN_POINT('',(171.426641,-62.598026,1.585));
#4547 = VECTOR('',#4548,1.);
#4548 = DIRECTION('',(6.907443160401E-02,0.997611509005,0.));
#4549 = PLANE('',#4550);
#4550 = AXIS2_PLACEMENT_3D('',#4551,#4552,#4553);
#4551 = CARTESIAN_POINT('',(0.,0.,1.585));
#4552 = DIRECTION('',(0.,0.,1.));
#4553 = DIRECTION('',(1.,0.,-0.));
#4554 = SHELL_BASED_SURFACE_MODEL('',(#4555));
#4555 = OPEN_SHELL('',(#4556));
#4556 = ADVANCED_FACE('',(#4557),#4682,.T.);
#4557 = FACE_BOUND('',#4558,.F.);
#4558 = EDGE_LOOP('',(#4559,#4569,#4577,#4585,#4593,#4601,#4610,#4618,
    #4627,#4635,#4643,#4651,#4660,#4668,#4676));
#4559 = ORIENTED_EDGE('',*,*,#4560,.T.);
#4560 = EDGE_CURVE('',#4561,#4563,#4565,.T.);
#4561 = VERTEX_POINT('',#4562);
#4562 = CARTESIAN_POINT('',(171.61243,-62.356259,1.585));
#4563 = VERTEX_POINT('',#4564);
#4564 = CARTESIAN_POINT('',(171.631127,-62.333453,1.585));
#4565 = LINE('',#4566,#4567);
#4566 = CARTESIAN_POINT('',(171.61243,-62.356259,1.585));
#4567 = VECTOR('',#4568,1.);
#4568 = DIRECTION('',(0.63400010386,0.77333296083,0.));
#4569 = ORIENTED_EDGE('',*,*,#4570,.T.);
#4570 = EDGE_CURVE('',#4563,#4571,#4573,.T.);
#4571 = VERTEX_POINT('',#4572);
#4572 = CARTESIAN_POINT('',(171.651828,-62.333453,1.585));
#4573 = LINE('',#4574,#4575);
#4574 = CARTESIAN_POINT('',(171.631127,-62.333453,1.585));
#4575 = VECTOR('',#4576,1.);
#4576 = DIRECTION('',(1.,0.,0.));
#4577 = ORIENTED_EDGE('',*,*,#4578,.T.);
#4578 = EDGE_CURVE('',#4571,#4579,#4581,.T.);
#4579 = VERTEX_POINT('',#4580);
#4580 = CARTESIAN_POINT('',(171.665183,-62.340227,1.585));
#4581 = LINE('',#4582,#4583);
#4582 = CARTESIAN_POINT('',(171.651828,-62.333453,1.585));
#4583 = VECTOR('',#4584,1.);
#4584 = DIRECTION('',(0.89183466093,-0.452361512028,0.));
#4585 = ORIENTED_EDGE('',*,*,#4586,.T.);
#4586 = EDGE_CURVE('',#4579,#4587,#4589,.T.);
#4587 = VERTEX_POINT('',#4588);
#4588 = CARTESIAN_POINT('',(171.819861,-62.494906,1.585));
#4589 = LINE('',#4590,#4591);
#4590 = CARTESIAN_POINT('',(171.665183,-62.340227,1.585));
#4591 = VECTOR('',#4592,1.);
#4592 = DIRECTION('',(0.707104495452,-0.707109066914,0.));
#4593 = ORIENTED_EDGE('',*,*,#4594,.T.);
#4594 = EDGE_CURVE('',#4587,#4595,#4597,.T.);
#4595 = VERTEX_POINT('',#4596);
#4596 = CARTESIAN_POINT('',(171.858411,-62.459722,1.585));
#4597 = LINE('',#4598,#4599);
#4598 = CARTESIAN_POINT('',(171.819861,-62.494906,1.585));
#4599 = VECTOR('',#4600,1.);
#4600 = DIRECTION('',(0.738617387399,0.674124880888,0.));
#4601 = ORIENTED_EDGE('',*,*,#4602,.T.);
#4602 = EDGE_CURVE('',#4595,#4603,#4605,.T.);
#4603 = VERTEX_POINT('',#4604);
#4604 = CARTESIAN_POINT('',(171.899241,-62.500552,1.585));
#4605 = CIRCLE('',#4606,3.125010775182E-02);
#4606 = AXIS2_PLACEMENT_3D('',#4607,#4608,#4609);
#4607 = CARTESIAN_POINT('',(171.8703695,-62.4885935,1.585));
#4608 = DIRECTION('',(0.,0.,-1.));
#4609 = DIRECTION('',(-0.382670680529,0.923884814392,0.));
#4610 = ORIENTED_EDGE('',*,*,#4611,.T.);
#4611 = EDGE_CURVE('',#4603,#4612,#4614,.T.);
#4612 = VERTEX_POINT('',#4613);
#4613 = CARTESIAN_POINT('',(171.781314,-62.61848,1.585));
#4614 = LINE('',#4615,#4616);
#4615 = CARTESIAN_POINT('',(171.899241,-62.500552,1.585));
#4616 = VECTOR('',#4617,1.);
#4617 = DIRECTION('',(-0.707103783123,-0.707109779237,0.));
#4618 = ORIENTED_EDGE('',*,*,#4619,.T.);
#4619 = EDGE_CURVE('',#4612,#4620,#4622,.T.);
#4620 = VERTEX_POINT('',#4621);
#4621 = CARTESIAN_POINT('',(171.740484,-62.577651,1.585));
#4622 = CIRCLE('',#4623,3.124983716458E-02);
#4623 = AXIS2_PLACEMENT_3D('',#4624,#4625,#4626);
#4624 = CARTESIAN_POINT('',(171.7693555,-62.58960879288,1.585));
#4625 = DIRECTION('',(0.,0.,-1.));
#4626 = DIRECTION('',(0.382673994012,-0.923883441949,0.));
#4627 = ORIENTED_EDGE('',*,*,#4628,.T.);
#4628 = EDGE_CURVE('',#4620,#4629,#4631,.T.);
#4629 = VERTEX_POINT('',#4630);
#4630 = CARTESIAN_POINT('',(171.775668,-62.539101,1.585));
#4631 = LINE('',#4632,#4633);
#4632 = CARTESIAN_POINT('',(171.740484,-62.577651,1.585));
#4633 = VECTOR('',#4634,1.);
#4634 = DIRECTION('',(0.674124880888,0.738617387399,0.));
#4635 = ORIENTED_EDGE('',*,*,#4636,.T.);
#4636 = EDGE_CURVE('',#4629,#4637,#4639,.T.);
#4637 = VERTEX_POINT('',#4638);
#4638 = CARTESIAN_POINT('',(171.681529,-62.444961,1.585));
#4639 = LINE('',#4640,#4641);
#4640 = CARTESIAN_POINT('',(171.775668,-62.539101,1.585));
#4641 = VECTOR('',#4642,1.);
#4642 = DIRECTION('',(-0.707103025544,0.707110536809,0.));
#4643 = ORIENTED_EDGE('',*,*,#4644,.T.);
#4644 = EDGE_CURVE('',#4637,#4645,#4647,.T.);
#4645 = VERTEX_POINT('',#4646);
#4646 = CARTESIAN_POINT('',(171.666693,-62.483814,1.585));
#4647 = LINE('',#4648,#4649);
#4648 = CARTESIAN_POINT('',(171.681529,-62.444961,1.585));
#4649 = VECTOR('',#4650,1.);
#4650 = DIRECTION('',(-0.356727129466,-0.934208625042,0.));
#4651 = ORIENTED_EDGE('',*,*,#4652,.T.);
#4652 = EDGE_CURVE('',#4645,#4653,#4655,.T.);
#4653 = VERTEX_POINT('',#4654);
#4654 = CARTESIAN_POINT('',(171.611915,-62.465554,1.585));
#4655 = CIRCLE('',#4656,3.124925717401E-02);
#4656 = AXIS2_PLACEMENT_3D('',#4657,#4658,#4659);
#4657 = CARTESIAN_POINT('',(171.64308568284,-62.46333936568,1.585));
#4658 = DIRECTION('',(-0.,0.,-1.));
#4659 = DIRECTION('',(0.755452106517,-0.655203872668,-0.));
#4660 = ORIENTED_EDGE('',*,*,#4661,.T.);
#4661 = EDGE_CURVE('',#4653,#4662,#4664,.T.);
#4662 = VERTEX_POINT('',#4663);
#4663 = CARTESIAN_POINT('',(171.620254,-62.433015,1.585));
#4664 = LINE('',#4665,#4666);
#4665 = CARTESIAN_POINT('',(171.611915,-62.465554,1.585));
#4666 = VECTOR('',#4667,1.);
#4667 = DIRECTION('',(0.248254302143,0.968694895964,0.));
#4668 = ORIENTED_EDGE('',*,*,#4669,.T.);
#4669 = EDGE_CURVE('',#4662,#4670,#4672,.T.);
#4670 = VERTEX_POINT('',#4671);
#4671 = CARTESIAN_POINT('',(171.620254,-62.407508,1.585));
#4672 = LINE('',#4673,#4674);
#4673 = CARTESIAN_POINT('',(171.620254,-62.433015,1.585));
#4674 = VECTOR('',#4675,1.);
#4675 = DIRECTION('',(0.,1.,0.));
#4676 = ORIENTED_EDGE('',*,*,#4677,.T.);
#4677 = EDGE_CURVE('',#4670,#4561,#4678,.T.);
#4678 = LINE('',#4679,#4680);
#4679 = CARTESIAN_POINT('',(171.620254,-62.407508,1.585));
#4680 = VECTOR('',#4681,1.);
#4681 = DIRECTION('',(-0.150917800749,0.988546315261,0.));
#4682 = PLANE('',#4683);
#4683 = AXIS2_PLACEMENT_3D('',#4684,#4685,#4686);
#4684 = CARTESIAN_POINT('',(0.,0.,1.585));
#4685 = DIRECTION('',(0.,0.,1.));
#4686 = DIRECTION('',(1.,0.,-0.));
#4687 = SHELL_BASED_SURFACE_MODEL('',(#4688));
#4688 = OPEN_SHELL('',(#4689));
#4689 = ADVANCED_FACE('',(#4690),#4751,.T.);
#4690 = FACE_BOUND('',#4691,.F.);
#4691 = EDGE_LOOP('',(#4692,#4703,#4711,#4720,#4728,#4736,#4745));
#4692 = ORIENTED_EDGE('',*,*,#4693,.T.);
#4693 = EDGE_CURVE('',#4694,#4696,#4698,.T.);
#4694 = VERTEX_POINT('',#4695);
#4695 = CARTESIAN_POINT('',(166.829254,-62.038156,1.585));
#4696 = VERTEX_POINT('',#4697);
#4697 = CARTESIAN_POINT('',(166.914106,-62.038157,1.585));
#4698 = CIRCLE('',#4699,5.999775057826E-02);
#4699 = AXIS2_PLACEMENT_3D('',#4700,#4701,#4702);
#4700 = CARTESIAN_POINT('',(166.87167950002,-62.08058013254,1.585));
#4701 = DIRECTION('',(0.,0.,-1.));
#4702 = DIRECTION('',(-0.707118177248,0.707095384941,0.));
#4703 = ORIENTED_EDGE('',*,*,#4704,.T.);
#4704 = EDGE_CURVE('',#4696,#4705,#4707,.T.);
#4705 = VERTEX_POINT('',#4706);
#4706 = CARTESIAN_POINT('',(167.249983,-62.374032,1.585));
#4707 = LINE('',#4708,#4709);
#4708 = CARTESIAN_POINT('',(166.914106,-62.038157,1.585));
#4709 = VECTOR('',#4710,1.);
#4710 = DIRECTION('',(0.707108886445,-0.707104675922,0.));
#4711 = ORIENTED_EDGE('',*,*,#4712,.T.);
#4712 = EDGE_CURVE('',#4705,#4713,#4715,.T.);
#4713 = VERTEX_POINT('',#4714);
#4714 = CARTESIAN_POINT('',(167.16513,-62.458885,1.585));
#4715 = CIRCLE('',#4716,6.000013170726E-02);
#4716 = AXIS2_PLACEMENT_3D('',#4717,#4718,#4719);
#4717 = CARTESIAN_POINT('',(167.20755605871,-62.41645805871,1.585));
#4718 = DIRECTION('',(0.,0.,-1.));
#4719 = DIRECTION('',(0.707114135955,0.707099426341,0.));
#4720 = ORIENTED_EDGE('',*,*,#4721,.T.);
#4721 = EDGE_CURVE('',#4713,#4722,#4724,.T.);
#4722 = VERTEX_POINT('',#4723);
#4723 = CARTESIAN_POINT('',(166.87168,-62.165435,1.585));
#4724 = LINE('',#4725,#4726);
#4725 = CARTESIAN_POINT('',(167.16513,-62.458885,1.585));
#4726 = VECTOR('',#4727,1.);
#4727 = DIRECTION('',(-0.707106781187,0.707106781187,0.));
#4728 = ORIENTED_EDGE('',*,*,#4729,.T.);
#4729 = EDGE_CURVE('',#4722,#4730,#4732,.T.);
#4730 = VERTEX_POINT('',#4731);
#4731 = CARTESIAN_POINT('',(166.57823,-62.458884,1.585));
#4732 = LINE('',#4733,#4734);
#4733 = CARTESIAN_POINT('',(166.87168,-62.165435,1.585));
#4734 = VECTOR('',#4735,1.);
#4735 = DIRECTION('',(-0.707107986004,-0.707105576367,0.));
#4736 = ORIENTED_EDGE('',*,*,#4737,.T.);
#4737 = EDGE_CURVE('',#4730,#4738,#4740,.T.);
#4738 = VERTEX_POINT('',#4739);
#4739 = CARTESIAN_POINT('',(166.493378,-62.374032,1.585));
#4740 = CIRCLE('',#4741,5.999942460323E-02);
#4741 = AXIS2_PLACEMENT_3D('',#4742,#4743,#4744);
#4742 = CARTESIAN_POINT('',(166.53580340009,-62.4164585999,1.585));
#4743 = DIRECTION('',(-0.,0.,-1.));
#4744 = DIRECTION('',(0.707116779639,-0.707096782593,-0.));
#4745 = ORIENTED_EDGE('',*,*,#4746,.T.);
#4746 = EDGE_CURVE('',#4738,#4694,#4747,.T.);
#4747 = LINE('',#4748,#4749);
#4748 = CARTESIAN_POINT('',(166.493378,-62.374032,1.585));
#4749 = VECTOR('',#4750,1.);
#4750 = DIRECTION('',(0.707106781187,0.707106781187,0.));
#4751 = PLANE('',#4752);
#4752 = AXIS2_PLACEMENT_3D('',#4753,#4754,#4755);
#4753 = CARTESIAN_POINT('',(0.,0.,1.585));
#4754 = DIRECTION('',(0.,0.,1.));
#4755 = DIRECTION('',(1.,0.,-0.));
#4756 = SHELL_BASED_SURFACE_MODEL('',(#4757));
#4757 = OPEN_SHELL('',(#4758));
#4758 = ADVANCED_FACE('',(#4759),#4877,.T.);
#4759 = FACE_BOUND('',#4760,.F.);
#4760 = EDGE_LOOP('',(#4761,#4772,#4780,#4789,#4797,#4805,#4813,#4822,
    #4830,#4838,#4846,#4855,#4863,#4871));
#4761 = ORIENTED_EDGE('',*,*,#4762,.T.);
#4762 = EDGE_CURVE('',#4763,#4765,#4767,.T.);
#4763 = VERTEX_POINT('',#4764);
#4764 = CARTESIAN_POINT('',(156.667067,-62.018938,1.585));
#4765 = VERTEX_POINT('',#4766);
#4766 = CARTESIAN_POINT('',(156.787309,-62.042856,1.585));
#4767 = CIRCLE('',#4768,6.249988563227E-02);
#4768 = AXIS2_PLACEMENT_3D('',#4769,#4770,#4771);
#4769 = CARTESIAN_POINT('',(156.72480911436,-62.04285627611,1.585));
#4770 = DIRECTION('',(0.,0.,-1.));
#4771 = DIRECTION('',(-0.923875520478,0.382693118126,0.));
#4772 = ORIENTED_EDGE('',*,*,#4773,.T.);
#4773 = EDGE_CURVE('',#4765,#4774,#4776,.T.);
#4774 = VERTEX_POINT('',#4775);
#4775 = CARTESIAN_POINT('',(156.787309,-62.32857,1.585));
#4776 = LINE('',#4777,#4778);
#4777 = CARTESIAN_POINT('',(156.787309,-62.042856,1.585));
#4778 = VECTOR('',#4779,1.);
#4779 = DIRECTION('',(0.,-1.,0.));
#4780 = ORIENTED_EDGE('',*,*,#4781,.T.);
#4781 = EDGE_CURVE('',#4774,#4782,#4784,.T.);
#4782 = VERTEX_POINT('',#4783);
#4783 = CARTESIAN_POINT('',(156.662309,-62.32857,1.585));
#4784 = CIRCLE('',#4785,6.2500000001E-02);
#4785 = AXIS2_PLACEMENT_3D('',#4786,#4787,#4788);
#4786 = CARTESIAN_POINT('',(156.724809,-62.32856964746,1.585));
#4787 = DIRECTION('',(-0.,0.,-1.));
#4788 = DIRECTION('',(0.999999999984,-5.640539029535E-06,-0.));
#4789 = ORIENTED_EDGE('',*,*,#4790,.T.);
#4790 = EDGE_CURVE('',#4782,#4791,#4793,.T.);
#4791 = VERTEX_POINT('',#4792);
#4792 = CARTESIAN_POINT('',(156.662309,-62.248213,1.585));
#4793 = LINE('',#4794,#4795);
#4794 = CARTESIAN_POINT('',(156.662309,-62.32857,1.585));
#4795 = VECTOR('',#4796,1.);
#4796 = DIRECTION('',(0.,1.,0.));
#4797 = ORIENTED_EDGE('',*,*,#4798,.T.);
#4798 = EDGE_CURVE('',#4791,#4799,#4801,.T.);
#4799 = VERTEX_POINT('',#4800);
#4800 = CARTESIAN_POINT('',(156.396043,-62.248213,1.585));
#4801 = LINE('',#4802,#4803);
#4802 = CARTESIAN_POINT('',(156.662309,-62.248213,1.585));
#4803 = VECTOR('',#4804,1.);
#4804 = DIRECTION('',(-1.,0.,0.));
#4805 = ORIENTED_EDGE('',*,*,#4806,.T.);
#4806 = EDGE_CURVE('',#4799,#4807,#4809,.T.);
#4807 = VERTEX_POINT('',#4808);
#4808 = CARTESIAN_POINT('',(156.423568,-62.300619,1.585));
#4809 = LINE('',#4810,#4811);
#4810 = CARTESIAN_POINT('',(156.396043,-62.248213,1.585));
#4811 = VECTOR('',#4812,1.);
#4812 = DIRECTION('',(0.464990824004,-0.885315499464,0.));
#4813 = ORIENTED_EDGE('',*,*,#4814,.T.);
#4814 = EDGE_CURVE('',#4807,#4815,#4817,.T.);
#4815 = VERTEX_POINT('',#4816);
#4816 = CARTESIAN_POINT('',(156.311764,-62.35652,1.585));
#4817 = CIRCLE('',#4818,6.250011243638E-02);
#4818 = AXIS2_PLACEMENT_3D('',#4819,#4820,#4821);
#4819 = CARTESIAN_POINT('',(156.36766575069,-62.32856900138,1.585));
#4820 = DIRECTION('',(0.,0.,-1.));
#4821 = DIRECTION('',(0.894434379792,0.447199217626,0.));
#4822 = ORIENTED_EDGE('',*,*,#4823,.T.);
#4823 = EDGE_CURVE('',#4815,#4824,#4826,.T.);
#4824 = VERTEX_POINT('',#4825);
#4825 = CARTESIAN_POINT('',(156.29249,-62.317972,1.585));
#4826 = LINE('',#4827,#4828);
#4827 = CARTESIAN_POINT('',(156.311764,-62.35652,1.585));
#4828 = VECTOR('',#4829,1.);
#4829 = DIRECTION('',(-0.4472135955,0.894427191,0.));
#4830 = ORIENTED_EDGE('',*,*,#4831,.T.);
#4831 = EDGE_CURVE('',#4824,#4832,#4834,.T.);
#4832 = VERTEX_POINT('',#4833);
#4833 = CARTESIAN_POINT('',(156.256419,-62.281901,1.585));
#4834 = LINE('',#4835,#4836);
#4835 = CARTESIAN_POINT('',(156.29249,-62.317972,1.585));
#4836 = VECTOR('',#4837,1.);
#4837 = DIRECTION('',(-0.707106781186,0.707106781187,0.));
#4838 = ORIENTED_EDGE('',*,*,#4839,.T.);
#4839 = EDGE_CURVE('',#4832,#4840,#4842,.T.);
#4840 = VERTEX_POINT('',#4841);
#4841 = CARTESIAN_POINT('',(156.19014,-62.237716,1.585));
#4842 = LINE('',#4843,#4844);
#4843 = CARTESIAN_POINT('',(156.256419,-62.281901,1.585));
#4844 = VECTOR('',#4845,1.);
#4845 = DIRECTION('',(-0.832056088373,0.554691505074,0.));
#4846 = ORIENTED_EDGE('',*,*,#4847,.T.);
#4847 = EDGE_CURVE('',#4840,#4848,#4850,.T.);
#4848 = VERTEX_POINT('',#4849);
#4849 = CARTESIAN_POINT('',(156.224809,-62.123213,1.585));
#4850 = CIRCLE('',#4851,6.250001001978E-02);
#4851 = AXIS2_PLACEMENT_3D('',#4852,#4853,#4854);
#4852 = CARTESIAN_POINT('',(156.22480901045,-62.18571301002,1.585));
#4853 = DIRECTION('',(0.,0.,-1.));
#4854 = DIRECTION('',(-0.554704078273,-0.832047706293,-0.));
#4855 = ORIENTED_EDGE('',*,*,#4856,.T.);
#4856 = EDGE_CURVE('',#4848,#4857,#4859,.T.);
#4857 = VERTEX_POINT('',#4858);
#4858 = CARTESIAN_POINT('',(156.662309,-62.123213,1.585));
#4859 = LINE('',#4860,#4861);
#4860 = CARTESIAN_POINT('',(156.224809,-62.123213,1.585));
#4861 = VECTOR('',#4862,1.);
#4862 = DIRECTION('',(1.,0.,0.));
#4863 = ORIENTED_EDGE('',*,*,#4864,.T.);
#4864 = EDGE_CURVE('',#4857,#4865,#4867,.T.);
#4865 = VERTEX_POINT('',#4866);
#4866 = CARTESIAN_POINT('',(156.662309,-62.042856,1.585));
#4867 = LINE('',#4868,#4869);
#4868 = CARTESIAN_POINT('',(156.662309,-62.123213,1.585));
#4869 = VECTOR('',#4870,1.);
#4870 = DIRECTION('',(0.,1.,0.));
#4871 = ORIENTED_EDGE('',*,*,#4872,.T.);
#4872 = EDGE_CURVE('',#4865,#4763,#4873,.T.);
#4873 = LINE('',#4874,#4875);
#4874 = CARTESIAN_POINT('',(156.662309,-62.042856,1.585));
#4875 = VECTOR('',#4876,1.);
#4876 = DIRECTION('',(0.195106652235,0.980782031979,0.));
#4877 = PLANE('',#4878);
#4878 = AXIS2_PLACEMENT_3D('',#4879,#4880,#4881);
#4879 = CARTESIAN_POINT('',(0.,0.,1.585));
#4880 = DIRECTION('',(0.,0.,1.));
#4881 = DIRECTION('',(1.,0.,-0.));
#4882 = SHELL_BASED_SURFACE_MODEL('',(#4883));
#4883 = OPEN_SHELL('',(#4884));
#4884 = ADVANCED_FACE('',(#4885),#4921,.T.);
#4885 = FACE_BOUND('',#4886,.F.);
#4886 = EDGE_LOOP('',(#4887,#4898,#4906,#4915));
#4887 = ORIENTED_EDGE('',*,*,#4888,.T.);
#4888 = EDGE_CURVE('',#4889,#4891,#4893,.T.);
#4889 = VERTEX_POINT('',#4890);
#4890 = CARTESIAN_POINT('',(171.348346,-62.045552,1.585));
#4891 = VERTEX_POINT('',#4892);
#4892 = CARTESIAN_POINT('',(171.433199,-62.130405,1.585));
#4893 = CIRCLE('',#4894,6.000013170923E-02);
#4894 = AXIS2_PLACEMENT_3D('',#4895,#4896,#4897);
#4895 = CARTESIAN_POINT('',(171.3907730587,-62.08797794129,1.585));
#4896 = DIRECTION('',(0.,0.,-1.));
#4897 = DIRECTION('',(-0.707116092923,0.707097469328,-0.));
#4898 = ORIENTED_EDGE('',*,*,#4899,.T.);
#4899 = EDGE_CURVE('',#4891,#4900,#4902,.T.);
#4900 = VERTEX_POINT('',#4901);
#4901 = CARTESIAN_POINT('',(171.234388,-62.329215,1.585));
#4902 = LINE('',#4903,#4904);
#4903 = CARTESIAN_POINT('',(171.433199,-62.130405,1.585));
#4904 = VECTOR('',#4905,1.);
#4905 = DIRECTION('',(-0.707108559528,-0.707105002841,0.));
#4906 = ORIENTED_EDGE('',*,*,#4907,.T.);
#4907 = EDGE_CURVE('',#4900,#4908,#4910,.T.);
#4908 = VERTEX_POINT('',#4909);
#4909 = CARTESIAN_POINT('',(171.149536,-62.244363,1.585));
#4910 = CIRCLE('',#4911,5.999942460323E-02);
#4911 = AXIS2_PLACEMENT_3D('',#4912,#4913,#4914);
#4912 = CARTESIAN_POINT('',(171.19196140009,-62.2867895999,1.585));
#4913 = DIRECTION('',(-0.,0.,-1.));
#4914 = DIRECTION('',(0.707116779639,-0.707096782593,-0.));
#4915 = ORIENTED_EDGE('',*,*,#4916,.T.);
#4916 = EDGE_CURVE('',#4908,#4889,#4917,.T.);
#4917 = LINE('',#4918,#4919);
#4918 = CARTESIAN_POINT('',(171.149536,-62.244363,1.585));
#4919 = VECTOR('',#4920,1.);
#4920 = DIRECTION('',(0.707105002841,0.707108559528,0.));
#4921 = PLANE('',#4922);
#4922 = AXIS2_PLACEMENT_3D('',#4923,#4924,#4925);
#4923 = CARTESIAN_POINT('',(0.,0.,1.585));
#4924 = DIRECTION('',(0.,0.,1.));
#4925 = DIRECTION('',(1.,0.,-0.));
#4926 = SHELL_BASED_SURFACE_MODEL('',(#4927));
#4927 = OPEN_SHELL('',(#4928));
#4928 = ADVANCED_FACE('',(#4929),#4965,.T.);
#4929 = FACE_BOUND('',#4930,.F.);
#4930 = EDGE_LOOP('',(#4931,#4942,#4950,#4959));
#4931 = ORIENTED_EDGE('',*,*,#4932,.T.);
#4932 = EDGE_CURVE('',#4933,#4935,#4937,.T.);
#4933 = VERTEX_POINT('',#4934);
#4934 = CARTESIAN_POINT('',(148.96,-62.05,1.585));
#4935 = VERTEX_POINT('',#4936);
#4936 = CARTESIAN_POINT('',(148.96,-61.93,1.585));
#4937 = CIRCLE('',#4938,6.000000000042E-02);
#4938 = AXIS2_PLACEMENT_3D('',#4939,#4940,#4941);
#4939 = CARTESIAN_POINT('',(148.95999977441,-61.99,1.585));
#4940 = DIRECTION('',(0.,0.,-1.));
#4941 = DIRECTION('',(3.759794727379E-06,-0.999999999993,0.));
#4942 = ORIENTED_EDGE('',*,*,#4943,.T.);
#4943 = EDGE_CURVE('',#4935,#4944,#4946,.T.);
#4944 = VERTEX_POINT('',#4945);
#4945 = CARTESIAN_POINT('',(152.19,-61.93,1.585));
#4946 = LINE('',#4947,#4948);
#4947 = CARTESIAN_POINT('',(148.96,-61.93,1.585));
#4948 = VECTOR('',#4949,1.);
#4949 = DIRECTION('',(1.,0.,0.));
#4950 = ORIENTED_EDGE('',*,*,#4951,.T.);
#4951 = EDGE_CURVE('',#4944,#4952,#4954,.T.);
#4952 = VERTEX_POINT('',#4953);
#4953 = CARTESIAN_POINT('',(152.19,-62.05,1.585));
#4954 = CIRCLE('',#4955,6.000000000042E-02);
#4955 = AXIS2_PLACEMENT_3D('',#4956,#4957,#4958);
#4956 = CARTESIAN_POINT('',(152.19000022558,-61.99,1.585));
#4957 = DIRECTION('',(0.,0.,-1.));
#4958 = DIRECTION('',(-3.759794253684E-06,0.999999999993,-0.));
#4959 = ORIENTED_EDGE('',*,*,#4960,.T.);
#4960 = EDGE_CURVE('',#4952,#4933,#4961,.T.);
#4961 = LINE('',#4962,#4963);
#4962 = CARTESIAN_POINT('',(152.19,-62.05,1.585));
#4963 = VECTOR('',#4964,1.);
#4964 = DIRECTION('',(-1.,0.,0.));
#4965 = PLANE('',#4966);
#4966 = AXIS2_PLACEMENT_3D('',#4967,#4968,#4969);
#4967 = CARTESIAN_POINT('',(0.,0.,1.585));
#4968 = DIRECTION('',(0.,0.,1.));
#4969 = DIRECTION('',(1.,0.,-0.));
#4970 = SHELL_BASED_SURFACE_MODEL('',(#4971));
#4971 = OPEN_SHELL('',(#4972));
#4972 = ADVANCED_FACE('',(#4973),#5009,.T.);
#4973 = FACE_BOUND('',#4974,.F.);
#4974 = EDGE_LOOP('',(#4975,#4986,#4994,#5003));
#4975 = ORIENTED_EDGE('',*,*,#4976,.T.);
#4976 = EDGE_CURVE('',#4977,#4979,#4981,.T.);
#4977 = VERTEX_POINT('',#4978);
#4978 = CARTESIAN_POINT('',(170.921587,-61.614809,1.585));
#4979 = VERTEX_POINT('',#4980);
#4980 = CARTESIAN_POINT('',(171.00644,-61.699662,1.585));
#4981 = CIRCLE('',#4982,6.000013170923E-02);
#4982 = AXIS2_PLACEMENT_3D('',#4983,#4984,#4985);
#4983 = CARTESIAN_POINT('',(170.9640140587,-61.65723494129,1.585));
#4984 = DIRECTION('',(0.,0.,-1.));
#4985 = DIRECTION('',(-0.707116092923,0.707097469327,-0.));
#4986 = ORIENTED_EDGE('',*,*,#4987,.T.);
#4987 = EDGE_CURVE('',#4979,#4988,#4990,.T.);
#4988 = VERTEX_POINT('',#4989);
#4989 = CARTESIAN_POINT('',(170.807629,-61.898472,1.585));
#4990 = LINE('',#4991,#4992);
#4991 = CARTESIAN_POINT('',(171.00644,-61.699662,1.585));
#4992 = VECTOR('',#4993,1.);
#4993 = DIRECTION('',(-0.707108559528,-0.707105002841,0.));
#4994 = ORIENTED_EDGE('',*,*,#4995,.T.);
#4995 = EDGE_CURVE('',#4988,#4996,#4998,.T.);
#4996 = VERTEX_POINT('',#4997);
#4997 = CARTESIAN_POINT('',(170.722777,-61.81362,1.585));
#4998 = CIRCLE('',#4999,5.999942460323E-02);
#4999 = AXIS2_PLACEMENT_3D('',#5000,#5001,#5002);
#5000 = CARTESIAN_POINT('',(170.76520240009,-61.8560465999,1.585));
#5001 = DIRECTION('',(-0.,0.,-1.));
#5002 = DIRECTION('',(0.707116779639,-0.707096782593,-0.));
#5003 = ORIENTED_EDGE('',*,*,#5004,.T.);
#5004 = EDGE_CURVE('',#4996,#4977,#5005,.T.);
#5005 = LINE('',#5006,#5007);
#5006 = CARTESIAN_POINT('',(170.722777,-61.81362,1.585));
#5007 = VECTOR('',#5008,1.);
#5008 = DIRECTION('',(0.707105002841,0.707108559528,0.));
#5009 = PLANE('',#5010);
#5010 = AXIS2_PLACEMENT_3D('',#5011,#5012,#5013);
#5011 = CARTESIAN_POINT('',(0.,0.,1.585));
#5012 = DIRECTION('',(0.,0.,1.));
#5013 = DIRECTION('',(1.,0.,-0.));
#5014 = SHELL_BASED_SURFACE_MODEL('',(#5015));
#5015 = OPEN_SHELL('',(#5016));
#5016 = ADVANCED_FACE('',(#5017),#5061,.T.);
#5017 = FACE_BOUND('',#5018,.F.);
#5018 = EDGE_LOOP('',(#5019,#5030,#5038,#5047,#5055));
#5019 = ORIENTED_EDGE('',*,*,#5020,.T.);
#5020 = EDGE_CURVE('',#5021,#5023,#5025,.T.);
#5021 = VERTEX_POINT('',#5022);
#5022 = CARTESIAN_POINT('',(161.222067,-61.139781,1.585));
#5023 = VERTEX_POINT('',#5024);
#5024 = CARTESIAN_POINT('',(161.3375,-61.162742,1.585));
#5025 = CIRCLE('',#5026,6.000007318647E-02);
#5026 = AXIS2_PLACEMENT_3D('',#5027,#5028,#5029);
#5027 = CARTESIAN_POINT('',(161.27749992681,-61.16274182331,1.585));
#5028 = DIRECTION('',(0.,0.,-1.));
#5029 = DIRECTION('',(-0.923880986637,0.382679921777,0.));
#5030 = ORIENTED_EDGE('',*,*,#5031,.T.);
#5031 = EDGE_CURVE('',#5023,#5032,#5034,.T.);
#5032 = VERTEX_POINT('',#5033);
#5033 = CARTESIAN_POINT('',(161.3375,-61.637258,1.585));
#5034 = LINE('',#5035,#5036);
#5035 = CARTESIAN_POINT('',(161.3375,-61.162742,1.585));
#5036 = VECTOR('',#5037,1.);
#5037 = DIRECTION('',(0.,-1.,0.));
#5038 = ORIENTED_EDGE('',*,*,#5039,.T.);
#5039 = EDGE_CURVE('',#5032,#5040,#5042,.T.);
#5040 = VERTEX_POINT('',#5041);
#5041 = CARTESIAN_POINT('',(161.2175,-61.637258,1.585));
#5042 = CIRCLE('',#5043,6.000000000043E-02);
#5043 = AXIS2_PLACEMENT_3D('',#5044,#5045,#5046);
#5044 = CARTESIAN_POINT('',(161.2775,-61.63725822558,1.585));
#5045 = DIRECTION('',(0.,0.,-1.));
#5046 = DIRECTION('',(0.999999999993,3.75979413526E-06,0.));
#5047 = ORIENTED_EDGE('',*,*,#5048,.T.);
#5048 = EDGE_CURVE('',#5040,#5049,#5051,.T.);
#5049 = VERTEX_POINT('',#5050);
#5050 = CARTESIAN_POINT('',(161.2175,-61.162742,1.585));
#5051 = LINE('',#5052,#5053);
#5052 = CARTESIAN_POINT('',(161.2175,-61.637258,1.585));
#5053 = VECTOR('',#5054,1.);
#5054 = DIRECTION('',(0.,1.,0.));
#5055 = ORIENTED_EDGE('',*,*,#5056,.T.);
#5056 = EDGE_CURVE('',#5049,#5021,#5057,.T.);
#5057 = LINE('',#5058,#5059);
#5058 = CARTESIAN_POINT('',(161.2175,-61.162742,1.585));
#5059 = VECTOR('',#5060,1.);
#5060 = DIRECTION('',(0.195081000118,0.980787134598,0.));
#5061 = PLANE('',#5062);
#5062 = AXIS2_PLACEMENT_3D('',#5063,#5064,#5065);
#5063 = CARTESIAN_POINT('',(0.,0.,1.585));
#5064 = DIRECTION('',(0.,0.,1.));
#5065 = DIRECTION('',(1.,0.,-0.));
#5066 = SHELL_BASED_SURFACE_MODEL('',(#5067));
#5067 = OPEN_SHELL('',(#5068));
#5068 = ADVANCED_FACE('',(#5069),#5113,.T.);
#5069 = FACE_BOUND('',#5070,.F.);
#5070 = EDGE_LOOP('',(#5071,#5082,#5090,#5099,#5107));
#5071 = ORIENTED_EDGE('',*,*,#5072,.T.);
#5072 = EDGE_CURVE('',#5073,#5075,#5077,.T.);
#5073 = VERTEX_POINT('',#5074);
#5074 = CARTESIAN_POINT('',(162.267067,-61.139781,1.585));
#5075 = VERTEX_POINT('',#5076);
#5076 = CARTESIAN_POINT('',(162.3825,-61.162742,1.585));
#5077 = CIRCLE('',#5078,6.000007318647E-02);
#5078 = AXIS2_PLACEMENT_3D('',#5079,#5080,#5081);
#5079 = CARTESIAN_POINT('',(162.32249992681,-61.16274182331,1.585));
#5080 = DIRECTION('',(0.,0.,-1.));
#5081 = DIRECTION('',(-0.923880986637,0.382679921777,0.));
#5082 = ORIENTED_EDGE('',*,*,#5083,.T.);
#5083 = EDGE_CURVE('',#5075,#5084,#5086,.T.);
#5084 = VERTEX_POINT('',#5085);
#5085 = CARTESIAN_POINT('',(162.3825,-61.637258,1.585));
#5086 = LINE('',#5087,#5088);
#5087 = CARTESIAN_POINT('',(162.3825,-61.162742,1.585));
#5088 = VECTOR('',#5089,1.);
#5089 = DIRECTION('',(0.,-1.,0.));
#5090 = ORIENTED_EDGE('',*,*,#5091,.T.);
#5091 = EDGE_CURVE('',#5084,#5092,#5094,.T.);
#5092 = VERTEX_POINT('',#5093);
#5093 = CARTESIAN_POINT('',(162.2625,-61.637258,1.585));
#5094 = CIRCLE('',#5095,6.000000000043E-02);
#5095 = AXIS2_PLACEMENT_3D('',#5096,#5097,#5098);
#5096 = CARTESIAN_POINT('',(162.3225,-61.63725822558,1.585));
#5097 = DIRECTION('',(0.,0.,-1.));
#5098 = DIRECTION('',(0.999999999993,3.75979413526E-06,0.));
#5099 = ORIENTED_EDGE('',*,*,#5100,.T.);
#5100 = EDGE_CURVE('',#5092,#5101,#5103,.T.);
#5101 = VERTEX_POINT('',#5102);
#5102 = CARTESIAN_POINT('',(162.2625,-61.162742,1.585));
#5103 = LINE('',#5104,#5105);
#5104 = CARTESIAN_POINT('',(162.2625,-61.637258,1.585));
#5105 = VECTOR('',#5106,1.);
#5106 = DIRECTION('',(0.,1.,0.));
#5107 = ORIENTED_EDGE('',*,*,#5108,.T.);
#5108 = EDGE_CURVE('',#5101,#5073,#5109,.T.);
#5109 = LINE('',#5110,#5111);
#5110 = CARTESIAN_POINT('',(162.2625,-61.162742,1.585));
#5111 = VECTOR('',#5112,1.);
#5112 = DIRECTION('',(0.195081000118,0.980787134598,0.));
#5113 = PLANE('',#5114);
#5114 = AXIS2_PLACEMENT_3D('',#5115,#5116,#5117);
#5115 = CARTESIAN_POINT('',(0.,0.,1.585));
#5116 = DIRECTION('',(0.,0.,1.));
#5117 = DIRECTION('',(1.,0.,-0.));
#5118 = SHELL_BASED_SURFACE_MODEL('',(#5119));
#5119 = OPEN_SHELL('',(#5120));
#5120 = ADVANCED_FACE('',(#5121),#5165,.T.);
#5121 = FACE_BOUND('',#5122,.F.);
#5122 = EDGE_LOOP('',(#5123,#5134,#5142,#5151,#5159));
#5123 = ORIENTED_EDGE('',*,*,#5124,.T.);
#5124 = EDGE_CURVE('',#5125,#5127,#5129,.T.);
#5125 = VERTEX_POINT('',#5126);
#5126 = CARTESIAN_POINT('',(162.722067,-61.139781,1.585));
#5127 = VERTEX_POINT('',#5128);
#5128 = CARTESIAN_POINT('',(162.8375,-61.162742,1.585));
#5129 = CIRCLE('',#5130,6.000007318647E-02);
#5130 = AXIS2_PLACEMENT_3D('',#5131,#5132,#5133);
#5131 = CARTESIAN_POINT('',(162.77749992681,-61.16274182331,1.585));
#5132 = DIRECTION('',(0.,0.,-1.));
#5133 = DIRECTION('',(-0.923880986637,0.382679921777,0.));
#5134 = ORIENTED_EDGE('',*,*,#5135,.T.);
#5135 = EDGE_CURVE('',#5127,#5136,#5138,.T.);
#5136 = VERTEX_POINT('',#5137);
#5137 = CARTESIAN_POINT('',(162.8375,-61.637258,1.585));
#5138 = LINE('',#5139,#5140);
#5139 = CARTESIAN_POINT('',(162.8375,-61.162742,1.585));
#5140 = VECTOR('',#5141,1.);
#5141 = DIRECTION('',(0.,-1.,0.));
#5142 = ORIENTED_EDGE('',*,*,#5143,.T.);
#5143 = EDGE_CURVE('',#5136,#5144,#5146,.T.);
#5144 = VERTEX_POINT('',#5145);
#5145 = CARTESIAN_POINT('',(162.7175,-61.637258,1.585));
#5146 = CIRCLE('',#5147,6.000000000043E-02);
#5147 = AXIS2_PLACEMENT_3D('',#5148,#5149,#5150);
#5148 = CARTESIAN_POINT('',(162.7775,-61.63725822558,1.585));
#5149 = DIRECTION('',(0.,0.,-1.));
#5150 = DIRECTION('',(0.999999999993,3.75979413526E-06,0.));
#5151 = ORIENTED_EDGE('',*,*,#5152,.T.);
#5152 = EDGE_CURVE('',#5144,#5153,#5155,.T.);
#5153 = VERTEX_POINT('',#5154);
#5154 = CARTESIAN_POINT('',(162.7175,-61.162742,1.585));
#5155 = LINE('',#5156,#5157);
#5156 = CARTESIAN_POINT('',(162.7175,-61.637258,1.585));
#5157 = VECTOR('',#5158,1.);
#5158 = DIRECTION('',(0.,1.,0.));
#5159 = ORIENTED_EDGE('',*,*,#5160,.T.);
#5160 = EDGE_CURVE('',#5153,#5125,#5161,.T.);
#5161 = LINE('',#5162,#5163);
#5162 = CARTESIAN_POINT('',(162.7175,-61.162742,1.585));
#5163 = VECTOR('',#5164,1.);
#5164 = DIRECTION('',(0.195081000118,0.980787134598,0.));
#5165 = PLANE('',#5166);
#5166 = AXIS2_PLACEMENT_3D('',#5167,#5168,#5169);
#5167 = CARTESIAN_POINT('',(0.,0.,1.585));
#5168 = DIRECTION('',(0.,0.,1.));
#5169 = DIRECTION('',(1.,0.,-0.));
#5170 = SHELL_BASED_SURFACE_MODEL('',(#5171));
#5171 = OPEN_SHELL('',(#5172));
#5172 = ADVANCED_FACE('',(#5173),#5217,.T.);
#5173 = FACE_BOUND('',#5174,.F.);
#5174 = EDGE_LOOP('',(#5175,#5186,#5194,#5203,#5211));
#5175 = ORIENTED_EDGE('',*,*,#5176,.T.);
#5176 = EDGE_CURVE('',#5177,#5179,#5181,.T.);
#5177 = VERTEX_POINT('',#5178);
#5178 = CARTESIAN_POINT('',(163.767067,-61.139781,1.585));
#5179 = VERTEX_POINT('',#5180);
#5180 = CARTESIAN_POINT('',(163.8825,-61.162742,1.585));
#5181 = CIRCLE('',#5182,6.000007318647E-02);
#5182 = AXIS2_PLACEMENT_3D('',#5183,#5184,#5185);
#5183 = CARTESIAN_POINT('',(163.82249992681,-61.16274182331,1.585));
#5184 = DIRECTION('',(0.,0.,-1.));
#5185 = DIRECTION('',(-0.923880986637,0.382679921777,0.));
#5186 = ORIENTED_EDGE('',*,*,#5187,.T.);
#5187 = EDGE_CURVE('',#5179,#5188,#5190,.T.);
#5188 = VERTEX_POINT('',#5189);
#5189 = CARTESIAN_POINT('',(163.8825,-61.637258,1.585));
#5190 = LINE('',#5191,#5192);
#5191 = CARTESIAN_POINT('',(163.8825,-61.162742,1.585));
#5192 = VECTOR('',#5193,1.);
#5193 = DIRECTION('',(0.,-1.,0.));
#5194 = ORIENTED_EDGE('',*,*,#5195,.T.);
#5195 = EDGE_CURVE('',#5188,#5196,#5198,.T.);
#5196 = VERTEX_POINT('',#5197);
#5197 = CARTESIAN_POINT('',(163.7625,-61.637258,1.585));
#5198 = CIRCLE('',#5199,6.000000000043E-02);
#5199 = AXIS2_PLACEMENT_3D('',#5200,#5201,#5202);
#5200 = CARTESIAN_POINT('',(163.8225,-61.63725822558,1.585));
#5201 = DIRECTION('',(0.,0.,-1.));
#5202 = DIRECTION('',(0.999999999993,3.75979413526E-06,0.));
#5203 = ORIENTED_EDGE('',*,*,#5204,.T.);
#5204 = EDGE_CURVE('',#5196,#5205,#5207,.T.);
#5205 = VERTEX_POINT('',#5206);
#5206 = CARTESIAN_POINT('',(163.7625,-61.162742,1.585));
#5207 = LINE('',#5208,#5209);
#5208 = CARTESIAN_POINT('',(163.7625,-61.637258,1.585));
#5209 = VECTOR('',#5210,1.);
#5210 = DIRECTION('',(0.,1.,0.));
#5211 = ORIENTED_EDGE('',*,*,#5212,.T.);
#5212 = EDGE_CURVE('',#5205,#5177,#5213,.T.);
#5213 = LINE('',#5214,#5215);
#5214 = CARTESIAN_POINT('',(163.7625,-61.162742,1.585));
#5215 = VECTOR('',#5216,1.);
#5216 = DIRECTION('',(0.195081000118,0.980787134598,0.));
#5217 = PLANE('',#5218);
#5218 = AXIS2_PLACEMENT_3D('',#5219,#5220,#5221);
#5219 = CARTESIAN_POINT('',(0.,0.,1.585));
#5220 = DIRECTION('',(0.,0.,1.));
#5221 = DIRECTION('',(1.,0.,-0.));
#5222 = SHELL_BASED_SURFACE_MODEL('',(#5223));
#5223 = OPEN_SHELL('',(#5224));
#5224 = ADVANCED_FACE('',(#5225),#5377,.T.);
#5225 = FACE_BOUND('',#5226,.F.);
#5226 = EDGE_LOOP('',(#5227,#5238,#5246,#5255,#5263,#5271,#5279,#5287,
    #5296,#5304,#5313,#5321,#5329,#5337,#5345,#5354,#5362,#5371));
#5227 = ORIENTED_EDGE('',*,*,#5228,.T.);
#5228 = EDGE_CURVE('',#5229,#5231,#5233,.T.);
#5229 = VERTEX_POINT('',#5230);
#5230 = CARTESIAN_POINT('',(170.281932,-61.398388,1.585));
#5231 = VERTEX_POINT('',#5232);
#5232 = CARTESIAN_POINT('',(170.377227,-61.313769,1.585));
#5233 = CIRCLE('',#5234,0.123833323182);
#5234 = AXIS2_PLACEMENT_3D('',#5235,#5236,#5237);
#5235 = CARTESIAN_POINT('',(170.40008122096,-61.43547510713,1.585));
#5236 = DIRECTION('',(0.,0.,-1.));
#5237 = DIRECTION('',(-0.954098767024,0.299492141405,0.));
#5238 = ORIENTED_EDGE('',*,*,#5239,.T.);
#5239 = EDGE_CURVE('',#5231,#5240,#5242,.T.);
#5240 = VERTEX_POINT('',#5241);
#5241 = CARTESIAN_POINT('',(170.406022,-61.316148,1.585));
#5242 = LINE('',#5243,#5244);
#5243 = CARTESIAN_POINT('',(170.377227,-61.313769,1.585));
#5244 = VECTOR('',#5245,1.);
#5245 = DIRECTION('',(0.996604464019,-8.233797603399E-02,0.));
#5246 = ORIENTED_EDGE('',*,*,#5247,.T.);
#5247 = EDGE_CURVE('',#5240,#5248,#5250,.T.);
#5248 = VERTEX_POINT('',#5249);
#5249 = CARTESIAN_POINT('',(170.406022,-61.37389,1.585));
#5250 = CIRCLE('',#5251,3.124983715158E-02);
#5251 = AXIS2_PLACEMENT_3D('',#5252,#5253,#5254);
#5252 = CARTESIAN_POINT('',(170.394063,-61.345019,1.585));
#5253 = DIRECTION('',(0.,0.,-1.));
#5254 = DIRECTION('',(0.382689994255,0.92387681446,0.));
#5255 = ORIENTED_EDGE('',*,*,#5256,.T.);
#5256 = EDGE_CURVE('',#5248,#5257,#5259,.T.);
#5257 = VERTEX_POINT('',#5258);
#5258 = CARTESIAN_POINT('',(170.384604,-61.376269,1.585));
#5259 = LINE('',#5260,#5261);
#5260 = CARTESIAN_POINT('',(170.406022,-61.37389,1.585));
#5261 = VECTOR('',#5262,1.);
#5262 = DIRECTION('',(-0.993887695378,-0.110395873905,0.));
#5263 = ORIENTED_EDGE('',*,*,#5264,.T.);
#5264 = EDGE_CURVE('',#5257,#5265,#5267,.T.);
#5265 = VERTEX_POINT('',#5266);
#5266 = CARTESIAN_POINT('',(170.352402,-61.397201,1.585));
#5267 = LINE('',#5268,#5269);
#5268 = CARTESIAN_POINT('',(170.384604,-61.376269,1.585));
#5269 = VECTOR('',#5270,1.);
#5270 = DIRECTION('',(-0.838435288105,-0.54500116299,0.));
#5271 = ORIENTED_EDGE('',*,*,#5272,.T.);
#5272 = EDGE_CURVE('',#5265,#5273,#5275,.T.);
#5273 = VERTEX_POINT('',#5274);
#5274 = CARTESIAN_POINT('',(170.341133,-61.41974,1.585));
#5275 = LINE('',#5276,#5277);
#5276 = CARTESIAN_POINT('',(170.352402,-61.397201,1.585));
#5277 = VECTOR('',#5278,1.);
#5278 = DIRECTION('',(-0.447197721875,-0.894435127636,0.));
#5279 = ORIENTED_EDGE('',*,*,#5280,.T.);
#5280 = EDGE_CURVE('',#5273,#5281,#5283,.T.);
#5281 = VERTEX_POINT('',#5282);
#5282 = CARTESIAN_POINT('',(170.341133,-61.440964,1.585));
#5283 = LINE('',#5284,#5285);
#5284 = CARTESIAN_POINT('',(170.341133,-61.41974,1.585));
#5285 = VECTOR('',#5286,1.);
#5286 = DIRECTION('',(0.,-1.,0.));
#5287 = ORIENTED_EDGE('',*,*,#5288,.T.);
#5288 = EDGE_CURVE('',#5281,#5289,#5291,.T.);
#5289 = VERTEX_POINT('',#5290);
#5290 = CARTESIAN_POINT('',(170.441222,-61.541054,1.585));
#5291 = CIRCLE('',#5292,0.14173018692);
#5292 = AXIS2_PLACEMENT_3D('',#5293,#5294,#5295);
#5293 = CARTESIAN_POINT('',(170.47800676502,-61.40418060248,1.585));
#5294 = DIRECTION('',(0.,0.,1.));
#5295 = DIRECTION('',(-0.96573473865,-0.259531143729,0.));
#5296 = ORIENTED_EDGE('',*,*,#5297,.T.);
#5297 = EDGE_CURVE('',#5289,#5298,#5300,.T.);
#5298 = VERTEX_POINT('',#5299);
#5299 = CARTESIAN_POINT('',(170.462447,-61.541054,1.585));
#5300 = LINE('',#5301,#5302);
#5301 = CARTESIAN_POINT('',(170.441222,-61.541054,1.585));
#5302 = VECTOR('',#5303,1.);
#5303 = DIRECTION('',(1.,0.,0.));
#5304 = ORIENTED_EDGE('',*,*,#5305,.T.);
#5305 = EDGE_CURVE('',#5298,#5306,#5308,.T.);
#5306 = VERTEX_POINT('',#5307);
#5307 = CARTESIAN_POINT('',(170.508296,-61.476165,1.585));
#5308 = CIRCLE('',#5309,6.216067732571E-02);
#5309 = AXIS2_PLACEMENT_3D('',#5310,#5311,#5312);
#5310 = CARTESIAN_POINT('',(170.44632523803,-61.48102035446,1.585));
#5311 = DIRECTION('',(0.,0.,1.));
#5312 = DIRECTION('',(0.259356278915,-0.965781714772,0.));
#5313 = ORIENTED_EDGE('',*,*,#5314,.T.);
#5314 = EDGE_CURVE('',#5306,#5315,#5317,.T.);
#5315 = VERTEX_POINT('',#5316);
#5316 = CARTESIAN_POINT('',(170.525208,-61.459253,1.585));
#5317 = LINE('',#5318,#5319);
#5318 = CARTESIAN_POINT('',(170.508296,-61.476165,1.585));
#5319 = VECTOR('',#5320,1.);
#5320 = DIRECTION('',(0.707106781186,0.707106781187,0.));
#5321 = ORIENTED_EDGE('',*,*,#5322,.T.);
#5322 = EDGE_CURVE('',#5315,#5323,#5325,.T.);
#5323 = VERTEX_POINT('',#5324);
#5324 = CARTESIAN_POINT('',(170.549126,-61.459253,1.585));
#5325 = LINE('',#5326,#5327);
#5326 = CARTESIAN_POINT('',(170.525208,-61.459253,1.585));
#5327 = VECTOR('',#5328,1.);
#5328 = DIRECTION('',(1.,0.,0.));
#5329 = ORIENTED_EDGE('',*,*,#5330,.T.);
#5330 = EDGE_CURVE('',#5323,#5331,#5333,.T.);
#5331 = VERTEX_POINT('',#5332);
#5332 = CARTESIAN_POINT('',(170.566038,-61.476165,1.585));
#5333 = LINE('',#5334,#5335);
#5334 = CARTESIAN_POINT('',(170.549126,-61.459253,1.585));
#5335 = VECTOR('',#5336,1.);
#5336 = DIRECTION('',(0.707106781186,-0.707106781187,0.));
#5337 = ORIENTED_EDGE('',*,*,#5338,.T.);
#5338 = EDGE_CURVE('',#5331,#5339,#5341,.T.);
#5339 = VERTEX_POINT('',#5340);
#5340 = CARTESIAN_POINT('',(170.565118,-61.518935,1.585));
#5341 = LINE('',#5342,#5343);
#5342 = CARTESIAN_POINT('',(170.566038,-61.476165,1.585));
#5343 = VECTOR('',#5344,1.);
#5344 = DIRECTION('',(-2.150542980971E-02,-0.999768731502,0.));
#5345 = ORIENTED_EDGE('',*,*,#5346,.T.);
#5346 = EDGE_CURVE('',#5339,#5347,#5349,.T.);
#5347 = VERTEX_POINT('',#5348);
#5348 = CARTESIAN_POINT('',(170.42627,-61.60195,1.585));
#5349 = CIRCLE('',#5350,0.120756187889);
#5350 = AXIS2_PLACEMENT_3D('',#5351,#5352,#5353);
#5351 = CARTESIAN_POINT('',(170.44968244666,-61.48348517714,1.585));
#5352 = DIRECTION('',(0.,0.,-1.));
#5353 = DIRECTION('',(0.955939031775,-0.293565269624,0.));
#5354 = ORIENTED_EDGE('',*,*,#5355,.T.);
#5355 = EDGE_CURVE('',#5347,#5356,#5358,.T.);
#5356 = VERTEX_POINT('',#5357);
#5357 = CARTESIAN_POINT('',(170.39482,-61.590682,1.585));
#5358 = LINE('',#5359,#5360);
#5359 = CARTESIAN_POINT('',(170.42627,-61.60195,1.585));
#5360 = VECTOR('',#5361,1.);
#5361 = DIRECTION('',(-0.941401464363,0.33728813038,0.));
#5362 = ORIENTED_EDGE('',*,*,#5363,.T.);
#5363 = EDGE_CURVE('',#5356,#5364,#5366,.T.);
#5364 = VERTEX_POINT('',#5365);
#5365 = CARTESIAN_POINT('',(170.278633,-61.446034,1.585));
#5366 = CIRCLE('',#5367,0.202048489643);
#5367 = AXIS2_PLACEMENT_3D('',#5368,#5369,#5370);
#5368 = CARTESIAN_POINT('',(170.47666608863,-61.4059529824,1.585));
#5369 = DIRECTION('',(0.,0.,-1.));
#5370 = DIRECTION('',(-0.405081417747,-0.914280616111,-0.));
#5371 = ORIENTED_EDGE('',*,*,#5372,.T.);
#5372 = EDGE_CURVE('',#5364,#5229,#5373,.T.);
#5373 = LINE('',#5374,#5375);
#5374 = CARTESIAN_POINT('',(170.278633,-61.446034,1.585));
#5375 = VECTOR('',#5376,1.);
#5376 = DIRECTION('',(6.907443160401E-02,0.997611509005,0.));
#5377 = PLANE('',#5378);
#5378 = AXIS2_PLACEMENT_3D('',#5379,#5380,#5381);
#5379 = CARTESIAN_POINT('',(0.,0.,1.585));
#5380 = DIRECTION('',(0.,0.,1.));
#5381 = DIRECTION('',(1.,0.,-0.));
#5382 = SHELL_BASED_SURFACE_MODEL('',(#5383));
#5383 = OPEN_SHELL('',(#5384));
#5384 = ADVANCED_FACE('',(#5385),#5590,.T.);
#5385 = FACE_BOUND('',#5386,.F.);
#5386 = EDGE_LOOP('',(#5387,#5398,#5406,#5414,#5422,#5430,#5438,#5446,
    #5454,#5463,#5471,#5479,#5487,#5496,#5504,#5512,#5520,#5528,#5536,
    #5544,#5552,#5560,#5568,#5576,#5584));
#5387 = ORIENTED_EDGE('',*,*,#5388,.T.);
#5388 = EDGE_CURVE('',#5389,#5391,#5393,.T.);
#5389 = VERTEX_POINT('',#5390);
#5390 = CARTESIAN_POINT('',(161.829708,-61.291275,1.585));
#5391 = VERTEX_POINT('',#5392);
#5392 = CARTESIAN_POINT('',(161.829708,-61.233533,1.585));
#5393 = CIRCLE('',#5394,3.124983715158E-02);
#5394 = AXIS2_PLACEMENT_3D('',#5395,#5396,#5397);
#5395 = CARTESIAN_POINT('',(161.841667,-61.262404,1.585));
#5396 = DIRECTION('',(0.,0.,-1.));
#5397 = DIRECTION('',(-0.382689994255,-0.92387681446,-0.));
#5398 = ORIENTED_EDGE('',*,*,#5399,.T.);
#5399 = EDGE_CURVE('',#5391,#5400,#5402,.T.);
#5400 = VERTEX_POINT('',#5401);
#5401 = CARTESIAN_POINT('',(162.005143,-61.232887,1.585));
#5402 = LINE('',#5403,#5404);
#5403 = CARTESIAN_POINT('',(161.829708,-61.233533,1.585));
#5404 = VECTOR('',#5405,1.);
#5405 = DIRECTION('',(0.999993220493,3.682250522652E-03,0.));
#5406 = ORIENTED_EDGE('',*,*,#5407,.T.);
#5407 = EDGE_CURVE('',#5400,#5408,#5410,.T.);
#5408 = VERTEX_POINT('',#5409);
#5409 = CARTESIAN_POINT('',(162.0253,-61.250445,1.585));
#5410 = LINE('',#5411,#5412);
#5411 = CARTESIAN_POINT('',(162.005143,-61.232887,1.585));
#5412 = VECTOR('',#5413,1.);
#5413 = DIRECTION('',(0.754046333265,-0.656821229323,0.));
#5414 = ORIENTED_EDGE('',*,*,#5415,.T.);
#5415 = EDGE_CURVE('',#5408,#5416,#5418,.T.);
#5416 = VERTEX_POINT('',#5417);
#5417 = CARTESIAN_POINT('',(162.024382,-61.27528,1.585));
#5418 = LINE('',#5419,#5420);
#5419 = CARTESIAN_POINT('',(162.0253,-61.250445,1.585));
#5420 = VECTOR('',#5421,1.);
#5421 = DIRECTION('',(-3.693873542939E-02,-0.999317532031,0.));
#5422 = ORIENTED_EDGE('',*,*,#5423,.T.);
#5423 = EDGE_CURVE('',#5416,#5424,#5426,.T.);
#5424 = VERTEX_POINT('',#5425);
#5425 = CARTESIAN_POINT('',(161.974118,-61.335357,1.585));
#5426 = LINE('',#5427,#5428);
#5427 = CARTESIAN_POINT('',(162.024382,-61.27528,1.585));
#5428 = VECTOR('',#5429,1.);
#5429 = DIRECTION('',(-0.641688764579,-0.766965142241,0.));
#5430 = ORIENTED_EDGE('',*,*,#5431,.T.);
#5431 = EDGE_CURVE('',#5424,#5432,#5434,.T.);
#5432 = VERTEX_POINT('',#5433);
#5433 = CARTESIAN_POINT('',(162.006621,-61.359355,1.585));
#5434 = LINE('',#5435,#5436);
#5435 = CARTESIAN_POINT('',(161.974118,-61.335357,1.585));
#5436 = VECTOR('',#5437,1.);
#5437 = DIRECTION('',(0.804483122559,-0.59397550919,0.));
#5438 = ORIENTED_EDGE('',*,*,#5439,.T.);
#5439 = EDGE_CURVE('',#5432,#5440,#5442,.T.);
#5440 = VERTEX_POINT('',#5441);
#5441 = CARTESIAN_POINT('',(162.027679,-61.405261,1.585));
#5442 = LINE('',#5443,#5444);
#5443 = CARTESIAN_POINT('',(162.006621,-61.359355,1.585));
#5444 = VECTOR('',#5445,1.);
#5445 = DIRECTION('',(0.416945124824,-0.908931660184,0.));
#5446 = ORIENTED_EDGE('',*,*,#5447,.T.);
#5447 = EDGE_CURVE('',#5440,#5448,#5450,.T.);
#5448 = VERTEX_POINT('',#5449);
#5449 = CARTESIAN_POINT('',(162.02438,-61.478761,1.585));
#5450 = LINE('',#5451,#5452);
#5451 = CARTESIAN_POINT('',(162.027679,-61.405261,1.585));
#5452 = VECTOR('',#5453,1.);
#5453 = DIRECTION('',(-4.483920981397E-02,-0.998994216832,0.));
#5454 = ORIENTED_EDGE('',*,*,#5455,.T.);
#5455 = EDGE_CURVE('',#5448,#5456,#5458,.T.);
#5456 = VERTEX_POINT('',#5457);
#5457 = CARTESIAN_POINT('',(161.94881,-61.543654,1.585));
#5458 = CIRCLE('',#5459,9.606456335996E-02);
#5459 = AXIS2_PLACEMENT_3D('',#5460,#5461,#5462);
#5460 = CARTESIAN_POINT('',(161.93307886078,-61.44888622281,1.585));
#5461 = DIRECTION('',(0.,0.,-1.));
#5462 = DIRECTION('',(0.950414346562,-0.310986446407,0.));
#5463 = ORIENTED_EDGE('',*,*,#5464,.T.);
#5464 = EDGE_CURVE('',#5456,#5465,#5467,.T.);
#5465 = VERTEX_POINT('',#5466);
#5466 = CARTESIAN_POINT('',(161.863406,-61.540355,1.585));
#5467 = LINE('',#5468,#5469);
#5468 = CARTESIAN_POINT('',(161.94881,-61.543654,1.585));
#5469 = VECTOR('',#5470,1.);
#5470 = DIRECTION('',(-0.999254766234,3.859938028435E-02,0.));
#5471 = ORIENTED_EDGE('',*,*,#5472,.T.);
#5472 = EDGE_CURVE('',#5465,#5473,#5475,.T.);
#5473 = VERTEX_POINT('',#5474);
#5474 = CARTESIAN_POINT('',(161.831475,-61.522597,1.585));
#5475 = LINE('',#5476,#5477);
#5476 = CARTESIAN_POINT('',(161.863406,-61.540355,1.585));
#5477 = VECTOR('',#5478,1.);
#5478 = DIRECTION('',(-0.873941589113,0.486030964877,0.));
#5479 = ORIENTED_EDGE('',*,*,#5480,.T.);
#5480 = EDGE_CURVE('',#5473,#5481,#5483,.T.);
#5481 = VERTEX_POINT('',#5482);
#5482 = CARTESIAN_POINT('',(161.812796,-61.500554,1.585));
#5483 = LINE('',#5484,#5485);
#5484 = CARTESIAN_POINT('',(161.831475,-61.522597,1.585));
#5485 = VECTOR('',#5486,1.);
#5486 = DIRECTION('',(-0.646491308627,0.762921351038,0.));
#5487 = ORIENTED_EDGE('',*,*,#5488,.T.);
#5488 = EDGE_CURVE('',#5481,#5489,#5491,.T.);
#5489 = VERTEX_POINT('',#5490);
#5490 = CARTESIAN_POINT('',(161.853626,-61.459724,1.585));
#5491 = CIRCLE('',#5492,3.124983715158E-02);
#5492 = AXIS2_PLACEMENT_3D('',#5493,#5494,#5495);
#5493 = CARTESIAN_POINT('',(161.841667,-61.488595,1.585));
#5494 = DIRECTION('',(0.,0.,-1.));
#5495 = DIRECTION('',(-0.92387681446,-0.382689994255,-0.));
#5496 = ORIENTED_EDGE('',*,*,#5497,.T.);
#5497 = EDGE_CURVE('',#5489,#5498,#5500,.T.);
#5498 = VERTEX_POINT('',#5499);
#5499 = CARTESIAN_POINT('',(161.884758,-61.481154,1.585));
#5500 = LINE('',#5501,#5502);
#5501 = CARTESIAN_POINT('',(161.853626,-61.459724,1.585));
#5502 = VECTOR('',#5503,1.);
#5503 = DIRECTION('',(0.823711366471,-0.567009333915,0.));
#5504 = ORIENTED_EDGE('',*,*,#5505,.T.);
#5505 = EDGE_CURVE('',#5498,#5506,#5508,.T.);
#5506 = VERTEX_POINT('',#5507);
#5507 = CARTESIAN_POINT('',(161.941433,-61.481154,1.585));
#5508 = LINE('',#5509,#5510);
#5509 = CARTESIAN_POINT('',(161.884758,-61.481154,1.585));
#5510 = VECTOR('',#5511,1.);
#5511 = DIRECTION('',(1.,0.,0.));
#5512 = ORIENTED_EDGE('',*,*,#5513,.T.);
#5513 = EDGE_CURVE('',#5506,#5514,#5516,.T.);
#5514 = VERTEX_POINT('',#5515);
#5515 = CARTESIAN_POINT('',(161.958841,-61.470084,1.585));
#5516 = LINE('',#5517,#5518);
#5517 = CARTESIAN_POINT('',(161.941433,-61.481154,1.585));
#5518 = VECTOR('',#5519,1.);
#5519 = DIRECTION('',(0.843833099132,0.536605721931,0.));
#5520 = ORIENTED_EDGE('',*,*,#5521,.T.);
#5521 = EDGE_CURVE('',#5514,#5522,#5524,.T.);
#5522 = VERTEX_POINT('',#5523);
#5523 = CARTESIAN_POINT('',(161.965179,-61.457408,1.585));
#5524 = LINE('',#5525,#5526);
#5525 = CARTESIAN_POINT('',(161.958841,-61.470084,1.585));
#5526 = VECTOR('',#5527,1.);
#5527 = DIRECTION('',(0.4472135955,0.894427191,0.));
#5528 = ORIENTED_EDGE('',*,*,#5529,.T.);
#5529 = EDGE_CURVE('',#5522,#5530,#5532,.T.);
#5530 = VERTEX_POINT('',#5531);
#5531 = CARTESIAN_POINT('',(161.965179,-61.412638,1.585));
#5532 = LINE('',#5533,#5534);
#5533 = CARTESIAN_POINT('',(161.965179,-61.457408,1.585));
#5534 = VECTOR('',#5535,1.);
#5535 = DIRECTION('',(0.,1.,0.));
#5536 = ORIENTED_EDGE('',*,*,#5537,.T.);
#5537 = EDGE_CURVE('',#5530,#5538,#5540,.T.);
#5538 = VERTEX_POINT('',#5539);
#5539 = CARTESIAN_POINT('',(161.954107,-61.395229,1.585));
#5540 = LINE('',#5541,#5542);
#5541 = CARTESIAN_POINT('',(161.965179,-61.412638,1.585));
#5542 = VECTOR('',#5543,1.);
#5543 = DIRECTION('',(-0.536652799532,0.843803159957,0.));
#5544 = ORIENTED_EDGE('',*,*,#5545,.T.);
#5545 = EDGE_CURVE('',#5538,#5546,#5548,.T.);
#5546 = VERTEX_POINT('',#5547);
#5547 = CARTESIAN_POINT('',(161.941432,-61.388892,1.585));
#5548 = LINE('',#5549,#5550);
#5549 = CARTESIAN_POINT('',(161.954107,-61.395229,1.585));
#5550 = VECTOR('',#5551,1.);
#5551 = DIRECTION('',(-0.894441304027,0.447185368333,0.));
#5552 = ORIENTED_EDGE('',*,*,#5553,.T.);
#5553 = EDGE_CURVE('',#5546,#5554,#5556,.T.);
#5554 = VERTEX_POINT('',#5555);
#5555 = CARTESIAN_POINT('',(161.901136,-61.386513,1.585));
#5556 = LINE('',#5557,#5558);
#5557 = CARTESIAN_POINT('',(161.941432,-61.388892,1.585));
#5558 = VECTOR('',#5559,1.);
#5559 = DIRECTION('',(-0.998261792888,5.893549745085E-02,0.));
#5560 = ORIENTED_EDGE('',*,*,#5561,.T.);
#5561 = EDGE_CURVE('',#5554,#5562,#5564,.T.);
#5562 = VERTEX_POINT('',#5563);
#5563 = CARTESIAN_POINT('',(161.884224,-61.369601,1.585));
#5564 = LINE('',#5565,#5566);
#5565 = CARTESIAN_POINT('',(161.901136,-61.386513,1.585));
#5566 = VECTOR('',#5567,1.);
#5567 = DIRECTION('',(-0.707106781187,0.707106781186,0.));
#5568 = ORIENTED_EDGE('',*,*,#5569,.T.);
#5569 = EDGE_CURVE('',#5562,#5570,#5572,.T.);
#5570 = VERTEX_POINT('',#5571);
#5571 = CARTESIAN_POINT('',(161.885141,-61.344765,1.585));
#5572 = LINE('',#5573,#5574);
#5573 = CARTESIAN_POINT('',(161.884224,-61.369601,1.585));
#5574 = VECTOR('',#5575,1.);
#5575 = DIRECTION('',(3.689706830557E-02,0.999319071343,0.));
#5576 = ORIENTED_EDGE('',*,*,#5577,.T.);
#5577 = EDGE_CURVE('',#5570,#5578,#5580,.T.);
#5578 = VERTEX_POINT('',#5579);
#5579 = CARTESIAN_POINT('',(161.927561,-61.293654,1.585));
#5580 = LINE('',#5581,#5582);
#5581 = CARTESIAN_POINT('',(161.885141,-61.344765,1.585));
#5582 = VECTOR('',#5583,1.);
#5583 = DIRECTION('',(0.638650435577,0.769496992286,0.));
#5584 = ORIENTED_EDGE('',*,*,#5585,.T.);
#5585 = EDGE_CURVE('',#5578,#5389,#5586,.T.);
#5586 = LINE('',#5587,#5588);
#5587 = CARTESIAN_POINT('',(161.927561,-61.293654,1.585));
#5588 = VECTOR('',#5589,1.);
#5589 = DIRECTION('',(-0.999704594807,2.430479628671E-02,0.));
#5590 = PLANE('',#5591);
#5591 = AXIS2_PLACEMENT_3D('',#5592,#5593,#5594);
#5592 = CARTESIAN_POINT('',(0.,0.,1.585));
#5593 = DIRECTION('',(0.,0.,1.));
#5594 = DIRECTION('',(1.,0.,-0.));
#5595 = SHELL_BASED_SURFACE_MODEL('',(#5596));
#5596 = OPEN_SHELL('',(#5597));
#5597 = ADVANCED_FACE('',(#5598,#5707),#5758,.T.);
#5598 = FACE_BOUND('',#5599,.F.);
#5599 = EDGE_LOOP('',(#5600,#5610,#5618,#5627,#5635,#5643,#5651,#5659,
    #5668,#5676,#5684,#5692,#5701));
#5600 = ORIENTED_EDGE('',*,*,#5601,.T.);
#5601 = EDGE_CURVE('',#5602,#5604,#5606,.T.);
#5602 = VERTEX_POINT('',#5603);
#5603 = CARTESIAN_POINT('',(161.586605,-61.250445,1.585));
#5604 = VERTEX_POINT('',#5605);
#5605 = CARTESIAN_POINT('',(161.603517,-61.233533,1.585));
#5606 = LINE('',#5607,#5608);
#5607 = CARTESIAN_POINT('',(161.586605,-61.250445,1.585));
#5608 = VECTOR('',#5609,1.);
#5609 = DIRECTION('',(0.707106781187,0.707106781186,0.));
#5610 = ORIENTED_EDGE('',*,*,#5611,.T.);
#5611 = EDGE_CURVE('',#5604,#5612,#5614,.T.);
#5612 = VERTEX_POINT('',#5613);
#5613 = CARTESIAN_POINT('',(161.712249,-61.231459,1.585));
#5614 = LINE('',#5615,#5616);
#5615 = CARTESIAN_POINT('',(161.603517,-61.233533,1.585));
#5616 = VECTOR('',#5617,1.);
#5617 = DIRECTION('',(0.999818132847,1.907095250272E-02,0.));
#5618 = ORIENTED_EDGE('',*,*,#5619,.T.);
#5619 = EDGE_CURVE('',#5612,#5620,#5622,.T.);
#5620 = VERTEX_POINT('',#5621);
#5621 = CARTESIAN_POINT('',(161.789583,-61.310023,1.585));
#5622 = CIRCLE('',#5623,9.551901418153E-02);
#5623 = AXIS2_PLACEMENT_3D('',#5624,#5625,#5626);
#5624 = CARTESIAN_POINT('',(161.6953206189,-61.32546597837,1.585));
#5625 = DIRECTION('',(0.,0.,-1.));
#5626 = DIRECTION('',(0.177225249197,0.984170316077,0.));
#5627 = ORIENTED_EDGE('',*,*,#5628,.T.);
#5628 = EDGE_CURVE('',#5620,#5629,#5631,.T.);
#5629 = VERTEX_POINT('',#5630);
#5630 = CARTESIAN_POINT('',(161.786284,-61.359713,1.585));
#5631 = LINE('',#5632,#5633);
#5632 = CARTESIAN_POINT('',(161.789583,-61.310023,1.585));
#5633 = VECTOR('',#5634,1.);
#5634 = DIRECTION('',(-6.624578793653E-02,-0.997803335122,0.));
#5635 = ORIENTED_EDGE('',*,*,#5636,.T.);
#5636 = EDGE_CURVE('',#5629,#5637,#5639,.T.);
#5637 = VERTEX_POINT('',#5638);
#5638 = CARTESIAN_POINT('',(161.768526,-61.391644,1.585));
#5639 = LINE('',#5640,#5641);
#5640 = CARTESIAN_POINT('',(161.786284,-61.359713,1.585));
#5641 = VECTOR('',#5642,1.);
#5642 = DIRECTION('',(-0.486030964876,-0.873941589113,0.));
#5643 = ORIENTED_EDGE('',*,*,#5644,.T.);
#5644 = EDGE_CURVE('',#5637,#5645,#5647,.T.);
#5645 = VERTEX_POINT('',#5646);
#5646 = CARTESIAN_POINT('',(161.730631,-61.418336,1.585));
#5647 = LINE('',#5648,#5649);
#5648 = CARTESIAN_POINT('',(161.768526,-61.391644,1.585));
#5649 = VECTOR('',#5650,1.);
#5650 = DIRECTION('',(-0.817550992355,-0.575856210263,0.));
#5651 = ORIENTED_EDGE('',*,*,#5652,.T.);
#5652 = EDGE_CURVE('',#5645,#5653,#5655,.T.);
#5653 = VERTEX_POINT('',#5654);
#5654 = CARTESIAN_POINT('',(161.788843,-61.505644,1.585));
#5655 = LINE('',#5656,#5657);
#5656 = CARTESIAN_POINT('',(161.730631,-61.418336,1.585));
#5657 = VECTOR('',#5658,1.);
#5658 = DIRECTION('',(0.554744178783,-0.832020970954,0.));
#5659 = ORIENTED_EDGE('',*,*,#5660,.T.);
#5660 = EDGE_CURVE('',#5653,#5661,#5663,.T.);
#5661 = VERTEX_POINT('',#5662);
#5662 = CARTESIAN_POINT('',(161.741539,-61.538757,1.585));
#5663 = CIRCLE('',#5664,3.124992319405E-02);
#5664 = AXIS2_PLACEMENT_3D('',#5665,#5666,#5667);
#5665 = CARTESIAN_POINT('',(161.75833281081,-61.51240314604,1.585));
#5666 = DIRECTION('',(0.,0.,-1.));
#5667 = DIRECTION('',(0.976328453644,0.216293205178,0.));
#5668 = ORIENTED_EDGE('',*,*,#5669,.T.);
#5669 = EDGE_CURVE('',#5661,#5670,#5672,.T.);
#5670 = VERTEX_POINT('',#5671);
#5671 = CARTESIAN_POINT('',(161.658729,-61.424607,1.585));
#5672 = LINE('',#5673,#5674);
#5673 = CARTESIAN_POINT('',(161.741539,-61.538757,1.585));
#5674 = VECTOR('',#5675,1.);
#5675 = DIRECTION('',(-0.587205752545,0.809437708646,0.));
#5676 = ORIENTED_EDGE('',*,*,#5677,.T.);
#5677 = EDGE_CURVE('',#5670,#5678,#5680,.T.);
#5678 = VERTEX_POINT('',#5679);
#5679 = CARTESIAN_POINT('',(161.646726,-61.424607,1.585));
#5680 = LINE('',#5681,#5682);
#5681 = CARTESIAN_POINT('',(161.658729,-61.424607,1.585));
#5682 = VECTOR('',#5683,1.);
#5683 = DIRECTION('',(-1.,0.,0.));
#5684 = ORIENTED_EDGE('',*,*,#5685,.T.);
#5685 = EDGE_CURVE('',#5678,#5686,#5688,.T.);
#5686 = VERTEX_POINT('',#5687);
#5687 = CARTESIAN_POINT('',(161.644347,-61.524363,1.585));
#5688 = LINE('',#5689,#5690);
#5689 = CARTESIAN_POINT('',(161.646726,-61.424607,1.585));
#5690 = VECTOR('',#5691,1.);
#5691 = DIRECTION('',(-2.384141081013E-02,-0.999715753167,0.));
#5692 = ORIENTED_EDGE('',*,*,#5693,.T.);
#5693 = EDGE_CURVE('',#5686,#5694,#5696,.T.);
#5694 = VERTEX_POINT('',#5695);
#5695 = CARTESIAN_POINT('',(161.586605,-61.524363,1.585));
#5696 = CIRCLE('',#5697,3.12498371516E-02);
#5697 = AXIS2_PLACEMENT_3D('',#5698,#5699,#5700);
#5698 = CARTESIAN_POINT('',(161.615476,-61.512404,1.585));
#5699 = DIRECTION('',(-0.,0.,-1.));
#5700 = DIRECTION('',(0.92387681446,-0.382689994256,-0.));
#5701 = ORIENTED_EDGE('',*,*,#5702,.T.);
#5702 = EDGE_CURVE('',#5694,#5602,#5703,.T.);
#5703 = LINE('',#5704,#5705);
#5704 = CARTESIAN_POINT('',(161.586605,-61.524363,1.585));
#5705 = VECTOR('',#5706,1.);
#5706 = DIRECTION('',(0.,1.,0.));
#5707 = FACE_BOUND('',#5708,.F.);
#5708 = EDGE_LOOP('',(#5709,#5720,#5728,#5736,#5744,#5752));
#5709 = ORIENTED_EDGE('',*,*,#5710,.T.);
#5710 = EDGE_CURVE('',#5711,#5713,#5715,.T.);
#5711 = VERTEX_POINT('',#5712);
#5712 = CARTESIAN_POINT('',(161.720745,-61.351036,1.585));
#5713 = VERTEX_POINT('',#5714);
#5714 = CARTESIAN_POINT('',(161.716013,-61.299992,1.585));
#5715 = CIRCLE('',#5716,3.782387131785E-02);
#5716 = AXIS2_PLACEMENT_3D('',#5717,#5718,#5719);
#5717 = CARTESIAN_POINT('',(161.69068274712,-61.32808156266,1.585));
#5718 = DIRECTION('',(0.,-0.,1.));
#5719 = DIRECTION('',(0.794795768644,-0.606876994246,-0.));
#5720 = ORIENTED_EDGE('',*,*,#5721,.T.);
#5721 = EDGE_CURVE('',#5713,#5722,#5724,.T.);
#5722 = VERTEX_POINT('',#5723);
#5723 = CARTESIAN_POINT('',(161.703337,-61.293654,1.585));
#5724 = LINE('',#5725,#5726);
#5725 = CARTESIAN_POINT('',(161.716013,-61.299992,1.585));
#5726 = VECTOR('',#5727,1.);
#5727 = DIRECTION('',(-0.894427191,0.4472135955,0.));
#5728 = ORIENTED_EDGE('',*,*,#5729,.T.);
#5729 = EDGE_CURVE('',#5722,#5730,#5732,.T.);
#5730 = VERTEX_POINT('',#5731);
#5731 = CARTESIAN_POINT('',(161.646726,-61.293654,1.585));
#5732 = LINE('',#5733,#5734);
#5733 = CARTESIAN_POINT('',(161.703337,-61.293654,1.585));
#5734 = VECTOR('',#5735,1.);
#5735 = DIRECTION('',(-1.,0.,0.));
#5736 = ORIENTED_EDGE('',*,*,#5737,.T.);
#5737 = EDGE_CURVE('',#5730,#5738,#5740,.T.);
#5738 = VERTEX_POINT('',#5739);
#5739 = CARTESIAN_POINT('',(161.646726,-61.362107,1.585));
#5740 = LINE('',#5741,#5742);
#5741 = CARTESIAN_POINT('',(161.646726,-61.293654,1.585));
#5742 = VECTOR('',#5743,1.);
#5743 = DIRECTION('',(0.,-1.,0.));
#5744 = ORIENTED_EDGE('',*,*,#5745,.T.);
#5745 = EDGE_CURVE('',#5738,#5746,#5748,.T.);
#5746 = VERTEX_POINT('',#5747);
#5747 = CARTESIAN_POINT('',(161.703337,-61.362107,1.585));
#5748 = LINE('',#5749,#5750);
#5749 = CARTESIAN_POINT('',(161.646726,-61.362107,1.585));
#5750 = VECTOR('',#5751,1.);
#5751 = DIRECTION('',(1.,0.,0.));
#5752 = ORIENTED_EDGE('',*,*,#5753,.T.);
#5753 = EDGE_CURVE('',#5746,#5711,#5754,.T.);
#5754 = LINE('',#5755,#5756);
#5755 = CARTESIAN_POINT('',(161.703337,-61.362107,1.585));
#5756 = VECTOR('',#5757,1.);
#5757 = DIRECTION('',(0.843811149754,0.536640236612,0.));
#5758 = PLANE('',#5759);
#5759 = AXIS2_PLACEMENT_3D('',#5760,#5761,#5762);
#5760 = CARTESIAN_POINT('',(0.,0.,1.585));
#5761 = DIRECTION('',(0.,0.,1.));
#5762 = DIRECTION('',(1.,0.,-0.));
#5763 = SHELL_BASED_SURFACE_MODEL('',(#5764));
#5764 = OPEN_SHELL('',(#5765));
#5765 = ADVANCED_FACE('',(#5766,#5875),#5926,.T.);
#5766 = FACE_BOUND('',#5767,.F.);
#5767 = EDGE_LOOP('',(#5768,#5778,#5786,#5795,#5803,#5811,#5819,#5827,
    #5836,#5844,#5852,#5860,#5869));
#5768 = ORIENTED_EDGE('',*,*,#5769,.T.);
#5769 = EDGE_CURVE('',#5770,#5772,#5774,.T.);
#5770 = VERTEX_POINT('',#5771);
#5771 = CARTESIAN_POINT('',(163.086605,-61.250445,1.585));
#5772 = VERTEX_POINT('',#5773);
#5773 = CARTESIAN_POINT('',(163.103517,-61.233533,1.585));
#5774 = LINE('',#5775,#5776);
#5775 = CARTESIAN_POINT('',(163.086605,-61.250445,1.585));
#5776 = VECTOR('',#5777,1.);
#5777 = DIRECTION('',(0.707106781187,0.707106781186,0.));
#5778 = ORIENTED_EDGE('',*,*,#5779,.T.);
#5779 = EDGE_CURVE('',#5772,#5780,#5782,.T.);
#5780 = VERTEX_POINT('',#5781);
#5781 = CARTESIAN_POINT('',(163.212249,-61.231459,1.585));
#5782 = LINE('',#5783,#5784);
#5783 = CARTESIAN_POINT('',(163.103517,-61.233533,1.585));
#5784 = VECTOR('',#5785,1.);
#5785 = DIRECTION('',(0.999818132847,1.907095250272E-02,0.));
#5786 = ORIENTED_EDGE('',*,*,#5787,.T.);
#5787 = EDGE_CURVE('',#5780,#5788,#5790,.T.);
#5788 = VERTEX_POINT('',#5789);
#5789 = CARTESIAN_POINT('',(163.289583,-61.310023,1.585));
#5790 = CIRCLE('',#5791,9.551901418153E-02);
#5791 = AXIS2_PLACEMENT_3D('',#5792,#5793,#5794);
#5792 = CARTESIAN_POINT('',(163.1953206189,-61.32546597837,1.585));
#5793 = DIRECTION('',(0.,0.,-1.));
#5794 = DIRECTION('',(0.177225249197,0.984170316077,0.));
#5795 = ORIENTED_EDGE('',*,*,#5796,.T.);
#5796 = EDGE_CURVE('',#5788,#5797,#5799,.T.);
#5797 = VERTEX_POINT('',#5798);
#5798 = CARTESIAN_POINT('',(163.286284,-61.359713,1.585));
#5799 = LINE('',#5800,#5801);
#5800 = CARTESIAN_POINT('',(163.289583,-61.310023,1.585));
#5801 = VECTOR('',#5802,1.);
#5802 = DIRECTION('',(-6.624578793653E-02,-0.997803335122,0.));
#5803 = ORIENTED_EDGE('',*,*,#5804,.T.);
#5804 = EDGE_CURVE('',#5797,#5805,#5807,.T.);
#5805 = VERTEX_POINT('',#5806);
#5806 = CARTESIAN_POINT('',(163.268526,-61.391644,1.585));
#5807 = LINE('',#5808,#5809);
#5808 = CARTESIAN_POINT('',(163.286284,-61.359713,1.585));
#5809 = VECTOR('',#5810,1.);
#5810 = DIRECTION('',(-0.486030964876,-0.873941589113,0.));
#5811 = ORIENTED_EDGE('',*,*,#5812,.T.);
#5812 = EDGE_CURVE('',#5805,#5813,#5815,.T.);
#5813 = VERTEX_POINT('',#5814);
#5814 = CARTESIAN_POINT('',(163.230631,-61.418336,1.585));
#5815 = LINE('',#5816,#5817);
#5816 = CARTESIAN_POINT('',(163.268526,-61.391644,1.585));
#5817 = VECTOR('',#5818,1.);
#5818 = DIRECTION('',(-0.817550992355,-0.575856210263,0.));
#5819 = ORIENTED_EDGE('',*,*,#5820,.T.);
#5820 = EDGE_CURVE('',#5813,#5821,#5823,.T.);
#5821 = VERTEX_POINT('',#5822);
#5822 = CARTESIAN_POINT('',(163.288843,-61.505644,1.585));
#5823 = LINE('',#5824,#5825);
#5824 = CARTESIAN_POINT('',(163.230631,-61.418336,1.585));
#5825 = VECTOR('',#5826,1.);
#5826 = DIRECTION('',(0.554744178783,-0.832020970954,0.));
#5827 = ORIENTED_EDGE('',*,*,#5828,.T.);
#5828 = EDGE_CURVE('',#5821,#5829,#5831,.T.);
#5829 = VERTEX_POINT('',#5830);
#5830 = CARTESIAN_POINT('',(163.241539,-61.538757,1.585));
#5831 = CIRCLE('',#5832,3.124992319405E-02);
#5832 = AXIS2_PLACEMENT_3D('',#5833,#5834,#5835);
#5833 = CARTESIAN_POINT('',(163.25833281081,-61.51240314604,1.585));
#5834 = DIRECTION('',(0.,0.,-1.));
#5835 = DIRECTION('',(0.976328453644,0.216293205178,0.));
#5836 = ORIENTED_EDGE('',*,*,#5837,.T.);
#5837 = EDGE_CURVE('',#5829,#5838,#5840,.T.);
#5838 = VERTEX_POINT('',#5839);
#5839 = CARTESIAN_POINT('',(163.158729,-61.424607,1.585));
#5840 = LINE('',#5841,#5842);
#5841 = CARTESIAN_POINT('',(163.241539,-61.538757,1.585));
#5842 = VECTOR('',#5843,1.);
#5843 = DIRECTION('',(-0.587205752545,0.809437708646,0.));
#5844 = ORIENTED_EDGE('',*,*,#5845,.T.);
#5845 = EDGE_CURVE('',#5838,#5846,#5848,.T.);
#5846 = VERTEX_POINT('',#5847);
#5847 = CARTESIAN_POINT('',(163.146726,-61.424607,1.585));
#5848 = LINE('',#5849,#5850);
#5849 = CARTESIAN_POINT('',(163.158729,-61.424607,1.585));
#5850 = VECTOR('',#5851,1.);
#5851 = DIRECTION('',(-1.,0.,0.));
#5852 = ORIENTED_EDGE('',*,*,#5853,.T.);
#5853 = EDGE_CURVE('',#5846,#5854,#5856,.T.);
#5854 = VERTEX_POINT('',#5855);
#5855 = CARTESIAN_POINT('',(163.144347,-61.524363,1.585));
#5856 = LINE('',#5857,#5858);
#5857 = CARTESIAN_POINT('',(163.146726,-61.424607,1.585));
#5858 = VECTOR('',#5859,1.);
#5859 = DIRECTION('',(-2.384141081013E-02,-0.999715753167,0.));
#5860 = ORIENTED_EDGE('',*,*,#5861,.T.);
#5861 = EDGE_CURVE('',#5854,#5862,#5864,.T.);
#5862 = VERTEX_POINT('',#5863);
#5863 = CARTESIAN_POINT('',(163.086605,-61.524363,1.585));
#5864 = CIRCLE('',#5865,3.12498371516E-02);
#5865 = AXIS2_PLACEMENT_3D('',#5866,#5867,#5868);
#5866 = CARTESIAN_POINT('',(163.115476,-61.512404,1.585));
#5867 = DIRECTION('',(-0.,0.,-1.));
#5868 = DIRECTION('',(0.92387681446,-0.382689994256,-0.));
#5869 = ORIENTED_EDGE('',*,*,#5870,.T.);
#5870 = EDGE_CURVE('',#5862,#5770,#5871,.T.);
#5871 = LINE('',#5872,#5873);
#5872 = CARTESIAN_POINT('',(163.086605,-61.524363,1.585));
#5873 = VECTOR('',#5874,1.);
#5874 = DIRECTION('',(0.,1.,0.));
#5875 = FACE_BOUND('',#5876,.F.);
#5876 = EDGE_LOOP('',(#5877,#5888,#5896,#5904,#5912,#5920));
#5877 = ORIENTED_EDGE('',*,*,#5878,.T.);
#5878 = EDGE_CURVE('',#5879,#5881,#5883,.T.);
#5879 = VERTEX_POINT('',#5880);
#5880 = CARTESIAN_POINT('',(163.220745,-61.351036,1.585));
#5881 = VERTEX_POINT('',#5882);
#5882 = CARTESIAN_POINT('',(163.216013,-61.299992,1.585));
#5883 = CIRCLE('',#5884,3.782387131785E-02);
#5884 = AXIS2_PLACEMENT_3D('',#5885,#5886,#5887);
#5885 = CARTESIAN_POINT('',(163.19068274712,-61.32808156266,1.585));
#5886 = DIRECTION('',(0.,-0.,1.));
#5887 = DIRECTION('',(0.794795768644,-0.606876994246,-0.));
#5888 = ORIENTED_EDGE('',*,*,#5889,.T.);
#5889 = EDGE_CURVE('',#5881,#5890,#5892,.T.);
#5890 = VERTEX_POINT('',#5891);
#5891 = CARTESIAN_POINT('',(163.203337,-61.293654,1.585));
#5892 = LINE('',#5893,#5894);
#5893 = CARTESIAN_POINT('',(163.216013,-61.299992,1.585));
#5894 = VECTOR('',#5895,1.);
#5895 = DIRECTION('',(-0.894427191,0.4472135955,0.));
#5896 = ORIENTED_EDGE('',*,*,#5897,.T.);
#5897 = EDGE_CURVE('',#5890,#5898,#5900,.T.);
#5898 = VERTEX_POINT('',#5899);
#5899 = CARTESIAN_POINT('',(163.146726,-61.293654,1.585));
#5900 = LINE('',#5901,#5902);
#5901 = CARTESIAN_POINT('',(163.203337,-61.293654,1.585));
#5902 = VECTOR('',#5903,1.);
#5903 = DIRECTION('',(-1.,0.,0.));
#5904 = ORIENTED_EDGE('',*,*,#5905,.T.);
#5905 = EDGE_CURVE('',#5898,#5906,#5908,.T.);
#5906 = VERTEX_POINT('',#5907);
#5907 = CARTESIAN_POINT('',(163.146726,-61.362107,1.585));
#5908 = LINE('',#5909,#5910);
#5909 = CARTESIAN_POINT('',(163.146726,-61.293654,1.585));
#5910 = VECTOR('',#5911,1.);
#5911 = DIRECTION('',(0.,-1.,0.));
#5912 = ORIENTED_EDGE('',*,*,#5913,.T.);
#5913 = EDGE_CURVE('',#5906,#5914,#5916,.T.);
#5914 = VERTEX_POINT('',#5915);
#5915 = CARTESIAN_POINT('',(163.203337,-61.362107,1.585));
#5916 = LINE('',#5917,#5918);
#5917 = CARTESIAN_POINT('',(163.146726,-61.362107,1.585));
#5918 = VECTOR('',#5919,1.);
#5919 = DIRECTION('',(1.,0.,0.));
#5920 = ORIENTED_EDGE('',*,*,#5921,.T.);
#5921 = EDGE_CURVE('',#5914,#5879,#5922,.T.);
#5922 = LINE('',#5923,#5924);
#5923 = CARTESIAN_POINT('',(163.203337,-61.362107,1.585));
#5924 = VECTOR('',#5925,1.);
#5925 = DIRECTION('',(0.843811149754,0.536640236612,0.));
#5926 = PLANE('',#5927);
#5927 = AXIS2_PLACEMENT_3D('',#5928,#5929,#5930);
#5928 = CARTESIAN_POINT('',(0.,0.,1.585));
#5929 = DIRECTION('',(0.,0.,1.));
#5930 = DIRECTION('',(1.,0.,-0.));
#5931 = SHELL_BASED_SURFACE_MODEL('',(#5932));
#5932 = OPEN_SHELL('',(#5933));
#5933 = ADVANCED_FACE('',(#5934),#6076,.T.);
#5934 = FACE_BOUND('',#5935,.F.);
#5935 = EDGE_LOOP('',(#5936,#5947,#5955,#5964,#5972,#5980,#5988,#5996,
    #6004,#6012,#6021,#6029,#6037,#6045,#6053,#6062,#6070));
#5936 = ORIENTED_EDGE('',*,*,#5937,.T.);
#5937 = EDGE_CURVE('',#5938,#5940,#5942,.T.);
#5938 = VERTEX_POINT('',#5939);
#5939 = CARTESIAN_POINT('',(163.365532,-61.315085,1.585));
#5940 = VERTEX_POINT('',#5941);
#5941 = CARTESIAN_POINT('',(163.3247,-61.274257,1.585));
#5942 = CIRCLE('',#5943,3.125021986557E-02);
#5943 = AXIS2_PLACEMENT_3D('',#5944,#5945,#5946);
#5944 = CARTESIAN_POINT('',(163.35357229284,-61.28621387867,1.585));
#5945 = DIRECTION('',(-0.,0.,-1.));
#5946 = DIRECTION('',(0.382707936471,-0.923869382198,-0.));
#5947 = ORIENTED_EDGE('',*,*,#5948,.T.);
#5948 = EDGE_CURVE('',#5940,#5949,#5951,.T.);
#5949 = VERTEX_POINT('',#5950);
#5950 = CARTESIAN_POINT('',(163.351501,-61.246358,1.585));
#5951 = LINE('',#5952,#5953);
#5952 = CARTESIAN_POINT('',(163.3247,-61.274257,1.585));
#5953 = VECTOR('',#5954,1.);
#5954 = DIRECTION('',(0.692773381902,0.721155351729,0.));
#5955 = ORIENTED_EDGE('',*,*,#5956,.T.);
#5956 = EDGE_CURVE('',#5949,#5957,#5959,.T.);
#5957 = VERTEX_POINT('',#5958);
#5958 = CARTESIAN_POINT('',(163.494716,-61.252212,1.585));
#5959 = CIRCLE('',#5960,0.129375002805);
#5960 = AXIS2_PLACEMENT_3D('',#5961,#5962,#5963);
#5961 = CARTESIAN_POINT('',(163.41870941525,-61.35690627122,1.585));
#5962 = DIRECTION('',(0.,0.,-1.));
#5963 = DIRECTION('',(-0.519485324043,0.854479372545,0.));
#5964 = ORIENTED_EDGE('',*,*,#5965,.T.);
#5965 = EDGE_CURVE('',#5957,#5966,#5968,.T.);
#5966 = VERTEX_POINT('',#5967);
#5967 = CARTESIAN_POINT('',(163.512475,-61.272238,1.585));
#5968 = LINE('',#5969,#5970);
#5969 = CARTESIAN_POINT('',(163.494716,-61.252212,1.585));
#5970 = VECTOR('',#5971,1.);
#5971 = DIRECTION('',(0.663489143341,-0.748185910499,0.));
#5972 = ORIENTED_EDGE('',*,*,#5973,.T.);
#5973 = EDGE_CURVE('',#5966,#5974,#5976,.T.);
#5974 = VERTEX_POINT('',#5975);
#5975 = CARTESIAN_POINT('',(163.527679,-61.310023,1.585));
#5976 = LINE('',#5977,#5978);
#5977 = CARTESIAN_POINT('',(163.512475,-61.272238,1.585));
#5978 = VECTOR('',#5979,1.);
#5979 = DIRECTION('',(0.373294822963,-0.927712765434,0.));
#5980 = ORIENTED_EDGE('',*,*,#5981,.T.);
#5981 = EDGE_CURVE('',#5974,#5982,#5984,.T.);
#5982 = VERTEX_POINT('',#5983);
#5983 = CARTESIAN_POINT('',(163.526075,-61.343715,1.585));
#5984 = LINE('',#5985,#5986);
#5985 = CARTESIAN_POINT('',(163.527679,-61.310023,1.585));
#5986 = VECTOR('',#5987,1.);
#5987 = DIRECTION('',(-4.755388084786E-02,-0.998868674259,0.));
#5988 = ORIENTED_EDGE('',*,*,#5989,.T.);
#5989 = EDGE_CURVE('',#5982,#5990,#5992,.T.);
#5990 = VERTEX_POINT('',#5991);
#5991 = CARTESIAN_POINT('',(163.506621,-61.391644,1.585));
#5992 = LINE('',#5993,#5994);
#5993 = CARTESIAN_POINT('',(163.526075,-61.343715,1.585));
#5994 = VECTOR('',#5995,1.);
#5995 = DIRECTION('',(-0.376092342303,-0.926582187429,0.));
#5996 = ORIENTED_EDGE('',*,*,#5997,.T.);
#5997 = EDGE_CURVE('',#5990,#5998,#6000,.T.);
#5998 = VERTEX_POINT('',#5999);
#5999 = CARTESIAN_POINT('',(163.417111,-61.481154,1.585));
#6000 = LINE('',#6001,#6002);
#6001 = CARTESIAN_POINT('',(163.506621,-61.391644,1.585));
#6002 = VECTOR('',#6003,1.);
#6003 = DIRECTION('',(-0.707106781187,-0.707106781187,0.));
#6004 = ORIENTED_EDGE('',*,*,#6005,.T.);
#6005 = EDGE_CURVE('',#5998,#6006,#6008,.T.);
#6006 = VERTEX_POINT('',#6007);
#6007 = CARTESIAN_POINT('',(163.508388,-61.483533,1.585));
#6008 = LINE('',#6009,#6010);
#6009 = CARTESIAN_POINT('',(163.417111,-61.481154,1.585));
#6010 = VECTOR('',#6011,1.);
#6011 = DIRECTION('',(0.999660519387,-2.605467287079E-02,0.));
#6012 = ORIENTED_EDGE('',*,*,#6013,.T.);
#6013 = EDGE_CURVE('',#6006,#6014,#6016,.T.);
#6014 = VERTEX_POINT('',#6015);
#6015 = CARTESIAN_POINT('',(163.508388,-61.541275,1.585));
#6016 = CIRCLE('',#6017,3.124983715158E-02);
#6017 = AXIS2_PLACEMENT_3D('',#6018,#6019,#6020);
#6018 = CARTESIAN_POINT('',(163.496429,-61.512404,1.585));
#6019 = DIRECTION('',(0.,0.,-1.));
#6020 = DIRECTION('',(0.382689994255,0.92387681446,0.));
#6021 = ORIENTED_EDGE('',*,*,#6022,.T.);
#6022 = EDGE_CURVE('',#6014,#6023,#6025,.T.);
#6023 = VERTEX_POINT('',#6024);
#6024 = CARTESIAN_POINT('',(163.329708,-61.541275,1.585));
#6025 = LINE('',#6026,#6027);
#6026 = CARTESIAN_POINT('',(163.508388,-61.541275,1.585));
#6027 = VECTOR('',#6028,1.);
#6028 = DIRECTION('',(-1.,0.,0.));
#6029 = ORIENTED_EDGE('',*,*,#6030,.T.);
#6030 = EDGE_CURVE('',#6023,#6031,#6033,.T.);
#6031 = VERTEX_POINT('',#6032);
#6032 = CARTESIAN_POINT('',(163.312796,-61.524363,1.585));
#6033 = LINE('',#6034,#6035);
#6034 = CARTESIAN_POINT('',(163.329708,-61.541275,1.585));
#6035 = VECTOR('',#6036,1.);
#6036 = DIRECTION('',(-0.707106781187,0.707106781186,0.));
#6037 = ORIENTED_EDGE('',*,*,#6038,.T.);
#6038 = EDGE_CURVE('',#6031,#6039,#6041,.T.);
#6039 = VERTEX_POINT('',#6040);
#6040 = CARTESIAN_POINT('',(163.312796,-61.500445,1.585));
#6041 = LINE('',#6042,#6043);
#6042 = CARTESIAN_POINT('',(163.312796,-61.524363,1.585));
#6043 = VECTOR('',#6044,1.);
#6044 = DIRECTION('',(0.,1.,0.));
#6045 = ORIENTED_EDGE('',*,*,#6046,.T.);
#6046 = EDGE_CURVE('',#6039,#6047,#6049,.T.);
#6047 = VERTEX_POINT('',#6048);
#6048 = CARTESIAN_POINT('',(163.457211,-61.352665,1.585));
#6049 = LINE('',#6050,#6051);
#6050 = CARTESIAN_POINT('',(163.312796,-61.500445,1.585));
#6051 = VECTOR('',#6052,1.);
#6052 = DIRECTION('',(0.698917194814,0.715202597027,0.));
#6053 = ORIENTED_EDGE('',*,*,#6054,.T.);
#6054 = EDGE_CURVE('',#6047,#6055,#6057,.T.);
#6055 = VERTEX_POINT('',#6056);
#6056 = CARTESIAN_POINT('',(163.441432,-61.293654,1.585));
#6057 = CIRCLE('',#6058,3.612005695908E-02);
#6058 = AXIS2_PLACEMENT_3D('',#6059,#6060,#6061);
#6059 = CARTESIAN_POINT('',(163.43069281201,-61.32814064025,1.585));
#6060 = DIRECTION('',(0.,-0.,1.));
#6061 = DIRECTION('',(0.734167944782,-0.678967914451,-0.));
#6062 = ORIENTED_EDGE('',*,*,#6063,.T.);
#6063 = EDGE_CURVE('',#6055,#6064,#6066,.T.);
#6064 = VERTEX_POINT('',#6065);
#6065 = CARTESIAN_POINT('',(163.396663,-61.293654,1.585));
#6066 = LINE('',#6067,#6068);
#6067 = CARTESIAN_POINT('',(163.441432,-61.293654,1.585));
#6068 = VECTOR('',#6069,1.);
#6069 = DIRECTION('',(-1.,0.,0.));
#6070 = ORIENTED_EDGE('',*,*,#6071,.T.);
#6071 = EDGE_CURVE('',#6064,#5938,#6072,.T.);
#6072 = LINE('',#6073,#6074);
#6073 = CARTESIAN_POINT('',(163.396663,-61.293654,1.585));
#6074 = VECTOR('',#6075,1.);
#6075 = DIRECTION('',(-0.823690501743,-0.567039643534,0.));
#6076 = PLANE('',#6077);
#6077 = AXIS2_PLACEMENT_3D('',#6078,#6079,#6080);
#6078 = CARTESIAN_POINT('',(0.,0.,1.585));
#6079 = DIRECTION('',(0.,0.,1.));
#6080 = DIRECTION('',(1.,0.,-0.));
#6081 = SHELL_BASED_SURFACE_MODEL('',(#6082));
#6082 = OPEN_SHELL('',(#6083));
#6083 = ADVANCED_FACE('',(#6084),#6289,.T.);
#6084 = FACE_BOUND('',#6085,.F.);
#6085 = EDGE_LOOP('',(#6086,#6097,#6105,#6113,#6121,#6129,#6137,#6145,
    #6153,#6162,#6170,#6178,#6186,#6195,#6203,#6211,#6219,#6227,#6235,
    #6243,#6251,#6259,#6267,#6275,#6283));
#6086 = ORIENTED_EDGE('',*,*,#6087,.T.);
#6087 = EDGE_CURVE('',#6088,#6090,#6092,.T.);
#6088 = VERTEX_POINT('',#6089);
#6089 = CARTESIAN_POINT('',(170.448111,-61.298129,1.585));
#6090 = VERTEX_POINT('',#6091);
#6091 = CARTESIAN_POINT('',(170.407281,-61.257299,1.585));
#6092 = CIRCLE('',#6093,3.124983715157E-02);
#6093 = AXIS2_PLACEMENT_3D('',#6094,#6095,#6096);
#6094 = CARTESIAN_POINT('',(170.436152,-61.269258,1.585));
#6095 = DIRECTION('',(0.,0.,-1.));
#6096 = DIRECTION('',(0.382689994255,-0.92387681446,0.));
#6097 = ORIENTED_EDGE('',*,*,#6098,.T.);
#6098 = EDGE_CURVE('',#6090,#6099,#6101,.T.);
#6099 = VERTEX_POINT('',#6100);
#6100 = CARTESIAN_POINT('',(170.533627,-61.130954,1.585));
#6101 = LINE('',#6102,#6103);
#6102 = CARTESIAN_POINT('',(170.407281,-61.257299,1.585));
#6103 = VECTOR('',#6104,1.);
#6104 = DIRECTION('',(0.707109579487,0.707103982875,0.));
#6105 = ORIENTED_EDGE('',*,*,#6106,.T.);
#6106 = EDGE_CURVE('',#6099,#6107,#6109,.T.);
#6107 = VERTEX_POINT('',#6108);
#6108 = CARTESIAN_POINT('',(170.556434,-61.130954,1.585));
#6109 = LINE('',#6110,#6111);
#6110 = CARTESIAN_POINT('',(170.533627,-61.130954,1.585));
#6111 = VECTOR('',#6112,1.);
#6112 = DIRECTION('',(1.,0.,0.));
#6113 = ORIENTED_EDGE('',*,*,#6114,.T.);
#6114 = EDGE_CURVE('',#6107,#6115,#6117,.T.);
#6115 = VERTEX_POINT('',#6116);
#6116 = CARTESIAN_POINT('',(170.574456,-61.149163,1.585));
#6117 = LINE('',#6118,#6119);
#6118 = CARTESIAN_POINT('',(170.556434,-61.130954,1.585));
#6119 = VECTOR('',#6120,1.);
#6120 = DIRECTION('',(0.703447803006,-0.710746922924,0.));
#6121 = ORIENTED_EDGE('',*,*,#6122,.T.);
#6122 = EDGE_CURVE('',#6115,#6123,#6125,.T.);
#6123 = VERTEX_POINT('',#6124);
#6124 = CARTESIAN_POINT('',(170.581395,-61.227187,1.585));
#6125 = LINE('',#6126,#6127);
#6126 = CARTESIAN_POINT('',(170.574456,-61.149163,1.585));
#6127 = VECTOR('',#6128,1.);
#6128 = DIRECTION('',(8.858454376571E-02,-0.996068661592,0.));
#6129 = ORIENTED_EDGE('',*,*,#6130,.T.);
#6130 = EDGE_CURVE('',#6123,#6131,#6133,.T.);
#6131 = VERTEX_POINT('',#6132);
#6132 = CARTESIAN_POINT('',(170.621347,-61.221172,1.585));
#6133 = LINE('',#6134,#6135);
#6134 = CARTESIAN_POINT('',(170.581395,-61.227187,1.585));
#6135 = VECTOR('',#6136,1.);
#6136 = DIRECTION('',(0.988855599397,0.148877814136,0.));
#6137 = ORIENTED_EDGE('',*,*,#6138,.T.);
#6138 = EDGE_CURVE('',#6131,#6139,#6141,.T.);
#6139 = VERTEX_POINT('',#6140);
#6140 = CARTESIAN_POINT('',(170.668698,-61.238743,1.585));
#6141 = LINE('',#6142,#6143);
#6142 = CARTESIAN_POINT('',(170.621347,-61.221172,1.585));
#6143 = VECTOR('',#6144,1.);
#6144 = DIRECTION('',(0.937531952771,-0.347899177253,0.));
#6145 = ORIENTED_EDGE('',*,*,#6146,.T.);
#6146 = EDGE_CURVE('',#6139,#6147,#6149,.T.);
#6147 = VERTEX_POINT('',#6148);
#6148 = CARTESIAN_POINT('',(170.718336,-61.293048,1.585));
#6149 = LINE('',#6150,#6151);
#6150 = CARTESIAN_POINT('',(170.668698,-61.238743,1.585));
#6151 = VECTOR('',#6152,1.);
#6152 = DIRECTION('',(0.674678238814,-0.738111965809,0.));
#6153 = ORIENTED_EDGE('',*,*,#6154,.T.);
#6154 = EDGE_CURVE('',#6147,#6155,#6157,.T.);
#6155 = VERTEX_POINT('',#6156);
#6156 = CARTESIAN_POINT('',(170.710787,-61.39237,1.585));
#6157 = CIRCLE('',#6158,9.605941025371E-02);
#6158 = AXIS2_PLACEMENT_3D('',#6159,#6160,#6161);
#6159 = CARTESIAN_POINT('',(170.6326579191,-61.33648389244,1.585));
#6160 = DIRECTION('',(0.,0.,-1.));
#6161 = DIRECTION('',(0.89192803356,0.452177379962,0.));
#6162 = ORIENTED_EDGE('',*,*,#6163,.T.);
#6163 = EDGE_CURVE('',#6155,#6164,#6166,.T.);
#6164 = VERTEX_POINT('',#6165);
#6165 = CARTESIAN_POINT('',(170.648065,-61.450427,1.585));
#6166 = LINE('',#6167,#6168);
#6167 = CARTESIAN_POINT('',(170.710787,-61.39237,1.585));
#6168 = VECTOR('',#6169,1.);
#6169 = DIRECTION('',(-0.733871057477,-0.679288797933,0.));
#6170 = ORIENTED_EDGE('',*,*,#6171,.T.);
#6171 = EDGE_CURVE('',#6164,#6172,#6174,.T.);
#6172 = VERTEX_POINT('',#6173);
#6173 = CARTESIAN_POINT('',(170.612929,-61.460449,1.585));
#6174 = LINE('',#6175,#6176);
#6175 = CARTESIAN_POINT('',(170.648065,-61.450427,1.585));
#6176 = VECTOR('',#6177,1.);
#6177 = DIRECTION('',(-0.961645723621,-0.274294553795,0.));
#6178 = ORIENTED_EDGE('',*,*,#6179,.T.);
#6179 = EDGE_CURVE('',#6172,#6180,#6182,.T.);
#6180 = VERTEX_POINT('',#6181);
#6181 = CARTESIAN_POINT('',(170.584134,-61.45807,1.585));
#6182 = LINE('',#6183,#6184);
#6183 = CARTESIAN_POINT('',(170.612929,-61.460449,1.585));
#6184 = VECTOR('',#6185,1.);
#6185 = DIRECTION('',(-0.996604464019,8.233797603399E-02,0.));
#6186 = ORIENTED_EDGE('',*,*,#6187,.T.);
#6187 = EDGE_CURVE('',#6180,#6188,#6190,.T.);
#6188 = VERTEX_POINT('',#6189);
#6189 = CARTESIAN_POINT('',(170.584134,-61.400328,1.585));
#6190 = CIRCLE('',#6191,3.124983715156E-02);
#6191 = AXIS2_PLACEMENT_3D('',#6192,#6193,#6194);
#6192 = CARTESIAN_POINT('',(170.596093,-61.429199,1.585));
#6193 = DIRECTION('',(0.,0.,-1.));
#6194 = DIRECTION('',(-0.382689994254,-0.923876814461,-0.));
#6195 = ORIENTED_EDGE('',*,*,#6196,.T.);
#6196 = EDGE_CURVE('',#6188,#6197,#6199,.T.);
#6197 = VERTEX_POINT('',#6198);
#6198 = CARTESIAN_POINT('',(170.621301,-61.393468,1.585));
#6199 = LINE('',#6200,#6201);
#6200 = CARTESIAN_POINT('',(170.584134,-61.400328,1.585));
#6201 = VECTOR('',#6202,1.);
#6202 = DIRECTION('',(0.983389737427,0.181506540715,0.));
#6203 = ORIENTED_EDGE('',*,*,#6204,.T.);
#6204 = EDGE_CURVE('',#6197,#6205,#6207,.T.);
#6205 = VERTEX_POINT('',#6206);
#6206 = CARTESIAN_POINT('',(170.661377,-61.35339,1.585));
#6207 = LINE('',#6208,#6209);
#6208 = CARTESIAN_POINT('',(170.621301,-61.393468,1.585));
#6209 = VECTOR('',#6210,1.);
#6210 = DIRECTION('',(0.707089137261,0.707124424672,0.));
#6211 = ORIENTED_EDGE('',*,*,#6212,.T.);
#6212 = EDGE_CURVE('',#6205,#6213,#6215,.T.);
#6213 = VERTEX_POINT('',#6214);
#6214 = CARTESIAN_POINT('',(170.665858,-61.333253,1.585));
#6215 = LINE('',#6216,#6217);
#6216 = CARTESIAN_POINT('',(170.661377,-61.35339,1.585));
#6217 = VECTOR('',#6218,1.);
#6218 = DIRECTION('',(0.217212739482,0.976124288094,0.));
#6219 = ORIENTED_EDGE('',*,*,#6220,.T.);
#6220 = EDGE_CURVE('',#6213,#6221,#6223,.T.);
#6221 = VERTEX_POINT('',#6222);
#6222 = CARTESIAN_POINT('',(170.661377,-61.31981,1.585));
#6223 = LINE('',#6224,#6225);
#6224 = CARTESIAN_POINT('',(170.665858,-61.333253,1.585));
#6225 = VECTOR('',#6226,1.);
#6226 = DIRECTION('',(-0.316227766017,0.948683298051,0.));
#6227 = ORIENTED_EDGE('',*,*,#6228,.T.);
#6228 = EDGE_CURVE('',#6221,#6229,#6231,.T.);
#6229 = VERTEX_POINT('',#6230);
#6230 = CARTESIAN_POINT('',(170.629719,-61.288152,1.585));
#6231 = LINE('',#6232,#6233);
#6232 = CARTESIAN_POINT('',(170.661377,-61.31981,1.585));
#6233 = VECTOR('',#6234,1.);
#6234 = DIRECTION('',(-0.707106781186,0.707106781187,0.));
#6235 = ORIENTED_EDGE('',*,*,#6236,.T.);
#6236 = EDGE_CURVE('',#6229,#6237,#6239,.T.);
#6237 = VERTEX_POINT('',#6238);
#6238 = CARTESIAN_POINT('',(170.609581,-61.283672,1.585));
#6239 = LINE('',#6240,#6241);
#6240 = CARTESIAN_POINT('',(170.629719,-61.288152,1.585));
#6241 = VECTOR('',#6242,1.);
#6242 = DIRECTION('',(-0.976136850891,0.217156276293,0.));
#6243 = ORIENTED_EDGE('',*,*,#6244,.T.);
#6244 = EDGE_CURVE('',#6237,#6245,#6247,.T.);
#6245 = VERTEX_POINT('',#6246);
#6246 = CARTESIAN_POINT('',(170.596138,-61.288153,1.585));
#6247 = LINE('',#6248,#6249);
#6248 = CARTESIAN_POINT('',(170.609581,-61.283672,1.585));
#6249 = VECTOR('',#6250,1.);
#6250 = DIRECTION('',(-0.948683298051,-0.316227766017,0.));
#6251 = ORIENTED_EDGE('',*,*,#6252,.T.);
#6252 = EDGE_CURVE('',#6245,#6253,#6255,.T.);
#6253 = VERTEX_POINT('',#6254);
#6254 = CARTESIAN_POINT('',(170.565962,-61.314965,1.585));
#6255 = LINE('',#6256,#6257);
#6256 = CARTESIAN_POINT('',(170.596138,-61.288153,1.585));
#6257 = VECTOR('',#6258,1.);
#6258 = DIRECTION('',(-0.747545980744,-0.664210062159,0.));
#6259 = ORIENTED_EDGE('',*,*,#6260,.T.);
#6260 = EDGE_CURVE('',#6253,#6261,#6263,.T.);
#6261 = VERTEX_POINT('',#6262);
#6262 = CARTESIAN_POINT('',(170.542044,-61.314965,1.585));
#6263 = LINE('',#6264,#6265);
#6264 = CARTESIAN_POINT('',(170.565962,-61.314965,1.585));
#6265 = VECTOR('',#6266,1.);
#6266 = DIRECTION('',(-1.,0.,0.));
#6267 = ORIENTED_EDGE('',*,*,#6268,.T.);
#6268 = EDGE_CURVE('',#6261,#6269,#6271,.T.);
#6269 = VERTEX_POINT('',#6270);
#6270 = CARTESIAN_POINT('',(170.525132,-61.296755,1.585));
#6271 = LINE('',#6272,#6273);
#6272 = CARTESIAN_POINT('',(170.542044,-61.314965,1.585));
#6273 = VECTOR('',#6274,1.);
#6274 = DIRECTION('',(-0.680509745855,0.732739029803,0.));
#6275 = ORIENTED_EDGE('',*,*,#6276,.T.);
#6276 = EDGE_CURVE('',#6269,#6277,#6279,.T.);
#6277 = VERTEX_POINT('',#6278);
#6278 = CARTESIAN_POINT('',(170.518985,-61.230618,1.585));
#6279 = LINE('',#6280,#6281);
#6280 = CARTESIAN_POINT('',(170.525132,-61.296755,1.585));
#6281 = VECTOR('',#6282,1.);
#6282 = DIRECTION('',(-9.254457281278E-02,0.995708542719,0.));
#6283 = ORIENTED_EDGE('',*,*,#6284,.T.);
#6284 = EDGE_CURVE('',#6277,#6088,#6285,.T.);
#6285 = LINE('',#6286,#6287);
#6286 = CARTESIAN_POINT('',(170.518985,-61.230618,1.585));
#6287 = VECTOR('',#6288,1.);
#6288 = DIRECTION('',(-0.724076945665,-0.689719201383,0.));
#6289 = PLANE('',#6290);
#6290 = AXIS2_PLACEMENT_3D('',#6291,#6292,#6293);
#6291 = CARTESIAN_POINT('',(0.,0.,1.585));
#6292 = DIRECTION('',(0.,0.,1.));
#6293 = DIRECTION('',(1.,0.,-0.));
#6294 = SHELL_BASED_SURFACE_MODEL('',(#6295));
#6295 = OPEN_SHELL('',(#6296));
#6296 = ADVANCED_FACE('',(#6297),#6333,.T.);
#6297 = FACE_BOUND('',#6298,.F.);
#6298 = EDGE_LOOP('',(#6299,#6310,#6318,#6327));
#6299 = ORIENTED_EDGE('',*,*,#6300,.T.);
#6300 = EDGE_CURVE('',#6301,#6303,#6305,.T.);
#6301 = VERTEX_POINT('',#6302);
#6302 = CARTESIAN_POINT('',(170.200338,-60.89356,1.585));
#6303 = VERTEX_POINT('',#6304);
#6304 = CARTESIAN_POINT('',(170.285191,-60.978413,1.585));
#6305 = CIRCLE('',#6306,6.000013170923E-02);
#6306 = AXIS2_PLACEMENT_3D('',#6307,#6308,#6309);
#6307 = CARTESIAN_POINT('',(170.2427650587,-60.93598594129,1.585));
#6308 = DIRECTION('',(0.,0.,-1.));
#6309 = DIRECTION('',(-0.707116092923,0.707097469327,-0.));
#6310 = ORIENTED_EDGE('',*,*,#6311,.T.);
#6311 = EDGE_CURVE('',#6303,#6312,#6314,.T.);
#6312 = VERTEX_POINT('',#6313);
#6313 = CARTESIAN_POINT('',(170.08638,-61.177223,1.585));
#6314 = LINE('',#6315,#6316);
#6315 = CARTESIAN_POINT('',(170.285191,-60.978413,1.585));
#6316 = VECTOR('',#6317,1.);
#6317 = DIRECTION('',(-0.707108559528,-0.707105002841,0.));
#6318 = ORIENTED_EDGE('',*,*,#6319,.T.);
#6319 = EDGE_CURVE('',#6312,#6320,#6322,.T.);
#6320 = VERTEX_POINT('',#6321);
#6321 = CARTESIAN_POINT('',(170.001528,-61.092371,1.585));
#6322 = CIRCLE('',#6323,5.999942460323E-02);
#6323 = AXIS2_PLACEMENT_3D('',#6324,#6325,#6326);
#6324 = CARTESIAN_POINT('',(170.04395340009,-61.1347975999,1.585));
#6325 = DIRECTION('',(-0.,0.,-1.));
#6326 = DIRECTION('',(0.707116779639,-0.707096782593,-0.));
#6327 = ORIENTED_EDGE('',*,*,#6328,.T.);
#6328 = EDGE_CURVE('',#6320,#6301,#6329,.T.);
#6329 = LINE('',#6330,#6331);
#6330 = CARTESIAN_POINT('',(170.001528,-61.092371,1.585));
#6331 = VECTOR('',#6332,1.);
#6332 = DIRECTION('',(0.707105002841,0.707108559528,0.));
#6333 = PLANE('',#6334);
#6334 = AXIS2_PLACEMENT_3D('',#6335,#6336,#6337);
#6335 = CARTESIAN_POINT('',(0.,0.,1.585));
#6336 = DIRECTION('',(0.,0.,1.));
#6337 = DIRECTION('',(1.,0.,-0.));
#6338 = ( GEOMETRIC_REPRESENTATION_CONTEXT(3) 
GLOBAL_UNCERTAINTY_ASSIGNED_CONTEXT((#6342)) 
GLOBAL_UNIT_ASSIGNED_CONTEXT((#6339,#6340,#6341)) REPRESENTATION_CONTEXT
('Context #1','3D Context with UNIT and UNCERTAINTY') );
#6339 = ( LENGTH_UNIT() NAMED_UNIT(*) SI_UNIT(.MILLI.,.METRE.) );
#6340 = ( NAMED_UNIT(*) PLANE_ANGLE_UNIT() SI_UNIT($,.RADIAN.) );
#6341 = ( NAMED_UNIT(*) SI_UNIT($,.STERADIAN.) SOLID_ANGLE_UNIT() );
#6342 = UNCERTAINTY_MEASURE_WITH_UNIT(LENGTH_MEASURE(1.E-07),#6339,
  'distance_accuracy_value','confusion accuracy');
#6343 = CONTEXT_DEPENDENT_SHAPE_REPRESENTATION(#6344,#6346);
#6344 = ( REPRESENTATION_RELATIONSHIP('','',#48,#10) 
REPRESENTATION_RELATIONSHIP_WITH_TRANSFORMATION(#6345) 
SHAPE_REPRESENTATION_RELATIONSHIP() );
#6345 = ITEM_DEFINED_TRANSFORMATION('','',#11,#15);
#6346 = PRODUCT_DEFINITION_SHAPE('Placement','Placement of an item',
  #6347);
#6347 = NEXT_ASSEMBLY_USAGE_OCCURRENCE('1','=>[0:1:1:2]','',#5,#43,$);
#6348 = PRODUCT_RELATED_PRODUCT_CATEGORY('part',$,(#45));
#6349 = SHAPE_DEFINITION_REPRESENTATION(#6350,#6356);
#6350 = PRODUCT_DEFINITION_SHAPE('','',#6351);
#6351 = PRODUCT_DEFINITION('design','',#6352,#6355);
#6352 = PRODUCT_DEFINITION_FORMATION('','',#6353);
#6353 = PRODUCT('arduino nano_silkscreen','arduino nano_silkscreen','',(
    #6354));
#6354 = PRODUCT_CONTEXT('',#2,'mechanical');
#6355 = PRODUCT_DEFINITION_CONTEXT('part definition',#2,'design');
#6356 = SHAPE_REPRESENTATION('',(#11,#6357,#6469,#6538,#6724,#7017,#7094
    ,#7221,#7315,#7367,#7411,#7463,#7515,#7640,#7725,#7777,#7829,#7873,
    #7941,#8115,#8209,#8303,#8517,#8750,#8918,#9067,#9253,#9347,#9441,
    #9535,#9737,#9951,#10125,#10299,#10441,#10510,#10701,#10918,#11030,
    #11098,#11192,#11236,#11401,#11615,#11789,#11957,#12009,#12061,
    #12113,#12165,#12241,#12401,#12603,#12763,#12807,#12851,#12928,
    #13114,#13158,#13270),#13339);
#6357 = SHELL_BASED_SURFACE_MODEL('',(#6358));
#6358 = OPEN_SHELL('',(#6359));
#6359 = ADVANCED_FACE('',(#6360,#6430),#6464,.T.);
#6360 = FACE_BOUND('',#6361,.T.);
#6361 = EDGE_LOOP('',(#6362,#6373,#6381,#6390,#6398,#6407,#6415,#6424));
#6362 = ORIENTED_EDGE('',*,*,#6363,.T.);
#6363 = EDGE_CURVE('',#6364,#6366,#6368,.T.);
#6364 = VERTEX_POINT('',#6365);
#6365 = CARTESIAN_POINT('',(151.95,-72.52,-7.5E-02));
#6366 = VERTEX_POINT('',#6367);
#6367 = CARTESIAN_POINT('',(152.01,-72.46,-7.5E-02));
#6368 = CIRCLE('',#6369,5.999932016265E-02);
#6369 = AXIS2_PLACEMENT_3D('',#6370,#6371,#6372);
#6370 = CARTESIAN_POINT('',(152.00999932015,-72.51999932015,-7.5E-02));
#6371 = DIRECTION('',(0.,0.,-1.));
#6372 = DIRECTION('',(-0.999999999936,-1.133081517401E-05,-0.));
#6373 = ORIENTED_EDGE('',*,*,#6374,.T.);
#6374 = EDGE_CURVE('',#6366,#6375,#6377,.T.);
#6375 = VERTEX_POINT('',#6376);
#6376 = CARTESIAN_POINT('',(187.68,-72.46,-7.5E-02));
#6377 = LINE('',#6378,#6379);
#6378 = CARTESIAN_POINT('',(152.01,-72.46,-7.5E-02));
#6379 = VECTOR('',#6380,1.);
#6380 = DIRECTION('',(1.,0.,0.));
#6381 = ORIENTED_EDGE('',*,*,#6382,.T.);
#6382 = EDGE_CURVE('',#6375,#6383,#6385,.T.);
#6383 = VERTEX_POINT('',#6384);
#6384 = CARTESIAN_POINT('',(187.74,-72.52,-7.5E-02));
#6385 = CIRCLE('',#6386,5.999932016264E-02);
#6386 = AXIS2_PLACEMENT_3D('',#6387,#6388,#6389);
#6387 = CARTESIAN_POINT('',(187.68000067984,-72.51999932015,-7.5E-02));
#6388 = DIRECTION('',(0.,0.,-1.));
#6389 = DIRECTION('',(-1.133081517402E-05,0.999999999936,0.));
#6390 = ORIENTED_EDGE('',*,*,#6391,.T.);
#6391 = EDGE_CURVE('',#6383,#6392,#6394,.T.);
#6392 = VERTEX_POINT('',#6393);
#6393 = CARTESIAN_POINT('',(187.74,-75.28,-7.5E-02));
#6394 = LINE('',#6395,#6396);
#6395 = CARTESIAN_POINT('',(187.74,-72.52,-7.5E-02));
#6396 = VECTOR('',#6397,1.);
#6397 = DIRECTION('',(0.,-1.,0.));
#6398 = ORIENTED_EDGE('',*,*,#6399,.T.);
#6399 = EDGE_CURVE('',#6392,#6400,#6402,.T.);
#6400 = VERTEX_POINT('',#6401);
#6401 = CARTESIAN_POINT('',(187.68,-75.34,-7.5E-02));
#6402 = CIRCLE('',#6403,5.999932016264E-02);
#6403 = AXIS2_PLACEMENT_3D('',#6404,#6405,#6406);
#6404 = CARTESIAN_POINT('',(187.68000067984,-75.28000067984,-7.5E-02));
#6405 = DIRECTION('',(0.,0.,-1.));
#6406 = DIRECTION('',(0.999999999936,1.133081541086E-05,0.));
#6407 = ORIENTED_EDGE('',*,*,#6408,.T.);
#6408 = EDGE_CURVE('',#6400,#6409,#6411,.T.);
#6409 = VERTEX_POINT('',#6410);
#6410 = CARTESIAN_POINT('',(152.01,-75.34,-7.5E-02));
#6411 = LINE('',#6412,#6413);
#6412 = CARTESIAN_POINT('',(187.68,-75.34,-7.5E-02));
#6413 = VECTOR('',#6414,1.);
#6414 = DIRECTION('',(-1.,0.,0.));
#6415 = ORIENTED_EDGE('',*,*,#6416,.T.);
#6416 = EDGE_CURVE('',#6409,#6417,#6419,.T.);
#6417 = VERTEX_POINT('',#6418);
#6418 = CARTESIAN_POINT('',(151.95,-75.28,-7.5E-02));
#6419 = CIRCLE('',#6420,5.999932016264E-02);
#6420 = AXIS2_PLACEMENT_3D('',#6421,#6422,#6423);
#6421 = CARTESIAN_POINT('',(152.00999932015,-75.28000067984,-7.5E-02));
#6422 = DIRECTION('',(0.,0.,-1.));
#6423 = DIRECTION('',(1.133081517402E-05,-0.999999999936,0.));
#6424 = ORIENTED_EDGE('',*,*,#6425,.T.);
#6425 = EDGE_CURVE('',#6417,#6364,#6426,.T.);
#6426 = LINE('',#6427,#6428);
#6427 = CARTESIAN_POINT('',(151.95,-75.28,-7.5E-02));
#6428 = VECTOR('',#6429,1.);
#6429 = DIRECTION('',(0.,1.,0.));
#6430 = FACE_BOUND('',#6431,.T.);
#6431 = EDGE_LOOP('',(#6432,#6442,#6450,#6458));
#6432 = ORIENTED_EDGE('',*,*,#6433,.T.);
#6433 = EDGE_CURVE('',#6434,#6436,#6438,.T.);
#6434 = VERTEX_POINT('',#6435);
#6435 = CARTESIAN_POINT('',(187.62,-75.22,-7.5E-02));
#6436 = VERTEX_POINT('',#6437);
#6437 = CARTESIAN_POINT('',(187.62,-72.58,-7.5E-02));
#6438 = LINE('',#6439,#6440);
#6439 = CARTESIAN_POINT('',(187.62,-75.22,-7.5E-02));
#6440 = VECTOR('',#6441,1.);
#6441 = DIRECTION('',(0.,1.,0.));
#6442 = ORIENTED_EDGE('',*,*,#6443,.T.);
#6443 = EDGE_CURVE('',#6436,#6444,#6446,.T.);
#6444 = VERTEX_POINT('',#6445);
#6445 = CARTESIAN_POINT('',(152.07,-72.58,-7.5E-02));
#6446 = LINE('',#6447,#6448);
#6447 = CARTESIAN_POINT('',(187.62,-72.58,-7.5E-02));
#6448 = VECTOR('',#6449,1.);
#6449 = DIRECTION('',(-1.,0.,0.));
#6450 = ORIENTED_EDGE('',*,*,#6451,.T.);
#6451 = EDGE_CURVE('',#6444,#6452,#6454,.T.);
#6452 = VERTEX_POINT('',#6453);
#6453 = CARTESIAN_POINT('',(152.07,-75.22,-7.5E-02));
#6454 = LINE('',#6455,#6456);
#6455 = CARTESIAN_POINT('',(152.07,-72.58,-7.5E-02));
#6456 = VECTOR('',#6457,1.);
#6457 = DIRECTION('',(0.,-1.,0.));
#6458 = ORIENTED_EDGE('',*,*,#6459,.T.);
#6459 = EDGE_CURVE('',#6452,#6434,#6460,.T.);
#6460 = LINE('',#6461,#6462);
#6461 = CARTESIAN_POINT('',(152.07,-75.22,-7.5E-02));
#6462 = VECTOR('',#6463,1.);
#6463 = DIRECTION('',(1.,0.,0.));
#6464 = PLANE('',#6465);
#6465 = AXIS2_PLACEMENT_3D('',#6466,#6467,#6468);
#6466 = CARTESIAN_POINT('',(0.,0.,-7.5E-02));
#6467 = DIRECTION('',(-0.,-0.,-1.));
#6468 = DIRECTION('',(-1.,0.,0.));
#6469 = SHELL_BASED_SURFACE_MODEL('',(#6470));
#6470 = OPEN_SHELL('',(#6471));
#6471 = ADVANCED_FACE('',(#6472),#6533,.T.);
#6472 = FACE_BOUND('',#6473,.T.);
#6473 = EDGE_LOOP('',(#6474,#6485,#6493,#6502,#6510,#6518,#6527));
#6474 = ORIENTED_EDGE('',*,*,#6475,.T.);
#6475 = EDGE_CURVE('',#6476,#6478,#6480,.T.);
#6476 = VERTEX_POINT('',#6477);
#6477 = CARTESIAN_POINT('',(149.3,-72.52,-7.5E-02));
#6478 = VERTEX_POINT('',#6479);
#6479 = CARTESIAN_POINT('',(149.36,-72.46,-7.5E-02));
#6480 = CIRCLE('',#6481,5.999932016256E-02);
#6481 = AXIS2_PLACEMENT_3D('',#6482,#6483,#6484);
#6482 = CARTESIAN_POINT('',(149.35999932015,-72.51999932015,-7.5E-02));
#6483 = DIRECTION('',(0.,0.,-1.));
#6484 = DIRECTION('',(-0.999999999936,-1.133081659513E-05,-0.));
#6485 = ORIENTED_EDGE('',*,*,#6486,.T.);
#6486 = EDGE_CURVE('',#6478,#6487,#6489,.T.);
#6487 = VERTEX_POINT('',#6488);
#6488 = CARTESIAN_POINT('',(150.74,-72.46,-7.5E-02));
#6489 = LINE('',#6490,#6491);
#6490 = CARTESIAN_POINT('',(149.36,-72.46,-7.5E-02));
#6491 = VECTOR('',#6492,1.);
#6492 = DIRECTION('',(1.,0.,0.));
#6493 = ORIENTED_EDGE('',*,*,#6494,.T.);
#6494 = EDGE_CURVE('',#6487,#6495,#6497,.T.);
#6495 = VERTEX_POINT('',#6496);
#6496 = CARTESIAN_POINT('',(150.74,-72.58,-7.5E-02));
#6497 = CIRCLE('',#6498,6.000000000043E-02);
#6498 = AXIS2_PLACEMENT_3D('',#6499,#6500,#6501);
#6499 = CARTESIAN_POINT('',(150.74000022558,-72.52,-7.5E-02));
#6500 = DIRECTION('',(0.,0.,-1.));
#6501 = DIRECTION('',(-3.759793779988E-06,0.999999999993,-0.));
#6502 = ORIENTED_EDGE('',*,*,#6503,.T.);
#6503 = EDGE_CURVE('',#6495,#6504,#6506,.T.);
#6504 = VERTEX_POINT('',#6505);
#6505 = CARTESIAN_POINT('',(149.42,-72.58,-7.5E-02));
#6506 = LINE('',#6507,#6508);
#6507 = CARTESIAN_POINT('',(150.74,-72.58,-7.5E-02));
#6508 = VECTOR('',#6509,1.);
#6509 = DIRECTION('',(-1.,0.,0.));
#6510 = ORIENTED_EDGE('',*,*,#6511,.T.);
#6511 = EDGE_CURVE('',#6504,#6512,#6514,.T.);
#6512 = VERTEX_POINT('',#6513);
#6513 = CARTESIAN_POINT('',(149.42,-73.9,-7.5E-02));
#6514 = LINE('',#6515,#6516);
#6515 = CARTESIAN_POINT('',(149.42,-72.58,-7.5E-02));
#6516 = VECTOR('',#6517,1.);
#6517 = DIRECTION('',(0.,-1.,0.));
#6518 = ORIENTED_EDGE('',*,*,#6519,.T.);
#6519 = EDGE_CURVE('',#6512,#6520,#6522,.T.);
#6520 = VERTEX_POINT('',#6521);
#6521 = CARTESIAN_POINT('',(149.3,-73.9,-7.5E-02));
#6522 = CIRCLE('',#6523,6.000000000042E-02);
#6523 = AXIS2_PLACEMENT_3D('',#6524,#6525,#6526);
#6524 = CARTESIAN_POINT('',(149.36,-73.90000022558,-7.5E-02));
#6525 = DIRECTION('',(0.,0.,-1.));
#6526 = DIRECTION('',(0.999999999993,3.759794016836E-06,0.));
#6527 = ORIENTED_EDGE('',*,*,#6528,.T.);
#6528 = EDGE_CURVE('',#6520,#6476,#6529,.T.);
#6529 = LINE('',#6530,#6531);
#6530 = CARTESIAN_POINT('',(149.3,-73.9,-7.5E-02));
#6531 = VECTOR('',#6532,1.);
#6532 = DIRECTION('',(0.,1.,0.));
#6533 = PLANE('',#6534);
#6534 = AXIS2_PLACEMENT_3D('',#6535,#6536,#6537);
#6535 = CARTESIAN_POINT('',(0.,0.,-7.5E-02));
#6536 = DIRECTION('',(-0.,-0.,-1.));
#6537 = DIRECTION('',(-1.,0.,0.));
#6538 = SHELL_BASED_SURFACE_MODEL('',(#6539));
#6539 = OPEN_SHELL('',(#6540));
#6540 = ADVANCED_FACE('',(#6541),#6719,.T.);
#6541 = FACE_BOUND('',#6542,.T.);
#6542 = EDGE_LOOP('',(#6543,#6554,#6562,#6570,#6579,#6587,#6595,#6603,
    #6612,#6620,#6629,#6637,#6646,#6654,#6663,#6671,#6679,#6687,#6696,
    #6704,#6713));
#6543 = ORIENTED_EDGE('',*,*,#6544,.T.);
#6544 = EDGE_CURVE('',#6545,#6547,#6549,.T.);
#6545 = VERTEX_POINT('',#6546);
#6546 = CARTESIAN_POINT('',(163.362948,-71.304425,-7.5E-02));
#6547 = VERTEX_POINT('',#6548);
#6548 = CARTESIAN_POINT('',(163.536013,-71.264263,-7.5E-02));
#6549 = CIRCLE('',#6550,0.237518155311);
#6550 = AXIS2_PLACEMENT_3D('',#6551,#6552,#6553);
#6551 = CARTESIAN_POINT('',(163.49927635631,-71.49892295208,-7.5E-02));
#6552 = DIRECTION('',(0.,0.,-1.));
#6553 = DIRECTION('',(-0.57397025562,0.818876147939,0.));
#6554 = ORIENTED_EDGE('',*,*,#6555,.T.);
#6555 = EDGE_CURVE('',#6547,#6556,#6558,.T.);
#6556 = VERTEX_POINT('',#6557);
#6557 = CARTESIAN_POINT('',(163.629857,-71.296437,-7.5E-02));
#6558 = LINE('',#6559,#6560);
#6559 = CARTESIAN_POINT('',(163.536013,-71.264263,-7.5E-02));
#6560 = VECTOR('',#6561,1.);
#6561 = DIRECTION('',(0.945949303447,-0.324314531447,0.));
#6562 = ORIENTED_EDGE('',*,*,#6563,.T.);
#6563 = EDGE_CURVE('',#6556,#6564,#6566,.T.);
#6564 = VERTEX_POINT('',#6565);
#6565 = CARTESIAN_POINT('',(163.694997,-71.360375,-7.5E-02));
#6566 = LINE('',#6567,#6568);
#6567 = CARTESIAN_POINT('',(163.629857,-71.296437,-7.5E-02));
#6568 = VECTOR('',#6569,1.);
#6569 = DIRECTION('',(0.713660557527,-0.700491690622,0.));
#6570 = ORIENTED_EDGE('',*,*,#6571,.T.);
#6571 = EDGE_CURVE('',#6564,#6572,#6574,.T.);
#6572 = VERTEX_POINT('',#6573);
#6573 = CARTESIAN_POINT('',(163.75349,-71.625681,-7.5E-02));
#6574 = CIRCLE('',#6575,0.396741285884);
#6575 = AXIS2_PLACEMENT_3D('',#6576,#6577,#6578);
#6576 = CARTESIAN_POINT('',(163.3602238267,-71.57328477048,-7.5E-02));
#6577 = DIRECTION('',(0.,0.,-1.));
#6578 = DIRECTION('',(0.843807249725,0.536646368954,0.));
#6579 = ORIENTED_EDGE('',*,*,#6580,.T.);
#6580 = EDGE_CURVE('',#6572,#6581,#6583,.T.);
#6581 = VERTEX_POINT('',#6582);
#6582 = CARTESIAN_POINT('',(163.724949,-71.733712,-7.5E-02));
#6583 = LINE('',#6584,#6585);
#6584 = CARTESIAN_POINT('',(163.75349,-71.625681,-7.5E-02));
#6585 = VECTOR('',#6586,1.);
#6586 = DIRECTION('',(-0.255428847712,-0.96682785632,0.));
#6587 = ORIENTED_EDGE('',*,*,#6588,.T.);
#6588 = EDGE_CURVE('',#6581,#6589,#6591,.T.);
#6589 = VERTEX_POINT('',#6590);
#6590 = CARTESIAN_POINT('',(163.689432,-71.797574,-7.5E-02));
#6591 = LINE('',#6592,#6593);
#6592 = CARTESIAN_POINT('',(163.724949,-71.733712,-7.5E-02));
#6593 = VECTOR('',#6594,1.);
#6594 = DIRECTION('',(-0.4860414169,-0.873935776278,0.));
#6595 = ORIENTED_EDGE('',*,*,#6596,.T.);
#6596 = EDGE_CURVE('',#6589,#6597,#6599,.T.);
#6597 = VERTEX_POINT('',#6598);
#6598 = CARTESIAN_POINT('',(163.629869,-71.853173,-7.5E-02));
#6599 = LINE('',#6600,#6601);
#6600 = CARTESIAN_POINT('',(163.689432,-71.797574,-7.5E-02));
#6601 = VECTOR('',#6602,1.);
#6602 = DIRECTION('',(-0.731013229844,-0.682363288721,0.));
#6603 = ORIENTED_EDGE('',*,*,#6604,.T.);
#6604 = EDGE_CURVE('',#6597,#6605,#6607,.T.);
#6605 = VERTEX_POINT('',#6606);
#6606 = CARTESIAN_POINT('',(163.3749,-71.85318,-7.5E-02));
#6607 = CIRCLE('',#6608,0.253292600065);
#6608 = AXIS2_PLACEMENT_3D('',#6609,#6610,#6611);
#6609 = CARTESIAN_POINT('',(163.50237849102,-71.63430474883,-7.5E-02));
#6610 = DIRECTION('',(-0.,0.,-1.));
#6611 = DIRECTION('',(0.50333293962,-0.864092559795,-0.));
#6612 = ORIENTED_EDGE('',*,*,#6613,.T.);
#6613 = EDGE_CURVE('',#6605,#6614,#6616,.T.);
#6614 = VERTEX_POINT('',#6615);
#6615 = CARTESIAN_POINT('',(163.339138,-71.821383,-7.5E-02));
#6616 = LINE('',#6617,#6618);
#6617 = CARTESIAN_POINT('',(163.3749,-71.85318,-7.5E-02));
#6618 = VECTOR('',#6619,1.);
#6619 = DIRECTION('',(-0.74732053555,0.664463706417,0.));
#6620 = ORIENTED_EDGE('',*,*,#6621,.T.);
#6621 = EDGE_CURVE('',#6614,#6622,#6624,.T.);
#6622 = VERTEX_POINT('',#6623);
#6623 = CARTESIAN_POINT('',(163.407251,-71.719448,-7.5E-02));
#6624 = CIRCLE('',#6625,6.249972613917E-02);
#6625 = AXIS2_PLACEMENT_3D('',#6626,#6627,#6628);
#6626 = CARTESIAN_POINT('',(163.38333302805,-71.77719006772,-7.5E-02));
#6627 = DIRECTION('',(0.,0.,-1.));
#6628 = DIRECTION('',(-0.707123547303,-0.707090014673,-0.));
#6629 = ORIENTED_EDGE('',*,*,#6630,.T.);
#6630 = EDGE_CURVE('',#6622,#6631,#6633,.T.);
#6631 = VERTEX_POINT('',#6632);
#6632 = CARTESIAN_POINT('',(163.440902,-71.746372,-7.5E-02));
#6633 = LINE('',#6634,#6635);
#6634 = CARTESIAN_POINT('',(163.407251,-71.719448,-7.5E-02));
#6635 = VECTOR('',#6636,1.);
#6636 = DIRECTION('',(0.780832587494,-0.624740322299,0.));
#6637 = ORIENTED_EDGE('',*,*,#6638,.T.);
#6638 = EDGE_CURVE('',#6631,#6639,#6641,.T.);
#6639 = VERTEX_POINT('',#6640);
#6640 = CARTESIAN_POINT('',(163.563855,-71.746373,-7.5E-02));
#6641 = CIRCLE('',#6642,0.121456124357);
#6642 = AXIS2_PLACEMENT_3D('',#6643,#6644,#6645);
#6643 = CARTESIAN_POINT('',(163.50237935193,-71.64162408669,-7.5E-02));
#6644 = DIRECTION('',(0.,0.,1.));
#6645 = DIRECTION('',(-0.506169221719,-0.862434182407,0.));
#6646 = ORIENTED_EDGE('',*,*,#6647,.T.);
#6647 = EDGE_CURVE('',#6639,#6648,#6650,.T.);
#6648 = VERTEX_POINT('',#6649);
#6649 = CARTESIAN_POINT('',(163.593873,-71.716355,-7.5E-02));
#6650 = LINE('',#6651,#6652);
#6651 = CARTESIAN_POINT('',(163.563855,-71.746373,-7.5E-02));
#6652 = VECTOR('',#6653,1.);
#6653 = DIRECTION('',(0.707106781187,0.707106781187,0.));
#6654 = ORIENTED_EDGE('',*,*,#6655,.T.);
#6655 = EDGE_CURVE('',#6648,#6656,#6658,.T.);
#6656 = VERTEX_POINT('',#6657);
#6657 = CARTESIAN_POINT('',(163.630356,-71.546788,-7.5E-02));
#6658 = CIRCLE('',#6659,0.278346238185);
#6659 = AXIS2_PLACEMENT_3D('',#6660,#6661,#6662);
#6660 = CARTESIAN_POINT('',(163.35354037539,-71.57593827072,-7.5E-02));
#6661 = DIRECTION('',(0.,0.,1.));
#6662 = DIRECTION('',(0.863430474855,-0.504467853378,0.));
#6663 = ORIENTED_EDGE('',*,*,#6664,.T.);
#6664 = EDGE_CURVE('',#6656,#6665,#6667,.T.);
#6665 = VERTEX_POINT('',#6666);
#6666 = CARTESIAN_POINT('',(163.610076,-71.465669,-7.5E-02));
#6667 = LINE('',#6668,#6669);
#6668 = CARTESIAN_POINT('',(163.630356,-71.546788,-7.5E-02));
#6669 = VECTOR('',#6670,1.);
#6670 = DIRECTION('',(-0.242538439033,0.970141796642,0.));
#6671 = ORIENTED_EDGE('',*,*,#6672,.T.);
#6672 = EDGE_CURVE('',#6665,#6673,#6675,.T.);
#6673 = VERTEX_POINT('',#6674);
#6674 = CARTESIAN_POINT('',(163.593872,-71.433261,-7.5E-02));
#6675 = LINE('',#6676,#6677);
#6676 = CARTESIAN_POINT('',(163.610076,-71.465669,-7.5E-02));
#6677 = VECTOR('',#6678,1.);
#6678 = DIRECTION('',(-0.4472135955,0.894427191,0.));
#6679 = ORIENTED_EDGE('',*,*,#6680,.T.);
#6680 = EDGE_CURVE('',#6673,#6681,#6683,.T.);
#6681 = VERTEX_POINT('',#6682);
#6682 = CARTESIAN_POINT('',(163.563857,-71.403246,-7.5E-02));
#6683 = LINE('',#6684,#6685);
#6684 = CARTESIAN_POINT('',(163.593872,-71.433261,-7.5E-02));
#6685 = VECTOR('',#6686,1.);
#6686 = DIRECTION('',(-0.707106781186,0.707106781187,0.));
#6687 = ORIENTED_EDGE('',*,*,#6688,.T.);
#6688 = EDGE_CURVE('',#6681,#6689,#6691,.T.);
#6689 = VERTEX_POINT('',#6690);
#6690 = CARTESIAN_POINT('',(163.440902,-71.403246,-7.5E-02));
#6691 = CIRCLE('',#6692,0.12145584285);
#6692 = AXIS2_PLACEMENT_3D('',#6693,#6694,#6695);
#6693 = CARTESIAN_POINT('',(163.5023795,-71.5079935,-7.5E-02));
#6694 = DIRECTION('',(0.,0.,1.));
#6695 = DIRECTION('',(0.506171613956,0.862432778381,-0.));
#6696 = ORIENTED_EDGE('',*,*,#6697,.T.);
#6697 = EDGE_CURVE('',#6689,#6698,#6700,.T.);
#6698 = VERTEX_POINT('',#6699);
#6699 = CARTESIAN_POINT('',(163.40725,-71.43017,-7.5E-02));
#6700 = LINE('',#6701,#6702);
#6701 = CARTESIAN_POINT('',(163.440902,-71.403246,-7.5E-02));
#6702 = VECTOR('',#6703,1.);
#6703 = DIRECTION('',(-0.78084164372,-0.624729003195,0.));
#6704 = ORIENTED_EDGE('',*,*,#6705,.T.);
#6705 = EDGE_CURVE('',#6698,#6706,#6708,.T.);
#6706 = VERTEX_POINT('',#6707);
#6707 = CARTESIAN_POINT('',(163.325591,-71.348511,-7.5E-02));
#6708 = CIRCLE('',#6709,6.249929161998E-02);
#6709 = AXIS2_PLACEMENT_3D('',#6710,#6711,#6712);
#6710 = CARTESIAN_POINT('',(163.383333,-71.372428,-7.5E-02));
#6711 = DIRECTION('',(0.,0.,-1.));
#6712 = DIRECTION('',(0.382676337285,-0.923882471358,0.));
#6713 = ORIENTED_EDGE('',*,*,#6714,.T.);
#6714 = EDGE_CURVE('',#6706,#6545,#6715,.T.);
#6715 = LINE('',#6716,#6717);
#6716 = CARTESIAN_POINT('',(163.325591,-71.348511,-7.5E-02));
#6717 = VECTOR('',#6718,1.);
#6718 = DIRECTION('',(0.646481235926,0.762929886422,0.));
#6719 = PLANE('',#6720);
#6720 = AXIS2_PLACEMENT_3D('',#6721,#6722,#6723);
#6721 = CARTESIAN_POINT('',(0.,0.,-7.5E-02));
#6722 = DIRECTION('',(-0.,-0.,-1.));
#6723 = DIRECTION('',(-1.,0.,0.));
#6724 = SHELL_BASED_SURFACE_MODEL('',(#6725));
#6725 = OPEN_SHELL('',(#6726));
#6726 = ADVANCED_FACE('',(#6727,#6862,#6945),#7012,.T.);
#6727 = FACE_BOUND('',#6728,.T.);
#6728 = EDGE_LOOP('',(#6729,#6739,#6747,#6756,#6764,#6772,#6780,#6788,
    #6796,#6805,#6813,#6822,#6830,#6839,#6847,#6856));
#6729 = ORIENTED_EDGE('',*,*,#6730,.T.);
#6730 = EDGE_CURVE('',#6731,#6733,#6735,.T.);
#6731 = VERTEX_POINT('',#6732);
#6732 = CARTESIAN_POINT('',(162.92681,-71.292718,-7.5E-02));
#6733 = VERTEX_POINT('',#6734);
#6734 = CARTESIAN_POINT('',(162.988287,-71.265112,-7.5E-02));
#6735 = LINE('',#6736,#6737);
#6736 = CARTESIAN_POINT('',(162.92681,-71.292718,-7.5E-02));
#6737 = VECTOR('',#6738,1.);
#6738 = DIRECTION('',(0.912246901044,0.409640807948,0.));
#6739 = ORIENTED_EDGE('',*,*,#6740,.T.);
#6740 = EDGE_CURVE('',#6733,#6741,#6743,.T.);
#6741 = VERTEX_POINT('',#6742);
#6742 = CARTESIAN_POINT('',(163.100689,-71.26292,-7.5E-02));
#6743 = LINE('',#6744,#6745);
#6744 = CARTESIAN_POINT('',(162.988287,-71.265112,-7.5E-02));
#6745 = VECTOR('',#6746,1.);
#6746 = DIRECTION('',(0.999809901288,1.949772516176E-02,0.));
#6747 = ORIENTED_EDGE('',*,*,#6748,.T.);
#6748 = EDGE_CURVE('',#6741,#6749,#6751,.T.);
#6749 = VERTEX_POINT('',#6750);
#6750 = CARTESIAN_POINT('',(163.224949,-71.344478,-7.5E-02));
#6751 = CIRCLE('',#6752,0.184763844111);
#6752 = AXIS2_PLACEMENT_3D('',#6753,#6754,#6755);
#6753 = CARTESIAN_POINT('',(163.06999922902,-71.44511719001,-7.5E-02));
#6754 = DIRECTION('',(0.,0.,-1.));
#6755 = DIRECTION('',(0.166102687027,0.986108461257,0.));
#6756 = ORIENTED_EDGE('',*,*,#6757,.T.);
#6757 = EDGE_CURVE('',#6749,#6758,#6760,.T.);
#6758 = VERTEX_POINT('',#6759);
#6759 = CARTESIAN_POINT('',(163.252552,-71.405956,-7.5E-02));
#6760 = LINE('',#6761,#6762);
#6761 = CARTESIAN_POINT('',(163.224949,-71.344478,-7.5E-02));
#6762 = VECTOR('',#6763,1.);
#6763 = DIRECTION('',(0.409598215745,-0.912266025707,0.));
#6764 = ORIENTED_EDGE('',*,*,#6765,.T.);
#6765 = EDGE_CURVE('',#6758,#6766,#6768,.T.);
#6766 = VERTEX_POINT('',#6767);
#6767 = CARTESIAN_POINT('',(163.252552,-71.457947,-7.5E-02));
#6768 = LINE('',#6769,#6770);
#6769 = CARTESIAN_POINT('',(163.252552,-71.405956,-7.5E-02));
#6770 = VECTOR('',#6771,1.);
#6771 = DIRECTION('',(0.,-1.,0.));
#6772 = ORIENTED_EDGE('',*,*,#6773,.T.);
#6773 = EDGE_CURVE('',#6766,#6774,#6776,.T.);
#6774 = VERTEX_POINT('',#6775);
#6775 = CARTESIAN_POINT('',(163.218804,-71.527343,-7.5E-02));
#6776 = LINE('',#6777,#6778);
#6777 = CARTESIAN_POINT('',(163.252552,-71.457947,-7.5E-02));
#6778 = VECTOR('',#6779,1.);
#6779 = DIRECTION('',(-0.437337702005,-0.899297355942,0.));
#6780 = ORIENTED_EDGE('',*,*,#6781,.T.);
#6781 = EDGE_CURVE('',#6774,#6782,#6784,.T.);
#6782 = VERTEX_POINT('',#6783);
#6783 = CARTESIAN_POINT('',(163.209815,-71.539094,-7.5E-02));
#6784 = LINE('',#6785,#6786);
#6785 = CARTESIAN_POINT('',(163.218804,-71.527343,-7.5E-02));
#6786 = VECTOR('',#6787,1.);
#6787 = DIRECTION('',(-0.607575541818,-0.794261896974,0.));
#6788 = ORIENTED_EDGE('',*,*,#6789,.T.);
#6789 = EDGE_CURVE('',#6782,#6790,#6792,.T.);
#6790 = VERTEX_POINT('',#6791);
#6791 = CARTESIAN_POINT('',(163.224949,-71.558764,-7.5E-02));
#6792 = LINE('',#6793,#6794);
#6793 = CARTESIAN_POINT('',(163.209815,-71.539094,-7.5E-02));
#6794 = VECTOR('',#6795,1.);
#6795 = DIRECTION('',(0.609792541679,-0.792561074059,0.));
#6796 = ORIENTED_EDGE('',*,*,#6797,.T.);
#6797 = EDGE_CURVE('',#6790,#6798,#6800,.T.);
#6798 = VERTEX_POINT('',#6799);
#6799 = CARTESIAN_POINT('',(163.218804,-71.813057,-7.5E-02));
#6800 = CIRCLE('',#6801,0.226811524224);
#6801 = AXIS2_PLACEMENT_3D('',#6802,#6803,#6804);
#6802 = CARTESIAN_POINT('',(163.03413409076,-71.68137369755,-7.5E-02));
#6803 = DIRECTION('',(0.,0.,-1.));
#6804 = DIRECTION('',(0.84129283064,0.540579663984,0.));
#6805 = ORIENTED_EDGE('',*,*,#6806,.T.);
#6806 = EDGE_CURVE('',#6798,#6807,#6809,.T.);
#6807 = VERTEX_POINT('',#6808);
#6808 = CARTESIAN_POINT('',(163.173187,-71.856902,-7.5E-02));
#6809 = LINE('',#6810,#6811);
#6810 = CARTESIAN_POINT('',(163.218804,-71.813057,-7.5E-02));
#6811 = VECTOR('',#6812,1.);
#6812 = DIRECTION('',(-0.720971236983,-0.692964988613,0.));
#6813 = ORIENTED_EDGE('',*,*,#6814,.T.);
#6814 = EDGE_CURVE('',#6807,#6815,#6817,.T.);
#6815 = VERTEX_POINT('',#6816);
#6816 = CARTESIAN_POINT('',(162.918893,-71.850757,-7.5E-02));
#6817 = CIRCLE('',#6818,0.226810226138);
#6818 = AXIS2_PLACEMENT_3D('',#6819,#6820,#6821);
#6819 = CARTESIAN_POINT('',(163.05057673856,-71.66608899606,-7.5E-02));
#6820 = DIRECTION('',(-0.,0.,-1.));
#6821 = DIRECTION('',(0.540585243984,-0.841289245139,-0.));
#6822 = ORIENTED_EDGE('',*,*,#6823,.T.);
#6823 = EDGE_CURVE('',#6815,#6824,#6826,.T.);
#6824 = VERTEX_POINT('',#6825);
#6825 = CARTESIAN_POINT('',(162.875051,-71.805141,-7.5E-02));
#6826 = LINE('',#6827,#6828);
#6827 = CARTESIAN_POINT('',(162.918893,-71.850757,-7.5E-02));
#6828 = VECTOR('',#6829,1.);
#6829 = DIRECTION('',(-0.692948237818,0.720987336716,0.));
#6830 = ORIENTED_EDGE('',*,*,#6831,.T.);
#6831 = EDGE_CURVE('',#6824,#6832,#6834,.T.);
#6832 = VERTEX_POINT('',#6833);
#6833 = CARTESIAN_POINT('',(162.890182,-71.539094,-7.5E-02));
#6834 = CIRCLE('',#6835,0.225244163134);
#6835 = AXIS2_PLACEMENT_3D('',#6836,#6837,#6838);
#6836 = CARTESIAN_POINT('',(163.06393418843,-71.68242965515,-7.5E-02));
#6837 = DIRECTION('',(0.,0.,-1.));
#6838 = DIRECTION('',(-0.838570845996,-0.544792562582,-0.));
#6839 = ORIENTED_EDGE('',*,*,#6840,.T.);
#6840 = EDGE_CURVE('',#6832,#6841,#6843,.T.);
#6841 = VERTEX_POINT('',#6842);
#6842 = CARTESIAN_POINT('',(162.875051,-71.519427,-7.5E-02));
#6843 = LINE('',#6844,#6845);
#6844 = CARTESIAN_POINT('',(162.890182,-71.539094,-7.5E-02));
#6845 = VECTOR('',#6846,1.);
#6846 = DIRECTION('',(-0.609775028655,0.792574548184,0.));
#6847 = ORIENTED_EDGE('',*,*,#6848,.T.);
#6848 = EDGE_CURVE('',#6841,#6849,#6851,.T.);
#6849 = VERTEX_POINT('',#6850);
#6850 = CARTESIAN_POINT('',(162.881191,-71.336565,-7.5E-02));
#6851 = CIRCLE('',#6852,0.143161560067);
#6852 = AXIS2_PLACEMENT_3D('',#6853,#6854,#6855);
#6853 = CARTESIAN_POINT('',(162.98817791068,-71.43169140654,-7.5E-02));
#6854 = DIRECTION('',(0.,0.,-1.));
#6855 = DIRECTION('',(-0.790204511852,-0.612843233992,-0.));
#6856 = ORIENTED_EDGE('',*,*,#6857,.T.);
#6857 = EDGE_CURVE('',#6849,#6731,#6858,.T.);
#6858 = LINE('',#6859,#6860);
#6859 = CARTESIAN_POINT('',(162.881191,-71.336565,-7.5E-02));
#6860 = VECTOR('',#6861,1.);
#6861 = DIRECTION('',(0.720970623549,0.692965626839,0.));
#6862 = FACE_BOUND('',#6863,.T.);
#6863 = EDGE_LOOP('',(#6864,#6875,#6883,#6891,#6899,#6907,#6915,#6923,
    #6931,#6939));
#6864 = ORIENTED_EDGE('',*,*,#6865,.T.);
#6865 = EDGE_CURVE('',#6866,#6868,#6870,.T.);
#6866 = VERTEX_POINT('',#6867);
#6867 = CARTESIAN_POINT('',(163.108216,-71.614271,-7.5E-02));
#6868 = VERTEX_POINT('',#6869);
#6869 = CARTESIAN_POINT('',(162.991783,-71.614269,-7.5E-02));
#6870 = CIRCLE('',#6871,0.102820425871);
#6871 = AXIS2_PLACEMENT_3D('',#6872,#6873,#6874);
#6872 = CARTESIAN_POINT('',(163.04999804419,-71.69902186783,-7.5E-02));
#6873 = DIRECTION('',(0.,0.,1.));
#6874 = DIRECTION('',(0.566210024049,0.82426100761,-0.));
#6875 = ORIENTED_EDGE('',*,*,#6876,.T.);
#6876 = EDGE_CURVE('',#6868,#6877,#6879,.T.);
#6877 = VERTEX_POINT('',#6878);
#6878 = CARTESIAN_POINT('',(162.969642,-71.649086,-7.5E-02));
#6879 = LINE('',#6880,#6881);
#6880 = CARTESIAN_POINT('',(162.991783,-71.614269,-7.5E-02));
#6881 = VECTOR('',#6882,1.);
#6882 = DIRECTION('',(-0.536612005099,-0.843829103542,0.));
#6883 = ORIENTED_EDGE('',*,*,#6884,.T.);
#6884 = EDGE_CURVE('',#6877,#6885,#6887,.T.);
#6885 = VERTEX_POINT('',#6886);
#6886 = CARTESIAN_POINT('',(162.969642,-71.714817,-7.5E-02));
#6887 = LINE('',#6888,#6889);
#6888 = CARTESIAN_POINT('',(162.969642,-71.649086,-7.5E-02));
#6889 = VECTOR('',#6890,1.);
#6890 = DIRECTION('',(0.,-1.,0.));
#6891 = ORIENTED_EDGE('',*,*,#6892,.T.);
#6892 = EDGE_CURVE('',#6885,#6893,#6895,.T.);
#6893 = VERTEX_POINT('',#6894);
#6894 = CARTESIAN_POINT('',(162.991783,-71.749634,-7.5E-02));
#6895 = LINE('',#6896,#6897);
#6896 = CARTESIAN_POINT('',(162.969642,-71.714817,-7.5E-02));
#6897 = VECTOR('',#6898,1.);
#6898 = DIRECTION('',(0.536612005099,-0.843829103542,0.));
#6899 = ORIENTED_EDGE('',*,*,#6900,.T.);
#6900 = EDGE_CURVE('',#6893,#6901,#6903,.T.);
#6901 = VERTEX_POINT('',#6902);
#6902 = CARTESIAN_POINT('',(163.017134,-71.762309,-7.5E-02));
#6903 = LINE('',#6904,#6905);
#6904 = CARTESIAN_POINT('',(162.991783,-71.749634,-7.5E-02));
#6905 = VECTOR('',#6906,1.);
#6906 = DIRECTION('',(0.894434247291,-0.44719948264,0.));
#6907 = ORIENTED_EDGE('',*,*,#6908,.T.);
#6908 = EDGE_CURVE('',#6901,#6909,#6911,.T.);
#6909 = VERTEX_POINT('',#6910);
#6910 = CARTESIAN_POINT('',(163.082864,-71.762309,-7.5E-02));
#6911 = LINE('',#6912,#6913);
#6912 = CARTESIAN_POINT('',(163.017134,-71.762309,-7.5E-02));
#6913 = VECTOR('',#6914,1.);
#6914 = DIRECTION('',(1.,0.,0.));
#6915 = ORIENTED_EDGE('',*,*,#6916,.T.);
#6916 = EDGE_CURVE('',#6909,#6917,#6919,.T.);
#6917 = VERTEX_POINT('',#6918);
#6918 = CARTESIAN_POINT('',(163.11768,-71.740168,-7.5E-02));
#6919 = LINE('',#6920,#6921);
#6920 = CARTESIAN_POINT('',(163.082864,-71.762309,-7.5E-02));
#6921 = VECTOR('',#6922,1.);
#6922 = DIRECTION('',(0.843822124477,0.536622979608,0.));
#6923 = ORIENTED_EDGE('',*,*,#6924,.T.);
#6924 = EDGE_CURVE('',#6917,#6925,#6927,.T.);
#6925 = VERTEX_POINT('',#6926);
#6926 = CARTESIAN_POINT('',(163.130356,-71.714817,-7.5E-02));
#6927 = LINE('',#6928,#6929);
#6928 = CARTESIAN_POINT('',(163.11768,-71.740168,-7.5E-02));
#6929 = VECTOR('',#6930,1.);
#6930 = DIRECTION('',(0.447227708026,0.894420134598,0.));
#6931 = ORIENTED_EDGE('',*,*,#6932,.T.);
#6932 = EDGE_CURVE('',#6925,#6933,#6935,.T.);
#6933 = VERTEX_POINT('',#6934);
#6934 = CARTESIAN_POINT('',(163.130356,-71.649086,-7.5E-02));
#6935 = LINE('',#6936,#6937);
#6936 = CARTESIAN_POINT('',(163.130356,-71.714817,-7.5E-02));
#6937 = VECTOR('',#6938,1.);
#6938 = DIRECTION('',(0.,1.,0.));
#6939 = ORIENTED_EDGE('',*,*,#6940,.T.);
#6940 = EDGE_CURVE('',#6933,#6866,#6941,.T.);
#6941 = LINE('',#6942,#6943);
#6942 = CARTESIAN_POINT('',(163.130356,-71.649086,-7.5E-02));
#6943 = VECTOR('',#6944,1.);
#6944 = DIRECTION('',(-0.536616696732,0.843826119996,0.));
#6945 = FACE_BOUND('',#6946,.T.);
#6946 = EDGE_LOOP('',(#6947,#6958,#6966,#6974,#6982,#6990,#6998,#7006));
#6947 = ORIENTED_EDGE('',*,*,#6948,.T.);
#6948 = EDGE_CURVE('',#6949,#6951,#6953,.T.);
#6949 = VERTEX_POINT('',#6950);
#6950 = CARTESIAN_POINT('',(163.108216,-71.399985,-7.5E-02));
#6951 = VERTEX_POINT('',#6952);
#6952 = CARTESIAN_POINT('',(162.991784,-71.399983,-7.5E-02));
#6953 = CIRCLE('',#6954,0.102815043825);
#6954 = AXIS2_PLACEMENT_3D('',#6955,#6956,#6957);
#6955 = CARTESIAN_POINT('',(163.04999854428,-71.48472968176,-7.5E-02));
#6956 = DIRECTION('',(0.,0.,1.));
#6957 = DIRECTION('',(0.566234799356,0.824243988148,-0.));
#6958 = ORIENTED_EDGE('',*,*,#6959,.T.);
#6959 = EDGE_CURVE('',#6951,#6960,#6962,.T.);
#6960 = VERTEX_POINT('',#6961);
#6961 = CARTESIAN_POINT('',(162.971066,-71.431952,-7.5E-02));
#6962 = LINE('',#6963,#6964);
#6963 = CARTESIAN_POINT('',(162.991784,-71.399983,-7.5E-02));
#6964 = VECTOR('',#6965,1.);
#6965 = DIRECTION('',(-0.543846503281,-0.839184712009,0.));
#6966 = ORIENTED_EDGE('',*,*,#6967,.T.);
#6967 = EDGE_CURVE('',#6960,#6968,#6970,.T.);
#6968 = VERTEX_POINT('',#6969);
#6969 = CARTESIAN_POINT('',(162.991784,-71.46392,-7.5E-02));
#6970 = LINE('',#6971,#6972);
#6971 = CARTESIAN_POINT('',(162.971066,-71.431952,-7.5E-02));
#6972 = VECTOR('',#6973,1.);
#6973 = DIRECTION('',(0.543858483644,-0.83917694783,0.));
#6974 = ORIENTED_EDGE('',*,*,#6975,.T.);
#6975 = EDGE_CURVE('',#6968,#6976,#6978,.T.);
#6976 = VERTEX_POINT('',#6977);
#6977 = CARTESIAN_POINT('',(163.017133,-71.476595,-7.5E-02));
#6978 = LINE('',#6979,#6980);
#6979 = CARTESIAN_POINT('',(162.991784,-71.46392,-7.5E-02));
#6980 = VECTOR('',#6981,1.);
#6981 = DIRECTION('',(0.894420134041,-0.447227709139,0.));
#6982 = ORIENTED_EDGE('',*,*,#6983,.T.);
#6983 = EDGE_CURVE('',#6976,#6984,#6986,.T.);
#6984 = VERTEX_POINT('',#6985);
#6985 = CARTESIAN_POINT('',(163.082864,-71.476595,-7.5E-02));
#6986 = LINE('',#6987,#6988);
#6987 = CARTESIAN_POINT('',(163.017133,-71.476595,-7.5E-02));
#6988 = VECTOR('',#6989,1.);
#6989 = DIRECTION('',(1.,0.,0.));
#6990 = ORIENTED_EDGE('',*,*,#6991,.T.);
#6991 = EDGE_CURVE('',#6984,#6992,#6994,.T.);
#6992 = VERTEX_POINT('',#6993);
#6993 = CARTESIAN_POINT('',(163.117681,-71.454453,-7.5E-02));
#6994 = LINE('',#6995,#6996);
#6995 = CARTESIAN_POINT('',(163.082864,-71.476595,-7.5E-02));
#6996 = VECTOR('',#6997,1.);
#6997 = DIRECTION('',(0.843818129177,0.536629262034,0.));
#6998 = ORIENTED_EDGE('',*,*,#6999,.T.);
#6999 = EDGE_CURVE('',#6992,#7000,#7002,.T.);
#7000 = VERTEX_POINT('',#7001);
#7001 = CARTESIAN_POINT('',(163.128931,-71.431952,-7.5E-02));
#7002 = LINE('',#7003,#7004);
#7003 = CARTESIAN_POINT('',(163.117681,-71.454453,-7.5E-02));
#7004 = VECTOR('',#7005,1.);
#7005 = DIRECTION('',(0.447197695066,0.89443514104,0.));
#7006 = ORIENTED_EDGE('',*,*,#7007,.T.);
#7007 = EDGE_CURVE('',#7000,#6949,#7008,.T.);
#7008 = LINE('',#7009,#7010);
#7009 = CARTESIAN_POINT('',(163.128931,-71.431952,-7.5E-02));
#7010 = VECTOR('',#7011,1.);
#7011 = DIRECTION('',(-0.543815002382,0.839205125809,0.));
#7012 = PLANE('',#7013);
#7013 = AXIS2_PLACEMENT_3D('',#7014,#7015,#7016);
#7014 = CARTESIAN_POINT('',(0.,0.,-7.5E-02));
#7015 = DIRECTION('',(-0.,-0.,-1.));
#7016 = DIRECTION('',(-1.,0.,0.));
#7017 = SHELL_BASED_SURFACE_MODEL('',(#7018));
#7018 = OPEN_SHELL('',(#7019));
#7019 = ADVANCED_FACE('',(#7020),#7089,.T.);
#7020 = FACE_BOUND('',#7021,.T.);
#7021 = EDGE_LOOP('',(#7022,#7033,#7041,#7049,#7058,#7066,#7075,#7083));
#7022 = ORIENTED_EDGE('',*,*,#7023,.T.);
#7023 = EDGE_CURVE('',#7024,#7026,#7028,.T.);
#7024 = VERTEX_POINT('',#7025);
#7025 = CARTESIAN_POINT('',(173.234567,-70.427039,-7.5E-02));
#7026 = VERTEX_POINT('',#7027);
#7027 = CARTESIAN_POINT('',(173.35,-70.45,-7.5E-02));
#7028 = CIRCLE('',#7029,6.000007318647E-02);
#7029 = AXIS2_PLACEMENT_3D('',#7030,#7031,#7032);
#7030 = CARTESIAN_POINT('',(173.28999992681,-70.44999982331,-7.5E-02));
#7031 = DIRECTION('',(0.,0.,-1.));
#7032 = DIRECTION('',(-0.923880986637,0.382679921777,0.));
#7033 = ORIENTED_EDGE('',*,*,#7034,.T.);
#7034 = EDGE_CURVE('',#7026,#7035,#7037,.T.);
#7035 = VERTEX_POINT('',#7036);
#7036 = CARTESIAN_POINT('',(173.35,-71.65,-7.5E-02));
#7037 = LINE('',#7038,#7039);
#7038 = CARTESIAN_POINT('',(173.35,-70.45,-7.5E-02));
#7039 = VECTOR('',#7040,1.);
#7040 = DIRECTION('',(0.,-1.,0.));
#7041 = ORIENTED_EDGE('',*,*,#7042,.T.);
#7042 = EDGE_CURVE('',#7035,#7043,#7045,.T.);
#7043 = VERTEX_POINT('',#7044);
#7044 = CARTESIAN_POINT('',(177.05,-71.65,-7.5E-02));
#7045 = LINE('',#7046,#7047);
#7046 = CARTESIAN_POINT('',(173.35,-71.65,-7.5E-02));
#7047 = VECTOR('',#7048,1.);
#7048 = DIRECTION('',(1.,0.,0.));
#7049 = ORIENTED_EDGE('',*,*,#7050,.T.);
#7050 = EDGE_CURVE('',#7043,#7051,#7053,.T.);
#7051 = VERTEX_POINT('',#7052);
#7052 = CARTESIAN_POINT('',(177.05,-71.77,-7.5E-02));
#7053 = CIRCLE('',#7054,6.000000000042E-02);
#7054 = AXIS2_PLACEMENT_3D('',#7055,#7056,#7057);
#7055 = CARTESIAN_POINT('',(177.05000022558,-71.71,-7.5E-02));
#7056 = DIRECTION('',(0.,0.,-1.));
#7057 = DIRECTION('',(-3.759794253684E-06,0.999999999993,-0.));
#7058 = ORIENTED_EDGE('',*,*,#7059,.T.);
#7059 = EDGE_CURVE('',#7051,#7060,#7062,.T.);
#7060 = VERTEX_POINT('',#7061);
#7061 = CARTESIAN_POINT('',(173.29,-71.77,-7.5E-02));
#7062 = LINE('',#7063,#7064);
#7063 = CARTESIAN_POINT('',(177.05,-71.77,-7.5E-02));
#7064 = VECTOR('',#7065,1.);
#7065 = DIRECTION('',(-1.,0.,0.));
#7066 = ORIENTED_EDGE('',*,*,#7067,.T.);
#7067 = EDGE_CURVE('',#7060,#7068,#7070,.T.);
#7068 = VERTEX_POINT('',#7069);
#7069 = CARTESIAN_POINT('',(173.23,-71.71,-7.5E-02));
#7070 = CIRCLE('',#7071,5.999932016262E-02);
#7071 = AXIS2_PLACEMENT_3D('',#7072,#7073,#7074);
#7072 = CARTESIAN_POINT('',(173.28999932015,-71.71000067984,-7.5E-02));
#7073 = DIRECTION('',(0.,0.,-1.));
#7074 = DIRECTION('',(1.133081564772E-05,-0.999999999936,0.));
#7075 = ORIENTED_EDGE('',*,*,#7076,.T.);
#7076 = EDGE_CURVE('',#7068,#7077,#7079,.T.);
#7077 = VERTEX_POINT('',#7078);
#7078 = CARTESIAN_POINT('',(173.23,-70.45,-7.5E-02));
#7079 = LINE('',#7080,#7081);
#7080 = CARTESIAN_POINT('',(173.23,-71.71,-7.5E-02));
#7081 = VECTOR('',#7082,1.);
#7082 = DIRECTION('',(0.,1.,0.));
#7083 = ORIENTED_EDGE('',*,*,#7084,.T.);
#7084 = EDGE_CURVE('',#7077,#7024,#7085,.T.);
#7085 = LINE('',#7086,#7087);
#7086 = CARTESIAN_POINT('',(173.23,-70.45,-7.5E-02));
#7087 = VECTOR('',#7088,1.);
#7088 = DIRECTION('',(0.195081000118,0.980787134598,0.));
#7089 = PLANE('',#7090);
#7090 = AXIS2_PLACEMENT_3D('',#7091,#7092,#7093);
#7091 = CARTESIAN_POINT('',(0.,0.,-7.5E-02));
#7092 = DIRECTION('',(-0.,-0.,-1.));
#7093 = DIRECTION('',(-1.,0.,0.));
#7094 = SHELL_BASED_SURFACE_MODEL('',(#7095));
#7095 = OPEN_SHELL('',(#7096));
#7096 = ADVANCED_FACE('',(#7097),#7216,.T.);
#7097 = FACE_BOUND('',#7098,.T.);
#7098 = EDGE_LOOP('',(#7099,#7110,#7118,#7127,#7135,#7143,#7151,#7160,
    #7168,#7177,#7185,#7194,#7202,#7210));
#7099 = ORIENTED_EDGE('',*,*,#7100,.T.);
#7100 = EDGE_CURVE('',#7101,#7103,#7105,.T.);
#7101 = VERTEX_POINT('',#7102);
#7102 = CARTESIAN_POINT('',(166.344567,-68.677039,-7.5E-02));
#7103 = VERTEX_POINT('',#7104);
#7104 = CARTESIAN_POINT('',(166.46,-68.7,-7.5E-02));
#7105 = CIRCLE('',#7106,6.000007318648E-02);
#7106 = AXIS2_PLACEMENT_3D('',#7107,#7108,#7109);
#7107 = CARTESIAN_POINT('',(166.39999992681,-68.69999982331,-7.5E-02));
#7108 = DIRECTION('',(0.,0.,-1.));
#7109 = DIRECTION('',(-0.923880986636,0.382679921777,0.));
#7110 = ORIENTED_EDGE('',*,*,#7111,.T.);
#7111 = EDGE_CURVE('',#7103,#7112,#7114,.T.);
#7112 = VERTEX_POINT('',#7113);
#7113 = CARTESIAN_POINT('',(166.46,-69.1,-7.5E-02));
#7114 = LINE('',#7115,#7116);
#7115 = CARTESIAN_POINT('',(166.46,-68.7,-7.5E-02));
#7116 = VECTOR('',#7117,1.);
#7117 = DIRECTION('',(0.,-1.,0.));
#7118 = ORIENTED_EDGE('',*,*,#7119,.T.);
#7119 = EDGE_CURVE('',#7112,#7120,#7122,.T.);
#7120 = VERTEX_POINT('',#7121);
#7121 = CARTESIAN_POINT('',(166.4,-69.16,-7.5E-02));
#7122 = CIRCLE('',#7123,5.999932016262E-02);
#7123 = AXIS2_PLACEMENT_3D('',#7124,#7125,#7126);
#7124 = CARTESIAN_POINT('',(166.40000067984,-69.10000067984,-7.5E-02));
#7125 = DIRECTION('',(0.,0.,-1.));
#7126 = DIRECTION('',(0.999999999936,1.133081564772E-05,0.));
#7127 = ORIENTED_EDGE('',*,*,#7128,.T.);
#7128 = EDGE_CURVE('',#7120,#7129,#7131,.T.);
#7129 = VERTEX_POINT('',#7130);
#7130 = CARTESIAN_POINT('',(165.46,-69.16,-7.5E-02));
#7131 = LINE('',#7132,#7133);
#7132 = CARTESIAN_POINT('',(166.4,-69.16,-7.5E-02));
#7133 = VECTOR('',#7134,1.);
#7134 = DIRECTION('',(-1.,0.,0.));
#7135 = ORIENTED_EDGE('',*,*,#7136,.T.);
#7136 = EDGE_CURVE('',#7129,#7137,#7139,.T.);
#7137 = VERTEX_POINT('',#7138);
#7138 = CARTESIAN_POINT('',(165.46,-71.44,-7.5E-02));
#7139 = LINE('',#7140,#7141);
#7140 = CARTESIAN_POINT('',(165.46,-69.16,-7.5E-02));
#7141 = VECTOR('',#7142,1.);
#7142 = DIRECTION('',(0.,-1.,0.));
#7143 = ORIENTED_EDGE('',*,*,#7144,.T.);
#7144 = EDGE_CURVE('',#7137,#7145,#7147,.T.);
#7145 = VERTEX_POINT('',#7146);
#7146 = CARTESIAN_POINT('',(166.4,-71.44,-7.5E-02));
#7147 = LINE('',#7148,#7149);
#7148 = CARTESIAN_POINT('',(165.46,-71.44,-7.5E-02));
#7149 = VECTOR('',#7150,1.);
#7150 = DIRECTION('',(1.,0.,0.));
#7151 = ORIENTED_EDGE('',*,*,#7152,.T.);
#7152 = EDGE_CURVE('',#7145,#7153,#7155,.T.);
#7153 = VERTEX_POINT('',#7154);
#7154 = CARTESIAN_POINT('',(166.4,-71.56,-7.5E-02));
#7155 = CIRCLE('',#7156,6.000000000043E-02);
#7156 = AXIS2_PLACEMENT_3D('',#7157,#7158,#7159);
#7157 = CARTESIAN_POINT('',(166.40000022558,-71.5,-7.5E-02));
#7158 = DIRECTION('',(0.,0.,-1.));
#7159 = DIRECTION('',(-3.759793779989E-06,0.999999999993,-0.));
#7160 = ORIENTED_EDGE('',*,*,#7161,.T.);
#7161 = EDGE_CURVE('',#7153,#7162,#7164,.T.);
#7162 = VERTEX_POINT('',#7163);
#7163 = CARTESIAN_POINT('',(165.4,-71.56,-7.5E-02));
#7164 = LINE('',#7165,#7166);
#7165 = CARTESIAN_POINT('',(166.4,-71.56,-7.5E-02));
#7166 = VECTOR('',#7167,1.);
#7167 = DIRECTION('',(-1.,0.,0.));
#7168 = ORIENTED_EDGE('',*,*,#7169,.T.);
#7169 = EDGE_CURVE('',#7162,#7170,#7172,.T.);
#7170 = VERTEX_POINT('',#7171);
#7171 = CARTESIAN_POINT('',(165.34,-71.5,-7.5E-02));
#7172 = CIRCLE('',#7173,5.999932016262E-02);
#7173 = AXIS2_PLACEMENT_3D('',#7174,#7175,#7176);
#7174 = CARTESIAN_POINT('',(165.39999932015,-71.50000067984,-7.5E-02));
#7175 = DIRECTION('',(0.,0.,-1.));
#7176 = DIRECTION('',(1.133081564772E-05,-0.999999999936,0.));
#7177 = ORIENTED_EDGE('',*,*,#7178,.T.);
#7178 = EDGE_CURVE('',#7170,#7179,#7181,.T.);
#7179 = VERTEX_POINT('',#7180);
#7180 = CARTESIAN_POINT('',(165.34,-69.1,-7.5E-02));
#7181 = LINE('',#7182,#7183);
#7182 = CARTESIAN_POINT('',(165.34,-71.5,-7.5E-02));
#7183 = VECTOR('',#7184,1.);
#7184 = DIRECTION('',(0.,1.,0.));
#7185 = ORIENTED_EDGE('',*,*,#7186,.T.);
#7186 = EDGE_CURVE('',#7179,#7187,#7189,.T.);
#7187 = VERTEX_POINT('',#7188);
#7188 = CARTESIAN_POINT('',(165.4,-69.04,-7.5E-02));
#7189 = CIRCLE('',#7190,5.999932016261E-02);
#7190 = AXIS2_PLACEMENT_3D('',#7191,#7192,#7193);
#7191 = CARTESIAN_POINT('',(165.39999932015,-69.09999932015,-7.5E-02));
#7192 = DIRECTION('',(0.,0.,-1.));
#7193 = DIRECTION('',(-0.999999999936,-1.133081564772E-05,-0.));
#7194 = ORIENTED_EDGE('',*,*,#7195,.T.);
#7195 = EDGE_CURVE('',#7187,#7196,#7198,.T.);
#7196 = VERTEX_POINT('',#7197);
#7197 = CARTESIAN_POINT('',(166.34,-69.04,-7.5E-02));
#7198 = LINE('',#7199,#7200);
#7199 = CARTESIAN_POINT('',(165.4,-69.04,-7.5E-02));
#7200 = VECTOR('',#7201,1.);
#7201 = DIRECTION('',(1.,0.,0.));
#7202 = ORIENTED_EDGE('',*,*,#7203,.T.);
#7203 = EDGE_CURVE('',#7196,#7204,#7206,.T.);
#7204 = VERTEX_POINT('',#7205);
#7205 = CARTESIAN_POINT('',(166.34,-68.7,-7.5E-02));
#7206 = LINE('',#7207,#7208);
#7207 = CARTESIAN_POINT('',(166.34,-69.04,-7.5E-02));
#7208 = VECTOR('',#7209,1.);
#7209 = DIRECTION('',(0.,1.,0.));
#7210 = ORIENTED_EDGE('',*,*,#7211,.T.);
#7211 = EDGE_CURVE('',#7204,#7101,#7212,.T.);
#7212 = LINE('',#7213,#7214);
#7213 = CARTESIAN_POINT('',(166.34,-68.7,-7.5E-02));
#7214 = VECTOR('',#7215,1.);
#7215 = DIRECTION('',(0.195081000118,0.980787134598,0.));
#7216 = PLANE('',#7217);
#7217 = AXIS2_PLACEMENT_3D('',#7218,#7219,#7220);
#7218 = CARTESIAN_POINT('',(0.,0.,-7.5E-02));
#7219 = DIRECTION('',(-0.,-0.,-1.));
#7220 = DIRECTION('',(-1.,0.,0.));
#7221 = SHELL_BASED_SURFACE_MODEL('',(#7222));
#7222 = OPEN_SHELL('',(#7223));
#7223 = ADVANCED_FACE('',(#7224),#7310,.T.);
#7224 = FACE_BOUND('',#7225,.T.);
#7225 = EDGE_LOOP('',(#7226,#7237,#7245,#7254,#7262,#7271,#7279,#7288,
    #7296,#7304));
#7226 = ORIENTED_EDGE('',*,*,#7227,.T.);
#7227 = EDGE_CURVE('',#7228,#7230,#7232,.T.);
#7228 = VERTEX_POINT('',#7229);
#7229 = CARTESIAN_POINT('',(168.2,-69.16,-7.5E-02));
#7230 = VERTEX_POINT('',#7231);
#7231 = CARTESIAN_POINT('',(168.2,-69.04,-7.5E-02));
#7232 = CIRCLE('',#7233,6.000000000042E-02);
#7233 = AXIS2_PLACEMENT_3D('',#7234,#7235,#7236);
#7234 = CARTESIAN_POINT('',(168.19999977441,-69.1,-7.5E-02));
#7235 = DIRECTION('',(0.,0.,-1.));
#7236 = DIRECTION('',(3.759794253684E-06,-0.999999999993,0.));
#7237 = ORIENTED_EDGE('',*,*,#7238,.T.);
#7238 = EDGE_CURVE('',#7230,#7239,#7241,.T.);
#7239 = VERTEX_POINT('',#7240);
#7240 = CARTESIAN_POINT('',(169.,-69.04,-7.5E-02));
#7241 = LINE('',#7242,#7243);
#7242 = CARTESIAN_POINT('',(168.2,-69.04,-7.5E-02));
#7243 = VECTOR('',#7244,1.);
#7244 = DIRECTION('',(1.,0.,0.));
#7245 = ORIENTED_EDGE('',*,*,#7246,.T.);
#7246 = EDGE_CURVE('',#7239,#7247,#7249,.T.);
#7247 = VERTEX_POINT('',#7248);
#7248 = CARTESIAN_POINT('',(169.06,-69.1,-7.5E-02));
#7249 = CIRCLE('',#7250,5.999932016257E-02);
#7250 = AXIS2_PLACEMENT_3D('',#7251,#7252,#7253);
#7251 = CARTESIAN_POINT('',(169.00000067984,-69.09999932015,-7.5E-02));
#7252 = DIRECTION('',(0.,0.,-1.));
#7253 = DIRECTION('',(-1.133081659513E-05,0.999999999936,0.));
#7254 = ORIENTED_EDGE('',*,*,#7255,.T.);
#7255 = EDGE_CURVE('',#7247,#7256,#7258,.T.);
#7256 = VERTEX_POINT('',#7257);
#7257 = CARTESIAN_POINT('',(169.06,-71.5,-7.5E-02));
#7258 = LINE('',#7259,#7260);
#7259 = CARTESIAN_POINT('',(169.06,-69.1,-7.5E-02));
#7260 = VECTOR('',#7261,1.);
#7261 = DIRECTION('',(0.,-1.,0.));
#7262 = ORIENTED_EDGE('',*,*,#7263,.T.);
#7263 = EDGE_CURVE('',#7256,#7264,#7266,.T.);
#7264 = VERTEX_POINT('',#7265);
#7265 = CARTESIAN_POINT('',(169.,-71.56,-7.5E-02));
#7266 = CIRCLE('',#7267,5.999932016264E-02);
#7267 = AXIS2_PLACEMENT_3D('',#7268,#7269,#7270);
#7268 = CARTESIAN_POINT('',(169.00000067984,-71.50000067984,-7.5E-02));
#7269 = DIRECTION('',(0.,0.,-1.));
#7270 = DIRECTION('',(0.999999999936,1.133081541086E-05,0.));
#7271 = ORIENTED_EDGE('',*,*,#7272,.T.);
#7272 = EDGE_CURVE('',#7264,#7273,#7275,.T.);
#7273 = VERTEX_POINT('',#7274);
#7274 = CARTESIAN_POINT('',(168.2,-71.56,-7.5E-02));
#7275 = LINE('',#7276,#7277);
#7276 = CARTESIAN_POINT('',(169.,-71.56,-7.5E-02));
#7277 = VECTOR('',#7278,1.);
#7278 = DIRECTION('',(-1.,0.,0.));
#7279 = ORIENTED_EDGE('',*,*,#7280,.T.);
#7280 = EDGE_CURVE('',#7273,#7281,#7283,.T.);
#7281 = VERTEX_POINT('',#7282);
#7282 = CARTESIAN_POINT('',(168.2,-71.44,-7.5E-02));
#7283 = CIRCLE('',#7284,6.000000000043E-02);
#7284 = AXIS2_PLACEMENT_3D('',#7285,#7286,#7287);
#7285 = CARTESIAN_POINT('',(168.19999977441,-71.5,-7.5E-02));
#7286 = DIRECTION('',(0.,0.,-1.));
#7287 = DIRECTION('',(3.759793779989E-06,-0.999999999993,0.));
#7288 = ORIENTED_EDGE('',*,*,#7289,.T.);
#7289 = EDGE_CURVE('',#7281,#7290,#7292,.T.);
#7290 = VERTEX_POINT('',#7291);
#7291 = CARTESIAN_POINT('',(168.94,-71.44,-7.5E-02));
#7292 = LINE('',#7293,#7294);
#7293 = CARTESIAN_POINT('',(168.2,-71.44,-7.5E-02));
#7294 = VECTOR('',#7295,1.);
#7295 = DIRECTION('',(1.,0.,0.));
#7296 = ORIENTED_EDGE('',*,*,#7297,.T.);
#7297 = EDGE_CURVE('',#7290,#7298,#7300,.T.);
#7298 = VERTEX_POINT('',#7299);
#7299 = CARTESIAN_POINT('',(168.94,-69.16,-7.5E-02));
#7300 = LINE('',#7301,#7302);
#7301 = CARTESIAN_POINT('',(168.94,-71.44,-7.5E-02));
#7302 = VECTOR('',#7303,1.);
#7303 = DIRECTION('',(0.,1.,0.));
#7304 = ORIENTED_EDGE('',*,*,#7305,.T.);
#7305 = EDGE_CURVE('',#7298,#7228,#7306,.T.);
#7306 = LINE('',#7307,#7308);
#7307 = CARTESIAN_POINT('',(168.94,-69.16,-7.5E-02));
#7308 = VECTOR('',#7309,1.);
#7309 = DIRECTION('',(-1.,0.,0.));
#7310 = PLANE('',#7311);
#7311 = AXIS2_PLACEMENT_3D('',#7312,#7313,#7314);
#7312 = CARTESIAN_POINT('',(0.,0.,-7.5E-02));
#7313 = DIRECTION('',(-0.,-0.,-1.));
#7314 = DIRECTION('',(-1.,0.,0.));
#7315 = SHELL_BASED_SURFACE_MODEL('',(#7316));
#7316 = OPEN_SHELL('',(#7317));
#7317 = ADVANCED_FACE('',(#7318),#7362,.T.);
#7318 = FACE_BOUND('',#7319,.T.);
#7319 = EDGE_LOOP('',(#7320,#7331,#7339,#7348,#7356));
#7320 = ORIENTED_EDGE('',*,*,#7321,.T.);
#7321 = EDGE_CURVE('',#7322,#7324,#7326,.T.);
#7322 = VERTEX_POINT('',#7323);
#7323 = CARTESIAN_POINT('',(165.144567,-69.077039,-7.5E-02));
#7324 = VERTEX_POINT('',#7325);
#7325 = CARTESIAN_POINT('',(165.26,-69.1,-7.5E-02));
#7326 = CIRCLE('',#7327,6.000007318647E-02);
#7327 = AXIS2_PLACEMENT_3D('',#7328,#7329,#7330);
#7328 = CARTESIAN_POINT('',(165.19999992681,-69.09999982331,-7.5E-02));
#7329 = DIRECTION('',(0.,0.,-1.));
#7330 = DIRECTION('',(-0.923880986637,0.382679921777,0.));
#7331 = ORIENTED_EDGE('',*,*,#7332,.T.);
#7332 = EDGE_CURVE('',#7324,#7333,#7335,.T.);
#7333 = VERTEX_POINT('',#7334);
#7334 = CARTESIAN_POINT('',(165.26,-71.5,-7.5E-02));
#7335 = LINE('',#7336,#7337);
#7336 = CARTESIAN_POINT('',(165.26,-69.1,-7.5E-02));
#7337 = VECTOR('',#7338,1.);
#7338 = DIRECTION('',(0.,-1.,0.));
#7339 = ORIENTED_EDGE('',*,*,#7340,.T.);
#7340 = EDGE_CURVE('',#7333,#7341,#7343,.T.);
#7341 = VERTEX_POINT('',#7342);
#7342 = CARTESIAN_POINT('',(165.14,-71.5,-7.5E-02));
#7343 = CIRCLE('',#7344,6.000000000043E-02);
#7344 = AXIS2_PLACEMENT_3D('',#7345,#7346,#7347);
#7345 = CARTESIAN_POINT('',(165.2,-71.50000022558,-7.5E-02));
#7346 = DIRECTION('',(0.,0.,-1.));
#7347 = DIRECTION('',(0.999999999993,3.759794016836E-06,0.));
#7348 = ORIENTED_EDGE('',*,*,#7349,.T.);
#7349 = EDGE_CURVE('',#7341,#7350,#7352,.T.);
#7350 = VERTEX_POINT('',#7351);
#7351 = CARTESIAN_POINT('',(165.14,-69.1,-7.5E-02));
#7352 = LINE('',#7353,#7354);
#7353 = CARTESIAN_POINT('',(165.14,-71.5,-7.5E-02));
#7354 = VECTOR('',#7355,1.);
#7355 = DIRECTION('',(0.,1.,0.));
#7356 = ORIENTED_EDGE('',*,*,#7357,.T.);
#7357 = EDGE_CURVE('',#7350,#7322,#7358,.T.);
#7358 = LINE('',#7359,#7360);
#7359 = CARTESIAN_POINT('',(165.14,-69.1,-7.5E-02));
#7360 = VECTOR('',#7361,1.);
#7361 = DIRECTION('',(0.195081000118,0.980787134598,0.));
#7362 = PLANE('',#7363);
#7363 = AXIS2_PLACEMENT_3D('',#7364,#7365,#7366);
#7364 = CARTESIAN_POINT('',(0.,0.,-7.5E-02));
#7365 = DIRECTION('',(-0.,-0.,-1.));
#7366 = DIRECTION('',(-1.,0.,0.));
#7367 = SHELL_BASED_SURFACE_MODEL('',(#7368));
#7368 = OPEN_SHELL('',(#7369));
#7369 = ADVANCED_FACE('',(#7370),#7406,.T.);
#7370 = FACE_BOUND('',#7371,.T.);
#7371 = EDGE_LOOP('',(#7372,#7383,#7391,#7400));
#7372 = ORIENTED_EDGE('',*,*,#7373,.T.);
#7373 = EDGE_CURVE('',#7374,#7376,#7378,.T.);
#7374 = VERTEX_POINT('',#7375);
#7375 = CARTESIAN_POINT('',(163.08442,-70.945,-7.5E-02));
#7376 = VERTEX_POINT('',#7377);
#7377 = CARTESIAN_POINT('',(163.08442,-70.825,-7.5E-02));
#7378 = CIRCLE('',#7379,6.000000000042E-02);
#7379 = AXIS2_PLACEMENT_3D('',#7380,#7381,#7382);
#7380 = CARTESIAN_POINT('',(163.08441977441,-70.885,-7.5E-02));
#7381 = DIRECTION('',(0.,0.,-1.));
#7382 = DIRECTION('',(3.759794253684E-06,-0.999999999993,0.));
#7383 = ORIENTED_EDGE('',*,*,#7384,.T.);
#7384 = EDGE_CURVE('',#7376,#7385,#7387,.T.);
#7385 = VERTEX_POINT('',#7386);
#7386 = CARTESIAN_POINT('',(163.36558,-70.825,-7.5E-02));
#7387 = LINE('',#7388,#7389);
#7388 = CARTESIAN_POINT('',(163.08442,-70.825,-7.5E-02));
#7389 = VECTOR('',#7390,1.);
#7390 = DIRECTION('',(1.,0.,0.));
#7391 = ORIENTED_EDGE('',*,*,#7392,.T.);
#7392 = EDGE_CURVE('',#7385,#7393,#7395,.T.);
#7393 = VERTEX_POINT('',#7394);
#7394 = CARTESIAN_POINT('',(163.36558,-70.945,-7.5E-02));
#7395 = CIRCLE('',#7396,6.000000000042E-02);
#7396 = AXIS2_PLACEMENT_3D('',#7397,#7398,#7399);
#7397 = CARTESIAN_POINT('',(163.36558022558,-70.885,-7.5E-02));
#7398 = DIRECTION('',(0.,0.,-1.));
#7399 = DIRECTION('',(-3.759794253685E-06,0.999999999993,-0.));
#7400 = ORIENTED_EDGE('',*,*,#7401,.T.);
#7401 = EDGE_CURVE('',#7393,#7374,#7402,.T.);
#7402 = LINE('',#7403,#7404);
#7403 = CARTESIAN_POINT('',(163.36558,-70.945,-7.5E-02));
#7404 = VECTOR('',#7405,1.);
#7405 = DIRECTION('',(-1.,0.,0.));
#7406 = PLANE('',#7407);
#7407 = AXIS2_PLACEMENT_3D('',#7408,#7409,#7410);
#7408 = CARTESIAN_POINT('',(0.,0.,-7.5E-02));
#7409 = DIRECTION('',(-0.,-0.,-1.));
#7410 = DIRECTION('',(-1.,0.,0.));
#7411 = SHELL_BASED_SURFACE_MODEL('',(#7412));
#7412 = OPEN_SHELL('',(#7413));
#7413 = ADVANCED_FACE('',(#7414),#7458,.T.);
#7414 = FACE_BOUND('',#7415,.T.);
#7415 = EDGE_LOOP('',(#7416,#7427,#7435,#7444,#7452));
#7416 = ORIENTED_EDGE('',*,*,#7417,.T.);
#7417 = EDGE_CURVE('',#7418,#7420,#7422,.T.);
#7418 = VERTEX_POINT('',#7419);
#7419 = CARTESIAN_POINT('',(179.934567,-70.236459,-7.5E-02));
#7420 = VERTEX_POINT('',#7421);
#7421 = CARTESIAN_POINT('',(180.05,-70.25942,-7.5E-02));
#7422 = CIRCLE('',#7423,6.000007318649E-02);
#7423 = AXIS2_PLACEMENT_3D('',#7424,#7425,#7426);
#7424 = CARTESIAN_POINT('',(179.98999992681,-70.25941982331,-7.5E-02));
#7425 = DIRECTION('',(0.,0.,-1.));
#7426 = DIRECTION('',(-0.923880986636,0.382679921777,0.));
#7427 = ORIENTED_EDGE('',*,*,#7428,.T.);
#7428 = EDGE_CURVE('',#7420,#7429,#7431,.T.);
#7429 = VERTEX_POINT('',#7430);
#7430 = CARTESIAN_POINT('',(180.05,-70.54058,-7.5E-02));
#7431 = LINE('',#7432,#7433);
#7432 = CARTESIAN_POINT('',(180.05,-70.25942,-7.5E-02));
#7433 = VECTOR('',#7434,1.);
#7434 = DIRECTION('',(0.,-1.,0.));
#7435 = ORIENTED_EDGE('',*,*,#7436,.T.);
#7436 = EDGE_CURVE('',#7429,#7437,#7439,.T.);
#7437 = VERTEX_POINT('',#7438);
#7438 = CARTESIAN_POINT('',(179.93,-70.54058,-7.5E-02));
#7439 = CIRCLE('',#7440,6.000000000043E-02);
#7440 = AXIS2_PLACEMENT_3D('',#7441,#7442,#7443);
#7441 = CARTESIAN_POINT('',(179.99,-70.54058022558,-7.5E-02));
#7442 = DIRECTION('',(0.,0.,-1.));
#7443 = DIRECTION('',(0.999999999993,3.759793779989E-06,0.));
#7444 = ORIENTED_EDGE('',*,*,#7445,.T.);
#7445 = EDGE_CURVE('',#7437,#7446,#7448,.T.);
#7446 = VERTEX_POINT('',#7447);
#7447 = CARTESIAN_POINT('',(179.93,-70.25942,-7.5E-02));
#7448 = LINE('',#7449,#7450);
#7449 = CARTESIAN_POINT('',(179.93,-70.54058,-7.5E-02));
#7450 = VECTOR('',#7451,1.);
#7451 = DIRECTION('',(0.,1.,0.));
#7452 = ORIENTED_EDGE('',*,*,#7453,.T.);
#7453 = EDGE_CURVE('',#7446,#7418,#7454,.T.);
#7454 = LINE('',#7455,#7456);
#7455 = CARTESIAN_POINT('',(179.93,-70.25942,-7.5E-02));
#7456 = VECTOR('',#7457,1.);
#7457 = DIRECTION('',(0.195081000117,0.980787134598,0.));
#7458 = PLANE('',#7459);
#7459 = AXIS2_PLACEMENT_3D('',#7460,#7461,#7462);
#7460 = CARTESIAN_POINT('',(0.,0.,-7.5E-02));
#7461 = DIRECTION('',(-0.,-0.,-1.));
#7462 = DIRECTION('',(-1.,0.,0.));
#7463 = SHELL_BASED_SURFACE_MODEL('',(#7464));
#7464 = OPEN_SHELL('',(#7465));
#7465 = ADVANCED_FACE('',(#7466),#7510,.T.);
#7466 = FACE_BOUND('',#7467,.T.);
#7467 = EDGE_LOOP('',(#7468,#7479,#7487,#7496,#7504));
#7468 = ORIENTED_EDGE('',*,*,#7469,.T.);
#7469 = EDGE_CURVE('',#7470,#7472,#7474,.T.);
#7470 = VERTEX_POINT('',#7471);
#7471 = CARTESIAN_POINT('',(180.954567,-70.236459,-7.5E-02));
#7472 = VERTEX_POINT('',#7473);
#7473 = CARTESIAN_POINT('',(181.07,-70.25942,-7.5E-02));
#7474 = CIRCLE('',#7475,6.000007318647E-02);
#7475 = AXIS2_PLACEMENT_3D('',#7476,#7477,#7478);
#7476 = CARTESIAN_POINT('',(181.00999992681,-70.25941982331,-7.5E-02));
#7477 = DIRECTION('',(0.,0.,-1.));
#7478 = DIRECTION('',(-0.923880986637,0.382679921777,0.));
#7479 = ORIENTED_EDGE('',*,*,#7480,.T.);
#7480 = EDGE_CURVE('',#7472,#7481,#7483,.T.);
#7481 = VERTEX_POINT('',#7482);
#7482 = CARTESIAN_POINT('',(181.07,-70.54058,-7.5E-02));
#7483 = LINE('',#7484,#7485);
#7484 = CARTESIAN_POINT('',(181.07,-70.25942,-7.5E-02));
#7485 = VECTOR('',#7486,1.);
#7486 = DIRECTION('',(0.,-1.,0.));
#7487 = ORIENTED_EDGE('',*,*,#7488,.T.);
#7488 = EDGE_CURVE('',#7481,#7489,#7491,.T.);
#7489 = VERTEX_POINT('',#7490);
#7490 = CARTESIAN_POINT('',(180.95,-70.54058,-7.5E-02));
#7491 = CIRCLE('',#7492,6.000000000043E-02);
#7492 = AXIS2_PLACEMENT_3D('',#7493,#7494,#7495);
#7493 = CARTESIAN_POINT('',(181.01,-70.54058022558,-7.5E-02));
#7494 = DIRECTION('',(0.,0.,-1.));
#7495 = DIRECTION('',(0.999999999993,3.759794016836E-06,0.));
#7496 = ORIENTED_EDGE('',*,*,#7497,.T.);
#7497 = EDGE_CURVE('',#7489,#7498,#7500,.T.);
#7498 = VERTEX_POINT('',#7499);
#7499 = CARTESIAN_POINT('',(180.95,-70.25942,-7.5E-02));
#7500 = LINE('',#7501,#7502);
#7501 = CARTESIAN_POINT('',(180.95,-70.54058,-7.5E-02));
#7502 = VECTOR('',#7503,1.);
#7503 = DIRECTION('',(0.,1.,0.));
#7504 = ORIENTED_EDGE('',*,*,#7505,.T.);
#7505 = EDGE_CURVE('',#7498,#7470,#7506,.T.);
#7506 = LINE('',#7507,#7508);
#7507 = CARTESIAN_POINT('',(180.95,-70.25942,-7.5E-02));
#7508 = VECTOR('',#7509,1.);
#7509 = DIRECTION('',(0.195081000118,0.980787134598,0.));
#7510 = PLANE('',#7511);
#7511 = AXIS2_PLACEMENT_3D('',#7512,#7513,#7514);
#7512 = CARTESIAN_POINT('',(0.,0.,-7.5E-02));
#7513 = DIRECTION('',(-0.,-0.,-1.));
#7514 = DIRECTION('',(-1.,0.,0.));
#7515 = SHELL_BASED_SURFACE_MODEL('',(#7516));
#7516 = OPEN_SHELL('',(#7517));
#7517 = ADVANCED_FACE('',(#7518),#7635,.T.);
#7518 = FACE_BOUND('',#7519,.T.);
#7519 = EDGE_LOOP('',(#7520,#7530,#7538,#7546,#7554,#7562,#7570,#7579,
    #7587,#7595,#7603,#7612,#7620,#7629));
#7520 = ORIENTED_EDGE('',*,*,#7521,.T.);
#7521 = EDGE_CURVE('',#7522,#7524,#7526,.T.);
#7522 = VERTEX_POINT('',#7523);
#7523 = CARTESIAN_POINT('',(167.661606,-70.481154,-7.5E-02));
#7524 = VERTEX_POINT('',#7525);
#7525 = CARTESIAN_POINT('',(167.663985,-70.250445,-7.5E-02));
#7526 = LINE('',#7527,#7528);
#7527 = CARTESIAN_POINT('',(167.661606,-70.481154,-7.5E-02));
#7528 = VECTOR('',#7529,1.);
#7529 = DIRECTION('',(1.0311143169E-02,0.99994683875,0.));
#7530 = ORIENTED_EDGE('',*,*,#7531,.T.);
#7531 = EDGE_CURVE('',#7524,#7532,#7534,.T.);
#7532 = VERTEX_POINT('',#7533);
#7533 = CARTESIAN_POINT('',(167.686792,-70.231748,-7.5E-02));
#7534 = LINE('',#7535,#7536);
#7535 = CARTESIAN_POINT('',(167.663985,-70.250445,-7.5E-02));
#7536 = VECTOR('',#7537,1.);
#7537 = DIRECTION('',(0.7733465903,0.633983478706,0.));
#7538 = ORIENTED_EDGE('',*,*,#7539,.T.);
#7539 = EDGE_CURVE('',#7532,#7540,#7542,.T.);
#7540 = VERTEX_POINT('',#7541);
#7541 = CARTESIAN_POINT('',(167.695716,-70.233533,-7.5E-02));
#7542 = LINE('',#7543,#7544);
#7543 = CARTESIAN_POINT('',(167.686792,-70.231748,-7.5E-02));
#7544 = VECTOR('',#7545,1.);
#7545 = DIRECTION('',(0.980576449278,-0.196137266019,0.));
#7546 = ORIENTED_EDGE('',*,*,#7547,.T.);
#7547 = EDGE_CURVE('',#7540,#7548,#7550,.T.);
#7548 = VERTEX_POINT('',#7549);
#7549 = CARTESIAN_POINT('',(167.710245,-70.236439,-7.5E-02));
#7550 = LINE('',#7551,#7552);
#7551 = CARTESIAN_POINT('',(167.695716,-70.233533,-7.5E-02));
#7552 = VECTOR('',#7553,1.);
#7553 = DIRECTION('',(0.980578079794,-0.196129114178,0.));
#7554 = ORIENTED_EDGE('',*,*,#7555,.T.);
#7555 = EDGE_CURVE('',#7548,#7556,#7558,.T.);
#7556 = VERTEX_POINT('',#7557);
#7557 = CARTESIAN_POINT('',(167.758985,-70.296244,-7.5E-02));
#7558 = LINE('',#7559,#7560);
#7559 = CARTESIAN_POINT('',(167.710245,-70.236439,-7.5E-02));
#7560 = VECTOR('',#7561,1.);
#7561 = DIRECTION('',(0.631750846104,-0.775171509053,0.));
#7562 = ORIENTED_EDGE('',*,*,#7563,.T.);
#7563 = EDGE_CURVE('',#7556,#7564,#7566,.T.);
#7564 = VERTEX_POINT('',#7565);
#7565 = CARTESIAN_POINT('',(167.787892,-70.313358,-7.5E-02));
#7566 = LINE('',#7567,#7568);
#7567 = CARTESIAN_POINT('',(167.758985,-70.296244,-7.5E-02));
#7568 = VECTOR('',#7569,1.);
#7569 = DIRECTION('',(0.86050131704,-0.509448214613,0.));
#7570 = ORIENTED_EDGE('',*,*,#7571,.T.);
#7571 = EDGE_CURVE('',#7564,#7572,#7574,.T.);
#7572 = VERTEX_POINT('',#7573);
#7573 = CARTESIAN_POINT('',(167.762068,-70.365004,-7.5E-02));
#7574 = CIRCLE('',#7575,3.125006275824E-02);
#7575 = AXIS2_PLACEMENT_3D('',#7576,#7577,#7578);
#7576 = CARTESIAN_POINT('',(167.76428356567,-70.33383257572,-7.5E-02));
#7577 = DIRECTION('',(0.,0.,-1.));
#7578 = DIRECTION('',(0.755468381124,0.655185107524,0.));
#7579 = ORIENTED_EDGE('',*,*,#7580,.T.);
#7580 = EDGE_CURVE('',#7572,#7581,#7583,.T.);
#7581 = VERTEX_POINT('',#7582);
#7582 = CARTESIAN_POINT('',(167.724106,-70.348021,-7.5E-02));
#7583 = LINE('',#7584,#7585);
#7584 = CARTESIAN_POINT('',(167.762068,-70.365004,-7.5E-02));
#7585 = VECTOR('',#7586,1.);
#7586 = DIRECTION('',(-0.912818251895,0.408366060058,0.));
#7587 = ORIENTED_EDGE('',*,*,#7588,.T.);
#7588 = EDGE_CURVE('',#7581,#7589,#7591,.T.);
#7589 = VERTEX_POINT('',#7590);
#7590 = CARTESIAN_POINT('',(167.724106,-70.481154,-7.5E-02));
#7591 = LINE('',#7592,#7593);
#7592 = CARTESIAN_POINT('',(167.724106,-70.348021,-7.5E-02));
#7593 = VECTOR('',#7594,1.);
#7594 = DIRECTION('',(0.,-1.,0.));
#7595 = ORIENTED_EDGE('',*,*,#7596,.T.);
#7596 = EDGE_CURVE('',#7589,#7597,#7599,.T.);
#7597 = VERTEX_POINT('',#7598);
#7598 = CARTESIAN_POINT('',(167.776243,-70.483533,-7.5E-02));
#7599 = LINE('',#7600,#7601);
#7600 = CARTESIAN_POINT('',(167.724106,-70.481154,-7.5E-02));
#7601 = VECTOR('',#7602,1.);
#7602 = DIRECTION('',(0.998960584275,-4.558235475729E-02,0.));
#7603 = ORIENTED_EDGE('',*,*,#7604,.T.);
#7604 = EDGE_CURVE('',#7597,#7605,#7607,.T.);
#7605 = VERTEX_POINT('',#7606);
#7606 = CARTESIAN_POINT('',(167.776243,-70.541275,-7.5E-02));
#7607 = CIRCLE('',#7608,3.124983715158E-02);
#7608 = AXIS2_PLACEMENT_3D('',#7609,#7610,#7611);
#7609 = CARTESIAN_POINT('',(167.764284,-70.512404,-7.5E-02));
#7610 = DIRECTION('',(0.,0.,-1.));
#7611 = DIRECTION('',(0.382689994255,0.92387681446,0.));
#7612 = ORIENTED_EDGE('',*,*,#7613,.T.);
#7613 = EDGE_CURVE('',#7605,#7614,#7616,.T.);
#7614 = VERTEX_POINT('',#7615);
#7615 = CARTESIAN_POINT('',(167.609468,-70.541275,-7.5E-02));
#7616 = LINE('',#7617,#7618);
#7617 = CARTESIAN_POINT('',(167.776243,-70.541275,-7.5E-02));
#7618 = VECTOR('',#7619,1.);
#7619 = DIRECTION('',(-1.,0.,0.));
#7620 = ORIENTED_EDGE('',*,*,#7621,.T.);
#7621 = EDGE_CURVE('',#7614,#7622,#7624,.T.);
#7622 = VERTEX_POINT('',#7623);
#7623 = CARTESIAN_POINT('',(167.609468,-70.483533,-7.5E-02));
#7624 = CIRCLE('',#7625,3.124983715159E-02);
#7625 = AXIS2_PLACEMENT_3D('',#7626,#7627,#7628);
#7626 = CARTESIAN_POINT('',(167.621427,-70.512404,-7.5E-02));
#7627 = DIRECTION('',(0.,0.,-1.));
#7628 = DIRECTION('',(-0.382689994255,-0.92387681446,-0.));
#7629 = ORIENTED_EDGE('',*,*,#7630,.T.);
#7630 = EDGE_CURVE('',#7622,#7522,#7631,.T.);
#7631 = LINE('',#7632,#7633);
#7632 = CARTESIAN_POINT('',(167.609468,-70.483533,-7.5E-02));
#7633 = VECTOR('',#7634,1.);
#7634 = DIRECTION('',(0.998960624084,4.558148231014E-02,0.));
#7635 = PLANE('',#7636);
#7636 = AXIS2_PLACEMENT_3D('',#7637,#7638,#7639);
#7637 = CARTESIAN_POINT('',(0.,0.,-7.5E-02));
#7638 = DIRECTION('',(-0.,-0.,-1.));
#7639 = DIRECTION('',(-1.,0.,0.));
#7640 = SHELL_BASED_SURFACE_MODEL('',(#7641));
#7641 = OPEN_SHELL('',(#7642));
#7642 = ADVANCED_FACE('',(#7643),#7720,.T.);
#7643 = FACE_BOUND('',#7644,.T.);
#7644 = EDGE_LOOP('',(#7645,#7656,#7664,#7672,#7681,#7689,#7697,#7706,
    #7714));
#7645 = ORIENTED_EDGE('',*,*,#7646,.T.);
#7646 = EDGE_CURVE('',#7647,#7649,#7651,.T.);
#7647 = VERTEX_POINT('',#7648);
#7648 = CARTESIAN_POINT('',(167.804935,-70.267815,-7.5E-02));
#7649 = VERTEX_POINT('',#7650);
#7650 = CARTESIAN_POINT('',(167.85365,-70.236814,-7.5E-02));
#7651 = CIRCLE('',#7652,3.125034511165E-02);
#7652 = AXIS2_PLACEMENT_3D('',#7653,#7654,#7655);
#7653 = CARTESIAN_POINT('',(167.83571336806,-70.26240425799,-7.5E-02));
#7654 = DIRECTION('',(0.,0.,-1.));
#7655 = DIRECTION('',(-0.984896901207,-0.17314183201,-0.));
#7656 = ORIENTED_EDGE('',*,*,#7657,.T.);
#7657 = EDGE_CURVE('',#7649,#7658,#7660,.T.);
#7658 = VERTEX_POINT('',#7659);
#7659 = CARTESIAN_POINT('',(167.919046,-70.33515,-7.5E-02));
#7660 = LINE('',#7661,#7662);
#7661 = CARTESIAN_POINT('',(167.85365,-70.236814,-7.5E-02));
#7662 = VECTOR('',#7663,1.);
#7663 = DIRECTION('',(0.553754060322,-0.832680275182,0.));
#7664 = ORIENTED_EDGE('',*,*,#7665,.T.);
#7665 = EDGE_CURVE('',#7658,#7666,#7668,.T.);
#7666 = VERTEX_POINT('',#7667);
#7667 = CARTESIAN_POINT('',(167.984443,-70.236815,-7.5E-02));
#7668 = LINE('',#7669,#7670);
#7669 = CARTESIAN_POINT('',(167.919046,-70.33515,-7.5E-02));
#7670 = VECTOR('',#7671,1.);
#7671 = DIRECTION('',(0.553763835904,0.832673774082,0.));
#7672 = ORIENTED_EDGE('',*,*,#7673,.T.);
#7673 = EDGE_CURVE('',#7666,#7674,#7676,.T.);
#7674 = VERTEX_POINT('',#7675);
#7675 = CARTESIAN_POINT('',(168.033158,-70.267815,-7.5E-02));
#7676 = CIRCLE('',#7677,3.125034514144E-02);
#7677 = AXIS2_PLACEMENT_3D('',#7678,#7679,#7680);
#7678 = CARTESIAN_POINT('',(168.00237943141,-70.26240539857,-7.5E-02));
#7679 = DIRECTION('',(0.,0.,-1.));
#7680 = DIRECTION('',(-0.573959466282,0.818883710343,0.));
#7681 = ORIENTED_EDGE('',*,*,#7682,.T.);
#7682 = EDGE_CURVE('',#7674,#7683,#7685,.T.);
#7683 = VERTEX_POINT('',#7684);
#7684 = CARTESIAN_POINT('',(167.950297,-70.402455,-7.5E-02));
#7685 = LINE('',#7686,#7687);
#7686 = CARTESIAN_POINT('',(168.033158,-70.267815,-7.5E-02));
#7687 = VECTOR('',#7688,1.);
#7688 = DIRECTION('',(-0.52412318825,-0.851642462268,0.));
#7689 = ORIENTED_EDGE('',*,*,#7690,.T.);
#7690 = EDGE_CURVE('',#7683,#7691,#7693,.T.);
#7691 = VERTEX_POINT('',#7692);
#7692 = CARTESIAN_POINT('',(167.947918,-70.524363,-7.5E-02));
#7693 = LINE('',#7694,#7695);
#7694 = CARTESIAN_POINT('',(167.950297,-70.402455,-7.5E-02));
#7695 = VECTOR('',#7696,1.);
#7696 = DIRECTION('',(-1.9511001239E-02,-0.999809642297,0.));
#7697 = ORIENTED_EDGE('',*,*,#7698,.T.);
#7698 = EDGE_CURVE('',#7691,#7699,#7701,.T.);
#7699 = VERTEX_POINT('',#7700);
#7700 = CARTESIAN_POINT('',(167.890176,-70.524363,-7.5E-02));
#7701 = CIRCLE('',#7702,3.124983715156E-02);
#7702 = AXIS2_PLACEMENT_3D('',#7703,#7704,#7705);
#7703 = CARTESIAN_POINT('',(167.919047,-70.512404,-7.5E-02));
#7704 = DIRECTION('',(-0.,0.,-1.));
#7705 = DIRECTION('',(0.92387681446,-0.382689994254,-0.));
#7706 = ORIENTED_EDGE('',*,*,#7707,.T.);
#7707 = EDGE_CURVE('',#7699,#7708,#7710,.T.);
#7708 = VERTEX_POINT('',#7709);
#7709 = CARTESIAN_POINT('',(167.887797,-70.402456,-7.5E-02));
#7710 = LINE('',#7711,#7712);
#7711 = CARTESIAN_POINT('',(167.890176,-70.524363,-7.5E-02));
#7712 = VECTOR('',#7713,1.);
#7713 = DIRECTION('',(-1.951116122609E-02,0.999809639175,0.));
#7714 = ORIENTED_EDGE('',*,*,#7715,.T.);
#7715 = EDGE_CURVE('',#7708,#7647,#7716,.T.);
#7716 = LINE('',#7717,#7718);
#7717 = CARTESIAN_POINT('',(167.887797,-70.402456,-7.5E-02));
#7718 = VECTOR('',#7719,1.);
#7719 = DIRECTION('',(-0.524124952554,0.851641376467,0.));
#7720 = PLANE('',#7721);
#7721 = AXIS2_PLACEMENT_3D('',#7722,#7723,#7724);
#7722 = CARTESIAN_POINT('',(0.,0.,-7.5E-02));
#7723 = DIRECTION('',(-0.,-0.,-1.));
#7724 = DIRECTION('',(-1.,0.,0.));
#7725 = SHELL_BASED_SURFACE_MODEL('',(#7726));
#7726 = OPEN_SHELL('',(#7727));
#7727 = ADVANCED_FACE('',(#7728),#7772,.T.);
#7728 = FACE_BOUND('',#7729,.T.);
#7729 = EDGE_LOOP('',(#7730,#7741,#7749,#7758,#7766));
#7730 = ORIENTED_EDGE('',*,*,#7731,.T.);
#7731 = EDGE_CURVE('',#7732,#7734,#7736,.T.);
#7732 = VERTEX_POINT('',#7733);
#7733 = CARTESIAN_POINT('',(169.434567,-70.161459,-7.5E-02));
#7734 = VERTEX_POINT('',#7735);
#7735 = CARTESIAN_POINT('',(169.55,-70.18442,-7.5E-02));
#7736 = CIRCLE('',#7737,6.000007318648E-02);
#7737 = AXIS2_PLACEMENT_3D('',#7738,#7739,#7740);
#7738 = CARTESIAN_POINT('',(169.48999992681,-70.18441982331,-7.5E-02));
#7739 = DIRECTION('',(0.,0.,-1.));
#7740 = DIRECTION('',(-0.923880986637,0.382679921777,0.));
#7741 = ORIENTED_EDGE('',*,*,#7742,.T.);
#7742 = EDGE_CURVE('',#7734,#7743,#7745,.T.);
#7743 = VERTEX_POINT('',#7744);
#7744 = CARTESIAN_POINT('',(169.55,-70.46558,-7.5E-02));
#7745 = LINE('',#7746,#7747);
#7746 = CARTESIAN_POINT('',(169.55,-70.18442,-7.5E-02));
#7747 = VECTOR('',#7748,1.);
#7748 = DIRECTION('',(0.,-1.,0.));
#7749 = ORIENTED_EDGE('',*,*,#7750,.T.);
#7750 = EDGE_CURVE('',#7743,#7751,#7753,.T.);
#7751 = VERTEX_POINT('',#7752);
#7752 = CARTESIAN_POINT('',(169.43,-70.46558,-7.5E-02));
#7753 = CIRCLE('',#7754,6.000000000043E-02);
#7754 = AXIS2_PLACEMENT_3D('',#7755,#7756,#7757);
#7755 = CARTESIAN_POINT('',(169.49,-70.46558022558,-7.5E-02));
#7756 = DIRECTION('',(0.,0.,-1.));
#7757 = DIRECTION('',(0.999999999993,3.759793779989E-06,0.));
#7758 = ORIENTED_EDGE('',*,*,#7759,.T.);
#7759 = EDGE_CURVE('',#7751,#7760,#7762,.T.);
#7760 = VERTEX_POINT('',#7761);
#7761 = CARTESIAN_POINT('',(169.43,-70.18442,-7.5E-02));
#7762 = LINE('',#7763,#7764);
#7763 = CARTESIAN_POINT('',(169.43,-70.46558,-7.5E-02));
#7764 = VECTOR('',#7765,1.);
#7765 = DIRECTION('',(0.,1.,0.));
#7766 = ORIENTED_EDGE('',*,*,#7767,.T.);
#7767 = EDGE_CURVE('',#7760,#7732,#7768,.T.);
#7768 = LINE('',#7769,#7770);
#7769 = CARTESIAN_POINT('',(169.43,-70.18442,-7.5E-02));
#7770 = VECTOR('',#7771,1.);
#7771 = DIRECTION('',(0.195081000117,0.980787134598,0.));
#7772 = PLANE('',#7773);
#7773 = AXIS2_PLACEMENT_3D('',#7774,#7775,#7776);
#7774 = CARTESIAN_POINT('',(0.,0.,-7.5E-02));
#7775 = DIRECTION('',(-0.,-0.,-1.));
#7776 = DIRECTION('',(-1.,0.,0.));
#7777 = SHELL_BASED_SURFACE_MODEL('',(#7778));
#7778 = OPEN_SHELL('',(#7779));
#7779 = ADVANCED_FACE('',(#7780),#7824,.T.);
#7780 = FACE_BOUND('',#7781,.T.);
#7781 = EDGE_LOOP('',(#7782,#7793,#7801,#7810,#7818));
#7782 = ORIENTED_EDGE('',*,*,#7783,.T.);
#7783 = EDGE_CURVE('',#7784,#7786,#7788,.T.);
#7784 = VERTEX_POINT('',#7785);
#7785 = CARTESIAN_POINT('',(170.454567,-70.161459,-7.5E-02));
#7786 = VERTEX_POINT('',#7787);
#7787 = CARTESIAN_POINT('',(170.57,-70.18442,-7.5E-02));
#7788 = CIRCLE('',#7789,6.000007318647E-02);
#7789 = AXIS2_PLACEMENT_3D('',#7790,#7791,#7792);
#7790 = CARTESIAN_POINT('',(170.50999992681,-70.18441982331,-7.5E-02));
#7791 = DIRECTION('',(0.,0.,-1.));
#7792 = DIRECTION('',(-0.923880986637,0.382679921777,0.));
#7793 = ORIENTED_EDGE('',*,*,#7794,.T.);
#7794 = EDGE_CURVE('',#7786,#7795,#7797,.T.);
#7795 = VERTEX_POINT('',#7796);
#7796 = CARTESIAN_POINT('',(170.57,-70.46558,-7.5E-02));
#7797 = LINE('',#7798,#7799);
#7798 = CARTESIAN_POINT('',(170.57,-70.18442,-7.5E-02));
#7799 = VECTOR('',#7800,1.);
#7800 = DIRECTION('',(0.,-1.,0.));
#7801 = ORIENTED_EDGE('',*,*,#7802,.T.);
#7802 = EDGE_CURVE('',#7795,#7803,#7805,.T.);
#7803 = VERTEX_POINT('',#7804);
#7804 = CARTESIAN_POINT('',(170.45,-70.46558,-7.5E-02));
#7805 = CIRCLE('',#7806,6.000000000043E-02);
#7806 = AXIS2_PLACEMENT_3D('',#7807,#7808,#7809);
#7807 = CARTESIAN_POINT('',(170.51,-70.46558022558,-7.5E-02));
#7808 = DIRECTION('',(0.,0.,-1.));
#7809 = DIRECTION('',(0.999999999993,3.759794016836E-06,0.));
#7810 = ORIENTED_EDGE('',*,*,#7811,.T.);
#7811 = EDGE_CURVE('',#7803,#7812,#7814,.T.);
#7812 = VERTEX_POINT('',#7813);
#7813 = CARTESIAN_POINT('',(170.45,-70.18442,-7.5E-02));
#7814 = LINE('',#7815,#7816);
#7815 = CARTESIAN_POINT('',(170.45,-70.46558,-7.5E-02));
#7816 = VECTOR('',#7817,1.);
#7817 = DIRECTION('',(0.,1.,0.));
#7818 = ORIENTED_EDGE('',*,*,#7819,.T.);
#7819 = EDGE_CURVE('',#7812,#7784,#7820,.T.);
#7820 = LINE('',#7821,#7822);
#7821 = CARTESIAN_POINT('',(170.45,-70.18442,-7.5E-02));
#7822 = VECTOR('',#7823,1.);
#7823 = DIRECTION('',(0.195081000118,0.980787134598,0.));
#7824 = PLANE('',#7825);
#7825 = AXIS2_PLACEMENT_3D('',#7826,#7827,#7828);
#7826 = CARTESIAN_POINT('',(0.,0.,-7.5E-02));
#7827 = DIRECTION('',(-0.,-0.,-1.));
#7828 = DIRECTION('',(-1.,0.,0.));
#7829 = SHELL_BASED_SURFACE_MODEL('',(#7830));
#7830 = OPEN_SHELL('',(#7831));
#7831 = ADVANCED_FACE('',(#7832),#7868,.T.);
#7832 = FACE_BOUND('',#7833,.T.);
#7833 = EDGE_LOOP('',(#7834,#7845,#7853,#7862));
#7834 = ORIENTED_EDGE('',*,*,#7835,.T.);
#7835 = EDGE_CURVE('',#7836,#7838,#7840,.T.);
#7836 = VERTEX_POINT('',#7837);
#7837 = CARTESIAN_POINT('',(163.08442,-69.925,-7.5E-02));
#7838 = VERTEX_POINT('',#7839);
#7839 = CARTESIAN_POINT('',(163.08442,-69.805,-7.5E-02));
#7840 = CIRCLE('',#7841,6.000000000042E-02);
#7841 = AXIS2_PLACEMENT_3D('',#7842,#7843,#7844);
#7842 = CARTESIAN_POINT('',(163.08441977441,-69.865,-7.5E-02));
#7843 = DIRECTION('',(0.,0.,-1.));
#7844 = DIRECTION('',(3.759794253685E-06,-0.999999999993,0.));
#7845 = ORIENTED_EDGE('',*,*,#7846,.T.);
#7846 = EDGE_CURVE('',#7838,#7847,#7849,.T.);
#7847 = VERTEX_POINT('',#7848);
#7848 = CARTESIAN_POINT('',(163.36558,-69.805,-7.5E-02));
#7849 = LINE('',#7850,#7851);
#7850 = CARTESIAN_POINT('',(163.08442,-69.805,-7.5E-02));
#7851 = VECTOR('',#7852,1.);
#7852 = DIRECTION('',(1.,0.,0.));
#7853 = ORIENTED_EDGE('',*,*,#7854,.T.);
#7854 = EDGE_CURVE('',#7847,#7855,#7857,.T.);
#7855 = VERTEX_POINT('',#7856);
#7856 = CARTESIAN_POINT('',(163.36558,-69.925,-7.5E-02));
#7857 = CIRCLE('',#7858,6.000000000042E-02);
#7858 = AXIS2_PLACEMENT_3D('',#7859,#7860,#7861);
#7859 = CARTESIAN_POINT('',(163.36558022558,-69.865,-7.5E-02));
#7860 = DIRECTION('',(0.,0.,-1.));
#7861 = DIRECTION('',(-3.759794253684E-06,0.999999999993,-0.));
#7862 = ORIENTED_EDGE('',*,*,#7863,.T.);
#7863 = EDGE_CURVE('',#7855,#7836,#7864,.T.);
#7864 = LINE('',#7865,#7866);
#7865 = CARTESIAN_POINT('',(163.36558,-69.925,-7.5E-02));
#7866 = VECTOR('',#7867,1.);
#7867 = DIRECTION('',(-1.,0.,0.));
#7868 = PLANE('',#7869);
#7869 = AXIS2_PLACEMENT_3D('',#7870,#7871,#7872);
#7870 = CARTESIAN_POINT('',(0.,0.,-7.5E-02));
#7871 = DIRECTION('',(-0.,-0.,-1.));
#7872 = DIRECTION('',(-1.,0.,0.));
#7873 = SHELL_BASED_SURFACE_MODEL('',(#7874));
#7874 = OPEN_SHELL('',(#7875));
#7875 = ADVANCED_FACE('',(#7876),#7936,.T.);
#7876 = FACE_BOUND('',#7877,.T.);
#7877 = EDGE_LOOP('',(#7878,#7888,#7897,#7905,#7914,#7922,#7930));
#7878 = ORIENTED_EDGE('',*,*,#7879,.T.);
#7879 = EDGE_CURVE('',#7880,#7882,#7884,.T.);
#7880 = VERTEX_POINT('',#7881);
#7881 = CARTESIAN_POINT('',(161.541387,-69.464833,-7.5E-02));
#7882 = VERTEX_POINT('',#7883);
#7883 = CARTESIAN_POINT('',(162.024833,-69.111387,-7.5E-02));
#7884 = LINE('',#7885,#7886);
#7885 = CARTESIAN_POINT('',(161.541387,-69.464833,-7.5E-02));
#7886 = VECTOR('',#7887,1.);
#7887 = DIRECTION('',(0.807264993393,0.590189148022,0.));
#7888 = ORIENTED_EDGE('',*,*,#7889,.T.);
#7889 = EDGE_CURVE('',#7882,#7890,#7892,.T.);
#7890 = VERTEX_POINT('',#7891);
#7891 = CARTESIAN_POINT('',(162.12,-69.16,-7.5E-02));
#7892 = CIRCLE('',#7893,6.000014043165E-02);
#7893 = AXIS2_PLACEMENT_3D('',#7894,#7895,#7896);
#7894 = CARTESIAN_POINT('',(162.05999985957,-69.16000087496,-7.5E-02));
#7895 = DIRECTION('',(0.,0.,-1.));
#7896 = DIRECTION('',(-0.586112954432,0.810229353114,0.));
#7897 = ORIENTED_EDGE('',*,*,#7898,.T.);
#7898 = EDGE_CURVE('',#7890,#7899,#7901,.T.);
#7899 = VERTEX_POINT('',#7900);
#7900 = CARTESIAN_POINT('',(162.12,-69.84,-7.5E-02));
#7901 = LINE('',#7902,#7903);
#7902 = CARTESIAN_POINT('',(162.12,-69.16,-7.5E-02));
#7903 = VECTOR('',#7904,1.);
#7904 = DIRECTION('',(0.,-1.,0.));
#7905 = ORIENTED_EDGE('',*,*,#7906,.T.);
#7906 = EDGE_CURVE('',#7899,#7907,#7909,.T.);
#7907 = VERTEX_POINT('',#7908);
#7908 = CARTESIAN_POINT('',(162.024833,-69.888613,-7.5E-02));
#7909 = CIRCLE('',#7910,6.000013845262E-02);
#7910 = AXIS2_PLACEMENT_3D('',#7911,#7912,#7913);
#7911 = CARTESIAN_POINT('',(162.05999986155,-69.8399991289,-7.5E-02));
#7912 = DIRECTION('',(0.,0.,-1.));
#7913 = DIRECTION('',(0.999999999895,-1.451820839618E-05,0.));
#7914 = ORIENTED_EDGE('',*,*,#7915,.T.);
#7915 = EDGE_CURVE('',#7907,#7916,#7918,.T.);
#7916 = VERTEX_POINT('',#7917);
#7917 = CARTESIAN_POINT('',(161.554833,-69.548613,-7.5E-02));
#7918 = LINE('',#7919,#7920);
#7919 = CARTESIAN_POINT('',(162.024833,-69.888613,-7.5E-02));
#7920 = VECTOR('',#7921,1.);
#7921 = DIRECTION('',(-0.81022441079,0.586119786529,0.));
#7922 = ORIENTED_EDGE('',*,*,#7923,.T.);
#7923 = EDGE_CURVE('',#7916,#7924,#7926,.T.);
#7924 = VERTEX_POINT('',#7925);
#7925 = CARTESIAN_POINT('',(161.530758,-69.509508,-7.5E-02));
#7926 = LINE('',#7927,#7928);
#7927 = CARTESIAN_POINT('',(161.554833,-69.548613,-7.5E-02));
#7928 = VECTOR('',#7929,1.);
#7929 = DIRECTION('',(-0.524261438215,0.851557364128,0.));
#7930 = ORIENTED_EDGE('',*,*,#7931,.T.);
#7931 = EDGE_CURVE('',#7924,#7880,#7932,.T.);
#7932 = LINE('',#7933,#7934);
#7933 = CARTESIAN_POINT('',(161.530758,-69.509508,-7.5E-02));
#7934 = VECTOR('',#7935,1.);
#7935 = DIRECTION('',(0.231457624259,0.972844986713,0.));
#7936 = PLANE('',#7937);
#7937 = AXIS2_PLACEMENT_3D('',#7938,#7939,#7940);
#7938 = CARTESIAN_POINT('',(0.,0.,-7.5E-02));
#7939 = DIRECTION('',(-0.,-0.,-1.));
#7940 = DIRECTION('',(-1.,0.,0.));
#7941 = SHELL_BASED_SURFACE_MODEL('',(#7942));
#7942 = OPEN_SHELL('',(#7943));
#7943 = ADVANCED_FACE('',(#7944),#8110,.T.);
#7944 = FACE_BOUND('',#7945,.T.);
#7945 = EDGE_LOOP('',(#7946,#7957,#7965,#7974,#7982,#7990,#7998,#8006,
    #8014,#8022,#8031,#8039,#8048,#8056,#8064,#8072,#8080,#8088,#8096,
    #8104));
#7946 = ORIENTED_EDGE('',*,*,#7947,.T.);
#7947 = EDGE_CURVE('',#7948,#7950,#7952,.T.);
#7948 = VERTEX_POINT('',#7949);
#7949 = CARTESIAN_POINT('',(175.330615,-68.451044,-7.5E-02));
#7950 = VERTEX_POINT('',#7951);
#7951 = CARTESIAN_POINT('',(175.437309,-68.495238,-7.5E-02));
#7952 = CIRCLE('',#7953,6.249966730102E-02);
#7953 = AXIS2_PLACEMENT_3D('',#7954,#7955,#7956);
#7954 = CARTESIAN_POINT('',(175.3748093327,-68.49523754443,-7.5E-02));
#7955 = DIRECTION('',(0.,0.,-1.));
#7956 = DIRECTION('',(-0.707113087303,0.707100475014,0.));
#7957 = ORIENTED_EDGE('',*,*,#7958,.T.);
#7958 = EDGE_CURVE('',#7950,#7959,#7961,.T.);
#7959 = VERTEX_POINT('',#7960);
#7960 = CARTESIAN_POINT('',(175.437309,-68.804762,-7.5E-02));
#7961 = LINE('',#7962,#7963);
#7962 = CARTESIAN_POINT('',(175.437309,-68.495238,-7.5E-02));
#7963 = VECTOR('',#7964,1.);
#7964 = DIRECTION('',(0.,-1.,0.));
#7965 = ORIENTED_EDGE('',*,*,#7966,.T.);
#7966 = EDGE_CURVE('',#7959,#7967,#7969,.T.);
#7967 = VERTEX_POINT('',#7968);
#7968 = CARTESIAN_POINT('',(175.312309,-68.804762,-7.5E-02));
#7969 = CIRCLE('',#7970,6.250000000099E-02);
#7970 = AXIS2_PLACEMENT_3D('',#7971,#7972,#7973);
#7971 = CARTESIAN_POINT('',(175.374809,-68.80476164746,-7.5E-02));
#7972 = DIRECTION('',(-0.,0.,-1.));
#7973 = DIRECTION('',(0.999999999984,-5.640539029541E-06,-0.));
#7974 = ORIENTED_EDGE('',*,*,#7975,.T.);
#7975 = EDGE_CURVE('',#7967,#7976,#7978,.T.);
#7976 = VERTEX_POINT('',#7977);
#7977 = CARTESIAN_POINT('',(175.312309,-68.646126,-7.5E-02));
#7978 = LINE('',#7979,#7980);
#7979 = CARTESIAN_POINT('',(175.312309,-68.804762,-7.5E-02));
#7980 = VECTOR('',#7981,1.);
#7981 = DIRECTION('',(0.,1.,0.));
#7982 = ORIENTED_EDGE('',*,*,#7983,.T.);
#7983 = EDGE_CURVE('',#7976,#7984,#7986,.T.);
#7984 = VERTEX_POINT('',#7985);
#7985 = CARTESIAN_POINT('',(175.121334,-68.833133,-7.5E-02));
#7986 = LINE('',#7987,#7988);
#7987 = CARTESIAN_POINT('',(175.312309,-68.646126,-7.5E-02));
#7988 = VECTOR('',#7989,1.);
#7989 = DIRECTION('',(-0.714490516107,-0.699645126041,0.));
#7990 = ORIENTED_EDGE('',*,*,#7991,.T.);
#7991 = EDGE_CURVE('',#7984,#7992,#7994,.T.);
#7992 = VERTEX_POINT('',#7993);
#7993 = CARTESIAN_POINT('',(175.027491,-68.865307,-7.5E-02));
#7994 = LINE('',#7995,#7996);
#7995 = CARTESIAN_POINT('',(175.121334,-68.833133,-7.5E-02));
#7996 = VECTOR('',#7997,1.);
#7997 = DIRECTION('',(-0.945948243217,-0.324317623874,0.));
#7998 = ORIENTED_EDGE('',*,*,#7999,.T.);
#7999 = EDGE_CURVE('',#7992,#8000,#8002,.T.);
#8000 = VERTEX_POINT('',#8001);
#8001 = CARTESIAN_POINT('',(174.955954,-68.864458,-7.5E-02));
#8002 = LINE('',#8003,#8004);
#8003 = CARTESIAN_POINT('',(175.027491,-68.865307,-7.5E-02));
#8004 = VECTOR('',#8005,1.);
#8005 = DIRECTION('',(-0.999929582912,1.186714869081E-02,0.));
#8006 = ORIENTED_EDGE('',*,*,#8007,.T.);
#8007 = EDGE_CURVE('',#8000,#8008,#8010,.T.);
#8008 = VERTEX_POINT('',#8009);
#8009 = CARTESIAN_POINT('',(174.886565,-68.830712,-7.5E-02));
#8010 = LINE('',#8011,#8012);
#8011 = CARTESIAN_POINT('',(174.955954,-68.864458,-7.5E-02));
#8012 = VECTOR('',#8013,1.);
#8013 = DIRECTION('',(-0.899290198507,0.437352419531,0.));
#8014 = ORIENTED_EDGE('',*,*,#8015,.T.);
#8015 = EDGE_CURVE('',#8008,#8016,#8018,.T.);
#8016 = VERTEX_POINT('',#8017);
#8017 = CARTESIAN_POINT('',(174.842718,-68.785094,-7.5E-02));
#8018 = LINE('',#8019,#8020);
#8019 = CARTESIAN_POINT('',(174.886565,-68.830712,-7.5E-02));
#8020 = VECTOR('',#8021,1.);
#8021 = DIRECTION('',(-0.692973522777,0.720963034233,0.));
#8022 = ORIENTED_EDGE('',*,*,#8023,.T.);
#8023 = EDGE_CURVE('',#8016,#8024,#8026,.T.);
#8024 = VERTEX_POINT('',#8025);
#8025 = CARTESIAN_POINT('',(174.848858,-68.506994,-7.5E-02));
#8026 = CIRCLE('',#8027,0.255122484826);
#8027 = AXIS2_PLACEMENT_3D('',#8028,#8029,#8030);
#8028 = CARTESIAN_POINT('',(175.05961238585,-68.65076489798,-7.5E-02));
#8029 = DIRECTION('',(0.,0.,-1.));
#8030 = DIRECTION('',(-0.850157860459,-0.526527883687,-0.));
#8031 = ORIENTED_EDGE('',*,*,#8032,.T.);
#8032 = EDGE_CURVE('',#8024,#8033,#8035,.T.);
#8033 = VERTEX_POINT('',#8034);
#8034 = CARTESIAN_POINT('',(174.878234,-68.474854,-7.5E-02));
#8035 = LINE('',#8036,#8037);
#8036 = CARTESIAN_POINT('',(174.848858,-68.506994,-7.5E-02));
#8037 = VECTOR('',#8038,1.);
#8038 = DIRECTION('',(0.674654820016,0.738133371301,0.));
#8039 = ORIENTED_EDGE('',*,*,#8040,.T.);
#8040 = EDGE_CURVE('',#8033,#8041,#8043,.T.);
#8041 = VERTEX_POINT('',#8042);
#8042 = CARTESIAN_POINT('',(174.98017,-68.542965,-7.5E-02));
#8043 = CIRCLE('',#8044,6.249959175062E-02);
#8044 = AXIS2_PLACEMENT_3D('',#8045,#8046,#8047);
#8045 = CARTESIAN_POINT('',(174.92242760786,-68.51904816243,-7.5E-02));
#8046 = DIRECTION('',(0.,0.,-1.));
#8047 = DIRECTION('',(-0.707102344587,0.707111217758,0.));
#8048 = ORIENTED_EDGE('',*,*,#8049,.T.);
#8049 = EDGE_CURVE('',#8041,#8050,#8052,.T.);
#8050 = VERTEX_POINT('',#8051);
#8051 = CARTESIAN_POINT('',(174.949985,-68.579878,-7.5E-02));
#8052 = LINE('',#8053,#8054);
#8053 = CARTESIAN_POINT('',(174.98017,-68.542965,-7.5E-02));
#8054 = VECTOR('',#8055,1.);
#8055 = DIRECTION('',(-0.633029919465,-0.774127328714,0.));
#8056 = ORIENTED_EDGE('',*,*,#8057,.T.);
#8057 = EDGE_CURVE('',#8050,#8058,#8060,.T.);
#8058 = VERTEX_POINT('',#8059);
#8059 = CARTESIAN_POINT('',(174.937309,-68.605229,-7.5E-02));
#8060 = LINE('',#8061,#8062);
#8061 = CARTESIAN_POINT('',(174.949985,-68.579878,-7.5E-02));
#8062 = VECTOR('',#8063,1.);
#8063 = DIRECTION('',(-0.447227708026,-0.894420134598,0.));
#8064 = ORIENTED_EDGE('',*,*,#8065,.T.);
#8065 = EDGE_CURVE('',#8058,#8066,#8068,.T.);
#8066 = VERTEX_POINT('',#8067);
#8067 = CARTESIAN_POINT('',(174.937309,-68.69477,-7.5E-02));
#8068 = LINE('',#8069,#8070);
#8069 = CARTESIAN_POINT('',(174.937309,-68.605229,-7.5E-02));
#8070 = VECTOR('',#8071,1.);
#8071 = DIRECTION('',(0.,-1.,0.));
#8072 = ORIENTED_EDGE('',*,*,#8073,.T.);
#8073 = EDGE_CURVE('',#8066,#8074,#8076,.T.);
#8074 = VERTEX_POINT('',#8075);
#8075 = CARTESIAN_POINT('',(174.959451,-68.729587,-7.5E-02));
#8076 = LINE('',#8077,#8078);
#8077 = CARTESIAN_POINT('',(174.937309,-68.69477,-7.5E-02));
#8078 = VECTOR('',#8079,1.);
#8079 = DIRECTION('',(0.536629262034,-0.843818129177,0.));
#8080 = ORIENTED_EDGE('',*,*,#8081,.T.);
#8081 = EDGE_CURVE('',#8074,#8082,#8084,.T.);
#8082 = VERTEX_POINT('',#8083);
#8083 = CARTESIAN_POINT('',(174.9848,-68.742262,-7.5E-02));
#8084 = LINE('',#8085,#8086);
#8085 = CARTESIAN_POINT('',(174.959451,-68.729587,-7.5E-02));
#8086 = VECTOR('',#8087,1.);
#8087 = DIRECTION('',(0.894420134041,-0.447227709139,0.));
#8088 = ORIENTED_EDGE('',*,*,#8089,.T.);
#8089 = EDGE_CURVE('',#8082,#8090,#8092,.T.);
#8090 = VERTEX_POINT('',#8091);
#8091 = CARTESIAN_POINT('',(175.007523,-68.742262,-7.5E-02));
#8092 = LINE('',#8093,#8094);
#8093 = CARTESIAN_POINT('',(174.9848,-68.742262,-7.5E-02));
#8094 = VECTOR('',#8095,1.);
#8095 = DIRECTION('',(1.,0.,0.));
#8096 = ORIENTED_EDGE('',*,*,#8097,.T.);
#8097 = EDGE_CURVE('',#8090,#8098,#8100,.T.);
#8098 = VERTEX_POINT('',#8099);
#8099 = CARTESIAN_POINT('',(175.055334,-68.726324,-7.5E-02));
#8100 = LINE('',#8101,#8102);
#8101 = CARTESIAN_POINT('',(175.007523,-68.742262,-7.5E-02));
#8102 = VECTOR('',#8103,1.);
#8103 = DIRECTION('',(0.94867734521,0.316245623977,0.));
#8104 = ORIENTED_EDGE('',*,*,#8105,.T.);
#8105 = EDGE_CURVE('',#8098,#7948,#8106,.T.);
#8106 = LINE('',#8107,#8108);
#8107 = CARTESIAN_POINT('',(175.055334,-68.726324,-7.5E-02));
#8108 = VECTOR('',#8109,1.);
#8109 = DIRECTION('',(0.707108065524,0.707105496847,0.));
#8110 = PLANE('',#8111);
#8111 = AXIS2_PLACEMENT_3D('',#8112,#8113,#8114);
#8112 = CARTESIAN_POINT('',(0.,0.,-7.5E-02));
#8113 = DIRECTION('',(-0.,-0.,-1.));
#8114 = DIRECTION('',(-1.,0.,0.));
#8115 = SHELL_BASED_SURFACE_MODEL('',(#8116));
#8116 = OPEN_SHELL('',(#8117));
#8117 = ADVANCED_FACE('',(#8118),#8204,.T.);
#8118 = FACE_BOUND('',#8119,.T.);
#8119 = EDGE_LOOP('',(#8120,#8131,#8139,#8148,#8156,#8164,#8172,#8181,
    #8189,#8198));
#8120 = ORIENTED_EDGE('',*,*,#8121,.T.);
#8121 = EDGE_CURVE('',#8122,#8124,#8126,.T.);
#8122 = VERTEX_POINT('',#8123);
#8123 = CARTESIAN_POINT('',(151.63,-63.24,-7.5E-02));
#8124 = VERTEX_POINT('',#8125);
#8125 = CARTESIAN_POINT('',(151.69,-63.18,-7.5E-02));
#8126 = CIRCLE('',#8127,5.999932016262E-02);
#8127 = AXIS2_PLACEMENT_3D('',#8128,#8129,#8130);
#8128 = CARTESIAN_POINT('',(151.68999932015,-63.23999932015,-7.5E-02));
#8129 = DIRECTION('',(0.,0.,-1.));
#8130 = DIRECTION('',(-0.999999999936,-1.133081552929E-05,-0.));
#8131 = ORIENTED_EDGE('',*,*,#8132,.T.);
#8132 = EDGE_CURVE('',#8124,#8133,#8135,.T.);
#8133 = VERTEX_POINT('',#8134);
#8134 = CARTESIAN_POINT('',(152.215,-63.18,-7.5E-02));
#8135 = LINE('',#8136,#8137);
#8136 = CARTESIAN_POINT('',(151.69,-63.18,-7.5E-02));
#8137 = VECTOR('',#8138,1.);
#8138 = DIRECTION('',(1.,0.,0.));
#8139 = ORIENTED_EDGE('',*,*,#8140,.T.);
#8140 = EDGE_CURVE('',#8133,#8141,#8143,.T.);
#8141 = VERTEX_POINT('',#8142);
#8142 = CARTESIAN_POINT('',(152.215,-63.3,-7.5E-02));
#8143 = CIRCLE('',#8144,6.000000000042E-02);
#8144 = AXIS2_PLACEMENT_3D('',#8145,#8146,#8147);
#8145 = CARTESIAN_POINT('',(152.21500022558,-63.24,-7.5E-02));
#8146 = DIRECTION('',(0.,0.,-1.));
#8147 = DIRECTION('',(-3.759794253684E-06,0.999999999993,-0.));
#8148 = ORIENTED_EDGE('',*,*,#8149,.T.);
#8149 = EDGE_CURVE('',#8141,#8150,#8152,.T.);
#8150 = VERTEX_POINT('',#8151);
#8151 = CARTESIAN_POINT('',(151.75,-63.3,-7.5E-02));
#8152 = LINE('',#8153,#8154);
#8153 = CARTESIAN_POINT('',(152.215,-63.3,-7.5E-02));
#8154 = VECTOR('',#8155,1.);
#8155 = DIRECTION('',(-1.,0.,0.));
#8156 = ORIENTED_EDGE('',*,*,#8157,.T.);
#8157 = EDGE_CURVE('',#8150,#8158,#8160,.T.);
#8158 = VERTEX_POINT('',#8159);
#8159 = CARTESIAN_POINT('',(151.75,-68.7,-7.5E-02));
#8160 = LINE('',#8161,#8162);
#8161 = CARTESIAN_POINT('',(151.75,-63.3,-7.5E-02));
#8162 = VECTOR('',#8163,1.);
#8163 = DIRECTION('',(0.,-1.,0.));
#8164 = ORIENTED_EDGE('',*,*,#8165,.T.);
#8165 = EDGE_CURVE('',#8158,#8166,#8168,.T.);
#8166 = VERTEX_POINT('',#8167);
#8167 = CARTESIAN_POINT('',(152.215,-68.7,-7.5E-02));
#8168 = LINE('',#8169,#8170);
#8169 = CARTESIAN_POINT('',(151.75,-68.7,-7.5E-02));
#8170 = VECTOR('',#8171,1.);
#8171 = DIRECTION('',(1.,0.,0.));
#8172 = ORIENTED_EDGE('',*,*,#8173,.T.);
#8173 = EDGE_CURVE('',#8166,#8174,#8176,.T.);
#8174 = VERTEX_POINT('',#8175);
#8175 = CARTESIAN_POINT('',(152.215,-68.82,-7.5E-02));
#8176 = CIRCLE('',#8177,6.000000000042E-02);
#8177 = AXIS2_PLACEMENT_3D('',#8178,#8179,#8180);
#8178 = CARTESIAN_POINT('',(152.21500022558,-68.76,-7.5E-02));
#8179 = DIRECTION('',(0.,0.,-1.));
#8180 = DIRECTION('',(-3.759794253685E-06,0.999999999993,-0.));
#8181 = ORIENTED_EDGE('',*,*,#8182,.T.);
#8182 = EDGE_CURVE('',#8174,#8183,#8185,.T.);
#8183 = VERTEX_POINT('',#8184);
#8184 = CARTESIAN_POINT('',(151.69,-68.82,-7.5E-02));
#8185 = LINE('',#8186,#8187);
#8186 = CARTESIAN_POINT('',(152.215,-68.82,-7.5E-02));
#8187 = VECTOR('',#8188,1.);
#8188 = DIRECTION('',(-1.,0.,0.));
#8189 = ORIENTED_EDGE('',*,*,#8190,.T.);
#8190 = EDGE_CURVE('',#8183,#8191,#8193,.T.);
#8191 = VERTEX_POINT('',#8192);
#8192 = CARTESIAN_POINT('',(151.63,-68.76,-7.5E-02));
#8193 = CIRCLE('',#8194,5.999932016257E-02);
#8194 = AXIS2_PLACEMENT_3D('',#8195,#8196,#8197);
#8195 = CARTESIAN_POINT('',(151.68999932015,-68.76000067984,-7.5E-02));
#8196 = DIRECTION('',(0.,0.,-1.));
#8197 = DIRECTION('',(1.133081659513E-05,-0.999999999936,0.));
#8198 = ORIENTED_EDGE('',*,*,#8199,.T.);
#8199 = EDGE_CURVE('',#8191,#8122,#8200,.T.);
#8200 = LINE('',#8201,#8202);
#8201 = CARTESIAN_POINT('',(151.63,-68.76,-7.5E-02));
#8202 = VECTOR('',#8203,1.);
#8203 = DIRECTION('',(0.,1.,0.));
#8204 = PLANE('',#8205);
#8205 = AXIS2_PLACEMENT_3D('',#8206,#8207,#8208);
#8206 = CARTESIAN_POINT('',(0.,0.,-7.5E-02));
#8207 = DIRECTION('',(-0.,-0.,-1.));
#8208 = DIRECTION('',(-1.,0.,0.));
#8209 = SHELL_BASED_SURFACE_MODEL('',(#8210));
#8210 = OPEN_SHELL('',(#8211));
#8211 = ADVANCED_FACE('',(#8212),#8298,.T.);
#8212 = FACE_BOUND('',#8213,.T.);
#8213 = EDGE_LOOP('',(#8214,#8225,#8233,#8242,#8250,#8259,#8267,#8276,
    #8284,#8292));
#8214 = ORIENTED_EDGE('',*,*,#8215,.T.);
#8215 = EDGE_CURVE('',#8216,#8218,#8220,.T.);
#8216 = VERTEX_POINT('',#8217);
#8217 = CARTESIAN_POINT('',(161.585,-63.3,-7.5E-02));
#8218 = VERTEX_POINT('',#8219);
#8219 = CARTESIAN_POINT('',(161.585,-63.18,-7.5E-02));
#8220 = CIRCLE('',#8221,6.000000000042E-02);
#8221 = AXIS2_PLACEMENT_3D('',#8222,#8223,#8224);
#8222 = CARTESIAN_POINT('',(161.58499977441,-63.24,-7.5E-02));
#8223 = DIRECTION('',(0.,0.,-1.));
#8224 = DIRECTION('',(3.759794727379E-06,-0.999999999993,0.));
#8225 = ORIENTED_EDGE('',*,*,#8226,.T.);
#8226 = EDGE_CURVE('',#8218,#8227,#8229,.T.);
#8227 = VERTEX_POINT('',#8228);
#8228 = CARTESIAN_POINT('',(162.11,-63.18,-7.5E-02));
#8229 = LINE('',#8230,#8231);
#8230 = CARTESIAN_POINT('',(161.585,-63.18,-7.5E-02));
#8231 = VECTOR('',#8232,1.);
#8232 = DIRECTION('',(1.,0.,0.));
#8233 = ORIENTED_EDGE('',*,*,#8234,.T.);
#8234 = EDGE_CURVE('',#8227,#8235,#8237,.T.);
#8235 = VERTEX_POINT('',#8236);
#8236 = CARTESIAN_POINT('',(162.17,-63.24,-7.5E-02));
#8237 = CIRCLE('',#8238,5.999932016258E-02);
#8238 = AXIS2_PLACEMENT_3D('',#8239,#8240,#8241);
#8239 = CARTESIAN_POINT('',(162.11000067984,-63.23999932015,-7.5E-02));
#8240 = DIRECTION('',(0.,0.,-1.));
#8241 = DIRECTION('',(-1.133081564773E-05,0.999999999936,0.));
#8242 = ORIENTED_EDGE('',*,*,#8243,.T.);
#8243 = EDGE_CURVE('',#8235,#8244,#8246,.T.);
#8244 = VERTEX_POINT('',#8245);
#8245 = CARTESIAN_POINT('',(162.17,-68.76,-7.5E-02));
#8246 = LINE('',#8247,#8248);
#8247 = CARTESIAN_POINT('',(162.17,-63.24,-7.5E-02));
#8248 = VECTOR('',#8249,1.);
#8249 = DIRECTION('',(0.,-1.,0.));
#8250 = ORIENTED_EDGE('',*,*,#8251,.T.);
#8251 = EDGE_CURVE('',#8244,#8252,#8254,.T.);
#8252 = VERTEX_POINT('',#8253);
#8253 = CARTESIAN_POINT('',(162.11,-68.82,-7.5E-02));
#8254 = CIRCLE('',#8255,5.999932016253E-02);
#8255 = AXIS2_PLACEMENT_3D('',#8256,#8257,#8258);
#8256 = CARTESIAN_POINT('',(162.11000067984,-68.76000067984,-7.5E-02));
#8257 = DIRECTION('',(0.,0.,-1.));
#8258 = DIRECTION('',(0.999999999936,1.133081683199E-05,0.));
#8259 = ORIENTED_EDGE('',*,*,#8260,.T.);
#8260 = EDGE_CURVE('',#8252,#8261,#8263,.T.);
#8261 = VERTEX_POINT('',#8262);
#8262 = CARTESIAN_POINT('',(161.585,-68.82,-7.5E-02));
#8263 = LINE('',#8264,#8265);
#8264 = CARTESIAN_POINT('',(162.11,-68.82,-7.5E-02));
#8265 = VECTOR('',#8266,1.);
#8266 = DIRECTION('',(-1.,0.,0.));
#8267 = ORIENTED_EDGE('',*,*,#8268,.T.);
#8268 = EDGE_CURVE('',#8261,#8269,#8271,.T.);
#8269 = VERTEX_POINT('',#8270);
#8270 = CARTESIAN_POINT('',(161.585,-68.7,-7.5E-02));
#8271 = CIRCLE('',#8272,6.000000000042E-02);
#8272 = AXIS2_PLACEMENT_3D('',#8273,#8274,#8275);
#8273 = CARTESIAN_POINT('',(161.58499977441,-68.76,-7.5E-02));
#8274 = DIRECTION('',(0.,0.,-1.));
#8275 = DIRECTION('',(3.759794727379E-06,-0.999999999993,0.));
#8276 = ORIENTED_EDGE('',*,*,#8277,.T.);
#8277 = EDGE_CURVE('',#8269,#8278,#8280,.T.);
#8278 = VERTEX_POINT('',#8279);
#8279 = CARTESIAN_POINT('',(162.05,-68.7,-7.5E-02));
#8280 = LINE('',#8281,#8282);
#8281 = CARTESIAN_POINT('',(161.585,-68.7,-7.5E-02));
#8282 = VECTOR('',#8283,1.);
#8283 = DIRECTION('',(1.,0.,0.));
#8284 = ORIENTED_EDGE('',*,*,#8285,.T.);
#8285 = EDGE_CURVE('',#8278,#8286,#8288,.T.);
#8286 = VERTEX_POINT('',#8287);
#8287 = CARTESIAN_POINT('',(162.05,-63.3,-7.5E-02));
#8288 = LINE('',#8289,#8290);
#8289 = CARTESIAN_POINT('',(162.05,-68.7,-7.5E-02));
#8290 = VECTOR('',#8291,1.);
#8291 = DIRECTION('',(0.,1.,0.));
#8292 = ORIENTED_EDGE('',*,*,#8293,.T.);
#8293 = EDGE_CURVE('',#8286,#8216,#8294,.T.);
#8294 = LINE('',#8295,#8296);
#8295 = CARTESIAN_POINT('',(162.05,-63.3,-7.5E-02));
#8296 = VECTOR('',#8297,1.);
#8297 = DIRECTION('',(-1.,0.,0.));
#8298 = PLANE('',#8299);
#8299 = AXIS2_PLACEMENT_3D('',#8300,#8301,#8302);
#8300 = CARTESIAN_POINT('',(0.,0.,-7.5E-02));
#8301 = DIRECTION('',(-0.,-0.,-1.));
#8302 = DIRECTION('',(-1.,0.,0.));
#8303 = SHELL_BASED_SURFACE_MODEL('',(#8304));
#8304 = OPEN_SHELL('',(#8305));
#8305 = ADVANCED_FACE('',(#8306),#8512,.T.);
#8306 = FACE_BOUND('',#8307,.T.);
#8307 = EDGE_LOOP('',(#8308,#8318,#8326,#8334,#8342,#8350,#8358,#8366,
    #8374,#8382,#8390,#8398,#8406,#8414,#8423,#8431,#8439,#8447,#8456,
    #8464,#8473,#8481,#8489,#8497,#8506));
#8308 = ORIENTED_EDGE('',*,*,#8309,.T.);
#8309 = EDGE_CURVE('',#8310,#8312,#8314,.T.);
#8310 = VERTEX_POINT('',#8311);
#8311 = CARTESIAN_POINT('',(180.333533,-68.578517,-7.5E-02));
#8312 = VERTEX_POINT('',#8313);
#8313 = CARTESIAN_POINT('',(180.352003,-68.561605,-7.5E-02));
#8314 = LINE('',#8315,#8316);
#8315 = CARTESIAN_POINT('',(180.333533,-68.578517,-7.5E-02));
#8316 = VECTOR('',#8317,1.);
#8317 = DIRECTION('',(0.737528626466,0.675315870644,0.));
#8318 = ORIENTED_EDGE('',*,*,#8319,.T.);
#8319 = EDGE_CURVE('',#8312,#8320,#8322,.T.);
#8320 = VERTEX_POINT('',#8321);
#8321 = CARTESIAN_POINT('',(180.490479,-68.548654,-7.5E-02));
#8322 = LINE('',#8323,#8324);
#8323 = CARTESIAN_POINT('',(180.352003,-68.561605,-7.5E-02));
#8324 = VECTOR('',#8325,1.);
#8325 = DIRECTION('',(0.995654999012,9.311886458456E-02,0.));
#8326 = ORIENTED_EDGE('',*,*,#8327,.T.);
#8327 = EDGE_CURVE('',#8320,#8328,#8330,.T.);
#8328 = VERTEX_POINT('',#8329);
#8329 = CARTESIAN_POINT('',(180.510324,-68.566614,-7.5E-02));
#8330 = LINE('',#8331,#8332);
#8331 = CARTESIAN_POINT('',(180.490479,-68.548654,-7.5E-02));
#8332 = VECTOR('',#8333,1.);
#8333 = DIRECTION('',(0.741442833629,-0.6710160389,0.));
#8334 = ORIENTED_EDGE('',*,*,#8335,.T.);
#8335 = EDGE_CURVE('',#8328,#8336,#8338,.T.);
#8336 = VERTEX_POINT('',#8337);
#8337 = CARTESIAN_POINT('',(180.510323,-68.590531,-7.5E-02));
#8338 = LINE('',#8339,#8340);
#8339 = CARTESIAN_POINT('',(180.510324,-68.566614,-7.5E-02));
#8340 = VECTOR('',#8341,1.);
#8341 = DIRECTION('',(-4.18112638124E-05,-0.999999999126,0.));
#8342 = ORIENTED_EDGE('',*,*,#8343,.T.);
#8343 = EDGE_CURVE('',#8336,#8344,#8346,.T.);
#8344 = VERTEX_POINT('',#8345);
#8345 = CARTESIAN_POINT('',(180.488892,-68.621663,-7.5E-02));
#8346 = LINE('',#8347,#8348);
#8347 = CARTESIAN_POINT('',(180.510323,-68.590531,-7.5E-02));
#8348 = VECTOR('',#8349,1.);
#8349 = DIRECTION('',(-0.567027285731,-0.823699008884,0.));
#8350 = ORIENTED_EDGE('',*,*,#8351,.T.);
#8351 = EDGE_CURVE('',#8344,#8352,#8354,.T.);
#8352 = VERTEX_POINT('',#8353);
#8353 = CARTESIAN_POINT('',(180.488892,-68.666432,-7.5E-02));
#8354 = LINE('',#8355,#8356);
#8355 = CARTESIAN_POINT('',(180.488892,-68.621663,-7.5E-02));
#8356 = VECTOR('',#8357,1.);
#8357 = DIRECTION('',(0.,-1.,0.));
#8358 = ORIENTED_EDGE('',*,*,#8359,.T.);
#8359 = EDGE_CURVE('',#8352,#8360,#8362,.T.);
#8360 = VERTEX_POINT('',#8361);
#8361 = CARTESIAN_POINT('',(180.499962,-68.68384,-7.5E-02));
#8362 = LINE('',#8363,#8364);
#8363 = CARTESIAN_POINT('',(180.488892,-68.666432,-7.5E-02));
#8364 = VECTOR('',#8365,1.);
#8365 = DIRECTION('',(0.536605721932,-0.843833099131,0.));
#8366 = ORIENTED_EDGE('',*,*,#8367,.T.);
#8367 = EDGE_CURVE('',#8360,#8368,#8370,.T.);
#8368 = VERTEX_POINT('',#8369);
#8369 = CARTESIAN_POINT('',(180.512639,-68.690179,-7.5E-02));
#8370 = LINE('',#8371,#8372);
#8371 = CARTESIAN_POINT('',(180.499962,-68.68384,-7.5E-02));
#8372 = VECTOR('',#8373,1.);
#8373 = DIRECTION('',(0.894413079754,-0.447241816878,0.));
#8374 = ORIENTED_EDGE('',*,*,#8375,.T.);
#8375 = EDGE_CURVE('',#8368,#8376,#8378,.T.);
#8376 = VERTEX_POINT('',#8377);
#8377 = CARTESIAN_POINT('',(180.557408,-68.690179,-7.5E-02));
#8378 = LINE('',#8379,#8380);
#8379 = CARTESIAN_POINT('',(180.512639,-68.690179,-7.5E-02));
#8380 = VECTOR('',#8381,1.);
#8381 = DIRECTION('',(1.,0.,0.));
#8382 = ORIENTED_EDGE('',*,*,#8383,.T.);
#8383 = EDGE_CURVE('',#8376,#8384,#8386,.T.);
#8384 = VERTEX_POINT('',#8385);
#8385 = CARTESIAN_POINT('',(180.574816,-68.679108,-7.5E-02));
#8386 = LINE('',#8387,#8388);
#8387 = CARTESIAN_POINT('',(180.557408,-68.690179,-7.5E-02));
#8388 = VECTOR('',#8389,1.);
#8389 = DIRECTION('',(0.843811149754,0.536640236612,0.));
#8390 = ORIENTED_EDGE('',*,*,#8391,.T.);
#8391 = EDGE_CURVE('',#8384,#8392,#8394,.T.);
#8392 = VERTEX_POINT('',#8393);
#8393 = CARTESIAN_POINT('',(180.581154,-68.666433,-7.5E-02));
#8394 = LINE('',#8395,#8396);
#8395 = CARTESIAN_POINT('',(180.574816,-68.679108,-7.5E-02));
#8396 = VECTOR('',#8397,1.);
#8397 = DIRECTION('',(0.447241821331,0.894413077528,0.));
#8398 = ORIENTED_EDGE('',*,*,#8399,.T.);
#8399 = EDGE_CURVE('',#8392,#8400,#8402,.T.);
#8400 = VERTEX_POINT('',#8401);
#8401 = CARTESIAN_POINT('',(180.581154,-68.621662,-7.5E-02));
#8402 = LINE('',#8403,#8404);
#8403 = CARTESIAN_POINT('',(180.581154,-68.666433,-7.5E-02));
#8404 = VECTOR('',#8405,1.);
#8405 = DIRECTION('',(0.,1.,0.));
#8406 = ORIENTED_EDGE('',*,*,#8407,.T.);
#8407 = EDGE_CURVE('',#8400,#8408,#8410,.T.);
#8408 = VERTEX_POINT('',#8409);
#8409 = CARTESIAN_POINT('',(180.559724,-68.590532,-7.5E-02));
#8410 = LINE('',#8411,#8412);
#8411 = CARTESIAN_POINT('',(180.581154,-68.621662,-7.5E-02));
#8412 = VECTOR('',#8413,1.);
#8413 = DIRECTION('',(-0.567034049891,0.823694352454,0.));
#8414 = ORIENTED_EDGE('',*,*,#8415,.T.);
#8415 = EDGE_CURVE('',#8408,#8416,#8418,.T.);
#8416 = VERTEX_POINT('',#8417);
#8417 = CARTESIAN_POINT('',(180.600552,-68.5497,-7.5E-02));
#8418 = CIRCLE('',#8419,3.125021986559E-02);
#8419 = AXIS2_PLACEMENT_3D('',#8420,#8421,#8422);
#8420 = CARTESIAN_POINT('',(180.58859512132,-68.57857229284,-7.5E-02));
#8421 = DIRECTION('',(0.,0.,-1.));
#8422 = DIRECTION('',(-0.923869382198,-0.382707936469,-0.));
#8423 = ORIENTED_EDGE('',*,*,#8424,.T.);
#8424 = EDGE_CURVE('',#8416,#8425,#8427,.T.);
#8425 = VERTEX_POINT('',#8426);
#8426 = CARTESIAN_POINT('',(180.628451,-68.576502,-7.5E-02));
#8427 = LINE('',#8428,#8429);
#8428 = CARTESIAN_POINT('',(180.600552,-68.5497,-7.5E-02));
#8429 = VECTOR('',#8430,1.);
#8430 = DIRECTION('',(0.721142437852,-0.692786824592,0.));
#8431 = ORIENTED_EDGE('',*,*,#8432,.T.);
#8432 = EDGE_CURVE('',#8425,#8433,#8435,.T.);
#8433 = VERTEX_POINT('',#8434);
#8434 = CARTESIAN_POINT('',(180.643654,-68.614286,-7.5E-02));
#8435 = LINE('',#8436,#8437);
#8436 = CARTESIAN_POINT('',(180.628451,-68.576502,-7.5E-02));
#8437 = VECTOR('',#8438,1.);
#8438 = DIRECTION('',(0.373282194224,-0.92771784691,0.));
#8439 = ORIENTED_EDGE('',*,*,#8440,.T.);
#8440 = EDGE_CURVE('',#8433,#8441,#8443,.T.);
#8441 = VERTEX_POINT('',#8442);
#8442 = CARTESIAN_POINT('',(180.640355,-68.687785,-7.5E-02));
#8443 = LINE('',#8444,#8445);
#8444 = CARTESIAN_POINT('',(180.643654,-68.614286,-7.5E-02));
#8445 = VECTOR('',#8446,1.);
#8446 = DIRECTION('',(-4.483981865295E-02,-0.998994189504,0.));
#8447 = ORIENTED_EDGE('',*,*,#8448,.T.);
#8448 = EDGE_CURVE('',#8441,#8449,#8451,.T.);
#8449 = VERTEX_POINT('',#8450);
#8450 = CARTESIAN_POINT('',(180.564785,-68.752679,-7.5E-02));
#8451 = CIRCLE('',#8452,9.606229087743E-02);
#8452 = AXIS2_PLACEMENT_3D('',#8453,#8454,#8455);
#8453 = CARTESIAN_POINT('',(180.54905524614,-68.65791329643,-7.5E-02));
#8454 = DIRECTION('',(0.,0.,-1.));
#8455 = DIRECTION('',(0.950422408473,-0.310961807095,0.));
#8456 = ORIENTED_EDGE('',*,*,#8457,.T.);
#8457 = EDGE_CURVE('',#8449,#8458,#8460,.T.);
#8458 = VERTEX_POINT('',#8459);
#8459 = CARTESIAN_POINT('',(180.491285,-68.749379,-7.5E-02));
#8460 = LINE('',#8461,#8462);
#8461 = CARTESIAN_POINT('',(180.564785,-68.752679,-7.5E-02));
#8462 = VECTOR('',#8463,1.);
#8463 = DIRECTION('',(-0.998993607909,4.485277423261E-02,0.));
#8464 = ORIENTED_EDGE('',*,*,#8465,.T.);
#8465 = EDGE_CURVE('',#8458,#8466,#8468,.T.);
#8466 = VERTEX_POINT('',#8467);
#8467 = CARTESIAN_POINT('',(180.426392,-68.67381,-7.5E-02));
#8468 = CIRCLE('',#8469,9.606421790635E-02);
#8469 = AXIS2_PLACEMENT_3D('',#8470,#8471,#8472);
#8470 = CARTESIAN_POINT('',(180.52115929515,-68.65807806653,-7.5E-02));
#8471 = DIRECTION('',(0.,0.,-1.));
#8472 = DIRECTION('',(-0.310982546978,-0.950415622491,-0.));
#8473 = ORIENTED_EDGE('',*,*,#8474,.T.);
#8474 = EDGE_CURVE('',#8466,#8475,#8477,.T.);
#8475 = VERTEX_POINT('',#8476);
#8476 = CARTESIAN_POINT('',(180.426392,-68.615483,-7.5E-02));
#8477 = LINE('',#8478,#8479);
#8478 = CARTESIAN_POINT('',(180.426392,-68.67381,-7.5E-02));
#8479 = VECTOR('',#8480,1.);
#8480 = DIRECTION('',(0.,1.,0.));
#8481 = ORIENTED_EDGE('',*,*,#8482,.T.);
#8482 = EDGE_CURVE('',#8475,#8483,#8485,.T.);
#8483 = VERTEX_POINT('',#8484);
#8484 = CARTESIAN_POINT('',(180.393654,-68.618757,-7.5E-02));
#8485 = LINE('',#8486,#8487);
#8486 = CARTESIAN_POINT('',(180.426392,-68.615483,-7.5E-02));
#8487 = VECTOR('',#8488,1.);
#8488 = DIRECTION('',(-0.995036588332,-9.950973761999E-02,0.));
#8489 = ORIENTED_EDGE('',*,*,#8490,.T.);
#8490 = EDGE_CURVE('',#8483,#8491,#8493,.T.);
#8491 = VERTEX_POINT('',#8492);
#8492 = CARTESIAN_POINT('',(180.391275,-68.721483,-7.5E-02));
#8493 = LINE('',#8494,#8495);
#8494 = CARTESIAN_POINT('',(180.393654,-68.618757,-7.5E-02));
#8495 = VECTOR('',#8496,1.);
#8496 = DIRECTION('',(-2.315248620383E-02,-0.999731945265,0.));
#8497 = ORIENTED_EDGE('',*,*,#8498,.T.);
#8498 = EDGE_CURVE('',#8491,#8499,#8501,.T.);
#8499 = VERTEX_POINT('',#8500);
#8500 = CARTESIAN_POINT('',(180.333533,-68.721483,-7.5E-02));
#8501 = CIRCLE('',#8502,3.124983715159E-02);
#8502 = AXIS2_PLACEMENT_3D('',#8503,#8504,#8505);
#8503 = CARTESIAN_POINT('',(180.362404,-68.709524,-7.5E-02));
#8504 = DIRECTION('',(-0.,0.,-1.));
#8505 = DIRECTION('',(0.92387681446,-0.382689994255,-0.));
#8506 = ORIENTED_EDGE('',*,*,#8507,.T.);
#8507 = EDGE_CURVE('',#8499,#8310,#8508,.T.);
#8508 = LINE('',#8509,#8510);
#8509 = CARTESIAN_POINT('',(180.333533,-68.721483,-7.5E-02));
#8510 = VECTOR('',#8511,1.);
#8511 = DIRECTION('',(0.,1.,0.));
#8512 = PLANE('',#8513);
#8513 = AXIS2_PLACEMENT_3D('',#8514,#8515,#8516);
#8514 = CARTESIAN_POINT('',(0.,0.,-7.5E-02));
#8515 = DIRECTION('',(-0.,-0.,-1.));
#8516 = DIRECTION('',(-1.,0.,0.));
#8517 = SHELL_BASED_SURFACE_MODEL('',(#8518));
#8518 = OPEN_SHELL('',(#8519));
#8519 = ADVANCED_FACE('',(#8520,#8662),#8745,.T.);
#8520 = FACE_BOUND('',#8521,.T.);
#8521 = EDGE_LOOP('',(#8522,#8533,#8541,#8550,#8558,#8566,#8574,#8582,
    #8591,#8599,#8607,#8615,#8623,#8631,#8639,#8648,#8656));
#8522 = ORIENTED_EDGE('',*,*,#8523,.T.);
#8523 = EDGE_CURVE('',#8524,#8526,#8528,.T.);
#8524 = VERTEX_POINT('',#8525);
#8525 = CARTESIAN_POINT('',(169.698856,-68.466521,-7.5E-02));
#8526 = VERTEX_POINT('',#8527);
#8527 = CARTESIAN_POINT('',(169.939095,-68.344643,-7.5E-02));
#8528 = CIRCLE('',#8529,0.336155718944);
#8529 = AXIS2_PLACEMENT_3D('',#8530,#8531,#8532);
#8530 = CARTESIAN_POINT('',(169.95831928443,-68.68024856352,-7.5E-02));
#8531 = DIRECTION('',(0.,0.,-1.));
#8532 = DIRECTION('',(-0.771854440704,0.635799278361,0.));
#8533 = ORIENTED_EDGE('',*,*,#8534,.T.);
#8534 = EDGE_CURVE('',#8526,#8535,#8537,.T.);
#8535 = VERTEX_POINT('',#8536);
#8536 = CARTESIAN_POINT('',(170.13264,-68.345253,-7.5E-02));
#8537 = LINE('',#8538,#8539);
#8538 = CARTESIAN_POINT('',(169.939095,-68.344643,-7.5E-02));
#8539 = VECTOR('',#8540,1.);
#8540 = DIRECTION('',(0.999995033362,-3.151706168309E-03,0.));
#8541 = ORIENTED_EDGE('',*,*,#8542,.T.);
#8542 = EDGE_CURVE('',#8535,#8543,#8545,.T.);
#8543 = VERTEX_POINT('',#8544);
#8544 = CARTESIAN_POINT('',(170.256902,-68.426812,-7.5E-02));
#8545 = CIRCLE('',#8546,0.184762116994);
#8546 = AXIS2_PLACEMENT_3D('',#8547,#8548,#8549);
#8547 = CARTESIAN_POINT('',(170.10195278055,-68.52744886833,-7.5E-02));
#8548 = DIRECTION('',(0.,0.,-1.));
#8549 = DIRECTION('',(0.166090429941,0.986110525794,0.));
#8550 = ORIENTED_EDGE('',*,*,#8551,.T.);
#8551 = EDGE_CURVE('',#8543,#8552,#8554,.T.);
#8552 = VERTEX_POINT('',#8553);
#8553 = CARTESIAN_POINT('',(170.284505,-68.48829,-7.5E-02));
#8554 = LINE('',#8555,#8556);
#8555 = CARTESIAN_POINT('',(170.256902,-68.426812,-7.5E-02));
#8556 = VECTOR('',#8557,1.);
#8557 = DIRECTION('',(0.409598215745,-0.912266025707,0.));
#8558 = ORIENTED_EDGE('',*,*,#8559,.T.);
#8559 = EDGE_CURVE('',#8552,#8560,#8562,.T.);
#8560 = VERTEX_POINT('',#8561);
#8561 = CARTESIAN_POINT('',(170.284505,-68.611709,-7.5E-02));
#8562 = LINE('',#8563,#8564);
#8563 = CARTESIAN_POINT('',(170.284505,-68.48829,-7.5E-02));
#8564 = VECTOR('',#8565,1.);
#8565 = DIRECTION('',(0.,-1.,0.));
#8566 = ORIENTED_EDGE('',*,*,#8567,.T.);
#8567 = EDGE_CURVE('',#8560,#8568,#8570,.T.);
#8568 = VERTEX_POINT('',#8569);
#8569 = CARTESIAN_POINT('',(170.250757,-68.681105,-7.5E-02));
#8570 = LINE('',#8571,#8572);
#8571 = CARTESIAN_POINT('',(170.284505,-68.611709,-7.5E-02));
#8572 = VECTOR('',#8573,1.);
#8573 = DIRECTION('',(-0.437337702005,-0.899297355942,0.));
#8574 = ORIENTED_EDGE('',*,*,#8575,.T.);
#8575 = EDGE_CURVE('',#8568,#8576,#8578,.T.);
#8576 = VERTEX_POINT('',#8577);
#8577 = CARTESIAN_POINT('',(170.205141,-68.724948,-7.5E-02));
#8578 = LINE('',#8579,#8580);
#8579 = CARTESIAN_POINT('',(170.250757,-68.681105,-7.5E-02));
#8580 = VECTOR('',#8581,1.);
#8581 = DIRECTION('',(-0.720979440179,-0.692956453783,0.));
#8582 = ORIENTED_EDGE('',*,*,#8583,.T.);
#8583 = EDGE_CURVE('',#8576,#8584,#8586,.T.);
#8584 = VERTEX_POINT('',#8585);
#8585 = CARTESIAN_POINT('',(169.927041,-68.718807,-7.5E-02));
#8586 = CIRCLE('',#8587,0.255127815473);
#8587 = AXIS2_PLACEMENT_3D('',#8588,#8589,#8590);
#8588 = CARTESIAN_POINT('',(170.0708128067,-68.5080467812,-7.5E-02));
#8589 = DIRECTION('',(-0.,0.,-1.));
#8590 = DIRECTION('',(0.52651332058,-0.850166879649,-0.));
#8591 = ORIENTED_EDGE('',*,*,#8592,.T.);
#8592 = EDGE_CURVE('',#8584,#8593,#8595,.T.);
#8593 = VERTEX_POINT('',#8594);
#8594 = CARTESIAN_POINT('',(169.883194,-68.673189,-7.5E-02));
#8595 = LINE('',#8596,#8597);
#8596 = CARTESIAN_POINT('',(169.927041,-68.718807,-7.5E-02));
#8597 = VECTOR('',#8598,1.);
#8598 = DIRECTION('',(-0.692973522777,0.720963034233,0.));
#8599 = ORIENTED_EDGE('',*,*,#8600,.T.);
#8600 = EDGE_CURVE('',#8593,#8601,#8603,.T.);
#8601 = VERTEX_POINT('',#8602);
#8602 = CARTESIAN_POINT('',(169.855587,-68.611706,-7.5E-02));
#8603 = LINE('',#8604,#8605);
#8604 = CARTESIAN_POINT('',(169.883194,-68.673189,-7.5E-02));
#8605 = VECTOR('',#8606,1.);
#8606 = DIRECTION('',(-0.409619887403,0.912256295042,0.));
#8607 = ORIENTED_EDGE('',*,*,#8608,.T.);
#8608 = EDGE_CURVE('',#8601,#8609,#8611,.T.);
#8609 = VERTEX_POINT('',#8610);
#8610 = CARTESIAN_POINT('',(169.853304,-68.499769,-7.5E-02));
#8611 = LINE('',#8612,#8613);
#8612 = CARTESIAN_POINT('',(169.855587,-68.611706,-7.5E-02));
#8613 = VECTOR('',#8614,1.);
#8614 = DIRECTION('',(-2.039116034572E-02,0.999792078674,0.));
#8615 = ORIENTED_EDGE('',*,*,#8616,.T.);
#8616 = EDGE_CURVE('',#8609,#8617,#8619,.T.);
#8617 = VERTEX_POINT('',#8618);
#8618 = CARTESIAN_POINT('',(169.799985,-68.539401,-7.5E-02));
#8619 = LINE('',#8620,#8621);
#8620 = CARTESIAN_POINT('',(169.853304,-68.499769,-7.5E-02));
#8621 = VECTOR('',#8622,1.);
#8622 = DIRECTION('',(-0.802573766253,-0.596552889292,0.));
#8623 = ORIENTED_EDGE('',*,*,#8624,.T.);
#8624 = EDGE_CURVE('',#8617,#8625,#8627,.T.);
#8625 = VERTEX_POINT('',#8626);
#8626 = CARTESIAN_POINT('',(169.787309,-68.564753,-7.5E-02));
#8627 = LINE('',#8628,#8629);
#8628 = CARTESIAN_POINT('',(169.799985,-68.539401,-7.5E-02));
#8629 = VECTOR('',#8630,1.);
#8630 = DIRECTION('',(-0.4472135955,-0.894427191,0.));
#8631 = ORIENTED_EDGE('',*,*,#8632,.T.);
#8632 = EDGE_CURVE('',#8625,#8633,#8635,.T.);
#8633 = VERTEX_POINT('',#8634);
#8634 = CARTESIAN_POINT('',(169.787309,-68.645238,-7.5E-02));
#8635 = LINE('',#8636,#8637);
#8636 = CARTESIAN_POINT('',(169.787309,-68.564753,-7.5E-02));
#8637 = VECTOR('',#8638,1.);
#8638 = DIRECTION('',(0.,-1.,0.));
#8639 = ORIENTED_EDGE('',*,*,#8640,.T.);
#8640 = EDGE_CURVE('',#8633,#8641,#8643,.T.);
#8641 = VERTEX_POINT('',#8642);
#8642 = CARTESIAN_POINT('',(169.662309,-68.645238,-7.5E-02));
#8643 = CIRCLE('',#8644,6.250000000099E-02);
#8644 = AXIS2_PLACEMENT_3D('',#8645,#8646,#8647);
#8645 = CARTESIAN_POINT('',(169.724809,-68.64523764746,-7.5E-02));
#8646 = DIRECTION('',(-0.,0.,-1.));
#8647 = DIRECTION('',(0.999999999984,-5.640539029538E-06,-0.));
#8648 = ORIENTED_EDGE('',*,*,#8649,.T.);
#8649 = EDGE_CURVE('',#8641,#8650,#8652,.T.);
#8650 = VERTEX_POINT('',#8651);
#8651 = CARTESIAN_POINT('',(169.665111,-68.535912,-7.5E-02));
#8652 = LINE('',#8653,#8654);
#8653 = CARTESIAN_POINT('',(169.662309,-68.645238,-7.5E-02));
#8654 = VECTOR('',#8655,1.);
#8655 = DIRECTION('',(2.56213540902E-02,0.999671719223,0.));
#8656 = ORIENTED_EDGE('',*,*,#8657,.T.);
#8657 = EDGE_CURVE('',#8650,#8524,#8658,.T.);
#8658 = LINE('',#8659,#8660);
#8659 = CARTESIAN_POINT('',(169.665111,-68.535912,-7.5E-02));
#8660 = VECTOR('',#8661,1.);
#8661 = DIRECTION('',(0.43733174402,0.899300253349,0.));
#8662 = FACE_BOUND('',#8663,.T.);
#8663 = EDGE_LOOP('',(#8664,#8675,#8683,#8691,#8699,#8707,#8715,#8723,
    #8731,#8739));
#8664 = ORIENTED_EDGE('',*,*,#8665,.T.);
#8665 = EDGE_CURVE('',#8666,#8668,#8670,.T.);
#8666 = VERTEX_POINT('',#8667);
#8667 = CARTESIAN_POINT('',(170.140169,-68.482319,-7.5E-02));
#8668 = VERTEX_POINT('',#8669);
#8669 = CARTESIAN_POINT('',(169.999926,-68.482317,-7.5E-02));
#8670 = CIRCLE('',#8671,0.129241152992);
#8671 = AXIS2_PLACEMENT_3D('',#8672,#8673,#8674);
#8672 = CARTESIAN_POINT('',(170.07004595176,-68.59088250092,-7.5E-02));
#8673 = DIRECTION('',(0.,0.,1.));
#8674 = DIRECTION('',(0.542575229414,0.840007214509,-0.));
#8675 = ORIENTED_EDGE('',*,*,#8676,.T.);
#8676 = EDGE_CURVE('',#8668,#8677,#8679,.T.);
#8677 = VERTEX_POINT('',#8678);
#8678 = CARTESIAN_POINT('',(169.977785,-68.517134,-7.5E-02));
#8679 = LINE('',#8680,#8681);
#8680 = CARTESIAN_POINT('',(169.999926,-68.482317,-7.5E-02));
#8681 = VECTOR('',#8682,1.);
#8682 = DIRECTION('',(-0.536612005098,-0.843829103542,0.));
#8683 = ORIENTED_EDGE('',*,*,#8684,.T.);
#8684 = EDGE_CURVE('',#8677,#8685,#8687,.T.);
#8685 = VERTEX_POINT('',#8686);
#8686 = CARTESIAN_POINT('',(169.977785,-68.582865,-7.5E-02));
#8687 = LINE('',#8688,#8689);
#8688 = CARTESIAN_POINT('',(169.977785,-68.517134,-7.5E-02));
#8689 = VECTOR('',#8690,1.);
#8690 = DIRECTION('',(0.,-1.,0.));
#8691 = ORIENTED_EDGE('',*,*,#8692,.T.);
#8692 = EDGE_CURVE('',#8685,#8693,#8695,.T.);
#8693 = VERTEX_POINT('',#8694);
#8694 = CARTESIAN_POINT('',(169.999927,-68.617682,-7.5E-02));
#8695 = LINE('',#8696,#8697);
#8696 = CARTESIAN_POINT('',(169.977785,-68.582865,-7.5E-02));
#8697 = VECTOR('',#8698,1.);
#8698 = DIRECTION('',(0.536629262034,-0.843818129177,0.));
#8699 = ORIENTED_EDGE('',*,*,#8700,.T.);
#8700 = EDGE_CURVE('',#8693,#8701,#8703,.T.);
#8701 = VERTEX_POINT('',#8702);
#8702 = CARTESIAN_POINT('',(170.025276,-68.630357,-7.5E-02));
#8703 = LINE('',#8704,#8705);
#8704 = CARTESIAN_POINT('',(169.999927,-68.617682,-7.5E-02));
#8705 = VECTOR('',#8706,1.);
#8706 = DIRECTION('',(0.894420134041,-0.44722770914,0.));
#8707 = ORIENTED_EDGE('',*,*,#8708,.T.);
#8708 = EDGE_CURVE('',#8701,#8709,#8711,.T.);
#8709 = VERTEX_POINT('',#8710);
#8710 = CARTESIAN_POINT('',(170.114817,-68.630357,-7.5E-02));
#8711 = LINE('',#8712,#8713);
#8712 = CARTESIAN_POINT('',(170.025276,-68.630357,-7.5E-02));
#8713 = VECTOR('',#8714,1.);
#8714 = DIRECTION('',(1.,0.,0.));
#8715 = ORIENTED_EDGE('',*,*,#8716,.T.);
#8716 = EDGE_CURVE('',#8709,#8717,#8719,.T.);
#8717 = VERTEX_POINT('',#8718);
#8718 = CARTESIAN_POINT('',(170.149634,-68.608215,-7.5E-02));
#8719 = LINE('',#8720,#8721);
#8720 = CARTESIAN_POINT('',(170.114817,-68.630357,-7.5E-02));
#8721 = VECTOR('',#8722,1.);
#8722 = DIRECTION('',(0.843818129177,0.536629262034,0.));
#8723 = ORIENTED_EDGE('',*,*,#8724,.T.);
#8724 = EDGE_CURVE('',#8717,#8725,#8727,.T.);
#8725 = VERTEX_POINT('',#8726);
#8726 = CARTESIAN_POINT('',(170.162309,-68.582865,-7.5E-02));
#8727 = LINE('',#8728,#8729);
#8728 = CARTESIAN_POINT('',(170.149634,-68.608215,-7.5E-02));
#8729 = VECTOR('',#8730,1.);
#8730 = DIRECTION('',(0.4472135955,0.894427191,0.));
#8731 = ORIENTED_EDGE('',*,*,#8732,.T.);
#8732 = EDGE_CURVE('',#8725,#8733,#8735,.T.);
#8733 = VERTEX_POINT('',#8734);
#8734 = CARTESIAN_POINT('',(170.162309,-68.517134,-7.5E-02));
#8735 = LINE('',#8736,#8737);
#8736 = CARTESIAN_POINT('',(170.162309,-68.582865,-7.5E-02));
#8737 = VECTOR('',#8738,1.);
#8738 = DIRECTION('',(0.,1.,0.));
#8739 = ORIENTED_EDGE('',*,*,#8740,.T.);
#8740 = EDGE_CURVE('',#8733,#8666,#8741,.T.);
#8741 = LINE('',#8742,#8743);
#8742 = CARTESIAN_POINT('',(170.162309,-68.517134,-7.5E-02));
#8743 = VECTOR('',#8744,1.);
#8744 = DIRECTION('',(-0.536616696732,0.843826119996,0.));
#8745 = PLANE('',#8746);
#8746 = AXIS2_PLACEMENT_3D('',#8747,#8748,#8749);
#8747 = CARTESIAN_POINT('',(0.,0.,-7.5E-02));
#8748 = DIRECTION('',(-0.,-0.,-1.));
#8749 = DIRECTION('',(-1.,0.,0.));
#8750 = SHELL_BASED_SURFACE_MODEL('',(#8751));
#8751 = OPEN_SHELL('',(#8752));
#8752 = ADVANCED_FACE('',(#8753),#8913,.T.);
#8753 = FACE_BOUND('',#8754,.T.);
#8754 = EDGE_LOOP('',(#8755,#8766,#8774,#8782,#8791,#8799,#8807,#8816,
    #8824,#8832,#8840,#8848,#8857,#8865,#8874,#8882,#8890,#8898,#8906));
#8755 = ORIENTED_EDGE('',*,*,#8756,.T.);
#8756 = EDGE_CURVE('',#8757,#8759,#8761,.T.);
#8757 = VERTEX_POINT('',#8758);
#8758 = CARTESIAN_POINT('',(180.384143,-68.32443,-7.5E-02));
#8759 = VERTEX_POINT('',#8760);
#8760 = CARTESIAN_POINT('',(180.509016,-68.298069,-7.5E-02));
#8761 = CIRCLE('',#8762,0.199092793299);
#8762 = AXIS2_PLACEMENT_3D('',#8763,#8764,#8765);
#8763 = CARTESIAN_POINT('',(180.48553265561,-68.49577199158,-7.5E-02));
#8764 = DIRECTION('',(0.,0.,-1.));
#8765 = DIRECTION('',(-0.509258290723,0.860613730619,0.));
#8766 = ORIENTED_EDGE('',*,*,#8767,.T.);
#8767 = EDGE_CURVE('',#8759,#8768,#8770,.T.);
#8768 = VERTEX_POINT('',#8769);
#8769 = CARTESIAN_POINT('',(180.566855,-68.312525,-7.5E-02));
#8770 = LINE('',#8771,#8772);
#8771 = CARTESIAN_POINT('',(180.509016,-68.298069,-7.5E-02));
#8772 = VECTOR('',#8773,1.);
#8773 = DIRECTION('',(0.970157298407,-0.242476424312,0.));
#8774 = ORIENTED_EDGE('',*,*,#8775,.T.);
#8775 = EDGE_CURVE('',#8768,#8776,#8778,.T.);
#8776 = VERTEX_POINT('',#8777);
#8777 = CARTESIAN_POINT('',(180.598787,-68.330284,-7.5E-02));
#8778 = LINE('',#8779,#8780);
#8779 = CARTESIAN_POINT('',(180.566855,-68.312525,-7.5E-02));
#8780 = VECTOR('',#8781,1.);
#8781 = DIRECTION('',(0.873936429068,-0.486040243136,0.));
#8782 = ORIENTED_EDGE('',*,*,#8783,.T.);
#8783 = EDGE_CURVE('',#8776,#8784,#8786,.T.);
#8784 = VERTEX_POINT('',#8785);
#8785 = CARTESIAN_POINT('',(180.642051,-68.445595,-7.5E-02));
#8786 = CIRCLE('',#8787,0.114606536234);
#8787 = AXIS2_PLACEMENT_3D('',#8788,#8789,#8790);
#8788 = CARTESIAN_POINT('',(180.52992209043,-68.42189340114,-7.5E-02));
#8789 = DIRECTION('',(0.,0.,-1.));
#8790 = DIRECTION('',(0.600881169822,0.799338363744,0.));
#8791 = ORIENTED_EDGE('',*,*,#8792,.T.);
#8792 = EDGE_CURVE('',#8784,#8793,#8795,.T.);
#8793 = VERTEX_POINT('',#8794);
#8794 = CARTESIAN_POINT('',(180.622597,-68.493527,-7.5E-02));
#8795 = LINE('',#8796,#8797);
#8796 = CARTESIAN_POINT('',(180.642051,-68.445595,-7.5E-02));
#8797 = VECTOR('',#8798,1.);
#8798 = DIRECTION('',(-0.376072132417,-0.926590390204,0.));
#8799 = ORIENTED_EDGE('',*,*,#8800,.T.);
#8800 = EDGE_CURVE('',#8793,#8801,#8803,.T.);
#8801 = VERTEX_POINT('',#8802);
#8802 = CARTESIAN_POINT('',(180.600552,-68.512205,-7.5E-02));
#8803 = LINE('',#8804,#8805);
#8804 = CARTESIAN_POINT('',(180.622597,-68.493527,-7.5E-02));
#8805 = VECTOR('',#8806,1.);
#8806 = DIRECTION('',(-0.762967349482,-0.646437022164,0.));
#8807 = ORIENTED_EDGE('',*,*,#8808,.T.);
#8808 = EDGE_CURVE('',#8801,#8809,#8811,.T.);
#8809 = VERTEX_POINT('',#8810);
#8810 = CARTESIAN_POINT('',(180.559724,-68.471373,-7.5E-02));
#8811 = CIRCLE('',#8812,3.124999572087E-02);
#8812 = AXIS2_PLACEMENT_3D('',#8813,#8814,#8815);
#8813 = CARTESIAN_POINT('',(180.58859470714,-68.48333312129,-7.5E-02));
#8814 = DIRECTION('',(0.,0.,-1.));
#8815 = DIRECTION('',(0.382633423632,-0.923900245221,0.));
#8816 = ORIENTED_EDGE('',*,*,#8817,.T.);
#8817 = EDGE_CURVE('',#8809,#8818,#8820,.T.);
#8818 = VERTEX_POINT('',#8819);
#8819 = CARTESIAN_POINT('',(180.573186,-68.454548,-7.5E-02));
#8820 = LINE('',#8821,#8822);
#8821 = CARTESIAN_POINT('',(180.559724,-68.471373,-7.5E-02));
#8822 = VECTOR('',#8823,1.);
#8823 = DIRECTION('',(0.624751641683,0.780823530776,0.));
#8824 = ORIENTED_EDGE('',*,*,#8825,.T.);
#8825 = EDGE_CURVE('',#8818,#8826,#8828,.T.);
#8826 = VERTEX_POINT('',#8827);
#8827 = CARTESIAN_POINT('',(180.581154,-68.416975,-7.5E-02));
#8828 = LINE('',#8829,#8830);
#8829 = CARTESIAN_POINT('',(180.573186,-68.454548,-7.5E-02));
#8830 = VECTOR('',#8831,1.);
#8831 = DIRECTION('',(0.207453623494,0.978244853858,0.));
#8832 = ORIENTED_EDGE('',*,*,#8833,.T.);
#8833 = EDGE_CURVE('',#8826,#8834,#8836,.T.);
#8834 = VERTEX_POINT('',#8835);
#8835 = CARTESIAN_POINT('',(180.573185,-68.39307,-7.5E-02));
#8836 = LINE('',#8837,#8838);
#8837 = CARTESIAN_POINT('',(180.581154,-68.416975,-7.5E-02));
#8838 = VECTOR('',#8839,1.);
#8839 = DIRECTION('',(-0.316251577054,0.948675360706,0.));
#8840 = ORIENTED_EDGE('',*,*,#8841,.T.);
#8841 = EDGE_CURVE('',#8834,#8842,#8844,.T.);
#8842 = VERTEX_POINT('',#8843);
#8843 = CARTESIAN_POINT('',(180.558179,-68.378064,-7.5E-02));
#8844 = LINE('',#8845,#8846);
#8845 = CARTESIAN_POINT('',(180.573185,-68.39307,-7.5E-02));
#8846 = VECTOR('',#8847,1.);
#8847 = DIRECTION('',(-0.707106781187,0.707106781187,0.));
#8848 = ORIENTED_EDGE('',*,*,#8849,.T.);
#8849 = EDGE_CURVE('',#8842,#8850,#8852,.T.);
#8850 = VERTEX_POINT('',#8851);
#8851 = CARTESIAN_POINT('',(180.416629,-68.378064,-7.5E-02));
#8852 = CIRCLE('',#8853,0.141731061077);
#8853 = AXIS2_PLACEMENT_3D('',#8854,#8855,#8856);
#8854 = CARTESIAN_POINT('',(180.487404,-68.50085892273,-7.5E-02));
#8855 = DIRECTION('',(0.,0.,1.));
#8856 = DIRECTION('',(0.499361251247,0.866393871604,-0.));
#8857 = ORIENTED_EDGE('',*,*,#8858,.T.);
#8858 = EDGE_CURVE('',#8850,#8859,#8861,.T.);
#8859 = VERTEX_POINT('',#8860);
#8860 = CARTESIAN_POINT('',(180.401621,-68.393072,-7.5E-02));
#8861 = LINE('',#8862,#8863);
#8862 = CARTESIAN_POINT('',(180.416629,-68.378064,-7.5E-02));
#8863 = VECTOR('',#8864,1.);
#8864 = DIRECTION('',(-0.707106781186,-0.707106781187,0.));
#8865 = ORIENTED_EDGE('',*,*,#8866,.T.);
#8866 = EDGE_CURVE('',#8859,#8867,#8869,.T.);
#8867 = VERTEX_POINT('',#8868);
#8868 = CARTESIAN_POINT('',(180.415085,-68.471374,-7.5E-02));
#8869 = CIRCLE('',#8870,6.215941351837E-02);
#8870 = AXIS2_PLACEMENT_3D('',#8871,#8872,#8873);
#8871 = CARTESIAN_POINT('',(180.45547022685,-68.42412121023,-7.5E-02));
#8872 = DIRECTION('',(0.,0.,1.));
#8873 = DIRECTION('',(-0.86630847698,0.499509382007,0.));
#8874 = ORIENTED_EDGE('',*,*,#8875,.T.);
#8875 = EDGE_CURVE('',#8867,#8876,#8878,.T.);
#8876 = VERTEX_POINT('',#8877);
#8877 = CARTESIAN_POINT('',(180.415086,-68.495291,-7.5E-02));
#8878 = LINE('',#8879,#8880);
#8879 = CARTESIAN_POINT('',(180.415085,-68.471374,-7.5E-02));
#8880 = VECTOR('',#8881,1.);
#8881 = DIRECTION('',(4.18112638124E-05,-0.999999999126,0.));
#8882 = ORIENTED_EDGE('',*,*,#8883,.T.);
#8883 = EDGE_CURVE('',#8876,#8884,#8886,.T.);
#8884 = VERTEX_POINT('',#8885);
#8885 = CARTESIAN_POINT('',(180.398174,-68.512204,-7.5E-02));
#8886 = LINE('',#8887,#8888);
#8887 = CARTESIAN_POINT('',(180.415086,-68.495291,-7.5E-02));
#8888 = VECTOR('',#8889,1.);
#8889 = DIRECTION('',(-0.70708587602,-0.707127685735,0.));
#8890 = ORIENTED_EDGE('',*,*,#8891,.T.);
#8891 = EDGE_CURVE('',#8884,#8892,#8894,.T.);
#8892 = VERTEX_POINT('',#8893);
#8893 = CARTESIAN_POINT('',(180.374257,-68.512205,-7.5E-02));
#8894 = LINE('',#8895,#8896);
#8895 = CARTESIAN_POINT('',(180.398174,-68.512204,-7.5E-02));
#8896 = VECTOR('',#8897,1.);
#8897 = DIRECTION('',(-0.999999999126,-4.181126381238E-05,0.));
#8898 = ORIENTED_EDGE('',*,*,#8899,.T.);
#8899 = EDGE_CURVE('',#8892,#8900,#8902,.T.);
#8900 = VERTEX_POINT('',#8901);
#8901 = CARTESIAN_POINT('',(180.344663,-68.481311,-7.5E-02));
#8902 = LINE('',#8903,#8904);
#8903 = CARTESIAN_POINT('',(180.374257,-68.512205,-7.5E-02));
#8904 = VECTOR('',#8905,1.);
#8905 = DIRECTION('',(-0.691749995563,0.722137067071,0.));
#8906 = ORIENTED_EDGE('',*,*,#8907,.T.);
#8907 = EDGE_CURVE('',#8900,#8757,#8908,.T.);
#8908 = CIRCLE('',#8909,0.12075824417);
#8909 = AXIS2_PLACEMENT_3D('',#8910,#8911,#8912);
#8910 = CARTESIAN_POINT('',(180.45135772054,-68.42475315224,-7.5E-02));
#8911 = DIRECTION('',(0.,0.,-1.));
#8912 = DIRECTION('',(-0.883539846744,-0.468355996241,-0.));
#8913 = PLANE('',#8914);
#8914 = AXIS2_PLACEMENT_3D('',#8915,#8916,#8917);
#8915 = CARTESIAN_POINT('',(0.,0.,-7.5E-02));
#8916 = DIRECTION('',(-0.,-0.,-1.));
#8917 = DIRECTION('',(-1.,0.,0.));
#8918 = SHELL_BASED_SURFACE_MODEL('',(#8919));
#8919 = OPEN_SHELL('',(#8920));
#8920 = ADVANCED_FACE('',(#8921),#9062,.T.);
#8921 = FACE_BOUND('',#8922,.T.);
#8922 = EDGE_LOOP('',(#8923,#8934,#8942,#8951,#8959,#8967,#8975,#8983,
    #8991,#8999,#9008,#9016,#9024,#9032,#9040,#9048,#9056));
#8923 = ORIENTED_EDGE('',*,*,#8924,.T.);
#8924 = EDGE_CURVE('',#8925,#8927,#8929,.T.);
#8925 = VERTEX_POINT('',#8926);
#8926 = CARTESIAN_POINT('',(174.874809,-68.081547,-7.5E-02));
#8927 = VERTEX_POINT('',#8928);
#8928 = CARTESIAN_POINT('',(174.874809,-67.956547,-7.5E-02));
#8929 = CIRCLE('',#8930,6.250000000099E-02);
#8930 = AXIS2_PLACEMENT_3D('',#8931,#8932,#8933);
#8931 = CARTESIAN_POINT('',(174.87480935253,-68.019047,-7.5E-02));
#8932 = DIRECTION('',(0.,0.,-1.));
#8933 = DIRECTION('',(-5.640538802164E-06,-0.999999999984,-0.));
#8934 = ORIENTED_EDGE('',*,*,#8935,.T.);
#8935 = EDGE_CURVE('',#8927,#8936,#8938,.T.);
#8936 = VERTEX_POINT('',#8937);
#8937 = CARTESIAN_POINT('',(175.282642,-67.957158,-7.5E-02));
#8938 = LINE('',#8939,#8940);
#8939 = CARTESIAN_POINT('',(174.874809,-67.956547,-7.5E-02));
#8940 = VECTOR('',#8941,1.);
#8941 = DIRECTION('',(0.999998877757,-1.498160556688E-03,0.));
#8942 = ORIENTED_EDGE('',*,*,#8943,.T.);
#8943 = EDGE_CURVE('',#8936,#8944,#8946,.T.);
#8944 = VERTEX_POINT('',#8945);
#8945 = CARTESIAN_POINT('',(175.406902,-68.038716,-7.5E-02));
#8946 = CIRCLE('',#8947,0.184763844111);
#8947 = AXIS2_PLACEMENT_3D('',#8948,#8949,#8950);
#8948 = CARTESIAN_POINT('',(175.25195222902,-68.13935519001,-7.5E-02));
#8949 = DIRECTION('',(0.,0.,-1.));
#8950 = DIRECTION('',(0.166102687027,0.986108461257,0.));
#8951 = ORIENTED_EDGE('',*,*,#8952,.T.);
#8952 = EDGE_CURVE('',#8944,#8953,#8955,.T.);
#8953 = VERTEX_POINT('',#8954);
#8954 = CARTESIAN_POINT('',(175.434505,-68.100194,-7.5E-02));
#8955 = LINE('',#8956,#8957);
#8956 = CARTESIAN_POINT('',(175.406902,-68.038716,-7.5E-02));
#8957 = VECTOR('',#8958,1.);
#8958 = DIRECTION('',(0.409598215745,-0.912266025707,0.));
#8959 = ORIENTED_EDGE('',*,*,#8960,.T.);
#8960 = EDGE_CURVE('',#8953,#8961,#8963,.T.);
#8961 = VERTEX_POINT('',#8962);
#8962 = CARTESIAN_POINT('',(175.434505,-68.223613,-7.5E-02));
#8963 = LINE('',#8964,#8965);
#8964 = CARTESIAN_POINT('',(175.434505,-68.100194,-7.5E-02));
#8965 = VECTOR('',#8966,1.);
#8966 = DIRECTION('',(0.,-1.,0.));
#8967 = ORIENTED_EDGE('',*,*,#8968,.T.);
#8968 = EDGE_CURVE('',#8961,#8969,#8971,.T.);
#8969 = VERTEX_POINT('',#8970);
#8970 = CARTESIAN_POINT('',(175.400757,-68.293009,-7.5E-02));
#8971 = LINE('',#8972,#8973);
#8972 = CARTESIAN_POINT('',(175.434505,-68.223613,-7.5E-02));
#8973 = VECTOR('',#8974,1.);
#8974 = DIRECTION('',(-0.437337702005,-0.899297355942,0.));
#8975 = ORIENTED_EDGE('',*,*,#8976,.T.);
#8976 = EDGE_CURVE('',#8969,#8977,#8979,.T.);
#8977 = VERTEX_POINT('',#8978);
#8978 = CARTESIAN_POINT('',(175.35514,-68.336854,-7.5E-02));
#8979 = LINE('',#8980,#8981);
#8980 = CARTESIAN_POINT('',(175.400757,-68.293009,-7.5E-02));
#8981 = VECTOR('',#8982,1.);
#8982 = DIRECTION('',(-0.720971236983,-0.692964988613,0.));
#8983 = ORIENTED_EDGE('',*,*,#8984,.T.);
#8984 = EDGE_CURVE('',#8977,#8985,#8987,.T.);
#8985 = VERTEX_POINT('',#8986);
#8986 = CARTESIAN_POINT('',(175.293667,-68.364456,-7.5E-02));
#8987 = LINE('',#8988,#8989);
#8988 = CARTESIAN_POINT('',(175.35514,-68.336854,-7.5E-02));
#8989 = VECTOR('',#8990,1.);
#8990 = DIRECTION('',(-0.912259122145,-0.409613591161,0.));
#8991 = ORIENTED_EDGE('',*,*,#8992,.T.);
#8992 = EDGE_CURVE('',#8985,#8993,#8995,.T.);
#8993 = VERTEX_POINT('',#8994);
#8994 = CARTESIAN_POINT('',(174.874809,-68.367261,-7.5E-02));
#8995 = LINE('',#8996,#8997);
#8996 = CARTESIAN_POINT('',(175.293667,-68.364456,-7.5E-02));
#8997 = VECTOR('',#8998,1.);
#8998 = DIRECTION('',(-0.999977577321,-6.696630133316E-03,0.));
#8999 = ORIENTED_EDGE('',*,*,#9000,.T.);
#9000 = EDGE_CURVE('',#8993,#9001,#9003,.T.);
#9001 = VERTEX_POINT('',#9002);
#9002 = CARTESIAN_POINT('',(174.874809,-68.242261,-7.5E-02));
#9003 = CIRCLE('',#9004,6.250000000099E-02);
#9004 = AXIS2_PLACEMENT_3D('',#9005,#9006,#9007);
#9005 = CARTESIAN_POINT('',(174.87480935253,-68.304761,-7.5E-02));
#9006 = DIRECTION('',(0.,0.,-1.));
#9007 = DIRECTION('',(-5.640538802166E-06,-0.999999999984,-0.));
#9008 = ORIENTED_EDGE('',*,*,#9009,.T.);
#9009 = EDGE_CURVE('',#9001,#9010,#9012,.T.);
#9010 = VERTEX_POINT('',#9011);
#9011 = CARTESIAN_POINT('',(175.264817,-68.242261,-7.5E-02));
#9012 = LINE('',#9013,#9014);
#9013 = CARTESIAN_POINT('',(174.874809,-68.242261,-7.5E-02));
#9014 = VECTOR('',#9015,1.);
#9015 = DIRECTION('',(1.,0.,0.));
#9016 = ORIENTED_EDGE('',*,*,#9017,.T.);
#9017 = EDGE_CURVE('',#9010,#9018,#9020,.T.);
#9018 = VERTEX_POINT('',#9019);
#9019 = CARTESIAN_POINT('',(175.299633,-68.22012,-7.5E-02));
#9020 = LINE('',#9021,#9022);
#9021 = CARTESIAN_POINT('',(175.264817,-68.242261,-7.5E-02));
#9022 = VECTOR('',#9023,1.);
#9023 = DIRECTION('',(0.843822124477,0.536622979608,0.));
#9024 = ORIENTED_EDGE('',*,*,#9025,.T.);
#9025 = EDGE_CURVE('',#9018,#9026,#9028,.T.);
#9026 = VERTEX_POINT('',#9027);
#9027 = CARTESIAN_POINT('',(175.312309,-68.194769,-7.5E-02));
#9028 = LINE('',#9029,#9030);
#9029 = CARTESIAN_POINT('',(175.299633,-68.22012,-7.5E-02));
#9030 = VECTOR('',#9031,1.);
#9031 = DIRECTION('',(0.447227708026,0.894420134598,0.));
#9032 = ORIENTED_EDGE('',*,*,#9033,.T.);
#9033 = EDGE_CURVE('',#9026,#9034,#9036,.T.);
#9034 = VERTEX_POINT('',#9035);
#9035 = CARTESIAN_POINT('',(175.312309,-68.129038,-7.5E-02));
#9036 = LINE('',#9037,#9038);
#9037 = CARTESIAN_POINT('',(175.312309,-68.194769,-7.5E-02));
#9038 = VECTOR('',#9039,1.);
#9039 = DIRECTION('',(0.,1.,0.));
#9040 = ORIENTED_EDGE('',*,*,#9041,.T.);
#9041 = EDGE_CURVE('',#9034,#9042,#9044,.T.);
#9042 = VERTEX_POINT('',#9043);
#9043 = CARTESIAN_POINT('',(175.290169,-68.094223,-7.5E-02));
#9044 = LINE('',#9045,#9046);
#9045 = CARTESIAN_POINT('',(175.312309,-68.129038,-7.5E-02));
#9046 = VECTOR('',#9047,1.);
#9047 = DIRECTION('',(-0.536616696732,0.843826119996,0.));
#9048 = ORIENTED_EDGE('',*,*,#9049,.T.);
#9049 = EDGE_CURVE('',#9042,#9050,#9052,.T.);
#9050 = VERTEX_POINT('',#9051);
#9051 = CARTESIAN_POINT('',(175.264817,-68.081547,-7.5E-02));
#9052 = LINE('',#9053,#9054);
#9053 = CARTESIAN_POINT('',(175.290169,-68.094223,-7.5E-02));
#9054 = VECTOR('',#9055,1.);
#9055 = DIRECTION('',(-0.894427191,0.4472135955,0.));
#9056 = ORIENTED_EDGE('',*,*,#9057,.T.);
#9057 = EDGE_CURVE('',#9050,#8925,#9058,.T.);
#9058 = LINE('',#9059,#9060);
#9059 = CARTESIAN_POINT('',(175.264817,-68.081547,-7.5E-02));
#9060 = VECTOR('',#9061,1.);
#9061 = DIRECTION('',(-1.,0.,0.));
#9062 = PLANE('',#9063);
#9063 = AXIS2_PLACEMENT_3D('',#9064,#9065,#9066);
#9064 = CARTESIAN_POINT('',(0.,0.,-7.5E-02));
#9065 = DIRECTION('',(-0.,-0.,-1.));
#9066 = DIRECTION('',(-1.,0.,0.));
#9067 = SHELL_BASED_SURFACE_MODEL('',(#9068));
#9068 = OPEN_SHELL('',(#9069));
#9069 = ADVANCED_FACE('',(#9070),#9248,.T.);
#9070 = FACE_BOUND('',#9071,.T.);
#9071 = EDGE_LOOP('',(#9072,#9083,#9091,#9099,#9107,#9116,#9124,#9133,
    #9141,#9150,#9158,#9167,#9175,#9183,#9191,#9200,#9208,#9217,#9225,
    #9234,#9242));
#9072 = ORIENTED_EDGE('',*,*,#9073,.T.);
#9073 = EDGE_CURVE('',#9074,#9076,#9078,.T.);
#9074 = VERTEX_POINT('',#9075);
#9075 = CARTESIAN_POINT('',(169.760375,-67.905001,-7.5E-02));
#9076 = VERTEX_POINT('',#9077);
#9077 = CARTESIAN_POINT('',(170.018032,-67.846136,-7.5E-02));
#9078 = CIRCLE('',#9079,0.391168958245);
#9079 = AXIS2_PLACEMENT_3D('',#9080,#9081,#9082);
#9080 = CARTESIAN_POINT('',(169.97120408838,-68.23449189423,-7.5E-02));
#9081 = DIRECTION('',(0.,0.,-1.));
#9082 = DIRECTION('',(-0.538971930012,0.842323725571,0.));
#9083 = ORIENTED_EDGE('',*,*,#9084,.T.);
#9084 = EDGE_CURVE('',#9076,#9085,#9087,.T.);
#9085 = VERTEX_POINT('',#9086);
#9086 = CARTESIAN_POINT('',(170.133712,-67.875051,-7.5E-02));
#9087 = LINE('',#9088,#9089);
#9088 = CARTESIAN_POINT('',(170.018032,-67.846136,-7.5E-02));
#9089 = VECTOR('',#9090,1.);
#9090 = DIRECTION('',(0.970152365834,-0.24249615887,0.));
#9091 = ORIENTED_EDGE('',*,*,#9092,.T.);
#9092 = EDGE_CURVE('',#9085,#9093,#9095,.T.);
#9093 = VERTEX_POINT('',#9094);
#9094 = CARTESIAN_POINT('',(170.197574,-67.910567,-7.5E-02));
#9095 = LINE('',#9096,#9097);
#9096 = CARTESIAN_POINT('',(170.133712,-67.875051,-7.5E-02));
#9097 = VECTOR('',#9098,1.);
#9098 = DIRECTION('',(0.873941589113,-0.486030964876,0.));
#9099 = ORIENTED_EDGE('',*,*,#9100,.T.);
#9100 = EDGE_CURVE('',#9093,#9101,#9103,.T.);
#9101 = VERTEX_POINT('',#9102);
#9102 = CARTESIAN_POINT('',(170.253177,-67.970135,-7.5E-02));
#9103 = LINE('',#9104,#9105);
#9104 = CARTESIAN_POINT('',(170.197574,-67.910567,-7.5E-02));
#9105 = VECTOR('',#9106,1.);
#9106 = DIRECTION('',(0.682358912992,-0.731017314337,0.));
#9107 = ORIENTED_EDGE('',*,*,#9108,.T.);
#9108 = EDGE_CURVE('',#9101,#9109,#9111,.T.);
#9109 = VERTEX_POINT('',#9110);
#9110 = CARTESIAN_POINT('',(170.25318,-68.225098,-7.5E-02));
#9111 = CIRCLE('',#9112,0.253292468647);
#9112 = AXIS2_PLACEMENT_3D('',#9113,#9114,#9115);
#9113 = CARTESIAN_POINT('',(170.03430515346,-68.09761907535,-7.5E-02));
#9114 = DIRECTION('',(0.,0.,-1.));
#9115 = DIRECTION('',(0.864107202639,0.503307800801,0.));
#9116 = ORIENTED_EDGE('',*,*,#9117,.T.);
#9117 = EDGE_CURVE('',#9109,#9118,#9120,.T.);
#9118 = VERTEX_POINT('',#9119);
#9119 = CARTESIAN_POINT('',(170.221383,-68.260861,-7.5E-02));
#9120 = LINE('',#9121,#9122);
#9121 = CARTESIAN_POINT('',(170.25318,-68.225098,-7.5E-02));
#9122 = VECTOR('',#9123,1.);
#9123 = DIRECTION('',(-0.664453329718,-0.747329761636,0.));
#9124 = ORIENTED_EDGE('',*,*,#9125,.T.);
#9125 = EDGE_CURVE('',#9118,#9126,#9128,.T.);
#9126 = VERTEX_POINT('',#9127);
#9127 = CARTESIAN_POINT('',(170.119448,-68.192748,-7.5E-02));
#9128 = CIRCLE('',#9129,6.249972613917E-02);
#9129 = AXIS2_PLACEMENT_3D('',#9130,#9131,#9132);
#9130 = CARTESIAN_POINT('',(170.17719006772,-68.21666597194,-7.5E-02));
#9131 = DIRECTION('',(-0.,0.,-1.));
#9132 = DIRECTION('',(0.707090014673,-0.707123547302,-0.));
#9133 = ORIENTED_EDGE('',*,*,#9134,.T.);
#9134 = EDGE_CURVE('',#9126,#9135,#9137,.T.);
#9135 = VERTEX_POINT('',#9136);
#9136 = CARTESIAN_POINT('',(170.146372,-68.159096,-7.5E-02));
#9137 = LINE('',#9138,#9139);
#9138 = CARTESIAN_POINT('',(170.119448,-68.192748,-7.5E-02));
#9139 = VECTOR('',#9140,1.);
#9140 = DIRECTION('',(0.624729003195,0.78084164372,0.));
#9141 = ORIENTED_EDGE('',*,*,#9142,.T.);
#9142 = EDGE_CURVE('',#9135,#9143,#9145,.T.);
#9143 = VERTEX_POINT('',#9144);
#9144 = CARTESIAN_POINT('',(170.146373,-68.036143,-7.5E-02));
#9145 = CIRCLE('',#9146,0.121455384806);
#9146 = AXIS2_PLACEMENT_3D('',#9147,#9148,#9149);
#9147 = CARTESIAN_POINT('',(170.0416249442,-68.09761864806,-7.5E-02));
#9148 = DIRECTION('',(0.,-0.,1.));
#9149 = DIRECTION('',(0.862432373524,-0.506172303764,-0.));
#9150 = ORIENTED_EDGE('',*,*,#9151,.T.);
#9151 = EDGE_CURVE('',#9143,#9152,#9154,.T.);
#9152 = VERTEX_POINT('',#9153);
#9153 = CARTESIAN_POINT('',(170.116356,-68.006127,-7.5E-02));
#9154 = LINE('',#9155,#9156);
#9155 = CARTESIAN_POINT('',(170.146373,-68.036143,-7.5E-02));
#9156 = VECTOR('',#9157,1.);
#9157 = DIRECTION('',(-0.707118559724,0.707095002453,0.));
#9158 = ORIENTED_EDGE('',*,*,#9159,.T.);
#9159 = EDGE_CURVE('',#9152,#9160,#9162,.T.);
#9160 = VERTEX_POINT('',#9161);
#9161 = CARTESIAN_POINT('',(169.946789,-67.969643,-7.5E-02));
#9162 = CIRCLE('',#9163,0.278309986212);
#9163 = AXIS2_PLACEMENT_3D('',#9164,#9165,#9166);
#9164 = CARTESIAN_POINT('',(169.9759458455,-68.24642147962,-7.5E-02));
#9165 = DIRECTION('',(0.,0.,1.));
#9166 = DIRECTION('',(0.50450994018,0.863405883846,-0.));
#9167 = ORIENTED_EDGE('',*,*,#9168,.T.);
#9168 = EDGE_CURVE('',#9160,#9169,#9171,.T.);
#9169 = VERTEX_POINT('',#9170);
#9170 = CARTESIAN_POINT('',(169.865669,-67.989922,-7.5E-02));
#9171 = LINE('',#9172,#9173);
#9172 = CARTESIAN_POINT('',(169.946789,-67.969643,-7.5E-02));
#9173 = VECTOR('',#9174,1.);
#9174 = DIRECTION('',(-0.970145314053,-0.242524369128,0.));
#9175 = ORIENTED_EDGE('',*,*,#9176,.T.);
#9176 = EDGE_CURVE('',#9169,#9177,#9179,.T.);
#9177 = VERTEX_POINT('',#9178);
#9178 = CARTESIAN_POINT('',(169.833261,-68.006126,-7.5E-02));
#9179 = LINE('',#9180,#9181);
#9180 = CARTESIAN_POINT('',(169.865669,-67.989922,-7.5E-02));
#9181 = VECTOR('',#9182,1.);
#9182 = DIRECTION('',(-0.894427191,-0.4472135955,0.));
#9183 = ORIENTED_EDGE('',*,*,#9184,.T.);
#9184 = EDGE_CURVE('',#9177,#9185,#9187,.T.);
#9185 = VERTEX_POINT('',#9186);
#9186 = CARTESIAN_POINT('',(169.803246,-68.036141,-7.5E-02));
#9187 = LINE('',#9188,#9189);
#9188 = CARTESIAN_POINT('',(169.833261,-68.006126,-7.5E-02));
#9189 = VECTOR('',#9190,1.);
#9190 = DIRECTION('',(-0.707106781186,-0.707106781187,0.));
#9191 = ORIENTED_EDGE('',*,*,#9192,.T.);
#9192 = EDGE_CURVE('',#9185,#9193,#9195,.T.);
#9193 = VERTEX_POINT('',#9194);
#9194 = CARTESIAN_POINT('',(169.803246,-68.159096,-7.5E-02));
#9195 = CIRCLE('',#9196,0.121456582388);
#9196 = AXIS2_PLACEMENT_3D('',#9197,#9198,#9199);
#9197 = CARTESIAN_POINT('',(169.9079943575,-68.0976185,-7.5E-02));
#9198 = DIRECTION('',(0.,0.,1.));
#9199 = DIRECTION('',(-0.862434587253,0.506168531923,0.));
#9200 = ORIENTED_EDGE('',*,*,#9201,.T.);
#9201 = EDGE_CURVE('',#9193,#9202,#9204,.T.);
#9202 = VERTEX_POINT('',#9203);
#9203 = CARTESIAN_POINT('',(169.83017,-68.192749,-7.5E-02));
#9204 = LINE('',#9205,#9206);
#9205 = CARTESIAN_POINT('',(169.803246,-68.159096,-7.5E-02));
#9206 = VECTOR('',#9207,1.);
#9207 = DIRECTION('',(0.624717684369,-0.780850699453,0.));
#9208 = ORIENTED_EDGE('',*,*,#9209,.T.);
#9209 = EDGE_CURVE('',#9202,#9210,#9212,.T.);
#9210 = VERTEX_POINT('',#9211);
#9211 = CARTESIAN_POINT('',(169.748511,-68.274408,-7.5E-02));
#9212 = CIRCLE('',#9213,6.249929161998E-02);
#9213 = AXIS2_PLACEMENT_3D('',#9214,#9215,#9216);
#9214 = CARTESIAN_POINT('',(169.772428,-68.216666,-7.5E-02));
#9215 = DIRECTION('',(0.,0.,-1.));
#9216 = DIRECTION('',(0.923882471358,0.382676337284,0.));
#9217 = ORIENTED_EDGE('',*,*,#9218,.T.);
#9218 = EDGE_CURVE('',#9210,#9219,#9221,.T.);
#9219 = VERTEX_POINT('',#9220);
#9220 = CARTESIAN_POINT('',(169.704425,-68.237051,-7.5E-02));
#9221 = LINE('',#9222,#9223);
#9222 = CARTESIAN_POINT('',(169.748511,-68.274408,-7.5E-02));
#9223 = VECTOR('',#9224,1.);
#9224 = DIRECTION('',(-0.762929886422,0.646481235926,0.));
#9225 = ORIENTED_EDGE('',*,*,#9226,.T.);
#9226 = EDGE_CURVE('',#9219,#9227,#9229,.T.);
#9227 = VERTEX_POINT('',#9228);
#9228 = CARTESIAN_POINT('',(169.665516,-68.054044,-7.5E-02));
#9229 = CIRCLE('',#9230,0.237659495702);
#9230 = AXIS2_PLACEMENT_3D('',#9231,#9232,#9233);
#9231 = CARTESIAN_POINT('',(169.89866752993,-68.10011351257,-7.5E-02));
#9232 = DIRECTION('',(0.,0.,-1.));
#9233 = DIRECTION('',(-0.817314407559,-0.576191946487,-0.));
#9234 = ORIENTED_EDGE('',*,*,#9235,.T.);
#9235 = EDGE_CURVE('',#9227,#9236,#9238,.T.);
#9236 = VERTEX_POINT('',#9237);
#9237 = CARTESIAN_POINT('',(169.696437,-67.970141,-7.5E-02));
#9238 = LINE('',#9239,#9240);
#9239 = CARTESIAN_POINT('',(169.665516,-68.054044,-7.5E-02));
#9240 = VECTOR('',#9241,1.);
#9241 = DIRECTION('',(0.34579760542,0.93830912608,0.));
#9242 = ORIENTED_EDGE('',*,*,#9243,.T.);
#9243 = EDGE_CURVE('',#9236,#9074,#9244,.T.);
#9244 = LINE('',#9245,#9246);
#9245 = CARTESIAN_POINT('',(169.696437,-67.970141,-7.5E-02));
#9246 = VECTOR('',#9247,1.);
#9247 = DIRECTION('',(0.700491690622,0.713660557527,0.));
#9248 = PLANE('',#9249);
#9249 = AXIS2_PLACEMENT_3D('',#9250,#9251,#9252);
#9250 = CARTESIAN_POINT('',(0.,0.,-7.5E-02));
#9251 = DIRECTION('',(-0.,-0.,-1.));
#9252 = DIRECTION('',(-1.,0.,0.));
#9253 = SHELL_BASED_SURFACE_MODEL('',(#9254));
#9254 = OPEN_SHELL('',(#9255));
#9255 = ADVANCED_FACE('',(#9256),#9342,.T.);
#9256 = FACE_BOUND('',#9257,.T.);
#9257 = EDGE_LOOP('',(#9258,#9269,#9277,#9286,#9294,#9303,#9311,#9319,
    #9327,#9336));
#9258 = ORIENTED_EDGE('',*,*,#9259,.T.);
#9259 = EDGE_CURVE('',#9260,#9262,#9264,.T.);
#9260 = VERTEX_POINT('',#9261);
#9261 = CARTESIAN_POINT('',(146.285,-63.58,-7.5E-02));
#9262 = VERTEX_POINT('',#9263);
#9263 = CARTESIAN_POINT('',(146.345,-63.52,-7.5E-02));
#9264 = CIRCLE('',#9265,5.999932016262E-02);
#9265 = AXIS2_PLACEMENT_3D('',#9266,#9267,#9268);
#9266 = CARTESIAN_POINT('',(146.34499932015,-63.57999932015,-7.5E-02));
#9267 = DIRECTION('',(0.,0.,-1.));
#9268 = DIRECTION('',(-0.999999999936,-1.133081541087E-05,-0.));
#9269 = ORIENTED_EDGE('',*,*,#9270,.T.);
#9270 = EDGE_CURVE('',#9262,#9271,#9273,.T.);
#9271 = VERTEX_POINT('',#9272);
#9272 = CARTESIAN_POINT('',(148.255,-63.52,-7.5E-02));
#9273 = LINE('',#9274,#9275);
#9274 = CARTESIAN_POINT('',(146.345,-63.52,-7.5E-02));
#9275 = VECTOR('',#9276,1.);
#9276 = DIRECTION('',(1.,0.,0.));
#9277 = ORIENTED_EDGE('',*,*,#9278,.T.);
#9278 = EDGE_CURVE('',#9271,#9279,#9281,.T.);
#9279 = VERTEX_POINT('',#9280);
#9280 = CARTESIAN_POINT('',(148.315,-63.58,-7.5E-02));
#9281 = CIRCLE('',#9282,5.999932016257E-02);
#9282 = AXIS2_PLACEMENT_3D('',#9283,#9284,#9285);
#9283 = CARTESIAN_POINT('',(148.25500067984,-63.57999932015,-7.5E-02));
#9284 = DIRECTION('',(0.,0.,-1.));
#9285 = DIRECTION('',(-1.133081659513E-05,0.999999999936,0.));
#9286 = ORIENTED_EDGE('',*,*,#9287,.T.);
#9287 = EDGE_CURVE('',#9279,#9288,#9290,.T.);
#9288 = VERTEX_POINT('',#9289);
#9289 = CARTESIAN_POINT('',(148.315,-67.5,-7.5E-02));
#9290 = LINE('',#9291,#9292);
#9291 = CARTESIAN_POINT('',(148.315,-63.58,-7.5E-02));
#9292 = VECTOR('',#9293,1.);
#9293 = DIRECTION('',(0.,-1.,0.));
#9294 = ORIENTED_EDGE('',*,*,#9295,.T.);
#9295 = EDGE_CURVE('',#9288,#9296,#9298,.T.);
#9296 = VERTEX_POINT('',#9297);
#9297 = CARTESIAN_POINT('',(148.195,-67.5,-7.5E-02));
#9298 = CIRCLE('',#9299,6.000000000043E-02);
#9299 = AXIS2_PLACEMENT_3D('',#9300,#9301,#9302);
#9300 = CARTESIAN_POINT('',(148.255,-67.50000022558,-7.5E-02));
#9301 = DIRECTION('',(0.,0.,-1.));
#9302 = DIRECTION('',(0.999999999993,3.759794016836E-06,0.));
#9303 = ORIENTED_EDGE('',*,*,#9304,.T.);
#9304 = EDGE_CURVE('',#9296,#9305,#9307,.T.);
#9305 = VERTEX_POINT('',#9306);
#9306 = CARTESIAN_POINT('',(148.195,-63.64,-7.5E-02));
#9307 = LINE('',#9308,#9309);
#9308 = CARTESIAN_POINT('',(148.195,-67.5,-7.5E-02));
#9309 = VECTOR('',#9310,1.);
#9310 = DIRECTION('',(0.,1.,0.));
#9311 = ORIENTED_EDGE('',*,*,#9312,.T.);
#9312 = EDGE_CURVE('',#9305,#9313,#9315,.T.);
#9313 = VERTEX_POINT('',#9314);
#9314 = CARTESIAN_POINT('',(146.405,-63.64,-7.5E-02));
#9315 = LINE('',#9316,#9317);
#9316 = CARTESIAN_POINT('',(148.195,-63.64,-7.5E-02));
#9317 = VECTOR('',#9318,1.);
#9318 = DIRECTION('',(-1.,0.,0.));
#9319 = ORIENTED_EDGE('',*,*,#9320,.T.);
#9320 = EDGE_CURVE('',#9313,#9321,#9323,.T.);
#9321 = VERTEX_POINT('',#9322);
#9322 = CARTESIAN_POINT('',(146.405,-67.5,-7.5E-02));
#9323 = LINE('',#9324,#9325);
#9324 = CARTESIAN_POINT('',(146.405,-63.64,-7.5E-02));
#9325 = VECTOR('',#9326,1.);
#9326 = DIRECTION('',(0.,-1.,0.));
#9327 = ORIENTED_EDGE('',*,*,#9328,.T.);
#9328 = EDGE_CURVE('',#9321,#9329,#9331,.T.);
#9329 = VERTEX_POINT('',#9330);
#9330 = CARTESIAN_POINT('',(146.285,-67.5,-7.5E-02));
#9331 = CIRCLE('',#9332,6.000000000043E-02);
#9332 = AXIS2_PLACEMENT_3D('',#9333,#9334,#9335);
#9333 = CARTESIAN_POINT('',(146.345,-67.50000022558,-7.5E-02));
#9334 = DIRECTION('',(0.,0.,-1.));
#9335 = DIRECTION('',(0.999999999993,3.759794016836E-06,0.));
#9336 = ORIENTED_EDGE('',*,*,#9337,.T.);
#9337 = EDGE_CURVE('',#9329,#9260,#9338,.T.);
#9338 = LINE('',#9339,#9340);
#9339 = CARTESIAN_POINT('',(146.285,-67.5,-7.5E-02));
#9340 = VECTOR('',#9341,1.);
#9341 = DIRECTION('',(0.,1.,0.));
#9342 = PLANE('',#9343);
#9343 = AXIS2_PLACEMENT_3D('',#9344,#9345,#9346);
#9344 = CARTESIAN_POINT('',(0.,0.,-7.5E-02));
#9345 = DIRECTION('',(-0.,-0.,-1.));
#9346 = DIRECTION('',(-1.,0.,0.));
#9347 = SHELL_BASED_SURFACE_MODEL('',(#9348));
#9348 = OPEN_SHELL('',(#9349));
#9349 = ADVANCED_FACE('',(#9350),#9436,.T.);
#9350 = FACE_BOUND('',#9351,.T.);
#9351 = EDGE_LOOP('',(#9352,#9363,#9371,#9380,#9388,#9397,#9405,#9413,
    #9421,#9430));
#9352 = ORIENTED_EDGE('',*,*,#9353,.T.);
#9353 = EDGE_CURVE('',#9354,#9356,#9358,.T.);
#9354 = VERTEX_POINT('',#9355);
#9355 = CARTESIAN_POINT('',(164.68,-64.555,-7.5E-02));
#9356 = VERTEX_POINT('',#9357);
#9357 = CARTESIAN_POINT('',(164.74,-64.495,-7.5E-02));
#9358 = CIRCLE('',#9359,5.999932016255E-02);
#9359 = AXIS2_PLACEMENT_3D('',#9360,#9361,#9362);
#9360 = CARTESIAN_POINT('',(164.73999932015,-64.55499932015,-7.5E-02));
#9361 = DIRECTION('',(0.,0.,-1.));
#9362 = DIRECTION('',(-0.999999999936,-1.133081706883E-05,-0.));
#9363 = ORIENTED_EDGE('',*,*,#9364,.T.);
#9364 = EDGE_CURVE('',#9356,#9365,#9367,.T.);
#9365 = VERTEX_POINT('',#9366);
#9366 = CARTESIAN_POINT('',(166.66,-64.495,-7.5E-02));
#9367 = LINE('',#9368,#9369);
#9368 = CARTESIAN_POINT('',(164.74,-64.495,-7.5E-02));
#9369 = VECTOR('',#9370,1.);
#9370 = DIRECTION('',(1.,0.,0.));
#9371 = ORIENTED_EDGE('',*,*,#9372,.T.);
#9372 = EDGE_CURVE('',#9365,#9373,#9375,.T.);
#9373 = VERTEX_POINT('',#9374);
#9374 = CARTESIAN_POINT('',(166.72,-64.555,-7.5E-02));
#9375 = CIRCLE('',#9376,5.999932016257E-02);
#9376 = AXIS2_PLACEMENT_3D('',#9377,#9378,#9379);
#9377 = CARTESIAN_POINT('',(166.66000067984,-64.55499932015,-7.5E-02));
#9378 = DIRECTION('',(0.,0.,-1.));
#9379 = DIRECTION('',(-1.133081659513E-05,0.999999999936,0.));
#9380 = ORIENTED_EDGE('',*,*,#9381,.T.);
#9381 = EDGE_CURVE('',#9373,#9382,#9384,.T.);
#9382 = VERTEX_POINT('',#9383);
#9383 = CARTESIAN_POINT('',(166.72,-67.24,-7.5E-02));
#9384 = LINE('',#9385,#9386);
#9385 = CARTESIAN_POINT('',(166.72,-64.555,-7.5E-02));
#9386 = VECTOR('',#9387,1.);
#9387 = DIRECTION('',(0.,-1.,0.));
#9388 = ORIENTED_EDGE('',*,*,#9389,.T.);
#9389 = EDGE_CURVE('',#9382,#9390,#9392,.T.);
#9390 = VERTEX_POINT('',#9391);
#9391 = CARTESIAN_POINT('',(166.6,-67.24,-7.5E-02));
#9392 = CIRCLE('',#9393,6.000000000042E-02);
#9393 = AXIS2_PLACEMENT_3D('',#9394,#9395,#9396);
#9394 = CARTESIAN_POINT('',(166.66,-67.24000022558,-7.5E-02));
#9395 = DIRECTION('',(0.,0.,-1.));
#9396 = DIRECTION('',(0.999999999993,3.759794490531E-06,0.));
#9397 = ORIENTED_EDGE('',*,*,#9398,.T.);
#9398 = EDGE_CURVE('',#9390,#9399,#9401,.T.);
#9399 = VERTEX_POINT('',#9400);
#9400 = CARTESIAN_POINT('',(166.6,-64.615,-7.5E-02));
#9401 = LINE('',#9402,#9403);
#9402 = CARTESIAN_POINT('',(166.6,-67.24,-7.5E-02));
#9403 = VECTOR('',#9404,1.);
#9404 = DIRECTION('',(0.,1.,0.));
#9405 = ORIENTED_EDGE('',*,*,#9406,.T.);
#9406 = EDGE_CURVE('',#9399,#9407,#9409,.T.);
#9407 = VERTEX_POINT('',#9408);
#9408 = CARTESIAN_POINT('',(164.8,-64.615,-7.5E-02));
#9409 = LINE('',#9410,#9411);
#9410 = CARTESIAN_POINT('',(166.6,-64.615,-7.5E-02));
#9411 = VECTOR('',#9412,1.);
#9412 = DIRECTION('',(-1.,0.,0.));
#9413 = ORIENTED_EDGE('',*,*,#9414,.T.);
#9414 = EDGE_CURVE('',#9407,#9415,#9417,.T.);
#9415 = VERTEX_POINT('',#9416);
#9416 = CARTESIAN_POINT('',(164.8,-67.24,-7.5E-02));
#9417 = LINE('',#9418,#9419);
#9418 = CARTESIAN_POINT('',(164.8,-64.615,-7.5E-02));
#9419 = VECTOR('',#9420,1.);
#9420 = DIRECTION('',(0.,-1.,0.));
#9421 = ORIENTED_EDGE('',*,*,#9422,.T.);
#9422 = EDGE_CURVE('',#9415,#9423,#9425,.T.);
#9423 = VERTEX_POINT('',#9424);
#9424 = CARTESIAN_POINT('',(164.68,-67.24,-7.5E-02));
#9425 = CIRCLE('',#9426,6.000000000042E-02);
#9426 = AXIS2_PLACEMENT_3D('',#9427,#9428,#9429);
#9427 = CARTESIAN_POINT('',(164.74,-67.24000022558,-7.5E-02));
#9428 = DIRECTION('',(0.,0.,-1.));
#9429 = DIRECTION('',(0.999999999993,3.759794253684E-06,0.));
#9430 = ORIENTED_EDGE('',*,*,#9431,.T.);
#9431 = EDGE_CURVE('',#9423,#9354,#9432,.T.);
#9432 = LINE('',#9433,#9434);
#9433 = CARTESIAN_POINT('',(164.68,-67.24,-7.5E-02));
#9434 = VECTOR('',#9435,1.);
#9435 = DIRECTION('',(0.,1.,0.));
#9436 = PLANE('',#9437);
#9437 = AXIS2_PLACEMENT_3D('',#9438,#9439,#9440);
#9438 = CARTESIAN_POINT('',(0.,0.,-7.5E-02));
#9439 = DIRECTION('',(-0.,-0.,-1.));
#9440 = DIRECTION('',(-1.,0.,0.));
#9441 = SHELL_BASED_SURFACE_MODEL('',(#9442));
#9442 = OPEN_SHELL('',(#9443));
#9443 = ADVANCED_FACE('',(#9444),#9530,.T.);
#9444 = FACE_BOUND('',#9445,.T.);
#9445 = EDGE_LOOP('',(#9446,#9457,#9465,#9474,#9482,#9491,#9499,#9507,
    #9515,#9524));
#9446 = ORIENTED_EDGE('',*,*,#9447,.T.);
#9447 = EDGE_CURVE('',#9448,#9450,#9452,.T.);
#9448 = VERTEX_POINT('',#9449);
#9449 = CARTESIAN_POINT('',(166.955,-64.555,-7.5E-02));
#9450 = VERTEX_POINT('',#9451);
#9451 = CARTESIAN_POINT('',(167.015,-64.495,-7.5E-02));
#9452 = CIRCLE('',#9453,5.999932016253E-02);
#9453 = AXIS2_PLACEMENT_3D('',#9454,#9455,#9456);
#9454 = CARTESIAN_POINT('',(167.01499932015,-64.55499932015,-7.5E-02));
#9455 = DIRECTION('',(0.,0.,-1.));
#9456 = DIRECTION('',(-0.999999999936,-1.133081706884E-05,-0.));
#9457 = ORIENTED_EDGE('',*,*,#9458,.T.);
#9458 = EDGE_CURVE('',#9450,#9459,#9461,.T.);
#9459 = VERTEX_POINT('',#9460);
#9460 = CARTESIAN_POINT('',(168.935,-64.495,-7.5E-02));
#9461 = LINE('',#9462,#9463);
#9462 = CARTESIAN_POINT('',(167.015,-64.495,-7.5E-02));
#9463 = VECTOR('',#9464,1.);
#9464 = DIRECTION('',(1.,0.,0.));
#9465 = ORIENTED_EDGE('',*,*,#9466,.T.);
#9466 = EDGE_CURVE('',#9459,#9467,#9469,.T.);
#9467 = VERTEX_POINT('',#9468);
#9468 = CARTESIAN_POINT('',(168.995,-64.555,-7.5E-02));
#9469 = CIRCLE('',#9470,5.999932016257E-02);
#9470 = AXIS2_PLACEMENT_3D('',#9471,#9472,#9473);
#9471 = CARTESIAN_POINT('',(168.93500067984,-64.55499932015,-7.5E-02));
#9472 = DIRECTION('',(0.,0.,-1.));
#9473 = DIRECTION('',(-1.133081659513E-05,0.999999999936,0.));
#9474 = ORIENTED_EDGE('',*,*,#9475,.T.);
#9475 = EDGE_CURVE('',#9467,#9476,#9478,.T.);
#9476 = VERTEX_POINT('',#9477);
#9477 = CARTESIAN_POINT('',(168.995,-67.24,-7.5E-02));
#9478 = LINE('',#9479,#9480);
#9479 = CARTESIAN_POINT('',(168.995,-64.555,-7.5E-02));
#9480 = VECTOR('',#9481,1.);
#9481 = DIRECTION('',(0.,-1.,0.));
#9482 = ORIENTED_EDGE('',*,*,#9483,.T.);
#9483 = EDGE_CURVE('',#9476,#9484,#9486,.T.);
#9484 = VERTEX_POINT('',#9485);
#9485 = CARTESIAN_POINT('',(168.875,-67.24,-7.5E-02));
#9486 = CIRCLE('',#9487,6.000000000042E-02);
#9487 = AXIS2_PLACEMENT_3D('',#9488,#9489,#9490);
#9488 = CARTESIAN_POINT('',(168.935,-67.24000022558,-7.5E-02));
#9489 = DIRECTION('',(0.,0.,-1.));
#9490 = DIRECTION('',(0.999999999993,3.759794490531E-06,0.));
#9491 = ORIENTED_EDGE('',*,*,#9492,.T.);
#9492 = EDGE_CURVE('',#9484,#9493,#9495,.T.);
#9493 = VERTEX_POINT('',#9494);
#9494 = CARTESIAN_POINT('',(168.875,-64.615,-7.5E-02));
#9495 = LINE('',#9496,#9497);
#9496 = CARTESIAN_POINT('',(168.875,-67.24,-7.5E-02));
#9497 = VECTOR('',#9498,1.);
#9498 = DIRECTION('',(0.,1.,0.));
#9499 = ORIENTED_EDGE('',*,*,#9500,.T.);
#9500 = EDGE_CURVE('',#9493,#9501,#9503,.T.);
#9501 = VERTEX_POINT('',#9502);
#9502 = CARTESIAN_POINT('',(167.075,-64.615,-7.5E-02));
#9503 = LINE('',#9504,#9505);
#9504 = CARTESIAN_POINT('',(168.875,-64.615,-7.5E-02));
#9505 = VECTOR('',#9506,1.);
#9506 = DIRECTION('',(-1.,0.,0.));
#9507 = ORIENTED_EDGE('',*,*,#9508,.T.);
#9508 = EDGE_CURVE('',#9501,#9509,#9511,.T.);
#9509 = VERTEX_POINT('',#9510);
#9510 = CARTESIAN_POINT('',(167.075,-67.24,-7.5E-02));
#9511 = LINE('',#9512,#9513);
#9512 = CARTESIAN_POINT('',(167.075,-64.615,-7.5E-02));
#9513 = VECTOR('',#9514,1.);
#9514 = DIRECTION('',(0.,-1.,0.));
#9515 = ORIENTED_EDGE('',*,*,#9516,.T.);
#9516 = EDGE_CURVE('',#9509,#9517,#9519,.T.);
#9517 = VERTEX_POINT('',#9518);
#9518 = CARTESIAN_POINT('',(166.955,-67.24,-7.5E-02));
#9519 = CIRCLE('',#9520,6.00000000004E-02);
#9520 = AXIS2_PLACEMENT_3D('',#9521,#9522,#9523);
#9521 = CARTESIAN_POINT('',(167.015,-67.24000022558,-7.5E-02));
#9522 = DIRECTION('',(0.,0.,-1.));
#9523 = DIRECTION('',(0.999999999993,3.759794727381E-06,0.));
#9524 = ORIENTED_EDGE('',*,*,#9525,.T.);
#9525 = EDGE_CURVE('',#9517,#9448,#9526,.T.);
#9526 = LINE('',#9527,#9528);
#9527 = CARTESIAN_POINT('',(166.955,-67.24,-7.5E-02));
#9528 = VECTOR('',#9529,1.);
#9529 = DIRECTION('',(0.,1.,0.));
#9530 = PLANE('',#9531);
#9531 = AXIS2_PLACEMENT_3D('',#9532,#9533,#9534);
#9532 = CARTESIAN_POINT('',(0.,0.,-7.5E-02));
#9533 = DIRECTION('',(-0.,-0.,-1.));
#9534 = DIRECTION('',(-1.,0.,0.));
#9535 = SHELL_BASED_SURFACE_MODEL('',(#9536));
#9536 = OPEN_SHELL('',(#9537));
#9537 = ADVANCED_FACE('',(#9538),#9732,.T.);
#9538 = FACE_BOUND('',#9539,.T.);
#9539 = EDGE_LOOP('',(#9540,#9551,#9559,#9567,#9576,#9584,#9593,#9601,
    #9610,#9618,#9626,#9634,#9643,#9651,#9659,#9667,#9676,#9684,#9693,
    #9701,#9710,#9718,#9726));
#9540 = ORIENTED_EDGE('',*,*,#9541,.T.);
#9541 = EDGE_CURVE('',#9542,#9544,#9546,.T.);
#9542 = VERTEX_POINT('',#9543);
#9543 = CARTESIAN_POINT('',(156.313151,-66.128116,-7.5E-02));
#9544 = VERTEX_POINT('',#9545);
#9545 = CARTESIAN_POINT('',(156.429819,-66.190476,-7.5E-02));
#9546 = CIRCLE('',#9547,7.500000000003E-02);
#9547 = AXIS2_PLACEMENT_3D('',#9548,#9549,#9550);
#9548 = CARTESIAN_POINT('',(156.354819,-66.19047606555,-7.5E-02));
#9549 = DIRECTION('',(0.,0.,-1.));
#9550 = DIRECTION('',(-0.555573333333,0.831467540731,0.));
#9551 = ORIENTED_EDGE('',*,*,#9552,.T.);
#9552 = EDGE_CURVE('',#9544,#9553,#9555,.T.);
#9553 = VERTEX_POINT('',#9554);
#9554 = CARTESIAN_POINT('',(156.429819,-66.64424,-7.5E-02));
#9555 = LINE('',#9556,#9557);
#9556 = CARTESIAN_POINT('',(156.429819,-66.190476,-7.5E-02));
#9557 = VECTOR('',#9558,1.);
#9558 = DIRECTION('',(0.,-1.,0.));
#9559 = ORIENTED_EDGE('',*,*,#9560,.T.);
#9560 = EDGE_CURVE('',#9553,#9561,#9563,.T.);
#9561 = VERTEX_POINT('',#9562);
#9562 = CARTESIAN_POINT('',(156.698344,-66.411196,-7.5E-02));
#9563 = LINE('',#9564,#9565);
#9564 = CARTESIAN_POINT('',(156.429819,-66.64424,-7.5E-02));
#9565 = VECTOR('',#9566,1.);
#9566 = DIRECTION('',(0.755240217926,0.655448101094,0.));
#9567 = ORIENTED_EDGE('',*,*,#9568,.T.);
#9568 = EDGE_CURVE('',#9561,#9569,#9571,.T.);
#9569 = VERTEX_POINT('',#9570);
#9570 = CARTESIAN_POINT('',(156.810771,-66.47619,-7.5E-02));
#9571 = CIRCLE('',#9572,7.49997951392E-02);
#9572 = AXIS2_PLACEMENT_3D('',#9573,#9574,#9575);
#9573 = CARTESIAN_POINT('',(156.73577120486,-66.47618964282,-7.5E-02));
#9574 = DIRECTION('',(0.,0.,-1.));
#9575 = DIRECTION('',(-0.499030761246,0.866584271338,0.));
#9576 = ORIENTED_EDGE('',*,*,#9577,.T.);
#9577 = EDGE_CURVE('',#9569,#9578,#9580,.T.);
#9578 = VERTEX_POINT('',#9579);
#9579 = CARTESIAN_POINT('',(156.810771,-66.601342,-7.5E-02));
#9580 = LINE('',#9581,#9582);
#9581 = CARTESIAN_POINT('',(156.810771,-66.47619,-7.5E-02));
#9582 = VECTOR('',#9583,1.);
#9583 = DIRECTION('',(0.,-1.,0.));
#9584 = ORIENTED_EDGE('',*,*,#9585,.T.);
#9585 = EDGE_CURVE('',#9578,#9586,#9588,.T.);
#9586 = VERTEX_POINT('',#9587);
#9587 = CARTESIAN_POINT('',(156.943952,-66.734523,-7.5E-02));
#9588 = CIRCLE('',#9589,0.18686440374);
#9589 = AXIS2_PLACEMENT_3D('',#9590,#9591,#9592);
#9590 = CARTESIAN_POINT('',(156.991488,-66.553806,-7.5E-02));
#9591 = DIRECTION('',(0.,0.,1.));
#9592 = DIRECTION('',(-0.967102328658,-0.254387668538,0.));
#9593 = ORIENTED_EDGE('',*,*,#9594,.T.);
#9594 = EDGE_CURVE('',#9586,#9595,#9597,.T.);
#9595 = VERTEX_POINT('',#9596);
#9596 = CARTESIAN_POINT('',(157.146637,-66.734523,-7.5E-02));
#9597 = LINE('',#9598,#9599);
#9598 = CARTESIAN_POINT('',(156.943952,-66.734523,-7.5E-02));
#9599 = VECTOR('',#9600,1.);
#9600 = DIRECTION('',(1.,0.,0.));
#9601 = ORIENTED_EDGE('',*,*,#9602,.T.);
#9602 = EDGE_CURVE('',#9595,#9603,#9605,.T.);
#9603 = VERTEX_POINT('',#9604);
#9604 = CARTESIAN_POINT('',(157.279819,-66.601342,-7.5E-02));
#9605 = CIRCLE('',#9606,0.186872595955);
#9606 = AXIS2_PLACEMENT_3D('',#9607,#9608,#9609);
#9607 = CARTESIAN_POINT('',(157.09909536766,-66.55379901068,-7.5E-02));
#9608 = DIRECTION('',(0.,0.,1.));
#9609 = DIRECTION('',(0.254406656561,-0.967097333828,0.));
#9610 = ORIENTED_EDGE('',*,*,#9611,.T.);
#9611 = EDGE_CURVE('',#9603,#9612,#9614,.T.);
#9612 = VERTEX_POINT('',#9613);
#9613 = CARTESIAN_POINT('',(157.279819,-66.351038,-7.5E-02));
#9614 = LINE('',#9615,#9616);
#9615 = CARTESIAN_POINT('',(157.279819,-66.601342,-7.5E-02));
#9616 = VECTOR('',#9617,1.);
#9617 = DIRECTION('',(0.,1.,0.));
#9618 = ORIENTED_EDGE('',*,*,#9619,.T.);
#9619 = EDGE_CURVE('',#9612,#9620,#9622,.T.);
#9620 = VERTEX_POINT('',#9621);
#9621 = CARTESIAN_POINT('',(157.245561,-66.282522,-7.5E-02));
#9622 = LINE('',#9623,#9624);
#9623 = CARTESIAN_POINT('',(157.279819,-66.351038,-7.5E-02));
#9624 = VECTOR('',#9625,1.);
#9625 = DIRECTION('',(-0.4472135955,0.894427191,0.));
#9626 = ORIENTED_EDGE('',*,*,#9627,.T.);
#9627 = EDGE_CURVE('',#9620,#9628,#9630,.T.);
#9628 = VERTEX_POINT('',#9629);
#9629 = CARTESIAN_POINT('',(157.19722,-66.232144,-7.5E-02));
#9630 = LINE('',#9631,#9632);
#9631 = CARTESIAN_POINT('',(157.245561,-66.282522,-7.5E-02));
#9632 = VECTOR('',#9633,1.);
#9633 = DIRECTION('',(-0.692368728451,0.721543861358,0.));
#9634 = ORIENTED_EDGE('',*,*,#9635,.T.);
#9635 = EDGE_CURVE('',#9628,#9636,#9638,.T.);
#9636 = VERTEX_POINT('',#9637);
#9637 = CARTESIAN_POINT('',(157.312612,-66.137442,-7.5E-02));
#9638 = CIRCLE('',#9639,7.499993690527E-02);
#9639 = AXIS2_PLACEMENT_3D('',#9640,#9641,#9642);
#9640 = CARTESIAN_POINT('',(157.25957982375,-66.19047575169,-7.5E-02));
#9641 = DIRECTION('',(0.,0.,-1.));
#9642 = DIRECTION('',(-0.831465016204,-0.555577111506,-0.));
#9643 = ORIENTED_EDGE('',*,*,#9644,.T.);
#9644 = EDGE_CURVE('',#9636,#9645,#9647,.T.);
#9645 = VERTEX_POINT('',#9646);
#9646 = CARTESIAN_POINT('',(157.374282,-66.204554,-7.5E-02));
#9647 = LINE('',#9648,#9649);
#9648 = CARTESIAN_POINT('',(157.312612,-66.137442,-7.5E-02));
#9649 = VECTOR('',#9650,1.);
#9650 = DIRECTION('',(0.676622395426,-0.73633018002,0.));
#9651 = ORIENTED_EDGE('',*,*,#9652,.T.);
#9652 = EDGE_CURVE('',#9645,#9653,#9655,.T.);
#9653 = VERTEX_POINT('',#9654);
#9654 = CARTESIAN_POINT('',(157.428378,-66.318701,-7.5E-02));
#9655 = LINE('',#9656,#9657);
#9656 = CARTESIAN_POINT('',(157.374282,-66.204554,-7.5E-02));
#9657 = VECTOR('',#9658,1.);
#9658 = DIRECTION('',(0.428256830769,-0.903657062662,0.));
#9659 = ORIENTED_EDGE('',*,*,#9660,.T.);
#9660 = EDGE_CURVE('',#9653,#9661,#9663,.T.);
#9661 = VERTEX_POINT('',#9662);
#9662 = CARTESIAN_POINT('',(157.427156,-66.638857,-7.5E-02));
#9663 = LINE('',#9664,#9665);
#9664 = CARTESIAN_POINT('',(157.428378,-66.318701,-7.5E-02));
#9665 = VECTOR('',#9666,1.);
#9666 = DIRECTION('',(-3.816861463376E-03,-0.999992715758,0.));
#9667 = ORIENTED_EDGE('',*,*,#9668,.T.);
#9668 = EDGE_CURVE('',#9661,#9669,#9671,.T.);
#9669 = VERTEX_POINT('',#9670);
#9670 = CARTESIAN_POINT('',(157.178974,-66.883082,-7.5E-02));
#9671 = CIRCLE('',#9672,0.348632713765);
#9672 = AXIS2_PLACEMENT_3D('',#9673,#9674,#9675);
#9673 = CARTESIAN_POINT('',(157.09120597394,-66.54567787627,-7.5E-02));
#9674 = DIRECTION('',(0.,0.,-1.));
#9675 = DIRECTION('',(0.963621636162,-0.267270167283,0.));
#9676 = ORIENTED_EDGE('',*,*,#9677,.T.);
#9677 = EDGE_CURVE('',#9669,#9678,#9680,.T.);
#9678 = VERTEX_POINT('',#9679);
#9679 = CARTESIAN_POINT('',(156.906437,-66.88186,-7.5E-02));
#9680 = LINE('',#9681,#9682);
#9681 = CARTESIAN_POINT('',(157.178974,-66.883082,-7.5E-02));
#9682 = VECTOR('',#9683,1.);
#9683 = DIRECTION('',(-0.999989947943,4.483749789516E-03,0.));
#9684 = ORIENTED_EDGE('',*,*,#9685,.T.);
#9685 = EDGE_CURVE('',#9678,#9686,#9688,.T.);
#9686 = VERTEX_POINT('',#9687);
#9687 = CARTESIAN_POINT('',(156.663516,-66.63907,-7.5E-02));
#9688 = CIRCLE('',#9689,0.349074120732);
#9689 = AXIS2_PLACEMENT_3D('',#9690,#9691,#9692);
#9690 = CARTESIAN_POINT('',(156.99981774426,-66.54550783579,-7.5E-02));
#9691 = DIRECTION('',(0.,0.,-1.));
#9692 = DIRECTION('',(-0.267509788656,-0.963555142674,-0.));
#9693 = ORIENTED_EDGE('',*,*,#9694,.T.);
#9694 = EDGE_CURVE('',#9686,#9695,#9697,.T.);
#9695 = VERTEX_POINT('',#9696);
#9696 = CARTESIAN_POINT('',(156.392246,-66.874517,-7.5E-02));
#9697 = LINE('',#9698,#9699);
#9698 = CARTESIAN_POINT('',(156.663516,-66.63907,-7.5E-02));
#9699 = VECTOR('',#9700,1.);
#9700 = DIRECTION('',(-0.755211683095,-0.655480978913,0.));
#9701 = ORIENTED_EDGE('',*,*,#9702,.T.);
#9702 = EDGE_CURVE('',#9695,#9703,#9705,.T.);
#9703 = VERTEX_POINT('',#9704);
#9704 = CARTESIAN_POINT('',(156.279819,-66.809523,-7.5E-02));
#9705 = CIRCLE('',#9706,7.499979513924E-02);
#9706 = AXIS2_PLACEMENT_3D('',#9707,#9708,#9709);
#9707 = CARTESIAN_POINT('',(156.35481879513,-66.80952335717,-7.5E-02));
#9708 = DIRECTION('',(-0.,0.,-1.));
#9709 = DIRECTION('',(0.499030761246,-0.866584271338,-0.));
#9710 = ORIENTED_EDGE('',*,*,#9711,.T.);
#9711 = EDGE_CURVE('',#9703,#9712,#9714,.T.);
#9712 = VERTEX_POINT('',#9713);
#9713 = CARTESIAN_POINT('',(156.28126,-66.175844,-7.5E-02));
#9714 = LINE('',#9715,#9716);
#9715 = CARTESIAN_POINT('',(156.279819,-66.809523,-7.5E-02));
#9716 = VECTOR('',#9717,1.);
#9717 = DIRECTION('',(2.274016140951E-03,0.999997414422,0.));
#9718 = ORIENTED_EDGE('',*,*,#9719,.T.);
#9719 = EDGE_CURVE('',#9712,#9720,#9722,.T.);
#9720 = VERTEX_POINT('',#9721);
#9721 = CARTESIAN_POINT('',(156.292459,-66.148808,-7.5E-02));
#9722 = LINE('',#9723,#9724);
#9723 = CARTESIAN_POINT('',(156.28126,-66.175844,-7.5E-02));
#9724 = VECTOR('',#9725,1.);
#9725 = DIRECTION('',(0.38269282806,0.923875640631,0.));
#9726 = ORIENTED_EDGE('',*,*,#9727,.T.);
#9727 = EDGE_CURVE('',#9720,#9542,#9728,.T.);
#9728 = LINE('',#9729,#9730);
#9729 = CARTESIAN_POINT('',(156.292459,-66.148808,-7.5E-02));
#9730 = VECTOR('',#9731,1.);
#9731 = DIRECTION('',(0.707106781187,0.707106781187,0.));
#9732 = PLANE('',#9733);
#9733 = AXIS2_PLACEMENT_3D('',#9734,#9735,#9736);
#9734 = CARTESIAN_POINT('',(0.,0.,-7.5E-02));
#9735 = DIRECTION('',(-0.,-0.,-1.));
#9736 = DIRECTION('',(-1.,0.,0.));
#9737 = SHELL_BASED_SURFACE_MODEL('',(#9738));
#9738 = OPEN_SHELL('',(#9739));
#9739 = ADVANCED_FACE('',(#9740),#9946,.T.);
#9740 = FACE_BOUND('',#9741,.T.);
#9741 = EDGE_LOOP('',(#9742,#9753,#9761,#9769,#9777,#9785,#9793,#9801,
    #9809,#9817,#9825,#9833,#9841,#9849,#9857,#9865,#9874,#9882,#9890,
    #9898,#9907,#9915,#9924,#9932,#9940));
#9742 = ORIENTED_EDGE('',*,*,#9743,.T.);
#9743 = EDGE_CURVE('',#9744,#9746,#9748,.T.);
#9744 = VERTEX_POINT('',#9745);
#9745 = CARTESIAN_POINT('',(167.778516,-66.131275,-7.5E-02));
#9746 = VERTEX_POINT('',#9747);
#9747 = CARTESIAN_POINT('',(167.778516,-66.073533,-7.5E-02));
#9748 = CIRCLE('',#9749,3.124983715159E-02);
#9749 = AXIS2_PLACEMENT_3D('',#9750,#9751,#9752);
#9750 = CARTESIAN_POINT('',(167.790475,-66.102404,-7.5E-02));
#9751 = DIRECTION('',(0.,0.,-1.));
#9752 = DIRECTION('',(-0.382689994255,-0.92387681446,-0.));
#9753 = ORIENTED_EDGE('',*,*,#9754,.T.);
#9754 = EDGE_CURVE('',#9746,#9755,#9757,.T.);
#9755 = VERTEX_POINT('',#9756);
#9756 = CARTESIAN_POINT('',(167.916998,-66.072641,-7.5E-02));
#9757 = LINE('',#9758,#9759);
#9758 = CARTESIAN_POINT('',(167.778516,-66.073533,-7.5E-02));
#9759 = VECTOR('',#9760,1.);
#9760 = DIRECTION('',(0.999979255664,6.441136725677E-03,0.));
#9761 = ORIENTED_EDGE('',*,*,#9762,.T.);
#9762 = EDGE_CURVE('',#9755,#9763,#9765,.T.);
#9763 = VERTEX_POINT('',#9764);
#9764 = CARTESIAN_POINT('',(167.938394,-66.092002,-7.5E-02));
#9765 = LINE('',#9766,#9767);
#9766 = CARTESIAN_POINT('',(167.916998,-66.072641,-7.5E-02));
#9767 = VECTOR('',#9768,1.);
#9768 = DIRECTION('',(0.741488979438,-0.670965046312,0.));
#9769 = ORIENTED_EDGE('',*,*,#9770,.T.);
#9770 = EDGE_CURVE('',#9763,#9771,#9773,.T.);
#9771 = VERTEX_POINT('',#9772);
#9772 = CARTESIAN_POINT('',(167.951345,-66.230479,-7.5E-02));
#9773 = LINE('',#9774,#9775);
#9774 = CARTESIAN_POINT('',(167.938394,-66.092002,-7.5E-02));
#9775 = VECTOR('',#9776,1.);
#9776 = DIRECTION('',(9.311819796545E-02,-0.995655061358,0.));
#9777 = ORIENTED_EDGE('',*,*,#9778,.T.);
#9778 = EDGE_CURVE('',#9771,#9779,#9781,.T.);
#9779 = VERTEX_POINT('',#9780);
#9780 = CARTESIAN_POINT('',(167.933385,-66.250324,-7.5E-02));
#9781 = LINE('',#9782,#9783);
#9782 = CARTESIAN_POINT('',(167.951345,-66.230479,-7.5E-02));
#9783 = VECTOR('',#9784,1.);
#9784 = DIRECTION('',(-0.6710160389,-0.741442833628,0.));
#9785 = ORIENTED_EDGE('',*,*,#9786,.T.);
#9786 = EDGE_CURVE('',#9779,#9787,#9789,.T.);
#9787 = VERTEX_POINT('',#9788);
#9788 = CARTESIAN_POINT('',(167.909468,-66.250323,-7.5E-02));
#9789 = LINE('',#9790,#9791);
#9790 = CARTESIAN_POINT('',(167.933385,-66.250324,-7.5E-02));
#9791 = VECTOR('',#9792,1.);
#9792 = DIRECTION('',(-0.999999999126,4.18112644066E-05,0.));
#9793 = ORIENTED_EDGE('',*,*,#9794,.T.);
#9794 = EDGE_CURVE('',#9787,#9795,#9797,.T.);
#9795 = VERTEX_POINT('',#9796);
#9796 = CARTESIAN_POINT('',(167.878336,-66.228892,-7.5E-02));
#9797 = LINE('',#9798,#9799);
#9798 = CARTESIAN_POINT('',(167.909468,-66.250323,-7.5E-02));
#9799 = VECTOR('',#9800,1.);
#9800 = DIRECTION('',(-0.823699008884,0.567027285731,0.));
#9801 = ORIENTED_EDGE('',*,*,#9802,.T.);
#9802 = EDGE_CURVE('',#9795,#9803,#9805,.T.);
#9803 = VERTEX_POINT('',#9804);
#9804 = CARTESIAN_POINT('',(167.833567,-66.228892,-7.5E-02));
#9805 = LINE('',#9806,#9807);
#9806 = CARTESIAN_POINT('',(167.878336,-66.228892,-7.5E-02));
#9807 = VECTOR('',#9808,1.);
#9808 = DIRECTION('',(-1.,0.,0.));
#9809 = ORIENTED_EDGE('',*,*,#9810,.T.);
#9810 = EDGE_CURVE('',#9803,#9811,#9813,.T.);
#9811 = VERTEX_POINT('',#9812);
#9812 = CARTESIAN_POINT('',(167.816157,-66.239963,-7.5E-02));
#9813 = LINE('',#9814,#9815);
#9814 = CARTESIAN_POINT('',(167.833567,-66.228892,-7.5E-02));
#9815 = VECTOR('',#9816,1.);
#9816 = DIRECTION('',(-0.843839064878,-0.536596340452,0.));
#9817 = ORIENTED_EDGE('',*,*,#9818,.T.);
#9818 = EDGE_CURVE('',#9811,#9819,#9821,.T.);
#9819 = VERTEX_POINT('',#9820);
#9820 = CARTESIAN_POINT('',(167.80982,-66.252638,-7.5E-02));
#9821 = LINE('',#9822,#9823);
#9822 = CARTESIAN_POINT('',(167.816157,-66.239963,-7.5E-02));
#9823 = VECTOR('',#9824,1.);
#9824 = DIRECTION('',(-0.447185368333,-0.894441304027,0.));
#9825 = ORIENTED_EDGE('',*,*,#9826,.T.);
#9826 = EDGE_CURVE('',#9819,#9827,#9829,.T.);
#9827 = VERTEX_POINT('',#9828);
#9828 = CARTESIAN_POINT('',(167.80982,-66.297407,-7.5E-02));
#9829 = LINE('',#9830,#9831);
#9830 = CARTESIAN_POINT('',(167.80982,-66.252638,-7.5E-02));
#9831 = VECTOR('',#9832,1.);
#9832 = DIRECTION('',(0.,-1.,0.));
#9833 = ORIENTED_EDGE('',*,*,#9834,.T.);
#9834 = EDGE_CURVE('',#9827,#9835,#9837,.T.);
#9835 = VERTEX_POINT('',#9836);
#9836 = CARTESIAN_POINT('',(167.82089,-66.314816,-7.5E-02));
#9837 = LINE('',#9838,#9839);
#9838 = CARTESIAN_POINT('',(167.80982,-66.297407,-7.5E-02));
#9839 = VECTOR('',#9840,1.);
#9840 = DIRECTION('',(0.536583773406,-0.843847056117,0.));
#9841 = ORIENTED_EDGE('',*,*,#9842,.T.);
#9842 = EDGE_CURVE('',#9835,#9843,#9845,.T.);
#9843 = VERTEX_POINT('',#9844);
#9844 = CARTESIAN_POINT('',(167.833566,-66.321154,-7.5E-02));
#9845 = LINE('',#9846,#9847);
#9846 = CARTESIAN_POINT('',(167.82089,-66.314816,-7.5E-02));
#9847 = VECTOR('',#9848,1.);
#9848 = DIRECTION('',(0.894427191,-0.447213595501,0.));
#9849 = ORIENTED_EDGE('',*,*,#9850,.T.);
#9850 = EDGE_CURVE('',#9843,#9851,#9853,.T.);
#9851 = VERTEX_POINT('',#9852);
#9852 = CARTESIAN_POINT('',(167.878338,-66.321154,-7.5E-02));
#9853 = LINE('',#9854,#9855);
#9854 = CARTESIAN_POINT('',(167.833566,-66.321154,-7.5E-02));
#9855 = VECTOR('',#9856,1.);
#9856 = DIRECTION('',(1.,0.,0.));
#9857 = ORIENTED_EDGE('',*,*,#9858,.T.);
#9858 = EDGE_CURVE('',#9851,#9859,#9861,.T.);
#9859 = VERTEX_POINT('',#9860);
#9860 = CARTESIAN_POINT('',(167.909468,-66.299724,-7.5E-02));
#9861 = LINE('',#9862,#9863);
#9862 = CARTESIAN_POINT('',(167.878338,-66.321154,-7.5E-02));
#9863 = VECTOR('',#9864,1.);
#9864 = DIRECTION('',(0.823694352454,0.567034049891,0.));
#9865 = ORIENTED_EDGE('',*,*,#9866,.T.);
#9866 = EDGE_CURVE('',#9859,#9867,#9869,.T.);
#9867 = VERTEX_POINT('',#9868);
#9868 = CARTESIAN_POINT('',(167.950299,-66.340552,-7.5E-02));
#9869 = CIRCLE('',#9870,3.124956656236E-02);
#9870 = AXIS2_PLACEMENT_3D('',#9871,#9872,#9873);
#9871 = CARTESIAN_POINT('',(167.92142770712,-66.32859441419,-7.5E-02));
#9872 = DIRECTION('',(0.,0.,-1.));
#9873 = DIRECTION('',(-0.382715936412,0.923866068224,0.));
#9874 = ORIENTED_EDGE('',*,*,#9875,.T.);
#9875 = EDGE_CURVE('',#9867,#9876,#9878,.T.);
#9876 = VERTEX_POINT('',#9877);
#9877 = CARTESIAN_POINT('',(167.923498,-66.368451,-7.5E-02));
#9878 = LINE('',#9879,#9880);
#9879 = CARTESIAN_POINT('',(167.950299,-66.340552,-7.5E-02));
#9880 = VECTOR('',#9881,1.);
#9881 = DIRECTION('',(-0.692773381903,-0.721155351729,0.));
#9882 = ORIENTED_EDGE('',*,*,#9883,.T.);
#9883 = EDGE_CURVE('',#9876,#9884,#9886,.T.);
#9884 = VERTEX_POINT('',#9885);
#9885 = CARTESIAN_POINT('',(167.885713,-66.383654,-7.5E-02));
#9886 = LINE('',#9887,#9888);
#9887 = CARTESIAN_POINT('',(167.923498,-66.368451,-7.5E-02));
#9888 = VECTOR('',#9889,1.);
#9889 = DIRECTION('',(-0.927721268025,-0.373273691618,0.));
#9890 = ORIENTED_EDGE('',*,*,#9891,.T.);
#9891 = EDGE_CURVE('',#9884,#9892,#9894,.T.);
#9892 = VERTEX_POINT('',#9893);
#9893 = CARTESIAN_POINT('',(167.812214,-66.380355,-7.5E-02));
#9894 = LINE('',#9895,#9896);
#9895 = CARTESIAN_POINT('',(167.885713,-66.383654,-7.5E-02));
#9896 = VECTOR('',#9897,1.);
#9897 = DIRECTION('',(-0.998994189504,4.483981865314E-02,0.));
#9898 = ORIENTED_EDGE('',*,*,#9899,.T.);
#9899 = EDGE_CURVE('',#9892,#9900,#9902,.T.);
#9900 = VERTEX_POINT('',#9901);
#9901 = CARTESIAN_POINT('',(167.74732,-66.304785,-7.5E-02));
#9902 = CIRCLE('',#9903,9.606229087747E-02);
#9903 = AXIS2_PLACEMENT_3D('',#9904,#9905,#9906);
#9904 = CARTESIAN_POINT('',(167.84208570356,-66.28905524614,-7.5E-02));
#9905 = DIRECTION('',(0.,0.,-1.));
#9906 = DIRECTION('',(-0.310961807095,-0.950422408473,-0.));
#9907 = ORIENTED_EDGE('',*,*,#9908,.T.);
#9908 = EDGE_CURVE('',#9900,#9909,#9911,.T.);
#9909 = VERTEX_POINT('',#9910);
#9910 = CARTESIAN_POINT('',(167.750619,-66.231285,-7.5E-02));
#9911 = LINE('',#9912,#9913);
#9912 = CARTESIAN_POINT('',(167.74732,-66.304785,-7.5E-02));
#9913 = VECTOR('',#9914,1.);
#9914 = DIRECTION('',(4.483920981397E-02,0.998994216832,0.));
#9915 = ORIENTED_EDGE('',*,*,#9916,.T.);
#9916 = EDGE_CURVE('',#9909,#9917,#9919,.T.);
#9917 = VERTEX_POINT('',#9918);
#9918 = CARTESIAN_POINT('',(167.826189,-66.166392,-7.5E-02));
#9919 = CIRCLE('',#9920,9.606873974571E-02);
#9920 = AXIS2_PLACEMENT_3D('',#9921,#9922,#9923);
#9921 = CARTESIAN_POINT('',(167.84192332103,-66.26116348251,-7.5E-02));
#9922 = DIRECTION('',(0.,0.,-1.));
#9923 = DIRECTION('',(-0.950406149522,0.311011496494,0.));
#9924 = ORIENTED_EDGE('',*,*,#9925,.T.);
#9925 = EDGE_CURVE('',#9917,#9926,#9928,.T.);
#9926 = VERTEX_POINT('',#9927);
#9927 = CARTESIAN_POINT('',(167.884515,-66.166392,-7.5E-02));
#9928 = LINE('',#9929,#9930);
#9929 = CARTESIAN_POINT('',(167.826189,-66.166392,-7.5E-02));
#9930 = VECTOR('',#9931,1.);
#9931 = DIRECTION('',(1.,0.,0.));
#9932 = ORIENTED_EDGE('',*,*,#9933,.T.);
#9933 = EDGE_CURVE('',#9926,#9934,#9936,.T.);
#9934 = VERTEX_POINT('',#9935);
#9935 = CARTESIAN_POINT('',(167.881242,-66.133654,-7.5E-02));
#9936 = LINE('',#9937,#9938);
#9937 = CARTESIAN_POINT('',(167.884515,-66.166392,-7.5E-02));
#9938 = VECTOR('',#9939,1.);
#9939 = DIRECTION('',(-9.947964451669E-02,0.995039597366,0.));
#9940 = ORIENTED_EDGE('',*,*,#9941,.T.);
#9941 = EDGE_CURVE('',#9934,#9744,#9942,.T.);
#9942 = LINE('',#9943,#9944);
#9943 = CARTESIAN_POINT('',(167.881242,-66.133654,-7.5E-02));
#9944 = VECTOR('',#9945,1.);
#9945 = DIRECTION('',(-0.999731945265,2.315248620398E-02,0.));
#9946 = PLANE('',#9947);
#9947 = AXIS2_PLACEMENT_3D('',#9948,#9949,#9950);
#9948 = CARTESIAN_POINT('',(0.,0.,-7.5E-02));
#9949 = DIRECTION('',(-0.,-0.,-1.));
#9950 = DIRECTION('',(-1.,0.,0.));
#9951 = SHELL_BASED_SURFACE_MODEL('',(#9952));
#9952 = OPEN_SHELL('',(#9953));
#9953 = ADVANCED_FACE('',(#9954,#10053),#10120,.T.);
#9954 = FACE_BOUND('',#9955,.T.);
#9955 = EDGE_LOOP('',(#9956,#9966,#9974,#9982,#9990,#9998,#10006,#10014,
    #10022,#10030,#10039,#10047));
#9956 = ORIENTED_EDGE('',*,*,#9957,.T.);
#9957 = EDGE_CURVE('',#9958,#9960,#9962,.T.);
#9958 = VERTEX_POINT('',#9959);
#9959 = CARTESIAN_POINT('',(165.743378,-66.116022,-7.5E-02));
#9960 = VERTEX_POINT('',#9961);
#9961 = CARTESIAN_POINT('',(165.779403,-66.084663,-7.5E-02));
#9962 = LINE('',#9963,#9964);
#9963 = CARTESIAN_POINT('',(165.743378,-66.116022,-7.5E-02));
#9964 = VECTOR('',#9965,1.);
#9965 = DIRECTION('',(0.754264203918,0.656571024862,0.));
#9966 = ORIENTED_EDGE('',*,*,#9967,.T.);
#9967 = EDGE_CURVE('',#9960,#9968,#9970,.T.);
#9968 = VERTEX_POINT('',#9969);
#9969 = CARTESIAN_POINT('',(165.824999,-66.071154,-7.5E-02));
#9970 = LINE('',#9971,#9972);
#9971 = CARTESIAN_POINT('',(165.779403,-66.084663,-7.5E-02));
#9972 = VECTOR('',#9973,1.);
#9973 = DIRECTION('',(0.958803416005,0.28407043045,0.));
#9974 = ORIENTED_EDGE('',*,*,#9975,.T.);
#9975 = EDGE_CURVE('',#9968,#9976,#9978,.T.);
#9976 = VERTEX_POINT('',#9977);
#9977 = CARTESIAN_POINT('',(165.896482,-66.073533,-7.5E-02));
#9978 = LINE('',#9979,#9980);
#9979 = CARTESIAN_POINT('',(165.824999,-66.071154,-7.5E-02));
#9980 = VECTOR('',#9981,1.);
#9981 = DIRECTION('',(0.999446659114,-3.326222461316E-02,0.));
#9982 = ORIENTED_EDGE('',*,*,#9983,.T.);
#9983 = EDGE_CURVE('',#9976,#9984,#9986,.T.);
#9984 = VERTEX_POINT('',#9985);
#9985 = CARTESIAN_POINT('',(165.913394,-66.090445,-7.5E-02));
#9986 = LINE('',#9987,#9988);
#9987 = CARTESIAN_POINT('',(165.896482,-66.073533,-7.5E-02));
#9988 = VECTOR('',#9989,1.);
#9989 = DIRECTION('',(0.707106781187,-0.707106781186,0.));
#9990 = ORIENTED_EDGE('',*,*,#9991,.T.);
#9991 = EDGE_CURVE('',#9984,#9992,#9994,.T.);
#9992 = VERTEX_POINT('',#9993);
#9993 = CARTESIAN_POINT('',(165.913394,-66.364363,-7.5E-02));
#9994 = LINE('',#9995,#9996);
#9995 = CARTESIAN_POINT('',(165.913394,-66.090445,-7.5E-02));
#9996 = VECTOR('',#9997,1.);
#9997 = DIRECTION('',(0.,-1.,0.));
#9998 = ORIENTED_EDGE('',*,*,#9999,.T.);
#9999 = EDGE_CURVE('',#9992,#10000,#10002,.T.);
#10000 = VERTEX_POINT('',#10001);
#10001 = CARTESIAN_POINT('',(165.896482,-66.381275,-7.5E-02));
#10002 = LINE('',#10003,#10004);
#10003 = CARTESIAN_POINT('',(165.913394,-66.364363,-7.5E-02));
#10004 = VECTOR('',#10005,1.);
#10005 = DIRECTION('',(-0.707106781187,-0.707106781186,0.));
#10006 = ORIENTED_EDGE('',*,*,#10007,.T.);
#10007 = EDGE_CURVE('',#10000,#10008,#10010,.T.);
#10008 = VERTEX_POINT('',#10009);
#10009 = CARTESIAN_POINT('',(165.815118,-66.382051,-7.5E-02));
#10010 = LINE('',#10011,#10012);
#10011 = CARTESIAN_POINT('',(165.896482,-66.381275,-7.5E-02));
#10012 = VECTOR('',#10013,1.);
#10013 = DIRECTION('',(-0.999954522222,-9.536953803234E-03,0.));
#10014 = ORIENTED_EDGE('',*,*,#10015,.T.);
#10015 = EDGE_CURVE('',#10008,#10016,#10018,.T.);
#10016 = VERTEX_POINT('',#10017);
#10017 = CARTESIAN_POINT('',(165.767188,-66.362597,-7.5E-02));
#10018 = LINE('',#10019,#10020);
#10019 = CARTESIAN_POINT('',(165.815118,-66.382051,-7.5E-02));
#10020 = VECTOR('',#10021,1.);
#10021 = DIRECTION('',(-0.926584921834,0.376085605453,0.));
#10022 = ORIENTED_EDGE('',*,*,#10023,.T.);
#10023 = EDGE_CURVE('',#10016,#10024,#10026,.T.);
#10024 = VERTEX_POINT('',#10025);
#10025 = CARTESIAN_POINT('',(165.737524,-66.330665,-7.5E-02));
#10026 = LINE('',#10027,#10028);
#10027 = CARTESIAN_POINT('',(165.767188,-66.362597,-7.5E-02));
#10028 = VECTOR('',#10029,1.);
#10029 = DIRECTION('',(-0.680609491051,0.73264638175,0.));
#10030 = ORIENTED_EDGE('',*,*,#10031,.T.);
#10031 = EDGE_CURVE('',#10024,#10032,#10034,.T.);
#10032 = VERTEX_POINT('',#10033);
#10033 = CARTESIAN_POINT('',(165.711349,-66.201968,-7.5E-02));
#10034 = CIRCLE('',#10035,0.208074940711);
#10035 = AXIS2_PLACEMENT_3D('',#10036,#10037,#10038);
#10036 = CARTESIAN_POINT('',(165.91791691547,-66.22696554484,-7.5E-02));
#10037 = DIRECTION('',(0.,0.,-1.));
#10038 = DIRECTION('',(-0.866961272982,-0.49837551219,-0.));
#10039 = ORIENTED_EDGE('',*,*,#10040,.T.);
#10040 = EDGE_CURVE('',#10032,#10041,#10043,.T.);
#10041 = VERTEX_POINT('',#10042);
#10042 = CARTESIAN_POINT('',(165.725619,-66.147952,-7.5E-02));
#10043 = LINE('',#10044,#10045);
#10044 = CARTESIAN_POINT('',(165.711349,-66.201968,-7.5E-02));
#10045 = VECTOR('',#10046,1.);
#10046 = DIRECTION('',(0.255418271986,0.966830650288,0.));
#10047 = ORIENTED_EDGE('',*,*,#10048,.T.);
#10048 = EDGE_CURVE('',#10041,#9958,#10049,.T.);
#10049 = LINE('',#10050,#10051);
#10050 = CARTESIAN_POINT('',(165.725619,-66.147952,-7.5E-02));
#10051 = VECTOR('',#10052,1.);
#10052 = DIRECTION('',(0.486063494764,0.873923497257,0.));
#10053 = FACE_BOUND('',#10054,.T.);
#10054 = EDGE_LOOP('',(#10055,#10065,#10073,#10081,#10089,#10098,#10106,
    #10114));
#10055 = ORIENTED_EDGE('',*,*,#10056,.T.);
#10056 = EDGE_CURVE('',#10057,#10059,#10061,.T.);
#10057 = VERTEX_POINT('',#10058);
#10058 = CARTESIAN_POINT('',(165.853273,-66.321154,-7.5E-02));
#10059 = VERTEX_POINT('',#10060);
#10060 = CARTESIAN_POINT('',(165.853273,-66.133654,-7.5E-02));
#10061 = LINE('',#10062,#10063);
#10062 = CARTESIAN_POINT('',(165.853273,-66.321154,-7.5E-02));
#10063 = VECTOR('',#10064,1.);
#10064 = DIRECTION('',(0.,1.,0.));
#10065 = ORIENTED_EDGE('',*,*,#10066,.T.);
#10066 = EDGE_CURVE('',#10059,#10067,#10069,.T.);
#10067 = VERTEX_POINT('',#10068);
#10068 = CARTESIAN_POINT('',(165.830069,-66.133654,-7.5E-02));
#10069 = LINE('',#10070,#10071);
#10070 = CARTESIAN_POINT('',(165.853273,-66.133654,-7.5E-02));
#10071 = VECTOR('',#10072,1.);
#10072 = DIRECTION('',(-1.,0.,0.));
#10073 = ORIENTED_EDGE('',*,*,#10074,.T.);
#10074 = EDGE_CURVE('',#10067,#10075,#10077,.T.);
#10075 = VERTEX_POINT('',#10076);
#10076 = CARTESIAN_POINT('',(165.806166,-66.141621,-7.5E-02));
#10077 = LINE('',#10078,#10079);
#10078 = CARTESIAN_POINT('',(165.830069,-66.133654,-7.5E-02));
#10079 = VECTOR('',#10080,1.);
#10080 = DIRECTION('',(-0.948691235594,-0.31620395239,0.));
#10081 = ORIENTED_EDGE('',*,*,#10082,.T.);
#10082 = EDGE_CURVE('',#10075,#10083,#10085,.T.);
#10083 = VERTEX_POINT('',#10084);
#10084 = CARTESIAN_POINT('',(165.791157,-66.15663,-7.5E-02));
#10085 = LINE('',#10086,#10087);
#10086 = CARTESIAN_POINT('',(165.806166,-66.141621,-7.5E-02));
#10087 = VECTOR('',#10088,1.);
#10088 = DIRECTION('',(-0.707106781186,-0.707106781187,0.));
#10089 = ORIENTED_EDGE('',*,*,#10090,.T.);
#10090 = EDGE_CURVE('',#10083,#10091,#10093,.T.);
#10091 = VERTEX_POINT('',#10092);
#10092 = CARTESIAN_POINT('',(165.791158,-66.298179,-7.5E-02));
#10093 = CIRCLE('',#10094,0.141732059128);
#10094 = AXIS2_PLACEMENT_3D('',#10095,#10096,#10097);
#10095 = CARTESIAN_POINT('',(165.91395386286,-66.22740363248,-7.5E-02));
#10096 = DIRECTION('',(0.,0.,1.));
#10097 = DIRECTION('',(-0.866401459364,0.499348086221,0.));
#10098 = ORIENTED_EDGE('',*,*,#10099,.T.);
#10099 = EDGE_CURVE('',#10091,#10100,#10102,.T.);
#10100 = VERTEX_POINT('',#10101);
#10101 = CARTESIAN_POINT('',(165.806164,-66.313185,-7.5E-02));
#10102 = LINE('',#10103,#10104);
#10103 = CARTESIAN_POINT('',(165.791158,-66.298179,-7.5E-02));
#10104 = VECTOR('',#10105,1.);
#10105 = DIRECTION('',(0.707106781187,-0.707106781187,0.));
#10106 = ORIENTED_EDGE('',*,*,#10107,.T.);
#10107 = EDGE_CURVE('',#10100,#10108,#10110,.T.);
#10108 = VERTEX_POINT('',#10109);
#10109 = CARTESIAN_POINT('',(165.830069,-66.321154,-7.5E-02));
#10110 = LINE('',#10111,#10112);
#10111 = CARTESIAN_POINT('',(165.806164,-66.313185,-7.5E-02));
#10112 = VECTOR('',#10113,1.);
#10113 = DIRECTION('',(0.948675360706,-0.316251577054,0.));
#10114 = ORIENTED_EDGE('',*,*,#10115,.T.);
#10115 = EDGE_CURVE('',#10108,#10057,#10116,.T.);
#10116 = LINE('',#10117,#10118);
#10117 = CARTESIAN_POINT('',(165.830069,-66.321154,-7.5E-02));
#10118 = VECTOR('',#10119,1.);
#10119 = DIRECTION('',(1.,0.,0.));
#10120 = PLANE('',#10121);
#10121 = AXIS2_PLACEMENT_3D('',#10122,#10123,#10124);
#10122 = CARTESIAN_POINT('',(0.,0.,-7.5E-02));
#10123 = DIRECTION('',(-0.,-0.,-1.));
#10124 = DIRECTION('',(-1.,0.,0.));
#10125 = SHELL_BASED_SURFACE_MODEL('',(#10126));
#10126 = OPEN_SHELL('',(#10127));
#10127 = ADVANCED_FACE('',(#10128,#10227),#10294,.T.);
#10128 = FACE_BOUND('',#10129,.T.);
#10129 = EDGE_LOOP('',(#10130,#10140,#10148,#10156,#10164,#10172,#10180,
    #10188,#10196,#10204,#10213,#10221));
#10130 = ORIENTED_EDGE('',*,*,#10131,.T.);
#10131 = EDGE_CURVE('',#10132,#10134,#10136,.T.);
#10132 = VERTEX_POINT('',#10133);
#10133 = CARTESIAN_POINT('',(168.018378,-66.116022,-7.5E-02));
#10134 = VERTEX_POINT('',#10135);
#10135 = CARTESIAN_POINT('',(168.054403,-66.084663,-7.5E-02));
#10136 = LINE('',#10137,#10138);
#10137 = CARTESIAN_POINT('',(168.018378,-66.116022,-7.5E-02));
#10138 = VECTOR('',#10139,1.);
#10139 = DIRECTION('',(0.754264203918,0.656571024862,0.));
#10140 = ORIENTED_EDGE('',*,*,#10141,.T.);
#10141 = EDGE_CURVE('',#10134,#10142,#10144,.T.);
#10142 = VERTEX_POINT('',#10143);
#10143 = CARTESIAN_POINT('',(168.099999,-66.071154,-7.5E-02));
#10144 = LINE('',#10145,#10146);
#10145 = CARTESIAN_POINT('',(168.054403,-66.084663,-7.5E-02));
#10146 = VECTOR('',#10147,1.);
#10147 = DIRECTION('',(0.958803416005,0.28407043045,0.));
#10148 = ORIENTED_EDGE('',*,*,#10149,.T.);
#10149 = EDGE_CURVE('',#10142,#10150,#10152,.T.);
#10150 = VERTEX_POINT('',#10151);
#10151 = CARTESIAN_POINT('',(168.171482,-66.073533,-7.5E-02));
#10152 = LINE('',#10153,#10154);
#10153 = CARTESIAN_POINT('',(168.099999,-66.071154,-7.5E-02));
#10154 = VECTOR('',#10155,1.);
#10155 = DIRECTION('',(0.999446659114,-3.326222461316E-02,0.));
#10156 = ORIENTED_EDGE('',*,*,#10157,.T.);
#10157 = EDGE_CURVE('',#10150,#10158,#10160,.T.);
#10158 = VERTEX_POINT('',#10159);
#10159 = CARTESIAN_POINT('',(168.188394,-66.090445,-7.5E-02));
#10160 = LINE('',#10161,#10162);
#10161 = CARTESIAN_POINT('',(168.171482,-66.073533,-7.5E-02));
#10162 = VECTOR('',#10163,1.);
#10163 = DIRECTION('',(0.707106781186,-0.707106781187,0.));
#10164 = ORIENTED_EDGE('',*,*,#10165,.T.);
#10165 = EDGE_CURVE('',#10158,#10166,#10168,.T.);
#10166 = VERTEX_POINT('',#10167);
#10167 = CARTESIAN_POINT('',(168.188394,-66.364363,-7.5E-02));
#10168 = LINE('',#10169,#10170);
#10169 = CARTESIAN_POINT('',(168.188394,-66.090445,-7.5E-02));
#10170 = VECTOR('',#10171,1.);
#10171 = DIRECTION('',(0.,-1.,0.));
#10172 = ORIENTED_EDGE('',*,*,#10173,.T.);
#10173 = EDGE_CURVE('',#10166,#10174,#10176,.T.);
#10174 = VERTEX_POINT('',#10175);
#10175 = CARTESIAN_POINT('',(168.171482,-66.381275,-7.5E-02));
#10176 = LINE('',#10177,#10178);
#10177 = CARTESIAN_POINT('',(168.188394,-66.364363,-7.5E-02));
#10178 = VECTOR('',#10179,1.);
#10179 = DIRECTION('',(-0.707106781186,-0.707106781187,0.));
#10180 = ORIENTED_EDGE('',*,*,#10181,.T.);
#10181 = EDGE_CURVE('',#10174,#10182,#10184,.T.);
#10182 = VERTEX_POINT('',#10183);
#10183 = CARTESIAN_POINT('',(168.090118,-66.382051,-7.5E-02));
#10184 = LINE('',#10185,#10186);
#10185 = CARTESIAN_POINT('',(168.171482,-66.381275,-7.5E-02));
#10186 = VECTOR('',#10187,1.);
#10187 = DIRECTION('',(-0.999954522222,-9.536953803231E-03,0.));
#10188 = ORIENTED_EDGE('',*,*,#10189,.T.);
#10189 = EDGE_CURVE('',#10182,#10190,#10192,.T.);
#10190 = VERTEX_POINT('',#10191);
#10191 = CARTESIAN_POINT('',(168.042188,-66.362597,-7.5E-02));
#10192 = LINE('',#10193,#10194);
#10193 = CARTESIAN_POINT('',(168.090118,-66.382051,-7.5E-02));
#10194 = VECTOR('',#10195,1.);
#10195 = DIRECTION('',(-0.926584921834,0.376085605453,0.));
#10196 = ORIENTED_EDGE('',*,*,#10197,.T.);
#10197 = EDGE_CURVE('',#10190,#10198,#10200,.T.);
#10198 = VERTEX_POINT('',#10199);
#10199 = CARTESIAN_POINT('',(168.012524,-66.330665,-7.5E-02));
#10200 = LINE('',#10201,#10202);
#10201 = CARTESIAN_POINT('',(168.042188,-66.362597,-7.5E-02));
#10202 = VECTOR('',#10203,1.);
#10203 = DIRECTION('',(-0.680609491051,0.73264638175,0.));
#10204 = ORIENTED_EDGE('',*,*,#10205,.T.);
#10205 = EDGE_CURVE('',#10198,#10206,#10208,.T.);
#10206 = VERTEX_POINT('',#10207);
#10207 = CARTESIAN_POINT('',(167.986349,-66.201968,-7.5E-02));
#10208 = CIRCLE('',#10209,0.208074940712);
#10209 = AXIS2_PLACEMENT_3D('',#10210,#10211,#10212);
#10210 = CARTESIAN_POINT('',(168.19291691547,-66.22696554484,-7.5E-02));
#10211 = DIRECTION('',(0.,0.,-1.));
#10212 = DIRECTION('',(-0.866961272982,-0.49837551219,-0.));
#10213 = ORIENTED_EDGE('',*,*,#10214,.T.);
#10214 = EDGE_CURVE('',#10206,#10215,#10217,.T.);
#10215 = VERTEX_POINT('',#10216);
#10216 = CARTESIAN_POINT('',(168.000619,-66.147952,-7.5E-02));
#10217 = LINE('',#10218,#10219);
#10218 = CARTESIAN_POINT('',(167.986349,-66.201968,-7.5E-02));
#10219 = VECTOR('',#10220,1.);
#10220 = DIRECTION('',(0.255418271986,0.966830650288,0.));
#10221 = ORIENTED_EDGE('',*,*,#10222,.T.);
#10222 = EDGE_CURVE('',#10215,#10132,#10223,.T.);
#10223 = LINE('',#10224,#10225);
#10224 = CARTESIAN_POINT('',(168.000619,-66.147952,-7.5E-02));
#10225 = VECTOR('',#10226,1.);
#10226 = DIRECTION('',(0.486063494764,0.873923497257,0.));
#10227 = FACE_BOUND('',#10228,.T.);
#10228 = EDGE_LOOP('',(#10229,#10239,#10247,#10255,#10263,#10272,#10280,
    #10288));
#10229 = ORIENTED_EDGE('',*,*,#10230,.T.);
#10230 = EDGE_CURVE('',#10231,#10233,#10235,.T.);
#10231 = VERTEX_POINT('',#10232);
#10232 = CARTESIAN_POINT('',(168.128273,-66.321154,-7.5E-02));
#10233 = VERTEX_POINT('',#10234);
#10234 = CARTESIAN_POINT('',(168.128273,-66.133654,-7.5E-02));
#10235 = LINE('',#10236,#10237);
#10236 = CARTESIAN_POINT('',(168.128273,-66.321154,-7.5E-02));
#10237 = VECTOR('',#10238,1.);
#10238 = DIRECTION('',(0.,1.,0.));
#10239 = ORIENTED_EDGE('',*,*,#10240,.T.);
#10240 = EDGE_CURVE('',#10233,#10241,#10243,.T.);
#10241 = VERTEX_POINT('',#10242);
#10242 = CARTESIAN_POINT('',(168.105069,-66.133654,-7.5E-02));
#10243 = LINE('',#10244,#10245);
#10244 = CARTESIAN_POINT('',(168.128273,-66.133654,-7.5E-02));
#10245 = VECTOR('',#10246,1.);
#10246 = DIRECTION('',(-1.,0.,0.));
#10247 = ORIENTED_EDGE('',*,*,#10248,.T.);
#10248 = EDGE_CURVE('',#10241,#10249,#10251,.T.);
#10249 = VERTEX_POINT('',#10250);
#10250 = CARTESIAN_POINT('',(168.081166,-66.141621,-7.5E-02));
#10251 = LINE('',#10252,#10253);
#10252 = CARTESIAN_POINT('',(168.105069,-66.133654,-7.5E-02));
#10253 = VECTOR('',#10254,1.);
#10254 = DIRECTION('',(-0.948691235594,-0.31620395239,0.));
#10255 = ORIENTED_EDGE('',*,*,#10256,.T.);
#10256 = EDGE_CURVE('',#10249,#10257,#10259,.T.);
#10257 = VERTEX_POINT('',#10258);
#10258 = CARTESIAN_POINT('',(168.066157,-66.15663,-7.5E-02));
#10259 = LINE('',#10260,#10261);
#10260 = CARTESIAN_POINT('',(168.081166,-66.141621,-7.5E-02));
#10261 = VECTOR('',#10262,1.);
#10262 = DIRECTION('',(-0.707106781186,-0.707106781187,0.));
#10263 = ORIENTED_EDGE('',*,*,#10264,.T.);
#10264 = EDGE_CURVE('',#10257,#10265,#10267,.T.);
#10265 = VERTEX_POINT('',#10266);
#10266 = CARTESIAN_POINT('',(168.066158,-66.298179,-7.5E-02));
#10267 = CIRCLE('',#10268,0.141732059127);
#10268 = AXIS2_PLACEMENT_3D('',#10269,#10270,#10271);
#10269 = CARTESIAN_POINT('',(168.18895386286,-66.22740363248,-7.5E-02));
#10270 = DIRECTION('',(0.,0.,1.));
#10271 = DIRECTION('',(-0.866401459363,0.499348086222,0.));
#10272 = ORIENTED_EDGE('',*,*,#10273,.T.);
#10273 = EDGE_CURVE('',#10265,#10274,#10276,.T.);
#10274 = VERTEX_POINT('',#10275);
#10275 = CARTESIAN_POINT('',(168.081164,-66.313185,-7.5E-02));
#10276 = LINE('',#10277,#10278);
#10277 = CARTESIAN_POINT('',(168.066158,-66.298179,-7.5E-02));
#10278 = VECTOR('',#10279,1.);
#10279 = DIRECTION('',(0.707106781187,-0.707106781187,0.));
#10280 = ORIENTED_EDGE('',*,*,#10281,.T.);
#10281 = EDGE_CURVE('',#10274,#10282,#10284,.T.);
#10282 = VERTEX_POINT('',#10283);
#10283 = CARTESIAN_POINT('',(168.105069,-66.321154,-7.5E-02));
#10284 = LINE('',#10285,#10286);
#10285 = CARTESIAN_POINT('',(168.081164,-66.313185,-7.5E-02));
#10286 = VECTOR('',#10287,1.);
#10287 = DIRECTION('',(0.948675360706,-0.316251577054,0.));
#10288 = ORIENTED_EDGE('',*,*,#10289,.T.);
#10289 = EDGE_CURVE('',#10282,#10231,#10290,.T.);
#10290 = LINE('',#10291,#10292);
#10291 = CARTESIAN_POINT('',(168.105069,-66.321154,-7.5E-02));
#10292 = VECTOR('',#10293,1.);
#10293 = DIRECTION('',(1.,0.,0.));
#10294 = PLANE('',#10295);
#10295 = AXIS2_PLACEMENT_3D('',#10296,#10297,#10298);
#10296 = CARTESIAN_POINT('',(0.,0.,-7.5E-02));
#10297 = DIRECTION('',(-0.,-0.,-1.));
#10298 = DIRECTION('',(-1.,0.,0.));
#10299 = SHELL_BASED_SURFACE_MODEL('',(#10300));
#10300 = OPEN_SHELL('',(#10301));
#10301 = ADVANCED_FACE('',(#10302),#10436,.T.);
#10302 = FACE_BOUND('',#10303,.T.);
#10303 = EDGE_LOOP('',(#10304,#10315,#10323,#10331,#10339,#10347,#10355,
    #10364,#10372,#10381,#10389,#10397,#10405,#10414,#10422,#10430));
#10304 = ORIENTED_EDGE('',*,*,#10305,.T.);
#10305 = EDGE_CURVE('',#10306,#10308,#10310,.T.);
#10306 = VERTEX_POINT('',#10307);
#10307 = CARTESIAN_POINT('',(165.555733,-66.088284,-7.5E-02));
#10308 = VERTEX_POINT('',#10309);
#10309 = CARTESIAN_POINT('',(165.610512,-66.070025,-7.5E-02));
#10310 = CIRCLE('',#10311,3.125001263798E-02);
#10311 = AXIS2_PLACEMENT_3D('',#10312,#10313,#10314);
#10312 = CARTESIAN_POINT('',(165.58690431715,-66.09050036569,-7.5E-02));
#10313 = DIRECTION('',(0.,0.,-1.));
#10314 = DIRECTION('',(-0.997481745458,7.092367360803E-02,0.));
#10315 = ORIENTED_EDGE('',*,*,#10316,.T.);
#10316 = EDGE_CURVE('',#10308,#10317,#10319,.T.);
#10317 = VERTEX_POINT('',#10318);
#10318 = CARTESIAN_POINT('',(165.677598,-66.271286,-7.5E-02));
#10319 = LINE('',#10320,#10321);
#10320 = CARTESIAN_POINT('',(165.610512,-66.070025,-7.5E-02));
#10321 = VECTOR('',#10322,1.);
#10322 = DIRECTION('',(0.31622352368,-0.948684712152,0.));
#10323 = ORIENTED_EDGE('',*,*,#10324,.T.);
#10324 = EDGE_CURVE('',#10317,#10325,#10327,.T.);
#10325 = VERTEX_POINT('',#10326);
#10326 = CARTESIAN_POINT('',(165.666902,-66.292679,-7.5E-02));
#10327 = LINE('',#10328,#10329);
#10328 = CARTESIAN_POINT('',(165.677598,-66.271286,-7.5E-02));
#10329 = VECTOR('',#10330,1.);
#10330 = DIRECTION('',(-0.44719687153,-0.89443555279,0.));
#10331 = ORIENTED_EDGE('',*,*,#10332,.T.);
#10332 = EDGE_CURVE('',#10325,#10333,#10335,.T.);
#10333 = VERTEX_POINT('',#10334);
#10334 = CARTESIAN_POINT('',(165.646427,-66.300321,-7.5E-02));
#10335 = LINE('',#10336,#10337);
#10336 = CARTESIAN_POINT('',(165.666902,-66.292679,-7.5E-02));
#10337 = VECTOR('',#10338,1.);
#10338 = DIRECTION('',(-0.93687149705,-0.349673845199,0.));
#10339 = ORIENTED_EDGE('',*,*,#10340,.T.);
#10340 = EDGE_CURVE('',#10333,#10341,#10343,.T.);
#10341 = VERTEX_POINT('',#10342);
#10342 = CARTESIAN_POINT('',(165.55863,-66.300321,-7.5E-02));
#10343 = LINE('',#10344,#10345);
#10344 = CARTESIAN_POINT('',(165.646427,-66.300321,-7.5E-02));
#10345 = VECTOR('',#10346,1.);
#10346 = DIRECTION('',(-1.,0.,0.));
#10347 = ORIENTED_EDGE('',*,*,#10348,.T.);
#10348 = EDGE_CURVE('',#10341,#10349,#10351,.T.);
#10349 = VERTEX_POINT('',#10350);
#10350 = CARTESIAN_POINT('',(165.556251,-66.364363,-7.5E-02));
#10351 = LINE('',#10352,#10353);
#10352 = CARTESIAN_POINT('',(165.55863,-66.300321,-7.5E-02));
#10353 = VECTOR('',#10354,1.);
#10354 = DIRECTION('',(-3.712189285693E-02,-0.999310744999,0.));
#10355 = ORIENTED_EDGE('',*,*,#10356,.T.);
#10356 = EDGE_CURVE('',#10349,#10357,#10359,.T.);
#10357 = VERTEX_POINT('',#10358);
#10358 = CARTESIAN_POINT('',(165.498509,-66.364363,-7.5E-02));
#10359 = CIRCLE('',#10360,3.124983715156E-02);
#10360 = AXIS2_PLACEMENT_3D('',#10361,#10362,#10363);
#10361 = CARTESIAN_POINT('',(165.52738,-66.352404,-7.5E-02));
#10362 = DIRECTION('',(-0.,0.,-1.));
#10363 = DIRECTION('',(0.92387681446,-0.382689994254,-0.));
#10364 = ORIENTED_EDGE('',*,*,#10365,.T.);
#10365 = EDGE_CURVE('',#10357,#10366,#10368,.T.);
#10366 = VERTEX_POINT('',#10367);
#10367 = CARTESIAN_POINT('',(165.49613,-66.300321,-7.5E-02));
#10368 = LINE('',#10369,#10370);
#10369 = CARTESIAN_POINT('',(165.498509,-66.364363,-7.5E-02));
#10370 = VECTOR('',#10371,1.);
#10371 = DIRECTION('',(-3.712189285737E-02,0.999310744999,0.));
#10372 = ORIENTED_EDGE('',*,*,#10373,.T.);
#10373 = EDGE_CURVE('',#10366,#10374,#10376,.T.);
#10374 = VERTEX_POINT('',#10375);
#10375 = CARTESIAN_POINT('',(165.462795,-66.257112,-7.5E-02));
#10376 = CIRCLE('',#10377,3.174791368877E-02);
#10377 = AXIS2_PLACEMENT_3D('',#10378,#10379,#10380);
#10378 = CARTESIAN_POINT('',(165.49231174372,-66.26880352956,-7.5E-02));
#10379 = DIRECTION('',(0.,0.,-1.));
#10380 = DIRECTION('',(0.120267943097,-0.992741467787,0.));
#10381 = ORIENTED_EDGE('',*,*,#10382,.T.);
#10382 = EDGE_CURVE('',#10374,#10383,#10385,.T.);
#10383 = VERTEX_POINT('',#10384);
#10384 = CARTESIAN_POINT('',(165.479707,-66.2402,-7.5E-02));
#10385 = LINE('',#10386,#10387);
#10386 = CARTESIAN_POINT('',(165.462795,-66.257112,-7.5E-02));
#10387 = VECTOR('',#10388,1.);
#10388 = DIRECTION('',(0.707106781186,0.707106781187,0.));
#10389 = ORIENTED_EDGE('',*,*,#10390,.T.);
#10390 = EDGE_CURVE('',#10383,#10391,#10393,.T.);
#10391 = VERTEX_POINT('',#10392);
#10392 = CARTESIAN_POINT('',(165.49613,-66.237821,-7.5E-02));
#10393 = LINE('',#10394,#10395);
#10394 = CARTESIAN_POINT('',(165.479707,-66.2402,-7.5E-02));
#10395 = VECTOR('',#10396,1.);
#10396 = DIRECTION('',(0.98967039023,0.143361496582,0.));
#10397 = ORIENTED_EDGE('',*,*,#10398,.T.);
#10398 = EDGE_CURVE('',#10391,#10399,#10401,.T.);
#10399 = VERTEX_POINT('',#10400);
#10400 = CARTESIAN_POINT('',(165.498509,-66.173779,-7.5E-02));
#10401 = LINE('',#10402,#10403);
#10402 = CARTESIAN_POINT('',(165.49613,-66.237821,-7.5E-02));
#10403 = VECTOR('',#10404,1.);
#10404 = DIRECTION('',(3.712189285737E-02,0.999310744999,0.));
#10405 = ORIENTED_EDGE('',*,*,#10406,.T.);
#10406 = EDGE_CURVE('',#10399,#10407,#10409,.T.);
#10407 = VERTEX_POINT('',#10408);
#10408 = CARTESIAN_POINT('',(165.556251,-66.173779,-7.5E-02));
#10409 = CIRCLE('',#10410,3.124983715158E-02);
#10410 = AXIS2_PLACEMENT_3D('',#10411,#10412,#10413);
#10411 = CARTESIAN_POINT('',(165.52738,-66.185738,-7.5E-02));
#10412 = DIRECTION('',(0.,0.,-1.));
#10413 = DIRECTION('',(-0.92387681446,0.382689994255,0.));
#10414 = ORIENTED_EDGE('',*,*,#10415,.T.);
#10415 = EDGE_CURVE('',#10407,#10416,#10418,.T.);
#10416 = VERTEX_POINT('',#10417);
#10417 = CARTESIAN_POINT('',(165.55863,-66.237821,-7.5E-02));
#10418 = LINE('',#10419,#10420);
#10419 = CARTESIAN_POINT('',(165.556251,-66.173779,-7.5E-02));
#10420 = VECTOR('',#10421,1.);
#10421 = DIRECTION('',(3.712189285693E-02,-0.999310744999,0.));
#10422 = ORIENTED_EDGE('',*,*,#10423,.T.);
#10423 = EDGE_CURVE('',#10416,#10424,#10426,.T.);
#10424 = VERTEX_POINT('',#10425);
#10425 = CARTESIAN_POINT('',(165.60307,-66.237821,-7.5E-02));
#10426 = LINE('',#10427,#10428);
#10427 = CARTESIAN_POINT('',(165.55863,-66.237821,-7.5E-02));
#10428 = VECTOR('',#10429,1.);
#10429 = DIRECTION('',(1.,0.,0.));
#10430 = ORIENTED_EDGE('',*,*,#10431,.T.);
#10431 = EDGE_CURVE('',#10424,#10306,#10432,.T.);
#10432 = LINE('',#10433,#10434);
#10433 = CARTESIAN_POINT('',(165.60307,-66.237821,-7.5E-02));
#10434 = VECTOR('',#10435,1.);
#10435 = DIRECTION('',(-0.301796770946,0.953372282504,0.));
#10436 = PLANE('',#10437);
#10437 = AXIS2_PLACEMENT_3D('',#10438,#10439,#10440);
#10438 = CARTESIAN_POINT('',(0.,0.,-7.5E-02));
#10439 = DIRECTION('',(-0.,-0.,-1.));
#10440 = DIRECTION('',(-1.,0.,0.));
#10441 = SHELL_BASED_SURFACE_MODEL('',(#10442));
#10442 = OPEN_SHELL('',(#10443));
#10443 = ADVANCED_FACE('',(#10444),#10505,.T.);
#10444 = FACE_BOUND('',#10445,.T.);
#10445 = EDGE_LOOP('',(#10446,#10457,#10465,#10474,#10482,#10490,#10499)
  );
#10446 = ORIENTED_EDGE('',*,*,#10447,.T.);
#10447 = EDGE_CURVE('',#10448,#10450,#10452,.T.);
#10448 = VERTEX_POINT('',#10449);
#10449 = CARTESIAN_POINT('',(173.23,-64.89,-7.5E-02));
#10450 = VERTEX_POINT('',#10451);
#10451 = CARTESIAN_POINT('',(173.29,-64.83,-7.5E-02));
#10452 = CIRCLE('',#10453,5.999932016265E-02);
#10453 = AXIS2_PLACEMENT_3D('',#10454,#10455,#10456);
#10454 = CARTESIAN_POINT('',(173.28999932015,-64.88999932015,-7.5E-02));
#10455 = DIRECTION('',(0.,0.,-1.));
#10456 = DIRECTION('',(-0.999999999936,-1.133081517401E-05,-0.));
#10457 = ORIENTED_EDGE('',*,*,#10458,.T.);
#10458 = EDGE_CURVE('',#10450,#10459,#10461,.T.);
#10459 = VERTEX_POINT('',#10460);
#10460 = CARTESIAN_POINT('',(177.05,-64.83,-7.5E-02));
#10461 = LINE('',#10462,#10463);
#10462 = CARTESIAN_POINT('',(173.29,-64.83,-7.5E-02));
#10463 = VECTOR('',#10464,1.);
#10464 = DIRECTION('',(1.,0.,0.));
#10465 = ORIENTED_EDGE('',*,*,#10466,.T.);
#10466 = EDGE_CURVE('',#10459,#10467,#10469,.T.);
#10467 = VERTEX_POINT('',#10468);
#10468 = CARTESIAN_POINT('',(177.05,-64.95,-7.5E-02));
#10469 = CIRCLE('',#10470,6.000000000043E-02);
#10470 = AXIS2_PLACEMENT_3D('',#10471,#10472,#10473);
#10471 = CARTESIAN_POINT('',(177.05000022558,-64.89,-7.5E-02));
#10472 = DIRECTION('',(0.,0.,-1.));
#10473 = DIRECTION('',(-3.759793779988E-06,0.999999999993,-0.));
#10474 = ORIENTED_EDGE('',*,*,#10475,.T.);
#10475 = EDGE_CURVE('',#10467,#10476,#10478,.T.);
#10476 = VERTEX_POINT('',#10477);
#10477 = CARTESIAN_POINT('',(173.35,-64.95,-7.5E-02));
#10478 = LINE('',#10479,#10480);
#10479 = CARTESIAN_POINT('',(177.05,-64.95,-7.5E-02));
#10480 = VECTOR('',#10481,1.);
#10481 = DIRECTION('',(-1.,0.,0.));
#10482 = ORIENTED_EDGE('',*,*,#10483,.T.);
#10483 = EDGE_CURVE('',#10476,#10484,#10486,.T.);
#10484 = VERTEX_POINT('',#10485);
#10485 = CARTESIAN_POINT('',(173.35,-66.15,-7.5E-02));
#10486 = LINE('',#10487,#10488);
#10487 = CARTESIAN_POINT('',(173.35,-64.95,-7.5E-02));
#10488 = VECTOR('',#10489,1.);
#10489 = DIRECTION('',(0.,-1.,0.));
#10490 = ORIENTED_EDGE('',*,*,#10491,.T.);
#10491 = EDGE_CURVE('',#10484,#10492,#10494,.T.);
#10492 = VERTEX_POINT('',#10493);
#10493 = CARTESIAN_POINT('',(173.23,-66.15,-7.5E-02));
#10494 = CIRCLE('',#10495,6.000000000043E-02);
#10495 = AXIS2_PLACEMENT_3D('',#10496,#10497,#10498);
#10496 = CARTESIAN_POINT('',(173.29,-66.15000022558,-7.5E-02));
#10497 = DIRECTION('',(0.,0.,-1.));
#10498 = DIRECTION('',(0.999999999993,3.759794016836E-06,0.));
#10499 = ORIENTED_EDGE('',*,*,#10500,.T.);
#10500 = EDGE_CURVE('',#10492,#10448,#10501,.T.);
#10501 = LINE('',#10502,#10503);
#10502 = CARTESIAN_POINT('',(173.23,-66.15,-7.5E-02));
#10503 = VECTOR('',#10504,1.);
#10504 = DIRECTION('',(0.,1.,0.));
#10505 = PLANE('',#10506);
#10506 = AXIS2_PLACEMENT_3D('',#10507,#10508,#10509);
#10507 = CARTESIAN_POINT('',(0.,0.,-7.5E-02));
#10508 = DIRECTION('',(-0.,-0.,-1.));
#10509 = DIRECTION('',(-1.,0.,0.));
#10510 = SHELL_BASED_SURFACE_MODEL('',(#10511));
#10511 = OPEN_SHELL('',(#10512));
#10512 = ADVANCED_FACE('',(#10513),#10696,.T.);
#10513 = FACE_BOUND('',#10514,.T.);
#10514 = EDGE_LOOP('',(#10515,#10525,#10533,#10541,#10549,#10557,#10566,
    #10574,#10582,#10591,#10599,#10607,#10616,#10624,#10632,#10640,
    #10648,#10657,#10665,#10674,#10682,#10690));
#10515 = ORIENTED_EDGE('',*,*,#10516,.T.);
#10516 = EDGE_CURVE('',#10517,#10519,#10521,.T.);
#10517 = VERTEX_POINT('',#10518);
#10518 = CARTESIAN_POINT('',(147.312794,-65.774257,-7.5E-02));
#10519 = VERTEX_POINT('',#10520);
#10520 = CARTESIAN_POINT('',(147.343688,-65.744663,-7.5E-02));
#10521 = LINE('',#10522,#10523);
#10522 = CARTESIAN_POINT('',(147.312794,-65.774257,-7.5E-02));
#10523 = VECTOR('',#10524,1.);
#10524 = DIRECTION('',(0.722137067071,0.691749995563,0.));
#10525 = ORIENTED_EDGE('',*,*,#10526,.T.);
#10526 = EDGE_CURVE('',#10519,#10527,#10529,.T.);
#10527 = VERTEX_POINT('',#10528);
#10528 = CARTESIAN_POINT('',(147.389285,-65.731154,-7.5E-02));
#10529 = LINE('',#10530,#10531);
#10530 = CARTESIAN_POINT('',(147.343688,-65.744663,-7.5E-02));
#10531 = VECTOR('',#10532,1.);
#10532 = DIRECTION('',(0.958805112849,0.284064703149,0.));
#10533 = ORIENTED_EDGE('',*,*,#10534,.T.);
#10534 = EDGE_CURVE('',#10527,#10535,#10537,.T.);
#10535 = VERTEX_POINT('',#10536);
#10536 = CARTESIAN_POINT('',(147.41801,-65.732132,-7.5E-02));
#10537 = LINE('',#10538,#10539);
#10538 = CARTESIAN_POINT('',(147.389285,-65.731154,-7.5E-02));
#10539 = VECTOR('',#10540,1.);
#10540 = DIRECTION('',(0.999420904401,-3.402728092229E-02,0.));
#10541 = ORIENTED_EDGE('',*,*,#10542,.T.);
#10542 = EDGE_CURVE('',#10535,#10543,#10545,.T.);
#10543 = VERTEX_POINT('',#10544);
#10544 = CARTESIAN_POINT('',(147.470905,-65.752212,-7.5E-02));
#10545 = LINE('',#10546,#10547);
#10546 = CARTESIAN_POINT('',(147.41801,-65.732132,-7.5E-02));
#10547 = VECTOR('',#10548,1.);
#10548 = DIRECTION('',(0.934901494005,-0.354907306922,0.));
#10549 = ORIENTED_EDGE('',*,*,#10550,.T.);
#10550 = EDGE_CURVE('',#10543,#10551,#10553,.T.);
#10551 = VERTEX_POINT('',#10552);
#10552 = CARTESIAN_POINT('',(147.500569,-65.784143,-7.5E-02));
#10553 = LINE('',#10554,#10555);
#10554 = CARTESIAN_POINT('',(147.470905,-65.752212,-7.5E-02));
#10555 = VECTOR('',#10556,1.);
#10556 = DIRECTION('',(0.680620932074,-0.73263575317,0.));
#10557 = ORIENTED_EDGE('',*,*,#10558,.T.);
#10558 = EDGE_CURVE('',#10551,#10559,#10561,.T.);
#10559 = VERTEX_POINT('',#10560);
#10560 = CARTESIAN_POINT('',(147.526744,-65.91284,-7.5E-02));
#10561 = CIRCLE('',#10562,0.208066184732);
#10562 = AXIS2_PLACEMENT_3D('',#10563,#10564,#10565);
#10563 = CARTESIAN_POINT('',(147.32018512696,-65.88784061605,-7.5E-02));
#10564 = DIRECTION('',(0.,0.,-1.));
#10565 = DIRECTION('',(0.866954297606,0.498387646179,0.));
#10566 = ORIENTED_EDGE('',*,*,#10567,.T.);
#10567 = EDGE_CURVE('',#10559,#10568,#10570,.T.);
#10568 = VERTEX_POINT('',#10569);
#10569 = CARTESIAN_POINT('',(147.512474,-65.966856,-7.5E-02));
#10570 = LINE('',#10571,#10572);
#10571 = CARTESIAN_POINT('',(147.526744,-65.91284,-7.5E-02));
#10572 = VECTOR('',#10573,1.);
#10573 = DIRECTION('',(-0.255418271986,-0.966830650288,0.));
#10574 = ORIENTED_EDGE('',*,*,#10575,.T.);
#10575 = EDGE_CURVE('',#10568,#10576,#10578,.T.);
#10576 = VERTEX_POINT('',#10577);
#10577 = CARTESIAN_POINT('',(147.494715,-65.998787,-7.5E-02));
#10578 = LINE('',#10579,#10580);
#10579 = CARTESIAN_POINT('',(147.512474,-65.966856,-7.5E-02));
#10580 = VECTOR('',#10581,1.);
#10581 = DIRECTION('',(-0.486051868714,-0.873929963395,0.));
#10582 = ORIENTED_EDGE('',*,*,#10583,.T.);
#10583 = EDGE_CURVE('',#10576,#10584,#10586,.T.);
#10584 = VERTEX_POINT('',#10585);
#10585 = CARTESIAN_POINT('',(147.379404,-66.042051,-7.5E-02));
#10586 = CIRCLE('',#10587,0.114611596125);
#10587 = AXIS2_PLACEMENT_3D('',#10588,#10589,#10590);
#10588 = CARTESIAN_POINT('',(147.40310349133,-65.9299164733,-7.5E-02));
#10589 = DIRECTION('',(0.,0.,-1.));
#10590 = DIRECTION('',(0.799321462746,-0.600903652171,0.));
#10591 = ORIENTED_EDGE('',*,*,#10592,.T.);
#10592 = EDGE_CURVE('',#10584,#10593,#10595,.T.);
#10593 = VERTEX_POINT('',#10594);
#10594 = CARTESIAN_POINT('',(147.331472,-66.022597,-7.5E-02));
#10595 = LINE('',#10596,#10597);
#10596 = CARTESIAN_POINT('',(147.379404,-66.042051,-7.5E-02));
#10597 = VECTOR('',#10598,1.);
#10598 = DIRECTION('',(-0.926590390204,0.376072132417,0.));
#10599 = ORIENTED_EDGE('',*,*,#10600,.T.);
#10600 = EDGE_CURVE('',#10593,#10601,#10603,.T.);
#10601 = VERTEX_POINT('',#10602);
#10602 = CARTESIAN_POINT('',(147.312794,-66.000552,-7.5E-02));
#10603 = LINE('',#10604,#10605);
#10604 = CARTESIAN_POINT('',(147.331472,-66.022597,-7.5E-02));
#10605 = VECTOR('',#10606,1.);
#10606 = DIRECTION('',(-0.646437022164,0.762967349482,0.));
#10607 = ORIENTED_EDGE('',*,*,#10608,.T.);
#10608 = EDGE_CURVE('',#10601,#10609,#10611,.T.);
#10609 = VERTEX_POINT('',#10610);
#10610 = CARTESIAN_POINT('',(147.353626,-65.959724,-7.5E-02));
#10611 = CIRCLE('',#10612,3.124999572087E-02);
#10612 = AXIS2_PLACEMENT_3D('',#10613,#10614,#10615);
#10613 = CARTESIAN_POINT('',(147.34166587871,-65.98859470714,-7.5E-02));
#10614 = DIRECTION('',(0.,0.,-1.));
#10615 = DIRECTION('',(-0.923900245221,-0.382633423632,-0.));
#10616 = ORIENTED_EDGE('',*,*,#10617,.T.);
#10617 = EDGE_CURVE('',#10609,#10618,#10620,.T.);
#10618 = VERTEX_POINT('',#10619);
#10619 = CARTESIAN_POINT('',(147.37045,-65.973186,-7.5E-02));
#10620 = LINE('',#10621,#10622);
#10621 = CARTESIAN_POINT('',(147.353626,-65.959724,-7.5E-02));
#10622 = VECTOR('',#10623,1.);
#10623 = DIRECTION('',(0.780805415864,-0.624774281286,0.));
#10624 = ORIENTED_EDGE('',*,*,#10625,.T.);
#10625 = EDGE_CURVE('',#10618,#10626,#10628,.T.);
#10626 = VERTEX_POINT('',#10627);
#10627 = CARTESIAN_POINT('',(147.408021,-65.981154,-7.5E-02));
#10628 = LINE('',#10629,#10630);
#10629 = CARTESIAN_POINT('',(147.37045,-65.973186,-7.5E-02));
#10630 = VECTOR('',#10631,1.);
#10631 = DIRECTION('',(0.978242612677,-0.207464191473,0.));
#10632 = ORIENTED_EDGE('',*,*,#10633,.T.);
#10633 = EDGE_CURVE('',#10626,#10634,#10636,.T.);
#10634 = VERTEX_POINT('',#10635);
#10635 = CARTESIAN_POINT('',(147.431928,-65.973185,-7.5E-02));
#10636 = LINE('',#10637,#10638);
#10637 = CARTESIAN_POINT('',(147.408021,-65.981154,-7.5E-02));
#10638 = VECTOR('',#10639,1.);
#10639 = DIRECTION('',(0.948683298051,0.316227766017,0.));
#10640 = ORIENTED_EDGE('',*,*,#10641,.T.);
#10641 = EDGE_CURVE('',#10634,#10642,#10644,.T.);
#10642 = VERTEX_POINT('',#10643);
#10643 = CARTESIAN_POINT('',(147.446935,-65.958179,-7.5E-02));
#10644 = LINE('',#10645,#10646);
#10645 = CARTESIAN_POINT('',(147.431928,-65.973185,-7.5E-02));
#10646 = VECTOR('',#10647,1.);
#10647 = DIRECTION('',(0.707130340811,0.707083220777,0.));
#10648 = ORIENTED_EDGE('',*,*,#10649,.T.);
#10649 = EDGE_CURVE('',#10642,#10650,#10652,.T.);
#10650 = VERTEX_POINT('',#10651);
#10651 = CARTESIAN_POINT('',(147.446934,-65.816629,-7.5E-02));
#10652 = CIRCLE('',#10653,0.141727623788);
#10653 = AXIS2_PLACEMENT_3D('',#10654,#10655,#10656);
#10654 = CARTESIAN_POINT('',(147.32414354463,-65.88740486747,-7.5E-02));
#10655 = DIRECTION('',(0.,-0.,1.));
#10656 = DIRECTION('',(0.866390419027,-0.499367241434,-0.));
#10657 = ORIENTED_EDGE('',*,*,#10658,.T.);
#10658 = EDGE_CURVE('',#10650,#10659,#10661,.T.);
#10659 = VERTEX_POINT('',#10660);
#10660 = CARTESIAN_POINT('',(147.431926,-65.801621,-7.5E-02));
#10661 = LINE('',#10662,#10663);
#10662 = CARTESIAN_POINT('',(147.446934,-65.816629,-7.5E-02));
#10663 = VECTOR('',#10664,1.);
#10664 = DIRECTION('',(-0.707106781186,0.707106781187,0.));
#10665 = ORIENTED_EDGE('',*,*,#10666,.T.);
#10666 = EDGE_CURVE('',#10659,#10667,#10669,.T.);
#10667 = VERTEX_POINT('',#10668);
#10668 = CARTESIAN_POINT('',(147.353626,-65.815085,-7.5E-02));
#10669 = CIRCLE('',#10670,6.215671057809E-02);
#10670 = AXIS2_PLACEMENT_3D('',#10671,#10672,#10673);
#10671 = CARTESIAN_POINT('',(147.40087753398,-65.85546753589,-7.5E-02));
#10672 = DIRECTION('',(0.,0.,1.));
#10673 = DIRECTION('',(0.499519130313,0.86630285608,-0.));
#10674 = ORIENTED_EDGE('',*,*,#10675,.T.);
#10675 = EDGE_CURVE('',#10667,#10676,#10678,.T.);
#10676 = VERTEX_POINT('',#10677);
#10677 = CARTESIAN_POINT('',(147.329709,-65.815086,-7.5E-02));
#10678 = LINE('',#10679,#10680);
#10679 = CARTESIAN_POINT('',(147.353626,-65.815085,-7.5E-02));
#10680 = VECTOR('',#10681,1.);
#10681 = DIRECTION('',(-0.999999999126,-4.181126381243E-05,0.));
#10682 = ORIENTED_EDGE('',*,*,#10683,.T.);
#10683 = EDGE_CURVE('',#10676,#10684,#10686,.T.);
#10684 = VERTEX_POINT('',#10685);
#10685 = CARTESIAN_POINT('',(147.312795,-65.798174,-7.5E-02));
#10686 = LINE('',#10687,#10688);
#10687 = CARTESIAN_POINT('',(147.329709,-65.815086,-7.5E-02));
#10688 = VECTOR('',#10689,1.);
#10689 = DIRECTION('',(-0.707148588429,0.707064971473,0.));
#10690 = ORIENTED_EDGE('',*,*,#10691,.T.);
#10691 = EDGE_CURVE('',#10684,#10517,#10692,.T.);
#10692 = LINE('',#10693,#10694);
#10693 = CARTESIAN_POINT('',(147.312795,-65.798174,-7.5E-02));
#10694 = VECTOR('',#10695,1.);
#10695 = DIRECTION('',(-4.18112638124E-05,0.999999999126,0.));
#10696 = PLANE('',#10697);
#10697 = AXIS2_PLACEMENT_3D('',#10698,#10699,#10700);
#10698 = CARTESIAN_POINT('',(0.,0.,-7.5E-02));
#10699 = DIRECTION('',(-0.,-0.,-1.));
#10700 = DIRECTION('',(-1.,0.,0.));
#10701 = SHELL_BASED_SURFACE_MODEL('',(#10702));
#10702 = OPEN_SHELL('',(#10703));
#10703 = ADVANCED_FACE('',(#10704,#10845),#10913,.T.);
#10704 = FACE_BOUND('',#10705,.T.);
#10705 = EDGE_LOOP('',(#10706,#10716,#10725,#10733,#10741,#10749,#10758,
    #10766,#10774,#10782,#10790,#10799,#10807,#10815,#10823,#10831,
    #10839));
#10706 = ORIENTED_EDGE('',*,*,#10707,.T.);
#10707 = EDGE_CURVE('',#10708,#10710,#10712,.T.);
#10708 = VERTEX_POINT('',#10709);
#10709 = CARTESIAN_POINT('',(147.093378,-65.764117,-7.5E-02));
#10710 = VERTEX_POINT('',#10711);
#10711 = CARTESIAN_POINT('',(147.113404,-65.746358,-7.5E-02));
#10712 = LINE('',#10713,#10714);
#10713 = CARTESIAN_POINT('',(147.093378,-65.764117,-7.5E-02));
#10714 = VECTOR('',#10715,1.);
#10715 = DIRECTION('',(0.748185910499,0.663489143341,0.));
#10716 = ORIENTED_EDGE('',*,*,#10717,.T.);
#10717 = EDGE_CURVE('',#10710,#10718,#10720,.T.);
#10718 = VERTEX_POINT('',#10719);
#10719 = CARTESIAN_POINT('',(147.244715,-65.752212,-7.5E-02));
#10720 = CIRCLE('',#10721,0.115183661311);
#10721 = AXIS2_PLACEMENT_3D('',#10722,#10723,#10724);
#10722 = CARTESIAN_POINT('',(147.17484656267,-65.84378534382,-7.5E-02));
#10723 = DIRECTION('',(0.,0.,-1.));
#10724 = DIRECTION('',(-0.533431234765,0.845843435736,0.));
#10725 = ORIENTED_EDGE('',*,*,#10726,.T.);
#10726 = EDGE_CURVE('',#10718,#10727,#10729,.T.);
#10727 = VERTEX_POINT('',#10728);
#10728 = CARTESIAN_POINT('',(147.262474,-65.772239,-7.5E-02));
#10729 = LINE('',#10730,#10731);
#10730 = CARTESIAN_POINT('',(147.244715,-65.752212,-7.5E-02));
#10731 = VECTOR('',#10732,1.);
#10732 = DIRECTION('',(0.663470597296,-0.748202356668,0.));
#10733 = ORIENTED_EDGE('',*,*,#10734,.T.);
#10734 = EDGE_CURVE('',#10727,#10735,#10737,.T.);
#10735 = VERTEX_POINT('',#10736);
#10736 = CARTESIAN_POINT('',(147.277677,-65.810023,-7.5E-02));
#10737 = LINE('',#10738,#10739);
#10738 = CARTESIAN_POINT('',(147.262474,-65.772239,-7.5E-02));
#10739 = VECTOR('',#10740,1.);
#10740 = DIRECTION('',(0.373282194225,-0.92771784691,0.));
#10741 = ORIENTED_EDGE('',*,*,#10742,.T.);
#10742 = EDGE_CURVE('',#10735,#10743,#10745,.T.);
#10743 = VERTEX_POINT('',#10744);
#10744 = CARTESIAN_POINT('',(147.274378,-65.883521,-7.5E-02));
#10745 = LINE('',#10746,#10747);
#10746 = CARTESIAN_POINT('',(147.277677,-65.810023,-7.5E-02));
#10747 = VECTOR('',#10748,1.);
#10748 = DIRECTION('',(-4.484042750844E-02,-0.998994162176,0.));
#10749 = ORIENTED_EDGE('',*,*,#10750,.T.);
#10750 = EDGE_CURVE('',#10743,#10751,#10753,.T.);
#10751 = VERTEX_POINT('',#10752);
#10752 = CARTESIAN_POINT('',(147.198808,-65.948416,-7.5E-02));
#10753 = CIRCLE('',#10754,9.605246174151E-02);
#10754 = AXIS2_PLACEMENT_3D('',#10755,#10756,#10757);
#10755 = CARTESIAN_POINT('',(147.18308538902,-65.8536590746,-7.5E-02));
#10756 = DIRECTION('',(0.,0.,-1.));
#10757 = DIRECTION('',(0.950445301631,-0.310891827822,0.));
#10758 = ORIENTED_EDGE('',*,*,#10759,.T.);
#10759 = EDGE_CURVE('',#10751,#10760,#10762,.T.);
#10760 = VERTEX_POINT('',#10761);
#10761 = CARTESIAN_POINT('',(147.149883,-65.948156,-7.5E-02));
#10762 = LINE('',#10763,#10764);
#10763 = CARTESIAN_POINT('',(147.198808,-65.948416,-7.5E-02));
#10764 = VECTOR('',#10765,1.);
#10765 = DIRECTION('',(-0.999985879638,5.314181475789E-03,0.));
#10766 = ORIENTED_EDGE('',*,*,#10767,.T.);
#10767 = EDGE_CURVE('',#10760,#10768,#10770,.T.);
#10768 = VERTEX_POINT('',#10769);
#10769 = CARTESIAN_POINT('',(147.169701,-65.974817,-7.5E-02));
#10770 = LINE('',#10771,#10772);
#10771 = CARTESIAN_POINT('',(147.149883,-65.948156,-7.5E-02));
#10772 = VECTOR('',#10773,1.);
#10773 = DIRECTION('',(0.596570050034,-0.802561010392,0.));
#10774 = ORIENTED_EDGE('',*,*,#10775,.T.);
#10775 = EDGE_CURVE('',#10768,#10776,#10778,.T.);
#10776 = VERTEX_POINT('',#10777);
#10777 = CARTESIAN_POINT('',(147.182375,-65.981154,-7.5E-02));
#10778 = LINE('',#10779,#10780);
#10779 = CARTESIAN_POINT('',(147.169701,-65.974817,-7.5E-02));
#10780 = VECTOR('',#10781,1.);
#10781 = DIRECTION('',(0.894427191,-0.4472135955,0.));
#10782 = ORIENTED_EDGE('',*,*,#10783,.T.);
#10783 = EDGE_CURVE('',#10776,#10784,#10786,.T.);
#10784 = VERTEX_POINT('',#10785);
#10785 = CARTESIAN_POINT('',(147.234577,-65.983533,-7.5E-02));
#10786 = LINE('',#10787,#10788);
#10787 = CARTESIAN_POINT('',(147.182375,-65.981154,-7.5E-02));
#10788 = VECTOR('',#10789,1.);
#10789 = DIRECTION('',(0.998963167126,-4.552571500292E-02,0.));
#10790 = ORIENTED_EDGE('',*,*,#10791,.T.);
#10791 = EDGE_CURVE('',#10784,#10792,#10794,.T.);
#10792 = VERTEX_POINT('',#10793);
#10793 = CARTESIAN_POINT('',(147.234577,-66.041275,-7.5E-02));
#10794 = CIRCLE('',#10795,3.124983715158E-02);
#10795 = AXIS2_PLACEMENT_3D('',#10796,#10797,#10798);
#10796 = CARTESIAN_POINT('',(147.222618,-66.012404,-7.5E-02));
#10797 = DIRECTION('',(0.,0.,-1.));
#10798 = DIRECTION('',(0.382689994255,0.92387681446,0.));
#10799 = ORIENTED_EDGE('',*,*,#10800,.T.);
#10800 = EDGE_CURVE('',#10792,#10801,#10803,.T.);
#10801 = VERTEX_POINT('',#10802);
#10802 = CARTESIAN_POINT('',(147.162532,-66.040767,-7.5E-02));
#10803 = LINE('',#10804,#10805);
#10804 = CARTESIAN_POINT('',(147.234577,-66.041275,-7.5E-02));
#10805 = VECTOR('',#10806,1.);
#10806 = DIRECTION('',(-0.999975141579,7.050973307216E-03,0.));
#10807 = ORIENTED_EDGE('',*,*,#10808,.T.);
#10808 = EDGE_CURVE('',#10801,#10809,#10811,.T.);
#10809 = VERTEX_POINT('',#10810);
#10810 = CARTESIAN_POINT('',(147.129091,-66.022597,-7.5E-02));
#10811 = LINE('',#10812,#10813);
#10812 = CARTESIAN_POINT('',(147.162532,-66.040767,-7.5E-02));
#10813 = VECTOR('',#10814,1.);
#10814 = DIRECTION('',(-0.878673633385,0.477422921521,0.));
#10815 = ORIENTED_EDGE('',*,*,#10816,.T.);
#10816 = EDGE_CURVE('',#10809,#10817,#10819,.T.);
#10817 = VERTEX_POINT('',#10818);
#10818 = CARTESIAN_POINT('',(147.087436,-65.965282,-7.5E-02));
#10819 = LINE('',#10820,#10821);
#10820 = CARTESIAN_POINT('',(147.129091,-66.022597,-7.5E-02));
#10821 = VECTOR('',#10822,1.);
#10822 = DIRECTION('',(-0.587907319953,0.808928292957,0.));
#10823 = ORIENTED_EDGE('',*,*,#10824,.T.);
#10824 = EDGE_CURVE('',#10817,#10825,#10827,.T.);
#10825 = VERTEX_POINT('',#10826);
#10826 = CARTESIAN_POINT('',(147.07232,-65.905261,-7.5E-02));
#10827 = LINE('',#10828,#10829);
#10828 = CARTESIAN_POINT('',(147.087436,-65.965282,-7.5E-02));
#10829 = VECTOR('',#10830,1.);
#10830 = DIRECTION('',(-0.24421932106,0.96972002311,0.));
#10831 = ORIENTED_EDGE('',*,*,#10832,.T.);
#10832 = EDGE_CURVE('',#10825,#10833,#10835,.T.);
#10833 = VERTEX_POINT('',#10834);
#10834 = CARTESIAN_POINT('',(147.075619,-65.796047,-7.5E-02));
#10835 = LINE('',#10836,#10837);
#10836 = CARTESIAN_POINT('',(147.07232,-65.905261,-7.5E-02));
#10837 = VECTOR('',#10838,1.);
#10838 = DIRECTION('',(3.01929784335E-02,0.999544088099,0.));
#10839 = ORIENTED_EDGE('',*,*,#10840,.T.);
#10840 = EDGE_CURVE('',#10833,#10708,#10841,.T.);
#10841 = LINE('',#10842,#10843);
#10842 = CARTESIAN_POINT('',(147.075619,-65.796047,-7.5E-02));
#10843 = VECTOR('',#10844,1.);
#10844 = DIRECTION('',(0.486063494764,0.873923497257,0.));
#10845 = FACE_BOUND('',#10846,.T.);
#10846 = EDGE_LOOP('',(#10847,#10858,#10866,#10874,#10882,#10891,#10899,
    #10907));
#10847 = ORIENTED_EDGE('',*,*,#10848,.T.);
#10848 = EDGE_CURVE('',#10849,#10851,#10853,.T.);
#10849 = VERTEX_POINT('',#10850);
#10850 = CARTESIAN_POINT('',(147.204107,-65.799992,-7.5E-02));
#10851 = VERTEX_POINT('',#10852);
#10852 = CARTESIAN_POINT('',(147.14589,-65.799992,-7.5E-02));
#10853 = CIRCLE('',#10854,5.140924889176E-02);
#10854 = AXIS2_PLACEMENT_3D('',#10855,#10856,#10857);
#10855 = CARTESIAN_POINT('',(147.1749985,-65.84236659261,-7.5E-02));
#10856 = DIRECTION('',(0.,0.,1.));
#10857 = DIRECTION('',(0.566211345769,0.824260099678,-0.));
#10858 = ORIENTED_EDGE('',*,*,#10859,.T.);
#10859 = EDGE_CURVE('',#10851,#10860,#10862,.T.);
#10860 = VERTEX_POINT('',#10861);
#10861 = CARTESIAN_POINT('',(147.13482,-65.8174,-7.5E-02));
#10862 = LINE('',#10863,#10864);
#10863 = CARTESIAN_POINT('',(147.14589,-65.799992,-7.5E-02));
#10864 = VECTOR('',#10865,1.);
#10865 = DIRECTION('',(-0.536605721932,-0.843833099131,0.));
#10866 = ORIENTED_EDGE('',*,*,#10867,.T.);
#10867 = EDGE_CURVE('',#10860,#10868,#10870,.T.);
#10868 = VERTEX_POINT('',#10869);
#10869 = CARTESIAN_POINT('',(147.13482,-65.862169,-7.5E-02));
#10870 = LINE('',#10871,#10872);
#10871 = CARTESIAN_POINT('',(147.13482,-65.8174,-7.5E-02));
#10872 = VECTOR('',#10873,1.);
#10873 = DIRECTION('',(0.,-1.,0.));
#10874 = ORIENTED_EDGE('',*,*,#10875,.T.);
#10875 = EDGE_CURVE('',#10868,#10876,#10878,.T.);
#10876 = VERTEX_POINT('',#10877);
#10877 = CARTESIAN_POINT('',(147.145891,-65.879577,-7.5E-02));
#10878 = LINE('',#10879,#10880);
#10879 = CARTESIAN_POINT('',(147.13482,-65.862169,-7.5E-02));
#10880 = VECTOR('',#10881,1.);
#10881 = DIRECTION('',(0.536640236612,-0.843811149754,0.));
#10882 = ORIENTED_EDGE('',*,*,#10883,.T.);
#10883 = EDGE_CURVE('',#10876,#10884,#10886,.T.);
#10884 = VERTEX_POINT('',#10885);
#10885 = CARTESIAN_POINT('',(147.20884,-65.874844,-7.5E-02));
#10886 = CIRCLE('',#10887,5.016646935649E-02);
#10887 = AXIS2_PLACEMENT_3D('',#10888,#10889,#10890);
#10888 = CARTESIAN_POINT('',(147.17444197517,-65.83832755801,-7.5E-02));
#10889 = DIRECTION('',(0.,0.,1.));
#10890 = DIRECTION('',(-0.569124667086,-0.822251247074,0.));
#10891 = ORIENTED_EDGE('',*,*,#10892,.T.);
#10892 = EDGE_CURVE('',#10884,#10893,#10895,.T.);
#10893 = VERTEX_POINT('',#10894);
#10894 = CARTESIAN_POINT('',(147.215177,-65.86217,-7.5E-02));
#10895 = LINE('',#10896,#10897);
#10896 = CARTESIAN_POINT('',(147.20884,-65.874844,-7.5E-02));
#10897 = VECTOR('',#10898,1.);
#10898 = DIRECTION('',(0.4472135955,0.894427191,0.));
#10899 = ORIENTED_EDGE('',*,*,#10900,.T.);
#10900 = EDGE_CURVE('',#10893,#10901,#10903,.T.);
#10901 = VERTEX_POINT('',#10902);
#10902 = CARTESIAN_POINT('',(147.215177,-65.817399,-7.5E-02));
#10903 = LINE('',#10904,#10905);
#10904 = CARTESIAN_POINT('',(147.215177,-65.86217,-7.5E-02));
#10905 = VECTOR('',#10906,1.);
#10906 = DIRECTION('',(0.,1.,0.));
#10907 = ORIENTED_EDGE('',*,*,#10908,.T.);
#10908 = EDGE_CURVE('',#10901,#10849,#10909,.T.);
#10909 = LINE('',#10910,#10911);
#10910 = CARTESIAN_POINT('',(147.215177,-65.817399,-7.5E-02));
#10911 = VECTOR('',#10912,1.);
#10912 = DIRECTION('',(-0.536627671891,0.843819140433,0.));
#10913 = PLANE('',#10914);
#10914 = AXIS2_PLACEMENT_3D('',#10915,#10916,#10917);
#10915 = CARTESIAN_POINT('',(0.,0.,-7.5E-02));
#10916 = DIRECTION('',(-0.,-0.,-1.));
#10917 = DIRECTION('',(-1.,0.,0.));
#10918 = SHELL_BASED_SURFACE_MODEL('',(#10919));
#10919 = OPEN_SHELL('',(#10920));
#10920 = ADVANCED_FACE('',(#10921),#11025,.T.);
#10921 = FACE_BOUND('',#10922,.T.);
#10922 = EDGE_LOOP('',(#10923,#10934,#10942,#10951,#10959,#10968,#10976,
    #10985,#10993,#11002,#11010,#11019));
#10923 = ORIENTED_EDGE('',*,*,#10924,.T.);
#10924 = EDGE_CURVE('',#10925,#10927,#10929,.T.);
#10925 = VERTEX_POINT('',#10926);
#10926 = CARTESIAN_POINT('',(156.340187,-65.311654,-7.5E-02));
#10927 = VERTEX_POINT('',#10928);
#10928 = CARTESIAN_POINT('',(156.354819,-65.163095,-7.5E-02));
#10929 = CIRCLE('',#10930,7.500006711464E-02);
#10930 = AXIS2_PLACEMENT_3D('',#10931,#10932,#10933);
#10931 = CARTESIAN_POINT('',(156.35481893288,-65.23809506711,-7.5E-02));
#10932 = DIRECTION('',(0.,0.,-1.));
#10933 = DIRECTION('',(-0.195092263891,-0.980784894138,-0.));
#10934 = ORIENTED_EDGE('',*,*,#10935,.T.);
#10935 = EDGE_CURVE('',#10927,#10936,#10938,.T.);
#10936 = VERTEX_POINT('',#10937);
#10937 = CARTESIAN_POINT('',(157.178974,-65.164536,-7.5E-02));
#10938 = LINE('',#10939,#10940);
#10939 = CARTESIAN_POINT('',(156.354819,-65.163095,-7.5E-02));
#10940 = VECTOR('',#10941,1.);
#10941 = DIRECTION('',(0.999998471452,-1.748454838424E-03,0.));
#10942 = ORIENTED_EDGE('',*,*,#10943,.T.);
#10943 = EDGE_CURVE('',#10936,#10944,#10946,.T.);
#10944 = VERTEX_POINT('',#10945);
#10945 = CARTESIAN_POINT('',(157.428378,-65.413939,-7.5E-02));
#10946 = CIRCLE('',#10947,0.347873191155);
#10947 = AXIS2_PLACEMENT_3D('',#10948,#10949,#10950);
#10948 = CARTESIAN_POINT('',(157.09164493659,-65.50126941356,-7.5E-02));
#10949 = DIRECTION('',(0.,0.,-1.));
#10950 = DIRECTION('',(0.251037060709,0.967977476055,0.));
#10951 = ORIENTED_EDGE('',*,*,#10952,.T.);
#10952 = EDGE_CURVE('',#10944,#10953,#10955,.T.);
#10953 = VERTEX_POINT('',#10954);
#10954 = CARTESIAN_POINT('',(157.427156,-65.638857,-7.5E-02));
#10955 = LINE('',#10956,#10957);
#10956 = CARTESIAN_POINT('',(157.428378,-65.413939,-7.5E-02));
#10957 = VECTOR('',#10958,1.);
#10958 = DIRECTION('',(-5.433010984541E-03,-0.999985241087,0.));
#10959 = ORIENTED_EDGE('',*,*,#10960,.T.);
#10960 = EDGE_CURVE('',#10953,#10961,#10963,.T.);
#10961 = VERTEX_POINT('',#10962);
#10962 = CARTESIAN_POINT('',(157.178974,-65.883082,-7.5E-02));
#10963 = CIRCLE('',#10964,0.348632713765);
#10964 = AXIS2_PLACEMENT_3D('',#10965,#10966,#10967);
#10965 = CARTESIAN_POINT('',(157.09120597394,-65.54567787627,-7.5E-02));
#10966 = DIRECTION('',(0.,0.,-1.));
#10967 = DIRECTION('',(0.963621636162,-0.267270167283,0.));
#10968 = ORIENTED_EDGE('',*,*,#10969,.T.);
#10969 = EDGE_CURVE('',#10961,#10970,#10972,.T.);
#10970 = VERTEX_POINT('',#10971);
#10971 = CARTESIAN_POINT('',(156.340187,-65.883082,-7.5E-02));
#10972 = LINE('',#10973,#10974);
#10973 = CARTESIAN_POINT('',(157.178974,-65.883082,-7.5E-02));
#10974 = VECTOR('',#10975,1.);
#10975 = DIRECTION('',(-1.,0.,0.));
#10976 = ORIENTED_EDGE('',*,*,#10977,.T.);
#10977 = EDGE_CURVE('',#10970,#10978,#10980,.T.);
#10978 = VERTEX_POINT('',#10979);
#10979 = CARTESIAN_POINT('',(156.354819,-65.734523,-7.5E-02));
#10980 = CIRCLE('',#10981,7.500006711464E-02);
#10981 = AXIS2_PLACEMENT_3D('',#10982,#10983,#10984);
#10982 = CARTESIAN_POINT('',(156.35481893288,-65.80952306711,-7.5E-02));
#10983 = DIRECTION('',(0.,0.,-1.));
#10984 = DIRECTION('',(-0.195092263891,-0.980784894138,-0.));
#10985 = ORIENTED_EDGE('',*,*,#10986,.T.);
#10986 = EDGE_CURVE('',#10978,#10987,#10989,.T.);
#10987 = VERTEX_POINT('',#10988);
#10988 = CARTESIAN_POINT('',(157.146637,-65.734523,-7.5E-02));
#10989 = LINE('',#10990,#10991);
#10990 = CARTESIAN_POINT('',(156.354819,-65.734523,-7.5E-02));
#10991 = VECTOR('',#10992,1.);
#10992 = DIRECTION('',(1.,0.,0.));
#10993 = ORIENTED_EDGE('',*,*,#10994,.T.);
#10994 = EDGE_CURVE('',#10987,#10995,#10997,.T.);
#10995 = VERTEX_POINT('',#10996);
#10996 = CARTESIAN_POINT('',(157.279819,-65.601342,-7.5E-02));
#10997 = CIRCLE('',#10998,0.186872595955);
#10998 = AXIS2_PLACEMENT_3D('',#10999,#11000,#11001);
#10999 = CARTESIAN_POINT('',(157.09909536766,-65.55379901068,-7.5E-02));
#11000 = DIRECTION('',(0.,0.,1.));
#11001 = DIRECTION('',(0.254406656561,-0.967097333828,0.));
#11002 = ORIENTED_EDGE('',*,*,#11003,.T.);
#11003 = EDGE_CURVE('',#10995,#11004,#11006,.T.);
#11004 = VERTEX_POINT('',#11005);
#11005 = CARTESIAN_POINT('',(157.279819,-65.446276,-7.5E-02));
#11006 = LINE('',#11007,#11008);
#11007 = CARTESIAN_POINT('',(157.279819,-65.601342,-7.5E-02));
#11008 = VECTOR('',#11009,1.);
#11009 = DIRECTION('',(0.,1.,0.));
#11010 = ORIENTED_EDGE('',*,*,#11011,.T.);
#11011 = EDGE_CURVE('',#11004,#11012,#11014,.T.);
#11012 = VERTEX_POINT('',#11013);
#11013 = CARTESIAN_POINT('',(157.146637,-65.313095,-7.5E-02));
#11014 = CIRCLE('',#11015,0.18686362259);
#11015 = AXIS2_PLACEMENT_3D('',#11016,#11017,#11018);
#11016 = CARTESIAN_POINT('',(157.09910271383,-65.49381164308,-7.5E-02));
#11017 = DIRECTION('',(0.,0.,1.));
#11018 = DIRECTION('',(0.967102551356,0.25438682191,-0.));
#11019 = ORIENTED_EDGE('',*,*,#11020,.T.);
#11020 = EDGE_CURVE('',#11012,#10925,#11021,.T.);
#11021 = LINE('',#11022,#11023);
#11022 = CARTESIAN_POINT('',(157.146637,-65.313095,-7.5E-02));
#11023 = VECTOR('',#11024,1.);
#11024 = DIRECTION('',(-0.999998403599,1.786840721168E-03,0.));
#11025 = PLANE('',#11026);
#11026 = AXIS2_PLACEMENT_3D('',#11027,#11028,#11029);
#11027 = CARTESIAN_POINT('',(0.,0.,-7.5E-02));
#11028 = DIRECTION('',(-0.,-0.,-1.));
#11029 = DIRECTION('',(-1.,0.,0.));
#11030 = SHELL_BASED_SURFACE_MODEL('',(#11031));
#11031 = OPEN_SHELL('',(#11032));
#11032 = ADVANCED_FACE('',(#11033),#11093,.T.);
#11033 = FACE_BOUND('',#11034,.T.);
#11034 = EDGE_LOOP('',(#11035,#11046,#11054,#11063,#11071,#11079,#11087)
  );
#11035 = ORIENTED_EDGE('',*,*,#11036,.T.);
#11036 = EDGE_CURVE('',#11037,#11039,#11041,.T.);
#11037 = VERTEX_POINT('',#11038);
#11038 = CARTESIAN_POINT('',(178.041476,-64.69529,-7.5E-02));
#11039 = VERTEX_POINT('',#11040);
#11040 = CARTESIAN_POINT('',(178.09,-64.6,-7.5E-02));
#11041 = CIRCLE('',#11042,5.999941814204E-02);
#11042 = AXIS2_PLACEMENT_3D('',#11043,#11044,#11045);
#11043 = CARTESIAN_POINT('',(178.08999924194,-64.65999941813,-7.5E-02));
#11044 = DIRECTION('',(0.,0.,-1.));
#11045 = DIRECTION('',(-0.80872854189,-0.588182068353,-0.));
#11046 = ORIENTED_EDGE('',*,*,#11047,.T.);
#11047 = EDGE_CURVE('',#11039,#11048,#11050,.T.);
#11048 = VERTEX_POINT('',#11049);
#11049 = CARTESIAN_POINT('',(178.57,-64.6,-7.5E-02));
#11050 = LINE('',#11051,#11052);
#11051 = CARTESIAN_POINT('',(178.09,-64.6,-7.5E-02));
#11052 = VECTOR('',#11053,1.);
#11053 = DIRECTION('',(1.,0.,0.));
#11054 = ORIENTED_EDGE('',*,*,#11055,.T.);
#11055 = EDGE_CURVE('',#11048,#11056,#11058,.T.);
#11056 = VERTEX_POINT('',#11057);
#11057 = CARTESIAN_POINT('',(178.618524,-64.69529,-7.5E-02));
#11058 = CIRCLE('',#11059,6.000027696176E-02);
#11059 = AXIS2_PLACEMENT_3D('',#11060,#11061,#11062);
#11060 = CARTESIAN_POINT('',(178.56999907153,-64.66000027695,-7.5E-02));
#11061 = DIRECTION('',(0.,0.,-1.));
#11062 = DIRECTION('',(1.547440206489E-05,0.99999999988,0.));
#11063 = ORIENTED_EDGE('',*,*,#11064,.T.);
#11064 = EDGE_CURVE('',#11056,#11065,#11067,.T.);
#11065 = VERTEX_POINT('',#11066);
#11066 = CARTESIAN_POINT('',(178.378524,-65.02529,-7.5E-02));
#11067 = LINE('',#11068,#11069);
#11068 = CARTESIAN_POINT('',(178.618524,-64.69529,-7.5E-02));
#11069 = VECTOR('',#11070,1.);
#11070 = DIRECTION('',(-0.588171697675,-0.808736084303,0.));
#11071 = ORIENTED_EDGE('',*,*,#11072,.T.);
#11072 = EDGE_CURVE('',#11065,#11073,#11075,.T.);
#11073 = VERTEX_POINT('',#11074);
#11074 = CARTESIAN_POINT('',(178.339358,-65.049266,-7.5E-02));
#11075 = LINE('',#11076,#11077);
#11076 = CARTESIAN_POINT('',(178.378524,-65.02529,-7.5E-02));
#11077 = VECTOR('',#11078,1.);
#11078 = DIRECTION('',(-0.852882175679,-0.522103432673,0.));
#11079 = ORIENTED_EDGE('',*,*,#11080,.T.);
#11080 = EDGE_CURVE('',#11073,#11081,#11083,.T.);
#11081 = VERTEX_POINT('',#11082);
#11082 = CARTESIAN_POINT('',(178.29471,-65.038524,-7.5E-02));
#11083 = LINE('',#11084,#11085);
#11084 = CARTESIAN_POINT('',(178.339358,-65.049266,-7.5E-02));
#11085 = VECTOR('',#11086,1.);
#11086 = DIRECTION('',(-0.972256295266,0.233918140202,0.));
#11087 = ORIENTED_EDGE('',*,*,#11088,.T.);
#11088 = EDGE_CURVE('',#11081,#11037,#11089,.T.);
#11089 = LINE('',#11090,#11091);
#11090 = CARTESIAN_POINT('',(178.29471,-65.038524,-7.5E-02));
#11091 = VECTOR('',#11092,1.);
#11092 = DIRECTION('',(-0.593692353744,0.804692108267,0.));
#11093 = PLANE('',#11094);
#11094 = AXIS2_PLACEMENT_3D('',#11095,#11096,#11097);
#11095 = CARTESIAN_POINT('',(0.,0.,-7.5E-02));
#11096 = DIRECTION('',(-0.,-0.,-1.));
#11097 = DIRECTION('',(-1.,0.,0.));
#11098 = SHELL_BASED_SURFACE_MODEL('',(#11099));
#11099 = OPEN_SHELL('',(#11100));
#11100 = ADVANCED_FACE('',(#11101),#11187,.T.);
#11101 = FACE_BOUND('',#11102,.T.);
#11102 = EDGE_LOOP('',(#11103,#11114,#11122,#11131,#11139,#11148,#11156,
    #11165,#11173,#11181));
#11103 = ORIENTED_EDGE('',*,*,#11104,.T.);
#11104 = EDGE_CURVE('',#11105,#11107,#11109,.T.);
#11105 = VERTEX_POINT('',#11106);
#11106 = CARTESIAN_POINT('',(175.6,-62.4,-7.5E-02));
#11107 = VERTEX_POINT('',#11108);
#11108 = CARTESIAN_POINT('',(175.6,-62.28,-7.5E-02));
#11109 = CIRCLE('',#11110,6.000000000042E-02);
#11110 = AXIS2_PLACEMENT_3D('',#11111,#11112,#11113);
#11111 = CARTESIAN_POINT('',(175.59999977441,-62.34,-7.5E-02));
#11112 = DIRECTION('',(0.,0.,-1.));
#11113 = DIRECTION('',(3.759794253684E-06,-0.999999999993,0.));
#11114 = ORIENTED_EDGE('',*,*,#11115,.T.);
#11115 = EDGE_CURVE('',#11107,#11116,#11118,.T.);
#11116 = VERTEX_POINT('',#11117);
#11117 = CARTESIAN_POINT('',(178.285,-62.28,-7.5E-02));
#11118 = LINE('',#11119,#11120);
#11119 = CARTESIAN_POINT('',(175.6,-62.28,-7.5E-02));
#11120 = VECTOR('',#11121,1.);
#11121 = DIRECTION('',(1.,0.,0.));
#11122 = ORIENTED_EDGE('',*,*,#11123,.T.);
#11123 = EDGE_CURVE('',#11116,#11124,#11126,.T.);
#11124 = VERTEX_POINT('',#11125);
#11125 = CARTESIAN_POINT('',(178.345,-62.34,-7.5E-02));
#11126 = CIRCLE('',#11127,5.999932016259E-02);
#11127 = AXIS2_PLACEMENT_3D('',#11128,#11129,#11130);
#11128 = CARTESIAN_POINT('',(178.28500067984,-62.33999932015,-7.5E-02));
#11129 = DIRECTION('',(0.,0.,-1.));
#11130 = DIRECTION('',(-1.133081612142E-05,0.999999999936,0.));
#11131 = ORIENTED_EDGE('',*,*,#11132,.T.);
#11132 = EDGE_CURVE('',#11124,#11133,#11135,.T.);
#11133 = VERTEX_POINT('',#11134);
#11134 = CARTESIAN_POINT('',(178.345,-64.26,-7.5E-02));
#11135 = LINE('',#11136,#11137);
#11136 = CARTESIAN_POINT('',(178.345,-62.34,-7.5E-02));
#11137 = VECTOR('',#11138,1.);
#11138 = DIRECTION('',(0.,-1.,0.));
#11139 = ORIENTED_EDGE('',*,*,#11140,.T.);
#11140 = EDGE_CURVE('',#11133,#11141,#11143,.T.);
#11141 = VERTEX_POINT('',#11142);
#11142 = CARTESIAN_POINT('',(178.285,-64.32,-7.5E-02));
#11143 = CIRCLE('',#11144,5.999932016262E-02);
#11144 = AXIS2_PLACEMENT_3D('',#11145,#11146,#11147);
#11145 = CARTESIAN_POINT('',(178.28500067984,-64.26000067984,-7.5E-02));
#11146 = DIRECTION('',(0.,0.,-1.));
#11147 = DIRECTION('',(0.999999999936,1.133081541087E-05,0.));
#11148 = ORIENTED_EDGE('',*,*,#11149,.T.);
#11149 = EDGE_CURVE('',#11141,#11150,#11152,.T.);
#11150 = VERTEX_POINT('',#11151);
#11151 = CARTESIAN_POINT('',(175.6,-64.32,-7.5E-02));
#11152 = LINE('',#11153,#11154);
#11153 = CARTESIAN_POINT('',(178.285,-64.32,-7.5E-02));
#11154 = VECTOR('',#11155,1.);
#11155 = DIRECTION('',(-1.,0.,0.));
#11156 = ORIENTED_EDGE('',*,*,#11157,.T.);
#11157 = EDGE_CURVE('',#11150,#11158,#11160,.T.);
#11158 = VERTEX_POINT('',#11159);
#11159 = CARTESIAN_POINT('',(175.6,-64.2,-7.5E-02));
#11160 = CIRCLE('',#11161,6.000000000042E-02);
#11161 = AXIS2_PLACEMENT_3D('',#11162,#11163,#11164);
#11162 = CARTESIAN_POINT('',(175.59999977441,-64.26,-7.5E-02));
#11163 = DIRECTION('',(0.,0.,-1.));
#11164 = DIRECTION('',(3.759794253684E-06,-0.999999999993,0.));
#11165 = ORIENTED_EDGE('',*,*,#11166,.T.);
#11166 = EDGE_CURVE('',#11158,#11167,#11169,.T.);
#11167 = VERTEX_POINT('',#11168);
#11168 = CARTESIAN_POINT('',(178.225,-64.2,-7.5E-02));
#11169 = LINE('',#11170,#11171);
#11170 = CARTESIAN_POINT('',(175.6,-64.2,-7.5E-02));
#11171 = VECTOR('',#11172,1.);
#11172 = DIRECTION('',(1.,0.,0.));
#11173 = ORIENTED_EDGE('',*,*,#11174,.T.);
#11174 = EDGE_CURVE('',#11167,#11175,#11177,.T.);
#11175 = VERTEX_POINT('',#11176);
#11176 = CARTESIAN_POINT('',(178.225,-62.4,-7.5E-02));
#11177 = LINE('',#11178,#11179);
#11178 = CARTESIAN_POINT('',(178.225,-64.2,-7.5E-02));
#11179 = VECTOR('',#11180,1.);
#11180 = DIRECTION('',(0.,1.,0.));
#11181 = ORIENTED_EDGE('',*,*,#11182,.T.);
#11182 = EDGE_CURVE('',#11175,#11105,#11183,.T.);
#11183 = LINE('',#11184,#11185);
#11184 = CARTESIAN_POINT('',(178.225,-62.4,-7.5E-02));
#11185 = VECTOR('',#11186,1.);
#11186 = DIRECTION('',(-1.,0.,0.));
#11187 = PLANE('',#11188);
#11188 = AXIS2_PLACEMENT_3D('',#11189,#11190,#11191);
#11189 = CARTESIAN_POINT('',(0.,0.,-7.5E-02));
#11190 = DIRECTION('',(-0.,-0.,-1.));
#11191 = DIRECTION('',(-1.,0.,0.));
#11192 = SHELL_BASED_SURFACE_MODEL('',(#11193));
#11193 = OPEN_SHELL('',(#11194));
#11194 = ADVANCED_FACE('',(#11195),#11231,.T.);
#11195 = FACE_BOUND('',#11196,.T.);
#11196 = EDGE_LOOP('',(#11197,#11208,#11216,#11225));
#11197 = ORIENTED_EDGE('',*,*,#11198,.T.);
#11198 = EDGE_CURVE('',#11199,#11201,#11203,.T.);
#11199 = VERTEX_POINT('',#11200);
#11200 = CARTESIAN_POINT('',(173.037742,-63.7825,-7.5E-02));
#11201 = VERTEX_POINT('',#11202);
#11202 = CARTESIAN_POINT('',(173.037742,-63.6625,-7.5E-02));
#11203 = CIRCLE('',#11204,6.000000000042E-02);
#11204 = AXIS2_PLACEMENT_3D('',#11205,#11206,#11207);
#11205 = CARTESIAN_POINT('',(173.03774177441,-63.7225,-7.5E-02));
#11206 = DIRECTION('',(0.,0.,-1.));
#11207 = DIRECTION('',(3.759794727379E-06,-0.999999999993,0.));
#11208 = ORIENTED_EDGE('',*,*,#11209,.T.);
#11209 = EDGE_CURVE('',#11201,#11210,#11212,.T.);
#11210 = VERTEX_POINT('',#11211);
#11211 = CARTESIAN_POINT('',(173.512258,-63.6625,-7.5E-02));
#11212 = LINE('',#11213,#11214);
#11213 = CARTESIAN_POINT('',(173.037742,-63.6625,-7.5E-02));
#11214 = VECTOR('',#11215,1.);
#11215 = DIRECTION('',(1.,0.,0.));
#11216 = ORIENTED_EDGE('',*,*,#11217,.T.);
#11217 = EDGE_CURVE('',#11210,#11218,#11220,.T.);
#11218 = VERTEX_POINT('',#11219);
#11219 = CARTESIAN_POINT('',(173.512258,-63.7825,-7.5E-02));
#11220 = CIRCLE('',#11221,6.000000000042E-02);
#11221 = AXIS2_PLACEMENT_3D('',#11222,#11223,#11224);
#11222 = CARTESIAN_POINT('',(173.51225822558,-63.7225,-7.5E-02));
#11223 = DIRECTION('',(0.,0.,-1.));
#11224 = DIRECTION('',(-3.759794253684E-06,0.999999999993,-0.));
#11225 = ORIENTED_EDGE('',*,*,#11226,.T.);
#11226 = EDGE_CURVE('',#11218,#11199,#11227,.T.);
#11227 = LINE('',#11228,#11229);
#11228 = CARTESIAN_POINT('',(173.512258,-63.7825,-7.5E-02));
#11229 = VECTOR('',#11230,1.);
#11230 = DIRECTION('',(-1.,0.,0.));
#11231 = PLANE('',#11232);
#11232 = AXIS2_PLACEMENT_3D('',#11233,#11234,#11235);
#11233 = CARTESIAN_POINT('',(0.,0.,-7.5E-02));
#11234 = DIRECTION('',(-0.,-0.,-1.));
#11235 = DIRECTION('',(-1.,0.,0.));
#11236 = SHELL_BASED_SURFACE_MODEL('',(#11237));
#11237 = OPEN_SHELL('',(#11238));
#11238 = ADVANCED_FACE('',(#11239),#11396,.T.);
#11239 = FACE_BOUND('',#11240,.T.);
#11240 = EDGE_LOOP('',(#11241,#11251,#11259,#11267,#11275,#11284,#11292,
    #11300,#11308,#11317,#11325,#11333,#11341,#11349,#11358,#11366,
    #11374,#11382,#11390));
#11241 = ORIENTED_EDGE('',*,*,#11242,.T.);
#11242 = EDGE_CURVE('',#11243,#11245,#11247,.T.);
#11243 = VERTEX_POINT('',#11244);
#11244 = CARTESIAN_POINT('',(176.552665,-63.457211,-7.5E-02));
#11245 = VERTEX_POINT('',#11246);
#11246 = CARTESIAN_POINT('',(176.700445,-63.312796,-7.5E-02));
#11247 = LINE('',#11248,#11249);
#11248 = CARTESIAN_POINT('',(176.552665,-63.457211,-7.5E-02));
#11249 = VECTOR('',#11250,1.);
#11250 = DIRECTION('',(0.715202597027,0.698917194814,0.));
#11251 = ORIENTED_EDGE('',*,*,#11252,.T.);
#11252 = EDGE_CURVE('',#11245,#11253,#11255,.T.);
#11253 = VERTEX_POINT('',#11254);
#11254 = CARTESIAN_POINT('',(176.724363,-63.312796,-7.5E-02));
#11255 = LINE('',#11256,#11257);
#11256 = CARTESIAN_POINT('',(176.700445,-63.312796,-7.5E-02));
#11257 = VECTOR('',#11258,1.);
#11258 = DIRECTION('',(1.,0.,0.));
#11259 = ORIENTED_EDGE('',*,*,#11260,.T.);
#11260 = EDGE_CURVE('',#11253,#11261,#11263,.T.);
#11261 = VERTEX_POINT('',#11262);
#11262 = CARTESIAN_POINT('',(176.741275,-63.329708,-7.5E-02));
#11263 = LINE('',#11264,#11265);
#11264 = CARTESIAN_POINT('',(176.724363,-63.312796,-7.5E-02));
#11265 = VECTOR('',#11266,1.);
#11266 = DIRECTION('',(0.707106781186,-0.707106781187,0.));
#11267 = ORIENTED_EDGE('',*,*,#11268,.T.);
#11268 = EDGE_CURVE('',#11261,#11269,#11271,.T.);
#11269 = VERTEX_POINT('',#11270);
#11270 = CARTESIAN_POINT('',(176.741275,-63.508388,-7.5E-02));
#11271 = LINE('',#11272,#11273);
#11272 = CARTESIAN_POINT('',(176.741275,-63.329708,-7.5E-02));
#11273 = VECTOR('',#11274,1.);
#11274 = DIRECTION('',(0.,-1.,0.));
#11275 = ORIENTED_EDGE('',*,*,#11276,.T.);
#11276 = EDGE_CURVE('',#11269,#11277,#11279,.T.);
#11277 = VERTEX_POINT('',#11278);
#11278 = CARTESIAN_POINT('',(176.683533,-63.508388,-7.5E-02));
#11279 = CIRCLE('',#11280,3.124983715156E-02);
#11280 = AXIS2_PLACEMENT_3D('',#11281,#11282,#11283);
#11281 = CARTESIAN_POINT('',(176.712404,-63.496429,-7.5E-02));
#11282 = DIRECTION('',(-0.,0.,-1.));
#11283 = DIRECTION('',(0.923876814461,-0.382689994254,-0.));
#11284 = ORIENTED_EDGE('',*,*,#11285,.T.);
#11285 = EDGE_CURVE('',#11277,#11286,#11288,.T.);
#11286 = VERTEX_POINT('',#11287);
#11287 = CARTESIAN_POINT('',(176.681154,-63.417111,-7.5E-02));
#11288 = LINE('',#11289,#11290);
#11289 = CARTESIAN_POINT('',(176.683533,-63.508388,-7.5E-02));
#11290 = VECTOR('',#11291,1.);
#11291 = DIRECTION('',(-2.605467287095E-02,0.999660519387,0.));
#11292 = ORIENTED_EDGE('',*,*,#11293,.T.);
#11293 = EDGE_CURVE('',#11286,#11294,#11296,.T.);
#11294 = VERTEX_POINT('',#11295);
#11295 = CARTESIAN_POINT('',(176.579429,-63.51417,-7.5E-02));
#11296 = LINE('',#11297,#11298);
#11297 = CARTESIAN_POINT('',(176.681154,-63.417111,-7.5E-02));
#11298 = VECTOR('',#11299,1.);
#11299 = DIRECTION('',(-0.723505209727,-0.690318920136,0.));
#11300 = ORIENTED_EDGE('',*,*,#11301,.T.);
#11301 = EDGE_CURVE('',#11294,#11302,#11304,.T.);
#11302 = VERTEX_POINT('',#11303);
#11303 = CARTESIAN_POINT('',(176.533833,-63.527679,-7.5E-02));
#11304 = LINE('',#11305,#11306);
#11305 = CARTESIAN_POINT('',(176.579429,-63.51417,-7.5E-02));
#11306 = VECTOR('',#11307,1.);
#11307 = DIRECTION('',(-0.958803416005,-0.28407043045,0.));
#11308 = ORIENTED_EDGE('',*,*,#11309,.T.);
#11309 = EDGE_CURVE('',#11302,#11310,#11312,.T.);
#11310 = VERTEX_POINT('',#11311);
#11311 = CARTESIAN_POINT('',(176.446358,-63.486594,-7.5E-02));
#11312 = CIRCLE('',#11313,9.053184848251E-02);
#11313 = AXIS2_PLACEMENT_3D('',#11314,#11315,#11316);
#11314 = CARTESIAN_POINT('',(176.52264175895,-63.43784152611,-7.5E-02));
#11315 = DIRECTION('',(0.,0.,-1.));
#11316 = DIRECTION('',(0.123616619281,-0.992330051665,0.));
#11317 = ORIENTED_EDGE('',*,*,#11318,.T.);
#11318 = EDGE_CURVE('',#11310,#11319,#11321,.T.);
#11319 = VERTEX_POINT('',#11320);
#11320 = CARTESIAN_POINT('',(176.431154,-63.44881,-7.5E-02));
#11321 = LINE('',#11322,#11323);
#11322 = CARTESIAN_POINT('',(176.446358,-63.486594,-7.5E-02));
#11323 = VECTOR('',#11324,1.);
#11324 = DIRECTION('',(-0.373303325895,0.927709343963,0.));
#11325 = ORIENTED_EDGE('',*,*,#11326,.T.);
#11326 = EDGE_CURVE('',#11319,#11327,#11329,.T.);
#11327 = VERTEX_POINT('',#11328);
#11328 = CARTESIAN_POINT('',(176.434453,-63.375311,-7.5E-02));
#11329 = LINE('',#11330,#11331);
#11330 = CARTESIAN_POINT('',(176.431154,-63.44881,-7.5E-02));
#11331 = VECTOR('',#11332,1.);
#11332 = DIRECTION('',(4.483981865295E-02,0.998994189504,0.));
#11333 = ORIENTED_EDGE('',*,*,#11334,.T.);
#11334 = EDGE_CURVE('',#11327,#11335,#11337,.T.);
#11335 = VERTEX_POINT('',#11336);
#11336 = CARTESIAN_POINT('',(176.452213,-63.343378,-7.5E-02));
#11337 = LINE('',#11338,#11339);
#11338 = CARTESIAN_POINT('',(176.434453,-63.375311,-7.5E-02));
#11339 = VECTOR('',#11340,1.);
#11340 = DIRECTION('',(0.48604952065,0.873931269309,0.));
#11341 = ORIENTED_EDGE('',*,*,#11342,.T.);
#11342 = EDGE_CURVE('',#11335,#11343,#11345,.T.);
#11343 = VERTEX_POINT('',#11344);
#11344 = CARTESIAN_POINT('',(176.474257,-63.3247,-7.5E-02));
#11345 = LINE('',#11346,#11347);
#11346 = CARTESIAN_POINT('',(176.452213,-63.343378,-7.5E-02));
#11347 = VECTOR('',#11348,1.);
#11348 = DIRECTION('',(0.762952886245,0.646454092238,0.));
#11349 = ORIENTED_EDGE('',*,*,#11350,.T.);
#11350 = EDGE_CURVE('',#11343,#11351,#11353,.T.);
#11351 = VERTEX_POINT('',#11352);
#11352 = CARTESIAN_POINT('',(176.515085,-63.365531,-7.5E-02));
#11353 = CIRCLE('',#11354,3.124972509903E-02);
#11354 = AXIS2_PLACEMENT_3D('',#11355,#11356,#11357);
#11355 = CARTESIAN_POINT('',(176.48621429286,-63.35357158579,-7.5E-02));
#11356 = DIRECTION('',(0.,0.,-1.));
#11357 = DIRECTION('',(-0.38263673762,0.923898872725,0.));
#11358 = ORIENTED_EDGE('',*,*,#11359,.T.);
#11359 = EDGE_CURVE('',#11351,#11360,#11362,.T.);
#11360 = VERTEX_POINT('',#11361);
#11361 = CARTESIAN_POINT('',(176.493654,-63.396663,-7.5E-02));
#11362 = LINE('',#11363,#11364);
#11363 = CARTESIAN_POINT('',(176.515085,-63.365531,-7.5E-02));
#11364 = VECTOR('',#11365,1.);
#11365 = DIRECTION('',(-0.567027285731,-0.823699008884,0.));
#11366 = ORIENTED_EDGE('',*,*,#11367,.T.);
#11367 = EDGE_CURVE('',#11360,#11368,#11370,.T.);
#11368 = VERTEX_POINT('',#11369);
#11369 = CARTESIAN_POINT('',(176.493654,-63.441432,-7.5E-02));
#11370 = LINE('',#11371,#11372);
#11371 = CARTESIAN_POINT('',(176.493654,-63.396663,-7.5E-02));
#11372 = VECTOR('',#11373,1.);
#11373 = DIRECTION('',(0.,-1.,0.));
#11374 = ORIENTED_EDGE('',*,*,#11375,.T.);
#11375 = EDGE_CURVE('',#11368,#11376,#11378,.T.);
#11376 = VERTEX_POINT('',#11377);
#11377 = CARTESIAN_POINT('',(176.504724,-63.45884,-7.5E-02));
#11378 = LINE('',#11379,#11380);
#11379 = CARTESIAN_POINT('',(176.493654,-63.441432,-7.5E-02));
#11380 = VECTOR('',#11381,1.);
#11381 = DIRECTION('',(0.536605721932,-0.843833099131,0.));
#11382 = ORIENTED_EDGE('',*,*,#11383,.T.);
#11383 = EDGE_CURVE('',#11376,#11384,#11386,.T.);
#11384 = VERTEX_POINT('',#11385);
#11385 = CARTESIAN_POINT('',(176.528763,-63.465179,-7.5E-02));
#11386 = LINE('',#11387,#11388);
#11387 = CARTESIAN_POINT('',(176.504724,-63.45884,-7.5E-02));
#11388 = VECTOR('',#11389,1.);
#11389 = DIRECTION('',(0.966946239486,-0.254980332464,0.));
#11390 = ORIENTED_EDGE('',*,*,#11391,.T.);
#11391 = EDGE_CURVE('',#11384,#11243,#11392,.T.);
#11392 = LINE('',#11393,#11394);
#11393 = CARTESIAN_POINT('',(176.528763,-63.465179,-7.5E-02));
#11394 = VECTOR('',#11395,1.);
#11395 = DIRECTION('',(0.94867535971,0.316251580042,0.));
#11396 = PLANE('',#11397);
#11397 = AXIS2_PLACEMENT_3D('',#11398,#11399,#11400);
#11398 = CARTESIAN_POINT('',(0.,0.,-7.5E-02));
#11399 = DIRECTION('',(-0.,-0.,-1.));
#11400 = DIRECTION('',(-1.,0.,0.));
#11401 = SHELL_BASED_SURFACE_MODEL('',(#11402));
#11402 = OPEN_SHELL('',(#11403));
#11403 = ADVANCED_FACE('',(#11404),#11610,.T.);
#11404 = FACE_BOUND('',#11405,.T.);
#11405 = EDGE_LOOP('',(#11406,#11416,#11424,#11432,#11440,#11448,#11456,
    #11464,#11472,#11480,#11488,#11496,#11504,#11512,#11521,#11529,
    #11537,#11545,#11554,#11562,#11571,#11579,#11587,#11595,#11604));
#11406 = ORIENTED_EDGE('',*,*,#11407,.T.);
#11407 = EDGE_CURVE('',#11408,#11410,#11412,.T.);
#11408 = VERTEX_POINT('',#11409);
#11409 = CARTESIAN_POINT('',(173.108533,-63.253517,-7.5E-02));
#11410 = VERTEX_POINT('',#11411);
#11411 = CARTESIAN_POINT('',(173.127003,-63.236605,-7.5E-02));
#11412 = LINE('',#11413,#11414);
#11413 = CARTESIAN_POINT('',(173.108533,-63.253517,-7.5E-02));
#11414 = VECTOR('',#11415,1.);
#11415 = DIRECTION('',(0.737528626466,0.675315870644,0.));
#11416 = ORIENTED_EDGE('',*,*,#11417,.T.);
#11417 = EDGE_CURVE('',#11410,#11418,#11420,.T.);
#11418 = VERTEX_POINT('',#11419);
#11419 = CARTESIAN_POINT('',(173.265479,-63.223654,-7.5E-02));
#11420 = LINE('',#11421,#11422);
#11421 = CARTESIAN_POINT('',(173.127003,-63.236605,-7.5E-02));
#11422 = VECTOR('',#11423,1.);
#11423 = DIRECTION('',(0.995654999012,9.311886458451E-02,0.));
#11424 = ORIENTED_EDGE('',*,*,#11425,.T.);
#11425 = EDGE_CURVE('',#11418,#11426,#11428,.T.);
#11426 = VERTEX_POINT('',#11427);
#11427 = CARTESIAN_POINT('',(173.285324,-63.241614,-7.5E-02));
#11428 = LINE('',#11429,#11430);
#11429 = CARTESIAN_POINT('',(173.265479,-63.223654,-7.5E-02));
#11430 = VECTOR('',#11431,1.);
#11431 = DIRECTION('',(0.741442833629,-0.6710160389,0.));
#11432 = ORIENTED_EDGE('',*,*,#11433,.T.);
#11433 = EDGE_CURVE('',#11426,#11434,#11436,.T.);
#11434 = VERTEX_POINT('',#11435);
#11435 = CARTESIAN_POINT('',(173.285323,-63.265531,-7.5E-02));
#11436 = LINE('',#11437,#11438);
#11437 = CARTESIAN_POINT('',(173.285324,-63.241614,-7.5E-02));
#11438 = VECTOR('',#11439,1.);
#11439 = DIRECTION('',(-4.181126381239E-05,-0.999999999126,0.));
#11440 = ORIENTED_EDGE('',*,*,#11441,.T.);
#11441 = EDGE_CURVE('',#11434,#11442,#11444,.T.);
#11442 = VERTEX_POINT('',#11443);
#11443 = CARTESIAN_POINT('',(173.263892,-63.296663,-7.5E-02));
#11444 = LINE('',#11445,#11446);
#11445 = CARTESIAN_POINT('',(173.285323,-63.265531,-7.5E-02));
#11446 = VECTOR('',#11447,1.);
#11447 = DIRECTION('',(-0.567027285731,-0.823699008884,0.));
#11448 = ORIENTED_EDGE('',*,*,#11449,.T.);
#11449 = EDGE_CURVE('',#11442,#11450,#11452,.T.);
#11450 = VERTEX_POINT('',#11451);
#11451 = CARTESIAN_POINT('',(173.263892,-63.341432,-7.5E-02));
#11452 = LINE('',#11453,#11454);
#11453 = CARTESIAN_POINT('',(173.263892,-63.296663,-7.5E-02));
#11454 = VECTOR('',#11455,1.);
#11455 = DIRECTION('',(0.,-1.,0.));
#11456 = ORIENTED_EDGE('',*,*,#11457,.T.);
#11457 = EDGE_CURVE('',#11450,#11458,#11460,.T.);
#11458 = VERTEX_POINT('',#11459);
#11459 = CARTESIAN_POINT('',(173.274962,-63.35884,-7.5E-02));
#11460 = LINE('',#11461,#11462);
#11461 = CARTESIAN_POINT('',(173.263892,-63.341432,-7.5E-02));
#11462 = VECTOR('',#11463,1.);
#11463 = DIRECTION('',(0.536605721931,-0.843833099132,0.));
#11464 = ORIENTED_EDGE('',*,*,#11465,.T.);
#11465 = EDGE_CURVE('',#11458,#11466,#11468,.T.);
#11466 = VERTEX_POINT('',#11467);
#11467 = CARTESIAN_POINT('',(173.287639,-63.365179,-7.5E-02));
#11468 = LINE('',#11469,#11470);
#11469 = CARTESIAN_POINT('',(173.274962,-63.35884,-7.5E-02));
#11470 = VECTOR('',#11471,1.);
#11471 = DIRECTION('',(0.894413079755,-0.447241816877,0.));
#11472 = ORIENTED_EDGE('',*,*,#11473,.T.);
#11473 = EDGE_CURVE('',#11466,#11474,#11476,.T.);
#11474 = VERTEX_POINT('',#11475);
#11475 = CARTESIAN_POINT('',(173.332408,-63.365179,-7.5E-02));
#11476 = LINE('',#11477,#11478);
#11477 = CARTESIAN_POINT('',(173.287639,-63.365179,-7.5E-02));
#11478 = VECTOR('',#11479,1.);
#11479 = DIRECTION('',(1.,0.,0.));
#11480 = ORIENTED_EDGE('',*,*,#11481,.T.);
#11481 = EDGE_CURVE('',#11474,#11482,#11484,.T.);
#11482 = VERTEX_POINT('',#11483);
#11483 = CARTESIAN_POINT('',(173.349816,-63.354108,-7.5E-02));
#11484 = LINE('',#11485,#11486);
#11485 = CARTESIAN_POINT('',(173.332408,-63.365179,-7.5E-02));
#11486 = VECTOR('',#11487,1.);
#11487 = DIRECTION('',(0.843811149755,0.536640236611,0.));
#11488 = ORIENTED_EDGE('',*,*,#11489,.T.);
#11489 = EDGE_CURVE('',#11482,#11490,#11492,.T.);
#11490 = VERTEX_POINT('',#11491);
#11491 = CARTESIAN_POINT('',(173.356154,-63.341433,-7.5E-02));
#11492 = LINE('',#11493,#11494);
#11493 = CARTESIAN_POINT('',(173.349816,-63.354108,-7.5E-02));
#11494 = VECTOR('',#11495,1.);
#11495 = DIRECTION('',(0.447241821331,0.894413077528,0.));
#11496 = ORIENTED_EDGE('',*,*,#11497,.T.);
#11497 = EDGE_CURVE('',#11490,#11498,#11500,.T.);
#11498 = VERTEX_POINT('',#11499);
#11499 = CARTESIAN_POINT('',(173.356154,-63.296662,-7.5E-02));
#11500 = LINE('',#11501,#11502);
#11501 = CARTESIAN_POINT('',(173.356154,-63.341433,-7.5E-02));
#11502 = VECTOR('',#11503,1.);
#11503 = DIRECTION('',(0.,1.,0.));
#11504 = ORIENTED_EDGE('',*,*,#11505,.T.);
#11505 = EDGE_CURVE('',#11498,#11506,#11508,.T.);
#11506 = VERTEX_POINT('',#11507);
#11507 = CARTESIAN_POINT('',(173.334724,-63.265532,-7.5E-02));
#11508 = LINE('',#11509,#11510);
#11509 = CARTESIAN_POINT('',(173.356154,-63.296662,-7.5E-02));
#11510 = VECTOR('',#11511,1.);
#11511 = DIRECTION('',(-0.567034049891,0.823694352454,0.));
#11512 = ORIENTED_EDGE('',*,*,#11513,.T.);
#11513 = EDGE_CURVE('',#11506,#11514,#11516,.T.);
#11514 = VERTEX_POINT('',#11515);
#11515 = CARTESIAN_POINT('',(173.375552,-63.2247,-7.5E-02));
#11516 = CIRCLE('',#11517,3.12502198656E-02);
#11517 = AXIS2_PLACEMENT_3D('',#11518,#11519,#11520);
#11518 = CARTESIAN_POINT('',(173.36359512132,-63.25357229284,-7.5E-02));
#11519 = DIRECTION('',(0.,0.,-1.));
#11520 = DIRECTION('',(-0.923869382198,-0.382707936469,-0.));
#11521 = ORIENTED_EDGE('',*,*,#11522,.T.);
#11522 = EDGE_CURVE('',#11514,#11523,#11525,.T.);
#11523 = VERTEX_POINT('',#11524);
#11524 = CARTESIAN_POINT('',(173.403451,-63.251502,-7.5E-02));
#11525 = LINE('',#11526,#11527);
#11526 = CARTESIAN_POINT('',(173.375552,-63.2247,-7.5E-02));
#11527 = VECTOR('',#11528,1.);
#11528 = DIRECTION('',(0.721142437852,-0.692786824593,0.));
#11529 = ORIENTED_EDGE('',*,*,#11530,.T.);
#11530 = EDGE_CURVE('',#11523,#11531,#11533,.T.);
#11531 = VERTEX_POINT('',#11532);
#11532 = CARTESIAN_POINT('',(173.418654,-63.289286,-7.5E-02));
#11533 = LINE('',#11534,#11535);
#11534 = CARTESIAN_POINT('',(173.403451,-63.251502,-7.5E-02));
#11535 = VECTOR('',#11536,1.);
#11536 = DIRECTION('',(0.373282194225,-0.92771784691,0.));
#11537 = ORIENTED_EDGE('',*,*,#11538,.T.);
#11538 = EDGE_CURVE('',#11531,#11539,#11541,.T.);
#11539 = VERTEX_POINT('',#11540);
#11540 = CARTESIAN_POINT('',(173.415355,-63.362785,-7.5E-02));
#11541 = LINE('',#11542,#11543);
#11542 = CARTESIAN_POINT('',(173.418654,-63.289286,-7.5E-02));
#11543 = VECTOR('',#11544,1.);
#11544 = DIRECTION('',(-4.483981865294E-02,-0.998994189504,0.));
#11545 = ORIENTED_EDGE('',*,*,#11546,.T.);
#11546 = EDGE_CURVE('',#11539,#11547,#11549,.T.);
#11547 = VERTEX_POINT('',#11548);
#11548 = CARTESIAN_POINT('',(173.339785,-63.427679,-7.5E-02));
#11549 = CIRCLE('',#11550,9.606229087755E-02);
#11550 = AXIS2_PLACEMENT_3D('',#11551,#11552,#11553);
#11551 = CARTESIAN_POINT('',(173.32405524614,-63.33291329643,-7.5E-02));
#11552 = DIRECTION('',(0.,0.,-1.));
#11553 = DIRECTION('',(0.950422408473,-0.310961807095,0.));
#11554 = ORIENTED_EDGE('',*,*,#11555,.T.);
#11555 = EDGE_CURVE('',#11547,#11556,#11558,.T.);
#11556 = VERTEX_POINT('',#11557);
#11557 = CARTESIAN_POINT('',(173.266285,-63.424379,-7.5E-02));
#11558 = LINE('',#11559,#11560);
#11559 = CARTESIAN_POINT('',(173.339785,-63.427679,-7.5E-02));
#11560 = VECTOR('',#11561,1.);
#11561 = DIRECTION('',(-0.998993607909,4.485277423261E-02,0.));
#11562 = ORIENTED_EDGE('',*,*,#11563,.T.);
#11563 = EDGE_CURVE('',#11556,#11564,#11566,.T.);
#11564 = VERTEX_POINT('',#11565);
#11565 = CARTESIAN_POINT('',(173.201392,-63.34881,-7.5E-02));
#11566 = CIRCLE('',#11567,9.606421790633E-02);
#11567 = AXIS2_PLACEMENT_3D('',#11568,#11569,#11570);
#11568 = CARTESIAN_POINT('',(173.29615929515,-63.33307806653,-7.5E-02));
#11569 = DIRECTION('',(0.,0.,-1.));
#11570 = DIRECTION('',(-0.310982546977,-0.950415622491,-0.));
#11571 = ORIENTED_EDGE('',*,*,#11572,.T.);
#11572 = EDGE_CURVE('',#11564,#11573,#11575,.T.);
#11573 = VERTEX_POINT('',#11574);
#11574 = CARTESIAN_POINT('',(173.201392,-63.290483,-7.5E-02));
#11575 = LINE('',#11576,#11577);
#11576 = CARTESIAN_POINT('',(173.201392,-63.34881,-7.5E-02));
#11577 = VECTOR('',#11578,1.);
#11578 = DIRECTION('',(0.,1.,0.));
#11579 = ORIENTED_EDGE('',*,*,#11580,.T.);
#11580 = EDGE_CURVE('',#11573,#11581,#11583,.T.);
#11581 = VERTEX_POINT('',#11582);
#11582 = CARTESIAN_POINT('',(173.168654,-63.293757,-7.5E-02));
#11583 = LINE('',#11584,#11585);
#11584 = CARTESIAN_POINT('',(173.201392,-63.290483,-7.5E-02));
#11585 = VECTOR('',#11586,1.);
#11586 = DIRECTION('',(-0.995036588332,-9.950973761977E-02,0.));
#11587 = ORIENTED_EDGE('',*,*,#11588,.T.);
#11588 = EDGE_CURVE('',#11581,#11589,#11591,.T.);
#11589 = VERTEX_POINT('',#11590);
#11590 = CARTESIAN_POINT('',(173.166275,-63.396483,-7.5E-02));
#11591 = LINE('',#11592,#11593);
#11592 = CARTESIAN_POINT('',(173.168654,-63.293757,-7.5E-02));
#11593 = VECTOR('',#11594,1.);
#11594 = DIRECTION('',(-2.315248620383E-02,-0.999731945265,0.));
#11595 = ORIENTED_EDGE('',*,*,#11596,.T.);
#11596 = EDGE_CURVE('',#11589,#11597,#11599,.T.);
#11597 = VERTEX_POINT('',#11598);
#11598 = CARTESIAN_POINT('',(173.108533,-63.396483,-7.5E-02));
#11599 = CIRCLE('',#11600,3.124983715161E-02);
#11600 = AXIS2_PLACEMENT_3D('',#11601,#11602,#11603);
#11601 = CARTESIAN_POINT('',(173.137404,-63.384524,-7.5E-02));
#11602 = DIRECTION('',(-0.,0.,-1.));
#11603 = DIRECTION('',(0.92387681446,-0.382689994256,-0.));
#11604 = ORIENTED_EDGE('',*,*,#11605,.T.);
#11605 = EDGE_CURVE('',#11597,#11408,#11606,.T.);
#11606 = LINE('',#11607,#11608);
#11607 = CARTESIAN_POINT('',(173.108533,-63.396483,-7.5E-02));
#11608 = VECTOR('',#11609,1.);
#11609 = DIRECTION('',(0.,1.,0.));
#11610 = PLANE('',#11611);
#11611 = AXIS2_PLACEMENT_3D('',#11612,#11613,#11614);
#11612 = CARTESIAN_POINT('',(0.,0.,-7.5E-02));
#11613 = DIRECTION('',(-0.,-0.,-1.));
#11614 = DIRECTION('',(-1.,0.,0.));
#11615 = SHELL_BASED_SURFACE_MODEL('',(#11616));
#11616 = OPEN_SHELL('',(#11617));
#11617 = ADVANCED_FACE('',(#11618,#11717),#11784,.T.);
#11618 = FACE_BOUND('',#11619,.T.);
#11619 = EDGE_LOOP('',(#11620,#11630,#11638,#11646,#11654,#11662,#11670,
    #11679,#11687,#11695,#11703,#11711));
#11620 = ORIENTED_EDGE('',*,*,#11621,.T.);
#11621 = EDGE_CURVE('',#11622,#11624,#11626,.T.);
#11622 = VERTEX_POINT('',#11623);
#11623 = CARTESIAN_POINT('',(176.433533,-63.103517,-7.5E-02));
#11624 = VERTEX_POINT('',#11625);
#11625 = CARTESIAN_POINT('',(176.450445,-63.086605,-7.5E-02));
#11626 = LINE('',#11627,#11628);
#11627 = CARTESIAN_POINT('',(176.433533,-63.103517,-7.5E-02));
#11628 = VECTOR('',#11629,1.);
#11629 = DIRECTION('',(0.707106781186,0.707106781187,0.));
#11630 = ORIENTED_EDGE('',*,*,#11631,.T.);
#11631 = EDGE_CURVE('',#11624,#11632,#11634,.T.);
#11632 = VERTEX_POINT('',#11633);
#11633 = CARTESIAN_POINT('',(176.724363,-63.086605,-7.5E-02));
#11634 = LINE('',#11635,#11636);
#11635 = CARTESIAN_POINT('',(176.450445,-63.086605,-7.5E-02));
#11636 = VECTOR('',#11637,1.);
#11637 = DIRECTION('',(1.,0.,0.));
#11638 = ORIENTED_EDGE('',*,*,#11639,.T.);
#11639 = EDGE_CURVE('',#11632,#11640,#11642,.T.);
#11640 = VERTEX_POINT('',#11641);
#11641 = CARTESIAN_POINT('',(176.741275,-63.103517,-7.5E-02));
#11642 = LINE('',#11643,#11644);
#11643 = CARTESIAN_POINT('',(176.724363,-63.086605,-7.5E-02));
#11644 = VECTOR('',#11645,1.);
#11645 = DIRECTION('',(0.707106781186,-0.707106781187,0.));
#11646 = ORIENTED_EDGE('',*,*,#11647,.T.);
#11647 = EDGE_CURVE('',#11640,#11648,#11650,.T.);
#11648 = VERTEX_POINT('',#11649);
#11649 = CARTESIAN_POINT('',(176.742051,-63.184881,-7.5E-02));
#11650 = LINE('',#11651,#11652);
#11651 = CARTESIAN_POINT('',(176.741275,-63.103517,-7.5E-02));
#11652 = VECTOR('',#11653,1.);
#11653 = DIRECTION('',(9.536953803231E-03,-0.999954522222,0.));
#11654 = ORIENTED_EDGE('',*,*,#11655,.T.);
#11655 = EDGE_CURVE('',#11648,#11656,#11658,.T.);
#11656 = VERTEX_POINT('',#11657);
#11657 = CARTESIAN_POINT('',(176.722597,-63.232811,-7.5E-02));
#11658 = LINE('',#11659,#11660);
#11659 = CARTESIAN_POINT('',(176.742051,-63.184881,-7.5E-02));
#11660 = VECTOR('',#11661,1.);
#11661 = DIRECTION('',(-0.376085605453,-0.926584921834,0.));
#11662 = ORIENTED_EDGE('',*,*,#11663,.T.);
#11663 = EDGE_CURVE('',#11656,#11664,#11666,.T.);
#11664 = VERTEX_POINT('',#11665);
#11665 = CARTESIAN_POINT('',(176.690665,-63.262475,-7.5E-02));
#11666 = LINE('',#11667,#11668);
#11667 = CARTESIAN_POINT('',(176.722597,-63.232811,-7.5E-02));
#11668 = VECTOR('',#11669,1.);
#11669 = DIRECTION('',(-0.73264638175,-0.680609491051,0.));
#11670 = ORIENTED_EDGE('',*,*,#11671,.T.);
#11671 = EDGE_CURVE('',#11664,#11672,#11674,.T.);
#11672 = VERTEX_POINT('',#11673);
#11673 = CARTESIAN_POINT('',(176.561968,-63.28865,-7.5E-02));
#11674 = CIRCLE('',#11675,0.208074940712);
#11675 = AXIS2_PLACEMENT_3D('',#11676,#11677,#11678);
#11676 = CARTESIAN_POINT('',(176.58696554484,-63.08208208452,-7.5E-02));
#11677 = DIRECTION('',(0.,0.,-1.));
#11678 = DIRECTION('',(0.498375512189,-0.866961272982,0.));
#11679 = ORIENTED_EDGE('',*,*,#11680,.T.);
#11680 = EDGE_CURVE('',#11672,#11681,#11683,.T.);
#11681 = VERTEX_POINT('',#11682);
#11682 = CARTESIAN_POINT('',(176.507952,-63.274379,-7.5E-02));
#11683 = LINE('',#11684,#11685);
#11684 = CARTESIAN_POINT('',(176.561968,-63.28865,-7.5E-02));
#11685 = VECTOR('',#11686,1.);
#11686 = DIRECTION('',(-0.966826230081,0.255435003137,0.));
#11687 = ORIENTED_EDGE('',*,*,#11688,.T.);
#11688 = EDGE_CURVE('',#11681,#11689,#11691,.T.);
#11689 = VERTEX_POINT('',#11690);
#11690 = CARTESIAN_POINT('',(176.476022,-63.256621,-7.5E-02));
#11691 = LINE('',#11692,#11693);
#11692 = CARTESIAN_POINT('',(176.507952,-63.274379,-7.5E-02));
#11693 = VECTOR('',#11694,1.);
#11694 = DIRECTION('',(-0.873935123446,0.486042590735,0.));
#11695 = ORIENTED_EDGE('',*,*,#11696,.T.);
#11696 = EDGE_CURVE('',#11689,#11697,#11699,.T.);
#11697 = VERTEX_POINT('',#11698);
#11698 = CARTESIAN_POINT('',(176.444663,-63.220596,-7.5E-02));
#11699 = LINE('',#11700,#11701);
#11700 = CARTESIAN_POINT('',(176.476022,-63.256621,-7.5E-02));
#11701 = VECTOR('',#11702,1.);
#11702 = DIRECTION('',(-0.656571024862,0.754264203918,0.));
#11703 = ORIENTED_EDGE('',*,*,#11704,.T.);
#11704 = EDGE_CURVE('',#11697,#11705,#11707,.T.);
#11705 = VERTEX_POINT('',#11706);
#11706 = CARTESIAN_POINT('',(176.431154,-63.175,-7.5E-02));
#11707 = LINE('',#11708,#11709);
#11708 = CARTESIAN_POINT('',(176.444663,-63.220596,-7.5E-02));
#11709 = VECTOR('',#11710,1.);
#11710 = DIRECTION('',(-0.28407043045,0.958803416005,0.));
#11711 = ORIENTED_EDGE('',*,*,#11712,.T.);
#11712 = EDGE_CURVE('',#11705,#11622,#11713,.T.);
#11713 = LINE('',#11714,#11715);
#11714 = CARTESIAN_POINT('',(176.431154,-63.175,-7.5E-02));
#11715 = VECTOR('',#11716,1.);
#11716 = DIRECTION('',(3.326222461355E-02,0.999446659114,0.));
#11717 = FACE_BOUND('',#11718,.T.);
#11718 = EDGE_LOOP('',(#11719,#11729,#11737,#11745,#11753,#11761,#11770,
    #11778));
#11719 = ORIENTED_EDGE('',*,*,#11720,.T.);
#11720 = EDGE_CURVE('',#11721,#11723,#11725,.T.);
#11721 = VERTEX_POINT('',#11722);
#11722 = CARTESIAN_POINT('',(176.681154,-63.169929,-7.5E-02));
#11723 = VERTEX_POINT('',#11724);
#11724 = CARTESIAN_POINT('',(176.681154,-63.146726,-7.5E-02));
#11725 = LINE('',#11726,#11727);
#11726 = CARTESIAN_POINT('',(176.681154,-63.169929,-7.5E-02));
#11727 = VECTOR('',#11728,1.);
#11728 = DIRECTION('',(0.,1.,0.));
#11729 = ORIENTED_EDGE('',*,*,#11730,.T.);
#11730 = EDGE_CURVE('',#11723,#11731,#11733,.T.);
#11731 = VERTEX_POINT('',#11732);
#11732 = CARTESIAN_POINT('',(176.493654,-63.146726,-7.5E-02));
#11733 = LINE('',#11734,#11735);
#11734 = CARTESIAN_POINT('',(176.681154,-63.146726,-7.5E-02));
#11735 = VECTOR('',#11736,1.);
#11736 = DIRECTION('',(-1.,0.,0.));
#11737 = ORIENTED_EDGE('',*,*,#11738,.T.);
#11738 = EDGE_CURVE('',#11731,#11739,#11741,.T.);
#11739 = VERTEX_POINT('',#11740);
#11740 = CARTESIAN_POINT('',(176.493654,-63.169929,-7.5E-02));
#11741 = LINE('',#11742,#11743);
#11742 = CARTESIAN_POINT('',(176.493654,-63.146726,-7.5E-02));
#11743 = VECTOR('',#11744,1.);
#11744 = DIRECTION('',(0.,-1.,0.));
#11745 = ORIENTED_EDGE('',*,*,#11746,.T.);
#11746 = EDGE_CURVE('',#11739,#11747,#11749,.T.);
#11747 = VERTEX_POINT('',#11748);
#11748 = CARTESIAN_POINT('',(176.501621,-63.193832,-7.5E-02));
#11749 = LINE('',#11750,#11751);
#11750 = CARTESIAN_POINT('',(176.493654,-63.169929,-7.5E-02));
#11751 = VECTOR('',#11752,1.);
#11752 = DIRECTION('',(0.31620395239,-0.948691235594,0.));
#11753 = ORIENTED_EDGE('',*,*,#11754,.T.);
#11754 = EDGE_CURVE('',#11747,#11755,#11757,.T.);
#11755 = VERTEX_POINT('',#11756);
#11756 = CARTESIAN_POINT('',(176.516629,-63.20884,-7.5E-02));
#11757 = LINE('',#11758,#11759);
#11758 = CARTESIAN_POINT('',(176.501621,-63.193832,-7.5E-02));
#11759 = VECTOR('',#11760,1.);
#11760 = DIRECTION('',(0.707106781186,-0.707106781187,0.));
#11761 = ORIENTED_EDGE('',*,*,#11762,.T.);
#11762 = EDGE_CURVE('',#11755,#11763,#11765,.T.);
#11763 = VERTEX_POINT('',#11764);
#11764 = CARTESIAN_POINT('',(176.658179,-63.20884,-7.5E-02));
#11765 = CIRCLE('',#11766,0.141723697628);
#11766 = AXIS2_PLACEMENT_3D('',#11767,#11768,#11769);
#11767 = CARTESIAN_POINT('',(176.587404,-63.0860535763,-7.5E-02));
#11768 = DIRECTION('',(0.,0.,1.));
#11769 = DIRECTION('',(-0.499387196247,-0.866378917232,0.));
#11770 = ORIENTED_EDGE('',*,*,#11771,.T.);
#11771 = EDGE_CURVE('',#11763,#11772,#11774,.T.);
#11772 = VERTEX_POINT('',#11773);
#11773 = CARTESIAN_POINT('',(176.673185,-63.193834,-7.5E-02));
#11774 = LINE('',#11775,#11776);
#11775 = CARTESIAN_POINT('',(176.658179,-63.20884,-7.5E-02));
#11776 = VECTOR('',#11777,1.);
#11777 = DIRECTION('',(0.707106781187,0.707106781187,0.));
#11778 = ORIENTED_EDGE('',*,*,#11779,.T.);
#11779 = EDGE_CURVE('',#11772,#11721,#11780,.T.);
#11780 = LINE('',#11781,#11782);
#11781 = CARTESIAN_POINT('',(176.673185,-63.193834,-7.5E-02));
#11782 = VECTOR('',#11783,1.);
#11783 = DIRECTION('',(0.316251577054,0.948675360706,0.));
#11784 = PLANE('',#11785);
#11785 = AXIS2_PLACEMENT_3D('',#11786,#11787,#11788);
#11786 = CARTESIAN_POINT('',(0.,0.,-7.5E-02));
#11787 = DIRECTION('',(-0.,-0.,-1.));
#11788 = DIRECTION('',(-1.,0.,0.));
#11789 = SHELL_BASED_SURFACE_MODEL('',(#11790));
#11790 = OPEN_SHELL('',(#11791));
#11791 = ADVANCED_FACE('',(#11792,#11901),#11952,.T.);
#11792 = FACE_BOUND('',#11793,.T.);
#11793 = EDGE_LOOP('',(#11794,#11804,#11812,#11821,#11829,#11837,#11845,
    #11854,#11862,#11870,#11879,#11887,#11895));
#11794 = ORIENTED_EDGE('',*,*,#11795,.T.);
#11795 = EDGE_CURVE('',#11796,#11798,#11800,.T.);
#11796 = VERTEX_POINT('',#11797);
#11797 = CARTESIAN_POINT('',(173.108533,-63.003517,-7.5E-02));
#11798 = VERTEX_POINT('',#11799);
#11799 = CARTESIAN_POINT('',(173.125445,-62.986605,-7.5E-02));
#11800 = LINE('',#11801,#11802);
#11801 = CARTESIAN_POINT('',(173.108533,-63.003517,-7.5E-02));
#11802 = VECTOR('',#11803,1.);
#11803 = DIRECTION('',(0.707106781187,0.707106781186,0.));
#11804 = ORIENTED_EDGE('',*,*,#11805,.T.);
#11805 = EDGE_CURVE('',#11798,#11806,#11808,.T.);
#11806 = VERTEX_POINT('',#11807);
#11807 = CARTESIAN_POINT('',(173.399363,-62.986605,-7.5E-02));
#11808 = LINE('',#11809,#11810);
#11809 = CARTESIAN_POINT('',(173.125445,-62.986605,-7.5E-02));
#11810 = VECTOR('',#11811,1.);
#11811 = DIRECTION('',(1.,0.,0.));
#11812 = ORIENTED_EDGE('',*,*,#11813,.T.);
#11813 = EDGE_CURVE('',#11806,#11814,#11816,.T.);
#11814 = VERTEX_POINT('',#11815);
#11815 = CARTESIAN_POINT('',(173.399363,-63.044347,-7.5E-02));
#11816 = CIRCLE('',#11817,3.124983715156E-02);
#11817 = AXIS2_PLACEMENT_3D('',#11818,#11819,#11820);
#11818 = CARTESIAN_POINT('',(173.387404,-63.015476,-7.5E-02));
#11819 = DIRECTION('',(0.,0.,-1.));
#11820 = DIRECTION('',(0.382689994254,0.923876814461,0.));
#11821 = ORIENTED_EDGE('',*,*,#11822,.T.);
#11822 = EDGE_CURVE('',#11814,#11823,#11825,.T.);
#11823 = VERTEX_POINT('',#11824);
#11824 = CARTESIAN_POINT('',(173.299607,-63.046726,-7.5E-02));
#11825 = LINE('',#11826,#11827);
#11826 = CARTESIAN_POINT('',(173.399363,-63.044347,-7.5E-02));
#11827 = VECTOR('',#11828,1.);
#11828 = DIRECTION('',(-0.999715753167,-2.38414108102E-02,0.));
#11829 = ORIENTED_EDGE('',*,*,#11830,.T.);
#11830 = EDGE_CURVE('',#11823,#11831,#11833,.T.);
#11831 = VERTEX_POINT('',#11832);
#11832 = CARTESIAN_POINT('',(173.299607,-63.058729,-7.5E-02));
#11833 = LINE('',#11834,#11835);
#11834 = CARTESIAN_POINT('',(173.299607,-63.046726,-7.5E-02));
#11835 = VECTOR('',#11836,1.);
#11836 = DIRECTION('',(0.,-1.,0.));
#11837 = ORIENTED_EDGE('',*,*,#11838,.T.);
#11838 = EDGE_CURVE('',#11831,#11839,#11841,.T.);
#11839 = VERTEX_POINT('',#11840);
#11840 = CARTESIAN_POINT('',(173.413757,-63.141539,-7.5E-02));
#11841 = LINE('',#11842,#11843);
#11842 = CARTESIAN_POINT('',(173.299607,-63.058729,-7.5E-02));
#11843 = VECTOR('',#11844,1.);
#11844 = DIRECTION('',(0.809437708646,-0.587205752545,0.));
#11845 = ORIENTED_EDGE('',*,*,#11846,.T.);
#11846 = EDGE_CURVE('',#11839,#11847,#11849,.T.);
#11847 = VERTEX_POINT('',#11848);
#11848 = CARTESIAN_POINT('',(173.380644,-63.188843,-7.5E-02));
#11849 = CIRCLE('',#11850,3.124945766573E-02);
#11850 = AXIS2_PLACEMENT_3D('',#11851,#11852,#11853);
#11851 = CARTESIAN_POINT('',(173.38740414264,-63.15833350843,-7.5E-02));
#11852 = DIRECTION('',(0.,0.,-1.));
#11853 = DIRECTION('',(0.843306070824,0.537433596745,0.));
#11854 = ORIENTED_EDGE('',*,*,#11855,.T.);
#11855 = EDGE_CURVE('',#11847,#11856,#11858,.T.);
#11856 = VERTEX_POINT('',#11857);
#11857 = CARTESIAN_POINT('',(173.293337,-63.130631,-7.5E-02));
#11858 = LINE('',#11859,#11860);
#11859 = CARTESIAN_POINT('',(173.380644,-63.188843,-7.5E-02));
#11860 = VECTOR('',#11861,1.);
#11861 = DIRECTION('',(-0.832018038232,0.554748577337,0.));
#11862 = ORIENTED_EDGE('',*,*,#11863,.T.);
#11863 = EDGE_CURVE('',#11856,#11864,#11866,.T.);
#11864 = VERTEX_POINT('',#11865);
#11865 = CARTESIAN_POINT('',(173.266644,-63.168526,-7.5E-02));
#11866 = LINE('',#11867,#11868);
#11867 = CARTESIAN_POINT('',(173.293337,-63.130631,-7.5E-02));
#11868 = VECTOR('',#11869,1.);
#11869 = DIRECTION('',(-0.575870629908,-0.817540835439,0.));
#11870 = ORIENTED_EDGE('',*,*,#11871,.T.);
#11871 = EDGE_CURVE('',#11864,#11872,#11874,.T.);
#11872 = VERTEX_POINT('',#11873);
#11873 = CARTESIAN_POINT('',(173.139117,-63.168526,-7.5E-02));
#11874 = CIRCLE('',#11875,0.101088545361);
#11875 = AXIS2_PLACEMENT_3D('',#11876,#11877,#11878);
#11876 = CARTESIAN_POINT('',(173.2028805,-63.09008423771,-7.5E-02));
#11877 = DIRECTION('',(-0.,0.,-1.));
#11878 = DIRECTION('',(0.63076879554,-0.775970828429,-0.));
#11879 = ORIENTED_EDGE('',*,*,#11880,.T.);
#11880 = EDGE_CURVE('',#11872,#11881,#11883,.T.);
#11881 = VERTEX_POINT('',#11882);
#11882 = CARTESIAN_POINT('',(173.121358,-63.148499,-7.5E-02));
#11883 = LINE('',#11884,#11885);
#11884 = CARTESIAN_POINT('',(173.139117,-63.168526,-7.5E-02));
#11885 = VECTOR('',#11886,1.);
#11886 = DIRECTION('',(-0.663470597297,0.748202356667,0.));
#11887 = ORIENTED_EDGE('',*,*,#11888,.T.);
#11888 = EDGE_CURVE('',#11881,#11889,#11891,.T.);
#11889 = VERTEX_POINT('',#11890);
#11890 = CARTESIAN_POINT('',(173.106154,-63.110714,-7.5E-02));
#11891 = LINE('',#11892,#11893);
#11892 = CARTESIAN_POINT('',(173.121358,-63.148499,-7.5E-02));
#11893 = VECTOR('',#11894,1.);
#11894 = DIRECTION('',(-0.373294822963,0.927712765434,0.));
#11895 = ORIENTED_EDGE('',*,*,#11896,.T.);
#11896 = EDGE_CURVE('',#11889,#11796,#11897,.T.);
#11897 = LINE('',#11898,#11899);
#11898 = CARTESIAN_POINT('',(173.106154,-63.110714,-7.5E-02));
#11899 = VECTOR('',#11900,1.);
#11900 = DIRECTION('',(2.218732207157E-02,0.99975383107,0.));
#11901 = FACE_BOUND('',#11902,.T.);
#11902 = EDGE_LOOP('',(#11903,#11913,#11921,#11929,#11937,#11946));
#11903 = ORIENTED_EDGE('',*,*,#11904,.T.);
#11904 = EDGE_CURVE('',#11905,#11907,#11909,.T.);
#11905 = VERTEX_POINT('',#11906);
#11906 = CARTESIAN_POINT('',(173.237107,-63.103337,-7.5E-02));
#11907 = VERTEX_POINT('',#11908);
#11908 = CARTESIAN_POINT('',(173.237107,-63.046726,-7.5E-02));
#11909 = LINE('',#11910,#11911);
#11910 = CARTESIAN_POINT('',(173.237107,-63.103337,-7.5E-02));
#11911 = VECTOR('',#11912,1.);
#11912 = DIRECTION('',(0.,1.,0.));
#11913 = ORIENTED_EDGE('',*,*,#11914,.T.);
#11914 = EDGE_CURVE('',#11907,#11915,#11917,.T.);
#11915 = VERTEX_POINT('',#11916);
#11916 = CARTESIAN_POINT('',(173.168654,-63.046726,-7.5E-02));
#11917 = LINE('',#11918,#11919);
#11918 = CARTESIAN_POINT('',(173.237107,-63.046726,-7.5E-02));
#11919 = VECTOR('',#11920,1.);
#11920 = DIRECTION('',(-1.,0.,0.));
#11921 = ORIENTED_EDGE('',*,*,#11922,.T.);
#11922 = EDGE_CURVE('',#11915,#11923,#11925,.T.);
#11923 = VERTEX_POINT('',#11924);
#11924 = CARTESIAN_POINT('',(173.168654,-63.103336,-7.5E-02));
#11925 = LINE('',#11926,#11927);
#11926 = CARTESIAN_POINT('',(173.168654,-63.046726,-7.5E-02));
#11927 = VECTOR('',#11928,1.);
#11928 = DIRECTION('',(0.,-1.,0.));
#11929 = ORIENTED_EDGE('',*,*,#11930,.T.);
#11930 = EDGE_CURVE('',#11923,#11931,#11933,.T.);
#11931 = VERTEX_POINT('',#11932);
#11932 = CARTESIAN_POINT('',(173.179724,-63.120745,-7.5E-02));
#11933 = LINE('',#11934,#11935);
#11934 = CARTESIAN_POINT('',(173.168654,-63.103336,-7.5E-02));
#11935 = VECTOR('',#11936,1.);
#11936 = DIRECTION('',(0.536583773405,-0.843847056118,0.));
#11937 = ORIENTED_EDGE('',*,*,#11938,.T.);
#11938 = EDGE_CURVE('',#11931,#11939,#11941,.T.);
#11939 = VERTEX_POINT('',#11940);
#11940 = CARTESIAN_POINT('',(173.230769,-63.116013,-7.5E-02));
#11941 = CIRCLE('',#11942,3.782590141868E-02);
#11942 = AXIS2_PLACEMENT_3D('',#11943,#11944,#11945);
#11943 = CARTESIAN_POINT('',(173.20267877473,-63.09068045052,-7.5E-02));
#11944 = DIRECTION('',(0.,0.,1.));
#11945 = DIRECTION('',(-0.606853343214,-0.794813827151,0.));
#11946 = ORIENTED_EDGE('',*,*,#11947,.T.);
#11947 = EDGE_CURVE('',#11939,#11905,#11948,.T.);
#11948 = LINE('',#11949,#11950);
#11949 = CARTESIAN_POINT('',(173.230769,-63.116013,-7.5E-02));
#11950 = VECTOR('',#11951,1.);
#11951 = DIRECTION('',(0.4472135955,0.894427191,0.));
#11952 = PLANE('',#11953);
#11953 = AXIS2_PLACEMENT_3D('',#11954,#11955,#11956);
#11954 = CARTESIAN_POINT('',(0.,0.,-7.5E-02));
#11955 = DIRECTION('',(-0.,-0.,-1.));
#11956 = DIRECTION('',(-1.,0.,0.));
#11957 = SHELL_BASED_SURFACE_MODEL('',(#11958));
#11958 = OPEN_SHELL('',(#11959));
#11959 = ADVANCED_FACE('',(#11960),#12004,.T.);
#11960 = FACE_BOUND('',#11961,.T.);
#11961 = EDGE_LOOP('',(#11962,#11973,#11981,#11990,#11998));
#11962 = ORIENTED_EDGE('',*,*,#11963,.T.);
#11963 = EDGE_CURVE('',#11964,#11966,#11968,.T.);
#11964 = VERTEX_POINT('',#11965);
#11965 = CARTESIAN_POINT('',(166.522067,-62.614781,-7.5E-02));
#11966 = VERTEX_POINT('',#11967);
#11967 = CARTESIAN_POINT('',(166.6375,-62.637742,-7.5E-02));
#11968 = CIRCLE('',#11969,6.000007318647E-02);
#11969 = AXIS2_PLACEMENT_3D('',#11970,#11971,#11972);
#11970 = CARTESIAN_POINT('',(166.57749992681,-62.63774182331,-7.5E-02));
#11971 = DIRECTION('',(0.,0.,-1.));
#11972 = DIRECTION('',(-0.923880986637,0.382679921777,0.));
#11973 = ORIENTED_EDGE('',*,*,#11974,.T.);
#11974 = EDGE_CURVE('',#11966,#11975,#11977,.T.);
#11975 = VERTEX_POINT('',#11976);
#11976 = CARTESIAN_POINT('',(166.6375,-63.112258,-7.5E-02));
#11977 = LINE('',#11978,#11979);
#11978 = CARTESIAN_POINT('',(166.6375,-62.637742,-7.5E-02));
#11979 = VECTOR('',#11980,1.);
#11980 = DIRECTION('',(0.,-1.,0.));
#11981 = ORIENTED_EDGE('',*,*,#11982,.T.);
#11982 = EDGE_CURVE('',#11975,#11983,#11985,.T.);
#11983 = VERTEX_POINT('',#11984);
#11984 = CARTESIAN_POINT('',(166.5175,-63.112258,-7.5E-02));
#11985 = CIRCLE('',#11986,6.000000000041E-02);
#11986 = AXIS2_PLACEMENT_3D('',#11987,#11988,#11989);
#11987 = CARTESIAN_POINT('',(166.5775,-63.11225822558,-7.5E-02));
#11988 = DIRECTION('',(0.,0.,-1.));
#11989 = DIRECTION('',(0.999999999993,3.759794372109E-06,0.));
#11990 = ORIENTED_EDGE('',*,*,#11991,.T.);
#11991 = EDGE_CURVE('',#11983,#11992,#11994,.T.);
#11992 = VERTEX_POINT('',#11993);
#11993 = CARTESIAN_POINT('',(166.5175,-62.637742,-7.5E-02));
#11994 = LINE('',#11995,#11996);
#11995 = CARTESIAN_POINT('',(166.5175,-63.112258,-7.5E-02));
#11996 = VECTOR('',#11997,1.);
#11997 = DIRECTION('',(0.,1.,0.));
#11998 = ORIENTED_EDGE('',*,*,#11999,.T.);
#11999 = EDGE_CURVE('',#11992,#11964,#12000,.T.);
#12000 = LINE('',#12001,#12002);
#12001 = CARTESIAN_POINT('',(166.5175,-62.637742,-7.5E-02));
#12002 = VECTOR('',#12003,1.);
#12003 = DIRECTION('',(0.195081000117,0.980787134598,0.));
#12004 = PLANE('',#12005);
#12005 = AXIS2_PLACEMENT_3D('',#12006,#12007,#12008);
#12006 = CARTESIAN_POINT('',(0.,0.,-7.5E-02));
#12007 = DIRECTION('',(-0.,-0.,-1.));
#12008 = DIRECTION('',(-1.,0.,0.));
#12009 = SHELL_BASED_SURFACE_MODEL('',(#12010));
#12010 = OPEN_SHELL('',(#12011));
#12011 = ADVANCED_FACE('',(#12012),#12056,.T.);
#12012 = FACE_BOUND('',#12013,.T.);
#12013 = EDGE_LOOP('',(#12014,#12025,#12033,#12042,#12050));
#12014 = ORIENTED_EDGE('',*,*,#12015,.T.);
#12015 = EDGE_CURVE('',#12016,#12018,#12020,.T.);
#12016 = VERTEX_POINT('',#12017);
#12017 = CARTESIAN_POINT('',(167.567067,-62.614781,-7.5E-02));
#12018 = VERTEX_POINT('',#12019);
#12019 = CARTESIAN_POINT('',(167.6825,-62.637742,-7.5E-02));
#12020 = CIRCLE('',#12021,6.000007318647E-02);
#12021 = AXIS2_PLACEMENT_3D('',#12022,#12023,#12024);
#12022 = CARTESIAN_POINT('',(167.62249992681,-62.63774182331,-7.5E-02));
#12023 = DIRECTION('',(0.,0.,-1.));
#12024 = DIRECTION('',(-0.923880986637,0.382679921777,0.));
#12025 = ORIENTED_EDGE('',*,*,#12026,.T.);
#12026 = EDGE_CURVE('',#12018,#12027,#12029,.T.);
#12027 = VERTEX_POINT('',#12028);
#12028 = CARTESIAN_POINT('',(167.6825,-63.112258,-7.5E-02));
#12029 = LINE('',#12030,#12031);
#12030 = CARTESIAN_POINT('',(167.6825,-62.637742,-7.5E-02));
#12031 = VECTOR('',#12032,1.);
#12032 = DIRECTION('',(0.,-1.,0.));
#12033 = ORIENTED_EDGE('',*,*,#12034,.T.);
#12034 = EDGE_CURVE('',#12027,#12035,#12037,.T.);
#12035 = VERTEX_POINT('',#12036);
#12036 = CARTESIAN_POINT('',(167.5625,-63.112258,-7.5E-02));
#12037 = CIRCLE('',#12038,6.000000000043E-02);
#12038 = AXIS2_PLACEMENT_3D('',#12039,#12040,#12041);
#12039 = CARTESIAN_POINT('',(167.6225,-63.11225822558,-7.5E-02));
#12040 = DIRECTION('',(0.,0.,-1.));
#12041 = DIRECTION('',(0.999999999993,3.75979413526E-06,0.));
#12042 = ORIENTED_EDGE('',*,*,#12043,.T.);
#12043 = EDGE_CURVE('',#12035,#12044,#12046,.T.);
#12044 = VERTEX_POINT('',#12045);
#12045 = CARTESIAN_POINT('',(167.5625,-62.637742,-7.5E-02));
#12046 = LINE('',#12047,#12048);
#12047 = CARTESIAN_POINT('',(167.5625,-63.112258,-7.5E-02));
#12048 = VECTOR('',#12049,1.);
#12049 = DIRECTION('',(0.,1.,0.));
#12050 = ORIENTED_EDGE('',*,*,#12051,.T.);
#12051 = EDGE_CURVE('',#12044,#12016,#12052,.T.);
#12052 = LINE('',#12053,#12054);
#12053 = CARTESIAN_POINT('',(167.5625,-62.637742,-7.5E-02));
#12054 = VECTOR('',#12055,1.);
#12055 = DIRECTION('',(0.195081000118,0.980787134598,0.));
#12056 = PLANE('',#12057);
#12057 = AXIS2_PLACEMENT_3D('',#12058,#12059,#12060);
#12058 = CARTESIAN_POINT('',(0.,0.,-7.5E-02));
#12059 = DIRECTION('',(-0.,-0.,-1.));
#12060 = DIRECTION('',(-1.,0.,0.));
#12061 = SHELL_BASED_SURFACE_MODEL('',(#12062));
#12062 = OPEN_SHELL('',(#12063));
#12063 = ADVANCED_FACE('',(#12064),#12108,.T.);
#12064 = FACE_BOUND('',#12065,.T.);
#12065 = EDGE_LOOP('',(#12066,#12077,#12085,#12094,#12102));
#12066 = ORIENTED_EDGE('',*,*,#12067,.T.);
#12067 = EDGE_CURVE('',#12068,#12070,#12072,.T.);
#12068 = VERTEX_POINT('',#12069);
#12069 = CARTESIAN_POINT('',(164.922067,-62.564781,-7.5E-02));
#12070 = VERTEX_POINT('',#12071);
#12071 = CARTESIAN_POINT('',(165.0375,-62.587742,-7.5E-02));
#12072 = CIRCLE('',#12073,6.000007318647E-02);
#12073 = AXIS2_PLACEMENT_3D('',#12074,#12075,#12076);
#12074 = CARTESIAN_POINT('',(164.97749992681,-62.58774182331,-7.5E-02));
#12075 = DIRECTION('',(0.,0.,-1.));
#12076 = DIRECTION('',(-0.923880986637,0.382679921777,0.));
#12077 = ORIENTED_EDGE('',*,*,#12078,.T.);
#12078 = EDGE_CURVE('',#12070,#12079,#12081,.T.);
#12079 = VERTEX_POINT('',#12080);
#12080 = CARTESIAN_POINT('',(165.0375,-63.062258,-7.5E-02));
#12081 = LINE('',#12082,#12083);
#12082 = CARTESIAN_POINT('',(165.0375,-62.587742,-7.5E-02));
#12083 = VECTOR('',#12084,1.);
#12084 = DIRECTION('',(0.,-1.,0.));
#12085 = ORIENTED_EDGE('',*,*,#12086,.T.);
#12086 = EDGE_CURVE('',#12079,#12087,#12089,.T.);
#12087 = VERTEX_POINT('',#12088);
#12088 = CARTESIAN_POINT('',(164.9175,-63.062258,-7.5E-02));
#12089 = CIRCLE('',#12090,6.000000000043E-02);
#12090 = AXIS2_PLACEMENT_3D('',#12091,#12092,#12093);
#12091 = CARTESIAN_POINT('',(164.9775,-63.06225822558,-7.5E-02));
#12092 = DIRECTION('',(0.,0.,-1.));
#12093 = DIRECTION('',(0.999999999993,3.75979413526E-06,0.));
#12094 = ORIENTED_EDGE('',*,*,#12095,.T.);
#12095 = EDGE_CURVE('',#12087,#12096,#12098,.T.);
#12096 = VERTEX_POINT('',#12097);
#12097 = CARTESIAN_POINT('',(164.9175,-62.587742,-7.5E-02));
#12098 = LINE('',#12099,#12100);
#12099 = CARTESIAN_POINT('',(164.9175,-63.062258,-7.5E-02));
#12100 = VECTOR('',#12101,1.);
#12101 = DIRECTION('',(0.,1.,0.));
#12102 = ORIENTED_EDGE('',*,*,#12103,.T.);
#12103 = EDGE_CURVE('',#12096,#12068,#12104,.T.);
#12104 = LINE('',#12105,#12106);
#12105 = CARTESIAN_POINT('',(164.9175,-62.587742,-7.5E-02));
#12106 = VECTOR('',#12107,1.);
#12107 = DIRECTION('',(0.195081000118,0.980787134598,0.));
#12108 = PLANE('',#12109);
#12109 = AXIS2_PLACEMENT_3D('',#12110,#12111,#12112);
#12110 = CARTESIAN_POINT('',(0.,0.,-7.5E-02));
#12111 = DIRECTION('',(-0.,-0.,-1.));
#12112 = DIRECTION('',(-1.,0.,0.));
#12113 = SHELL_BASED_SURFACE_MODEL('',(#12114));
#12114 = OPEN_SHELL('',(#12115));
#12115 = ADVANCED_FACE('',(#12116),#12160,.T.);
#12116 = FACE_BOUND('',#12117,.T.);
#12117 = EDGE_LOOP('',(#12118,#12129,#12137,#12146,#12154));
#12118 = ORIENTED_EDGE('',*,*,#12119,.T.);
#12119 = EDGE_CURVE('',#12120,#12122,#12124,.T.);
#12120 = VERTEX_POINT('',#12121);
#12121 = CARTESIAN_POINT('',(165.967067,-62.564781,-7.5E-02));
#12122 = VERTEX_POINT('',#12123);
#12123 = CARTESIAN_POINT('',(166.0825,-62.587742,-7.5E-02));
#12124 = CIRCLE('',#12125,6.000007318649E-02);
#12125 = AXIS2_PLACEMENT_3D('',#12126,#12127,#12128);
#12126 = CARTESIAN_POINT('',(166.02249992681,-62.58774182331,-7.5E-02));
#12127 = DIRECTION('',(0.,0.,-1.));
#12128 = DIRECTION('',(-0.923880986637,0.382679921777,0.));
#12129 = ORIENTED_EDGE('',*,*,#12130,.T.);
#12130 = EDGE_CURVE('',#12122,#12131,#12133,.T.);
#12131 = VERTEX_POINT('',#12132);
#12132 = CARTESIAN_POINT('',(166.0825,-63.062258,-7.5E-02));
#12133 = LINE('',#12134,#12135);
#12134 = CARTESIAN_POINT('',(166.0825,-62.587742,-7.5E-02));
#12135 = VECTOR('',#12136,1.);
#12136 = DIRECTION('',(0.,-1.,0.));
#12137 = ORIENTED_EDGE('',*,*,#12138,.T.);
#12138 = EDGE_CURVE('',#12131,#12139,#12141,.T.);
#12139 = VERTEX_POINT('',#12140);
#12140 = CARTESIAN_POINT('',(165.9625,-63.062258,-7.5E-02));
#12141 = CIRCLE('',#12142,6.000000000042E-02);
#12142 = AXIS2_PLACEMENT_3D('',#12143,#12144,#12145);
#12143 = CARTESIAN_POINT('',(166.0225,-63.06225822558,-7.5E-02));
#12144 = DIRECTION('',(0.,0.,-1.));
#12145 = DIRECTION('',(0.999999999993,3.759793898414E-06,0.));
#12146 = ORIENTED_EDGE('',*,*,#12147,.T.);
#12147 = EDGE_CURVE('',#12139,#12148,#12150,.T.);
#12148 = VERTEX_POINT('',#12149);
#12149 = CARTESIAN_POINT('',(165.9625,-62.587742,-7.5E-02));
#12150 = LINE('',#12151,#12152);
#12151 = CARTESIAN_POINT('',(165.9625,-63.062258,-7.5E-02));
#12152 = VECTOR('',#12153,1.);
#12153 = DIRECTION('',(0.,1.,0.));
#12154 = ORIENTED_EDGE('',*,*,#12155,.T.);
#12155 = EDGE_CURVE('',#12148,#12120,#12156,.T.);
#12156 = LINE('',#12157,#12158);
#12157 = CARTESIAN_POINT('',(165.9625,-62.587742,-7.5E-02));
#12158 = VECTOR('',#12159,1.);
#12159 = DIRECTION('',(0.195081000117,0.980787134598,0.));
#12160 = PLANE('',#12161);
#12161 = AXIS2_PLACEMENT_3D('',#12162,#12163,#12164);
#12162 = CARTESIAN_POINT('',(0.,0.,-7.5E-02));
#12163 = DIRECTION('',(-0.,-0.,-1.));
#12164 = DIRECTION('',(-1.,0.,0.));
#12165 = SHELL_BASED_SURFACE_MODEL('',(#12166));
#12166 = OPEN_SHELL('',(#12167));
#12167 = ADVANCED_FACE('',(#12168),#12236,.T.);
#12168 = FACE_BOUND('',#12169,.T.);
#12169 = EDGE_LOOP('',(#12170,#12180,#12188,#12196,#12205,#12213,#12221,
    #12230));
#12170 = ORIENTED_EDGE('',*,*,#12171,.T.);
#12171 = EDGE_CURVE('',#12172,#12174,#12176,.T.);
#12172 = VERTEX_POINT('',#12173);
#12173 = CARTESIAN_POINT('',(166.830418,-62.755285,-7.5E-02));
#12174 = VERTEX_POINT('',#12175);
#12175 = CARTESIAN_POINT('',(166.839301,-62.733078,-7.5E-02));
#12176 = LINE('',#12177,#12178);
#12177 = CARTESIAN_POINT('',(166.830418,-62.755285,-7.5E-02));
#12178 = VECTOR('',#12179,1.);
#12179 = DIRECTION('',(0.371397884957,0.928473807412,0.));
#12180 = ORIENTED_EDGE('',*,*,#12181,.T.);
#12181 = EDGE_CURVE('',#12174,#12182,#12184,.T.);
#12182 = VERTEX_POINT('',#12183);
#12183 = CARTESIAN_POINT('',(166.861666,-62.723654,-7.5E-02));
#12184 = LINE('',#12185,#12186);
#12185 = CARTESIAN_POINT('',(166.839301,-62.733078,-7.5E-02));
#12186 = VECTOR('',#12187,1.);
#12187 = DIRECTION('',(0.921529858575,0.388307506694,0.));
#12188 = ORIENTED_EDGE('',*,*,#12189,.T.);
#12189 = EDGE_CURVE('',#12182,#12190,#12192,.T.);
#12190 = VERTEX_POINT('',#12191);
#12191 = CARTESIAN_POINT('',(167.040291,-62.726033,-7.5E-02));
#12192 = LINE('',#12193,#12194);
#12193 = CARTESIAN_POINT('',(166.861666,-62.723654,-7.5E-02));
#12194 = VECTOR('',#12195,1.);
#12195 = DIRECTION('',(0.999911321848,-1.331722342715E-02,0.));
#12196 = ORIENTED_EDGE('',*,*,#12197,.T.);
#12197 = EDGE_CURVE('',#12190,#12198,#12200,.T.);
#12198 = VERTEX_POINT('',#12199);
#12199 = CARTESIAN_POINT('',(167.040291,-62.783775,-7.5E-02));
#12200 = CIRCLE('',#12201,3.124983715158E-02);
#12201 = AXIS2_PLACEMENT_3D('',#12202,#12203,#12204);
#12202 = CARTESIAN_POINT('',(167.028332,-62.754904,-7.5E-02));
#12203 = DIRECTION('',(0.,0.,-1.));
#12204 = DIRECTION('',(0.382689994255,0.92387681446,0.));
#12205 = ORIENTED_EDGE('',*,*,#12206,.T.);
#12206 = EDGE_CURVE('',#12198,#12207,#12209,.T.);
#12207 = VERTEX_POINT('',#12208);
#12208 = CARTESIAN_POINT('',(166.909057,-62.786154,-7.5E-02));
#12209 = LINE('',#12210,#12211);
#12210 = CARTESIAN_POINT('',(167.040291,-62.783775,-7.5E-02));
#12211 = VECTOR('',#12212,1.);
#12212 = DIRECTION('',(-0.999835729669,-1.812494628592E-02,0.));
#12213 = ORIENTED_EDGE('',*,*,#12214,.T.);
#12214 = EDGE_CURVE('',#12207,#12215,#12217,.T.);
#12215 = VERTEX_POINT('',#12216);
#12216 = CARTESIAN_POINT('',(167.000056,-63.004524,-7.5E-02));
#12217 = LINE('',#12218,#12219);
#12218 = CARTESIAN_POINT('',(166.909057,-62.786154,-7.5E-02));
#12219 = VECTOR('',#12220,1.);
#12220 = DIRECTION('',(0.38465680426,-0.923059663801,0.));
#12221 = ORIENTED_EDGE('',*,*,#12222,.T.);
#12222 = EDGE_CURVE('',#12215,#12223,#12225,.T.);
#12223 = VERTEX_POINT('',#12224);
#12224 = CARTESIAN_POINT('',(166.946982,-63.027269,-7.5E-02));
#12225 = CIRCLE('',#12226,3.125031047598E-02);
#12226 = AXIS2_PLACEMENT_3D('',#12227,#12228,#12229);
#12227 = CARTESIAN_POINT('',(166.96880799602,-63.0049036741,-7.5E-02));
#12228 = DIRECTION('',(0.,0.,-1.));
#12229 = DIRECTION('',(0.9999261927,1.214945067394E-02,0.));
#12230 = ORIENTED_EDGE('',*,*,#12231,.T.);
#12231 = EDGE_CURVE('',#12223,#12172,#12232,.T.);
#12232 = LINE('',#12233,#12234);
#12233 = CARTESIAN_POINT('',(166.946982,-63.027269,-7.5E-02));
#12234 = VECTOR('',#12235,1.);
#12235 = DIRECTION('',(-0.393917667139,0.919145729205,0.));
#12236 = PLANE('',#12237);
#12237 = AXIS2_PLACEMENT_3D('',#12238,#12239,#12240);
#12238 = CARTESIAN_POINT('',(0.,0.,-7.5E-02));
#12239 = DIRECTION('',(-0.,-0.,-1.));
#12240 = DIRECTION('',(-1.,0.,0.));
#12241 = SHELL_BASED_SURFACE_MODEL('',(#12242));
#12242 = OPEN_SHELL('',(#12243));
#12243 = ADVANCED_FACE('',(#12244,#12353),#12396,.T.);
#12244 = FACE_BOUND('',#12245,.T.);
#12245 = EDGE_LOOP('',(#12246,#12257,#12265,#12273,#12281,#12289,#12297,
    #12306,#12314,#12322,#12330,#12339,#12347));
#12246 = ORIENTED_EDGE('',*,*,#12247,.T.);
#12247 = EDGE_CURVE('',#12248,#12250,#12252,.T.);
#12248 = VERTEX_POINT('',#12249);
#12249 = CARTESIAN_POINT('',(167.101473,-62.884144,-7.5E-02));
#12250 = VERTEX_POINT('',#12251);
#12251 = CARTESIAN_POINT('',(167.101473,-62.756617,-7.5E-02));
#12252 = CIRCLE('',#12253,0.101088545361);
#12253 = AXIS2_PLACEMENT_3D('',#12254,#12255,#12256);
#12254 = CARTESIAN_POINT('',(167.17991476228,-62.8203805,-7.5E-02));
#12255 = DIRECTION('',(0.,0.,-1.));
#12256 = DIRECTION('',(-0.775970828429,-0.63076879554,-0.));
#12257 = ORIENTED_EDGE('',*,*,#12258,.T.);
#12258 = EDGE_CURVE('',#12250,#12259,#12261,.T.);
#12259 = VERTEX_POINT('',#12260);
#12260 = CARTESIAN_POINT('',(167.1215,-62.738858,-7.5E-02));
#12261 = LINE('',#12262,#12263);
#12262 = CARTESIAN_POINT('',(167.101473,-62.756617,-7.5E-02));
#12263 = VECTOR('',#12264,1.);
#12264 = DIRECTION('',(0.748202356668,0.663470597297,0.));
#12265 = ORIENTED_EDGE('',*,*,#12266,.T.);
#12266 = EDGE_CURVE('',#12259,#12267,#12269,.T.);
#12267 = VERTEX_POINT('',#12268);
#12268 = CARTESIAN_POINT('',(167.159285,-62.723654,-7.5E-02));
#12269 = LINE('',#12270,#12271);
#12270 = CARTESIAN_POINT('',(167.1215,-62.738858,-7.5E-02));
#12271 = VECTOR('',#12272,1.);
#12272 = DIRECTION('',(0.927712765434,0.373294822963,0.));
#12273 = ORIENTED_EDGE('',*,*,#12274,.T.);
#12274 = EDGE_CURVE('',#12267,#12275,#12277,.T.);
#12275 = VERTEX_POINT('',#12276);
#12276 = CARTESIAN_POINT('',(167.266482,-62.726033,-7.5E-02));
#12277 = LINE('',#12278,#12279);
#12278 = CARTESIAN_POINT('',(167.159285,-62.723654,-7.5E-02));
#12279 = VECTOR('',#12280,1.);
#12280 = DIRECTION('',(0.99975383107,-2.218732207164E-02,0.));
#12281 = ORIENTED_EDGE('',*,*,#12282,.T.);
#12282 = EDGE_CURVE('',#12275,#12283,#12285,.T.);
#12283 = VERTEX_POINT('',#12284);
#12284 = CARTESIAN_POINT('',(167.283394,-62.742945,-7.5E-02));
#12285 = LINE('',#12286,#12287);
#12286 = CARTESIAN_POINT('',(167.266482,-62.726033,-7.5E-02));
#12287 = VECTOR('',#12288,1.);
#12288 = DIRECTION('',(0.707106781186,-0.707106781187,0.));
#12289 = ORIENTED_EDGE('',*,*,#12290,.T.);
#12290 = EDGE_CURVE('',#12283,#12291,#12293,.T.);
#12291 = VERTEX_POINT('',#12292);
#12292 = CARTESIAN_POINT('',(167.283394,-63.016863,-7.5E-02));
#12293 = LINE('',#12294,#12295);
#12294 = CARTESIAN_POINT('',(167.283394,-62.742945,-7.5E-02));
#12295 = VECTOR('',#12296,1.);
#12296 = DIRECTION('',(0.,-1.,0.));
#12297 = ORIENTED_EDGE('',*,*,#12298,.T.);
#12298 = EDGE_CURVE('',#12291,#12299,#12301,.T.);
#12299 = VERTEX_POINT('',#12300);
#12300 = CARTESIAN_POINT('',(167.225652,-63.016863,-7.5E-02));
#12301 = CIRCLE('',#12302,3.124983715158E-02);
#12302 = AXIS2_PLACEMENT_3D('',#12303,#12304,#12305);
#12303 = CARTESIAN_POINT('',(167.254523,-63.004904,-7.5E-02));
#12304 = DIRECTION('',(-0.,0.,-1.));
#12305 = DIRECTION('',(0.92387681446,-0.382689994255,-0.));
#12306 = ORIENTED_EDGE('',*,*,#12307,.T.);
#12307 = EDGE_CURVE('',#12299,#12308,#12310,.T.);
#12308 = VERTEX_POINT('',#12309);
#12309 = CARTESIAN_POINT('',(167.223273,-62.917107,-7.5E-02));
#12310 = LINE('',#12311,#12312);
#12311 = CARTESIAN_POINT('',(167.225652,-63.016863,-7.5E-02));
#12312 = VECTOR('',#12313,1.);
#12313 = DIRECTION('',(-2.384141081013E-02,0.999715753167,0.));
#12314 = ORIENTED_EDGE('',*,*,#12315,.T.);
#12315 = EDGE_CURVE('',#12308,#12316,#12318,.T.);
#12316 = VERTEX_POINT('',#12317);
#12317 = CARTESIAN_POINT('',(167.21127,-62.917107,-7.5E-02));
#12318 = LINE('',#12319,#12320);
#12319 = CARTESIAN_POINT('',(167.223273,-62.917107,-7.5E-02));
#12320 = VECTOR('',#12321,1.);
#12321 = DIRECTION('',(-1.,0.,0.));
#12322 = ORIENTED_EDGE('',*,*,#12323,.T.);
#12323 = EDGE_CURVE('',#12316,#12324,#12326,.T.);
#12324 = VERTEX_POINT('',#12325);
#12325 = CARTESIAN_POINT('',(167.12846,-63.031258,-7.5E-02));
#12326 = LINE('',#12327,#12328);
#12327 = CARTESIAN_POINT('',(167.21127,-62.917107,-7.5E-02));
#12328 = VECTOR('',#12329,1.);
#12329 = DIRECTION('',(-0.587202382161,-0.809440153677,0.));
#12330 = ORIENTED_EDGE('',*,*,#12331,.T.);
#12331 = EDGE_CURVE('',#12324,#12332,#12334,.T.);
#12332 = VERTEX_POINT('',#12333);
#12333 = CARTESIAN_POINT('',(167.081156,-62.998145,-7.5E-02));
#12334 = CIRCLE('',#12335,3.125014805517E-02);
#12335 = AXIS2_PLACEMENT_3D('',#12336,#12337,#12338);
#12336 = CARTESIAN_POINT('',(167.11166652613,-63.0049036647,-7.5E-02));
#12337 = DIRECTION('',(-0.,0.,-1.));
#12338 = DIRECTION('',(0.537388617729,-0.843334733979,-0.));
#12339 = ORIENTED_EDGE('',*,*,#12340,.T.);
#12340 = EDGE_CURVE('',#12332,#12341,#12343,.T.);
#12341 = VERTEX_POINT('',#12342);
#12342 = CARTESIAN_POINT('',(167.139367,-62.910837,-7.5E-02));
#12343 = LINE('',#12344,#12345);
#12344 = CARTESIAN_POINT('',(167.081156,-62.998145,-7.5E-02));
#12345 = VECTOR('',#12346,1.);
#12346 = DIRECTION('',(0.554737581695,0.832025369478,0.));
#12347 = ORIENTED_EDGE('',*,*,#12348,.T.);
#12348 = EDGE_CURVE('',#12341,#12248,#12349,.T.);
#12349 = LINE('',#12350,#12351);
#12350 = CARTESIAN_POINT('',(167.139367,-62.910837,-7.5E-02));
#12351 = VECTOR('',#12352,1.);
#12352 = DIRECTION('',(-0.81753368078,0.57588078696,0.));
#12353 = FACE_BOUND('',#12354,.T.);
#12354 = EDGE_LOOP('',(#12355,#12365,#12373,#12381,#12390));
#12355 = ORIENTED_EDGE('',*,*,#12356,.T.);
#12356 = EDGE_CURVE('',#12357,#12359,#12361,.T.);
#12357 = VERTEX_POINT('',#12358);
#12358 = CARTESIAN_POINT('',(167.223273,-62.854607,-7.5E-02));
#12359 = VERTEX_POINT('',#12360);
#12360 = CARTESIAN_POINT('',(167.223273,-62.786154,-7.5E-02));
#12361 = LINE('',#12362,#12363);
#12362 = CARTESIAN_POINT('',(167.223273,-62.854607,-7.5E-02));
#12363 = VECTOR('',#12364,1.);
#12364 = DIRECTION('',(0.,1.,0.));
#12365 = ORIENTED_EDGE('',*,*,#12366,.T.);
#12366 = EDGE_CURVE('',#12359,#12367,#12369,.T.);
#12367 = VERTEX_POINT('',#12368);
#12368 = CARTESIAN_POINT('',(167.166662,-62.786154,-7.5E-02));
#12369 = LINE('',#12370,#12371);
#12370 = CARTESIAN_POINT('',(167.223273,-62.786154,-7.5E-02));
#12371 = VECTOR('',#12372,1.);
#12372 = DIRECTION('',(-1.,0.,0.));
#12373 = ORIENTED_EDGE('',*,*,#12374,.T.);
#12374 = EDGE_CURVE('',#12367,#12375,#12377,.T.);
#12375 = VERTEX_POINT('',#12376);
#12376 = CARTESIAN_POINT('',(167.153986,-62.792492,-7.5E-02));
#12377 = LINE('',#12378,#12379);
#12378 = CARTESIAN_POINT('',(167.166662,-62.786154,-7.5E-02));
#12379 = VECTOR('',#12380,1.);
#12380 = DIRECTION('',(-0.894427191,-0.4472135955,0.));
#12381 = ORIENTED_EDGE('',*,*,#12382,.T.);
#12382 = EDGE_CURVE('',#12375,#12383,#12385,.T.);
#12383 = VERTEX_POINT('',#12384);
#12384 = CARTESIAN_POINT('',(167.166662,-62.854607,-7.5E-02));
#12385 = CIRCLE('',#12386,3.620885257117E-02);
#12386 = AXIS2_PLACEMENT_3D('',#12387,#12388,#12389);
#12387 = CARTESIAN_POINT('',(167.17747318773,-62.82004981226,-7.5E-02));
#12388 = DIRECTION('',(0.,0.,1.));
#12389 = DIRECTION('',(-0.648658713784,0.761079413092,0.));
#12390 = ORIENTED_EDGE('',*,*,#12391,.T.);
#12391 = EDGE_CURVE('',#12383,#12357,#12392,.T.);
#12392 = LINE('',#12393,#12394);
#12393 = CARTESIAN_POINT('',(167.166662,-62.854607,-7.5E-02));
#12394 = VECTOR('',#12395,1.);
#12395 = DIRECTION('',(1.,0.,0.));
#12396 = PLANE('',#12397);
#12397 = AXIS2_PLACEMENT_3D('',#12398,#12399,#12400);
#12398 = CARTESIAN_POINT('',(0.,0.,-7.5E-02));
#12399 = DIRECTION('',(-0.,-0.,-1.));
#12400 = DIRECTION('',(-1.,0.,0.));
#12401 = SHELL_BASED_SURFACE_MODEL('',(#12402));
#12402 = OPEN_SHELL('',(#12403));
#12403 = ADVANCED_FACE('',(#12404,#12530),#12598,.T.);
#12404 = FACE_BOUND('',#12405,.T.);
#12405 = EDGE_LOOP('',(#12406,#12416,#12425,#12433,#12441,#12450,#12458,
    #12467,#12475,#12484,#12492,#12500,#12508,#12516,#12524));
#12406 = ORIENTED_EDGE('',*,*,#12407,.T.);
#12407 = EDGE_CURVE('',#12408,#12410,#12412,.T.);
#12408 = VERTEX_POINT('',#12409);
#12409 = CARTESIAN_POINT('',(165.298509,-62.675445,-7.5E-02));
#12410 = VERTEX_POINT('',#12411);
#12411 = CARTESIAN_POINT('',(165.315421,-62.658533,-7.5E-02));
#12412 = LINE('',#12413,#12414);
#12413 = CARTESIAN_POINT('',(165.298509,-62.675445,-7.5E-02));
#12414 = VECTOR('',#12415,1.);
#12415 = DIRECTION('',(0.707106781186,0.707106781187,0.));
#12416 = ORIENTED_EDGE('',*,*,#12417,.T.);
#12417 = EDGE_CURVE('',#12410,#12418,#12420,.T.);
#12418 = VERTEX_POINT('',#12419);
#12419 = CARTESIAN_POINT('',(165.46256,-62.734523,-7.5E-02));
#12420 = CIRCLE('',#12421,0.119310356679);
#12421 = AXIS2_PLACEMENT_3D('',#12422,#12423,#12424);
#12422 = CARTESIAN_POINT('',(165.34957354457,-62.77285082411,-7.5E-02));
#12423 = DIRECTION('',(0.,0.,-1.));
#12424 = DIRECTION('',(-0.286249622623,0.958155078027,0.));
#12425 = ORIENTED_EDGE('',*,*,#12426,.T.);
#12426 = EDGE_CURVE('',#12418,#12427,#12429,.T.);
#12427 = VERTEX_POINT('',#12428);
#12428 = CARTESIAN_POINT('',(165.477677,-62.794547,-7.5E-02));
#12429 = LINE('',#12430,#12431);
#12430 = CARTESIAN_POINT('',(165.46256,-62.734523,-7.5E-02));
#12431 = VECTOR('',#12432,1.);
#12432 = DIRECTION('',(0.244223034952,-0.969719087777,0.));
#12433 = ORIENTED_EDGE('',*,*,#12434,.T.);
#12434 = EDGE_CURVE('',#12427,#12435,#12437,.T.);
#12435 = VERTEX_POINT('',#12436);
#12436 = CARTESIAN_POINT('',(165.474378,-62.903759,-7.5E-02));
#12437 = LINE('',#12438,#12439);
#12438 = CARTESIAN_POINT('',(165.477677,-62.794547,-7.5E-02));
#12439 = VECTOR('',#12440,1.);
#12440 = DIRECTION('',(-3.019353085363E-02,-0.999544071412,0.));
#12441 = ORIENTED_EDGE('',*,*,#12442,.T.);
#12442 = EDGE_CURVE('',#12435,#12443,#12445,.T.);
#12443 = VERTEX_POINT('',#12444);
#12444 = CARTESIAN_POINT('',(165.398808,-62.968654,-7.5E-02));
#12445 = CIRCLE('',#12446,9.605663645457E-02);
#12446 = AXIS2_PLACEMENT_3D('',#12447,#12448,#12449);
#12447 = CARTESIAN_POINT('',(165.38308220826,-62.87389337061,-7.5E-02));
#12448 = DIRECTION('',(0.,0.,-1.));
#12449 = DIRECTION('',(0.950437107777,-0.310916876611,0.));
#12450 = ORIENTED_EDGE('',*,*,#12451,.T.);
#12451 = EDGE_CURVE('',#12443,#12452,#12454,.T.);
#12452 = VERTEX_POINT('',#12453);
#12453 = CARTESIAN_POINT('',(165.337214,-62.965355,-7.5E-02));
#12454 = LINE('',#12455,#12456);
#12455 = CARTESIAN_POINT('',(165.398808,-62.968654,-7.5E-02));
#12456 = VECTOR('',#12457,1.);
#12457 = DIRECTION('',(-0.998568719867,5.348375177513E-02,0.));
#12458 = ORIENTED_EDGE('',*,*,#12459,.T.);
#12459 = EDGE_CURVE('',#12452,#12460,#12462,.T.);
#12460 = VERTEX_POINT('',#12461);
#12461 = CARTESIAN_POINT('',(165.27232,-62.889785,-7.5E-02));
#12462 = CIRCLE('',#12463,9.606229087752E-02);
#12463 = AXIS2_PLACEMENT_3D('',#12464,#12465,#12466);
#12464 = CARTESIAN_POINT('',(165.36708570356,-62.87405524614,-7.5E-02));
#12465 = DIRECTION('',(0.,0.,-1.));
#12466 = DIRECTION('',(-0.310961807095,-0.950422408473,-0.));
#12467 = ORIENTED_EDGE('',*,*,#12468,.T.);
#12468 = EDGE_CURVE('',#12460,#12469,#12471,.T.);
#12469 = VERTEX_POINT('',#12470);
#12470 = CARTESIAN_POINT('',(165.275619,-62.816285,-7.5E-02));
#12471 = LINE('',#12472,#12473);
#12472 = CARTESIAN_POINT('',(165.27232,-62.889785,-7.5E-02));
#12473 = VECTOR('',#12474,1.);
#12474 = DIRECTION('',(4.483920981396E-02,0.998994216832,0.));
#12475 = ORIENTED_EDGE('',*,*,#12476,.T.);
#12476 = EDGE_CURVE('',#12469,#12477,#12479,.T.);
#12477 = VERTEX_POINT('',#12478);
#12478 = CARTESIAN_POINT('',(165.351189,-62.751392,-7.5E-02));
#12479 = CIRCLE('',#12480,9.606873974561E-02);
#12480 = AXIS2_PLACEMENT_3D('',#12481,#12482,#12483);
#12481 = CARTESIAN_POINT('',(165.36692332103,-62.84616348251,-7.5E-02));
#12482 = DIRECTION('',(0.,0.,-1.));
#12483 = DIRECTION('',(-0.950406149522,0.311011496494,0.));
#12484 = ORIENTED_EDGE('',*,*,#12485,.T.);
#12485 = EDGE_CURVE('',#12477,#12486,#12488,.T.);
#12486 = VERTEX_POINT('',#12487);
#12487 = CARTESIAN_POINT('',(165.400114,-62.751651,-7.5E-02));
#12488 = LINE('',#12489,#12490);
#12489 = CARTESIAN_POINT('',(165.351189,-62.751392,-7.5E-02));
#12490 = VECTOR('',#12491,1.);
#12491 = DIRECTION('',(0.999985988045,-5.293742890208E-03,0.));
#12492 = ORIENTED_EDGE('',*,*,#12493,.T.);
#12493 = EDGE_CURVE('',#12486,#12494,#12496,.T.);
#12494 = VERTEX_POINT('',#12495);
#12495 = CARTESIAN_POINT('',(165.380296,-62.724991,-7.5E-02));
#12496 = LINE('',#12497,#12498);
#12497 = CARTESIAN_POINT('',(165.400114,-62.751651,-7.5E-02));
#12498 = VECTOR('',#12499,1.);
#12499 = DIRECTION('',(-0.596584462846,0.802550296673,0.));
#12500 = ORIENTED_EDGE('',*,*,#12501,.T.);
#12501 = EDGE_CURVE('',#12494,#12502,#12504,.T.);
#12502 = VERTEX_POINT('',#12503);
#12503 = CARTESIAN_POINT('',(165.367621,-62.718654,-7.5E-02));
#12504 = LINE('',#12505,#12506);
#12505 = CARTESIAN_POINT('',(165.380296,-62.724991,-7.5E-02));
#12506 = VECTOR('',#12507,1.);
#12507 = DIRECTION('',(-0.894441304026,0.447185368334,0.));
#12508 = ORIENTED_EDGE('',*,*,#12509,.T.);
#12509 = EDGE_CURVE('',#12502,#12510,#12512,.T.);
#12510 = VERTEX_POINT('',#12511);
#12511 = CARTESIAN_POINT('',(165.315421,-62.716275,-7.5E-02));
#12512 = LINE('',#12513,#12514);
#12513 = CARTESIAN_POINT('',(165.367621,-62.718654,-7.5E-02));
#12514 = VECTOR('',#12515,1.);
#12515 = DIRECTION('',(-0.998963087797,4.552745566791E-02,0.));
#12516 = ORIENTED_EDGE('',*,*,#12517,.T.);
#12517 = EDGE_CURVE('',#12510,#12518,#12520,.T.);
#12518 = VERTEX_POINT('',#12519);
#12519 = CARTESIAN_POINT('',(165.298509,-62.699363,-7.5E-02));
#12520 = LINE('',#12521,#12522);
#12521 = CARTESIAN_POINT('',(165.315421,-62.716275,-7.5E-02));
#12522 = VECTOR('',#12523,1.);
#12523 = DIRECTION('',(-0.707106781186,0.707106781187,0.));
#12524 = ORIENTED_EDGE('',*,*,#12525,.T.);
#12525 = EDGE_CURVE('',#12518,#12408,#12526,.T.);
#12526 = LINE('',#12527,#12528);
#12527 = CARTESIAN_POINT('',(165.298509,-62.699363,-7.5E-02));
#12528 = VECTOR('',#12529,1.);
#12529 = DIRECTION('',(0.,1.,0.));
#12530 = FACE_BOUND('',#12531,.T.);
#12531 = EDGE_LOOP('',(#12532,#12543,#12551,#12559,#12567,#12576,#12584,
    #12592));
#12532 = ORIENTED_EDGE('',*,*,#12533,.T.);
#12533 = EDGE_CURVE('',#12534,#12536,#12538,.T.);
#12534 = VERTEX_POINT('',#12535);
#12535 = CARTESIAN_POINT('',(165.404107,-62.82023,-7.5E-02));
#12536 = VERTEX_POINT('',#12537);
#12537 = CARTESIAN_POINT('',(165.34589,-62.82023,-7.5E-02));
#12538 = CIRCLE('',#12539,5.140924889181E-02);
#12539 = AXIS2_PLACEMENT_3D('',#12540,#12541,#12542);
#12540 = CARTESIAN_POINT('',(165.3749985,-62.86260459261,-7.5E-02));
#12541 = DIRECTION('',(0.,0.,1.));
#12542 = DIRECTION('',(0.566211345769,0.824260099679,-0.));
#12543 = ORIENTED_EDGE('',*,*,#12544,.T.);
#12544 = EDGE_CURVE('',#12536,#12545,#12547,.T.);
#12545 = VERTEX_POINT('',#12546);
#12546 = CARTESIAN_POINT('',(165.33482,-62.837638,-7.5E-02));
#12547 = LINE('',#12548,#12549);
#12548 = CARTESIAN_POINT('',(165.34589,-62.82023,-7.5E-02));
#12549 = VECTOR('',#12550,1.);
#12550 = DIRECTION('',(-0.536605721931,-0.843833099132,0.));
#12551 = ORIENTED_EDGE('',*,*,#12552,.T.);
#12552 = EDGE_CURVE('',#12545,#12553,#12555,.T.);
#12553 = VERTEX_POINT('',#12554);
#12554 = CARTESIAN_POINT('',(165.33482,-62.882407,-7.5E-02));
#12555 = LINE('',#12556,#12557);
#12556 = CARTESIAN_POINT('',(165.33482,-62.837638,-7.5E-02));
#12557 = VECTOR('',#12558,1.);
#12558 = DIRECTION('',(0.,-1.,0.));
#12559 = ORIENTED_EDGE('',*,*,#12560,.T.);
#12560 = EDGE_CURVE('',#12553,#12561,#12563,.T.);
#12561 = VERTEX_POINT('',#12562);
#12562 = CARTESIAN_POINT('',(165.34589,-62.899816,-7.5E-02));
#12563 = LINE('',#12564,#12565);
#12564 = CARTESIAN_POINT('',(165.33482,-62.882407,-7.5E-02));
#12565 = VECTOR('',#12566,1.);
#12566 = DIRECTION('',(0.536583773405,-0.843847056118,0.));
#12567 = ORIENTED_EDGE('',*,*,#12568,.T.);
#12568 = EDGE_CURVE('',#12561,#12569,#12571,.T.);
#12569 = VERTEX_POINT('',#12570);
#12570 = CARTESIAN_POINT('',(165.40884,-62.895083,-7.5E-02));
#12571 = CIRCLE('',#12572,5.017260848851E-02);
#12572 = AXIS2_PLACEMENT_3D('',#12573,#12574,#12575);
#12573 = CARTESIAN_POINT('',(165.37444095945,-62.8585590811,-7.5E-02));
#12574 = DIRECTION('',(0.,0.,1.));
#12575 = DIRECTION('',(-0.569054715505,-0.822299659955,0.));
#12576 = ORIENTED_EDGE('',*,*,#12577,.T.);
#12577 = EDGE_CURVE('',#12569,#12578,#12580,.T.);
#12578 = VERTEX_POINT('',#12579);
#12579 = CARTESIAN_POINT('',(165.415177,-62.882408,-7.5E-02));
#12580 = LINE('',#12581,#12582);
#12581 = CARTESIAN_POINT('',(165.40884,-62.895083,-7.5E-02));
#12582 = VECTOR('',#12583,1.);
#12583 = DIRECTION('',(0.447185368333,0.894441304027,0.));
#12584 = ORIENTED_EDGE('',*,*,#12585,.T.);
#12585 = EDGE_CURVE('',#12578,#12586,#12588,.T.);
#12586 = VERTEX_POINT('',#12587);
#12587 = CARTESIAN_POINT('',(165.415177,-62.837637,-7.5E-02));
#12588 = LINE('',#12589,#12590);
#12589 = CARTESIAN_POINT('',(165.415177,-62.882408,-7.5E-02));
#12590 = VECTOR('',#12591,1.);
#12591 = DIRECTION('',(0.,1.,0.));
#12592 = ORIENTED_EDGE('',*,*,#12593,.T.);
#12593 = EDGE_CURVE('',#12586,#12534,#12594,.T.);
#12594 = LINE('',#12595,#12596);
#12595 = CARTESIAN_POINT('',(165.415177,-62.837637,-7.5E-02));
#12596 = VECTOR('',#12597,1.);
#12597 = DIRECTION('',(-0.53662767189,0.843819140433,0.));
#12598 = PLANE('',#12599);
#12599 = AXIS2_PLACEMENT_3D('',#12600,#12601,#12602);
#12600 = CARTESIAN_POINT('',(0.,0.,-7.5E-02));
#12601 = DIRECTION('',(-0.,-0.,-1.));
#12602 = DIRECTION('',(-1.,0.,0.));
#12603 = SHELL_BASED_SURFACE_MODEL('',(#12604));
#12604 = OPEN_SHELL('',(#12605));
#12605 = ADVANCED_FACE('',(#12606,#12715),#12758,.T.);
#12606 = FACE_BOUND('',#12607,.T.);
#12607 = EDGE_LOOP('',(#12608,#12619,#12627,#12635,#12643,#12651,#12659,
    #12668,#12676,#12684,#12692,#12701,#12709));
#12608 = ORIENTED_EDGE('',*,*,#12609,.T.);
#12609 = EDGE_CURVE('',#12610,#12612,#12614,.T.);
#12610 = VERTEX_POINT('',#12611);
#12611 = CARTESIAN_POINT('',(165.531473,-62.816644,-7.5E-02));
#12612 = VERTEX_POINT('',#12613);
#12613 = CARTESIAN_POINT('',(165.531473,-62.689117,-7.5E-02));
#12614 = CIRCLE('',#12615,0.10108854536);
#12615 = AXIS2_PLACEMENT_3D('',#12616,#12617,#12618);
#12616 = CARTESIAN_POINT('',(165.60991476228,-62.7528805,-7.5E-02));
#12617 = DIRECTION('',(0.,0.,-1.));
#12618 = DIRECTION('',(-0.775970828428,-0.630768795541,-0.));
#12619 = ORIENTED_EDGE('',*,*,#12620,.T.);
#12620 = EDGE_CURVE('',#12612,#12621,#12623,.T.);
#12621 = VERTEX_POINT('',#12622);
#12622 = CARTESIAN_POINT('',(165.5515,-62.671358,-7.5E-02));
#12623 = LINE('',#12624,#12625);
#12624 = CARTESIAN_POINT('',(165.531473,-62.689117,-7.5E-02));
#12625 = VECTOR('',#12626,1.);
#12626 = DIRECTION('',(0.748202356667,0.663470597297,0.));
#12627 = ORIENTED_EDGE('',*,*,#12628,.T.);
#12628 = EDGE_CURVE('',#12621,#12629,#12631,.T.);
#12629 = VERTEX_POINT('',#12630);
#12630 = CARTESIAN_POINT('',(165.589285,-62.656154,-7.5E-02));
#12631 = LINE('',#12632,#12633);
#12632 = CARTESIAN_POINT('',(165.5515,-62.671358,-7.5E-02));
#12633 = VECTOR('',#12634,1.);
#12634 = DIRECTION('',(0.927712765434,0.373294822963,0.));
#12635 = ORIENTED_EDGE('',*,*,#12636,.T.);
#12636 = EDGE_CURVE('',#12629,#12637,#12639,.T.);
#12637 = VERTEX_POINT('',#12638);
#12638 = CARTESIAN_POINT('',(165.696482,-62.658533,-7.5E-02));
#12639 = LINE('',#12640,#12641);
#12640 = CARTESIAN_POINT('',(165.589285,-62.656154,-7.5E-02));
#12641 = VECTOR('',#12642,1.);
#12642 = DIRECTION('',(0.99975383107,-2.218732207164E-02,0.));
#12643 = ORIENTED_EDGE('',*,*,#12644,.T.);
#12644 = EDGE_CURVE('',#12637,#12645,#12647,.T.);
#12645 = VERTEX_POINT('',#12646);
#12646 = CARTESIAN_POINT('',(165.713394,-62.675445,-7.5E-02));
#12647 = LINE('',#12648,#12649);
#12648 = CARTESIAN_POINT('',(165.696482,-62.658533,-7.5E-02));
#12649 = VECTOR('',#12650,1.);
#12650 = DIRECTION('',(0.707106781186,-0.707106781187,0.));
#12651 = ORIENTED_EDGE('',*,*,#12652,.T.);
#12652 = EDGE_CURVE('',#12645,#12653,#12655,.T.);
#12653 = VERTEX_POINT('',#12654);
#12654 = CARTESIAN_POINT('',(165.713394,-62.949363,-7.5E-02));
#12655 = LINE('',#12656,#12657);
#12656 = CARTESIAN_POINT('',(165.713394,-62.675445,-7.5E-02));
#12657 = VECTOR('',#12658,1.);
#12658 = DIRECTION('',(0.,-1.,0.));
#12659 = ORIENTED_EDGE('',*,*,#12660,.T.);
#12660 = EDGE_CURVE('',#12653,#12661,#12663,.T.);
#12661 = VERTEX_POINT('',#12662);
#12662 = CARTESIAN_POINT('',(165.655652,-62.949363,-7.5E-02));
#12663 = CIRCLE('',#12664,3.124983715157E-02);
#12664 = AXIS2_PLACEMENT_3D('',#12665,#12666,#12667);
#12665 = CARTESIAN_POINT('',(165.684523,-62.937404,-7.5E-02));
#12666 = DIRECTION('',(-0.,0.,-1.));
#12667 = DIRECTION('',(0.92387681446,-0.382689994254,-0.));
#12668 = ORIENTED_EDGE('',*,*,#12669,.T.);
#12669 = EDGE_CURVE('',#12661,#12670,#12672,.T.);
#12670 = VERTEX_POINT('',#12671);
#12671 = CARTESIAN_POINT('',(165.653273,-62.849607,-7.5E-02));
#12672 = LINE('',#12673,#12674);
#12673 = CARTESIAN_POINT('',(165.655652,-62.949363,-7.5E-02));
#12674 = VECTOR('',#12675,1.);
#12675 = DIRECTION('',(-2.384141081013E-02,0.999715753167,0.));
#12676 = ORIENTED_EDGE('',*,*,#12677,.T.);
#12677 = EDGE_CURVE('',#12670,#12678,#12680,.T.);
#12678 = VERTEX_POINT('',#12679);
#12679 = CARTESIAN_POINT('',(165.64127,-62.849607,-7.5E-02));
#12680 = LINE('',#12681,#12682);
#12681 = CARTESIAN_POINT('',(165.653273,-62.849607,-7.5E-02));
#12682 = VECTOR('',#12683,1.);
#12683 = DIRECTION('',(-1.,0.,0.));
#12684 = ORIENTED_EDGE('',*,*,#12685,.T.);
#12685 = EDGE_CURVE('',#12678,#12686,#12688,.T.);
#12686 = VERTEX_POINT('',#12687);
#12687 = CARTESIAN_POINT('',(165.55846,-62.963758,-7.5E-02));
#12688 = LINE('',#12689,#12690);
#12689 = CARTESIAN_POINT('',(165.64127,-62.849607,-7.5E-02));
#12690 = VECTOR('',#12691,1.);
#12691 = DIRECTION('',(-0.587202382161,-0.809440153677,0.));
#12692 = ORIENTED_EDGE('',*,*,#12693,.T.);
#12693 = EDGE_CURVE('',#12686,#12694,#12696,.T.);
#12694 = VERTEX_POINT('',#12695);
#12695 = CARTESIAN_POINT('',(165.511156,-62.930645,-7.5E-02));
#12696 = CIRCLE('',#12697,3.125014805516E-02);
#12697 = AXIS2_PLACEMENT_3D('',#12698,#12699,#12700);
#12698 = CARTESIAN_POINT('',(165.54166652613,-62.9374036647,-7.5E-02));
#12699 = DIRECTION('',(-0.,0.,-1.));
#12700 = DIRECTION('',(0.537388617729,-0.843334733979,-0.));
#12701 = ORIENTED_EDGE('',*,*,#12702,.T.);
#12702 = EDGE_CURVE('',#12694,#12703,#12705,.T.);
#12703 = VERTEX_POINT('',#12704);
#12704 = CARTESIAN_POINT('',(165.569367,-62.843337,-7.5E-02));
#12705 = LINE('',#12706,#12707);
#12706 = CARTESIAN_POINT('',(165.511156,-62.930645,-7.5E-02));
#12707 = VECTOR('',#12708,1.);
#12708 = DIRECTION('',(0.554737581695,0.832025369478,0.));
#12709 = ORIENTED_EDGE('',*,*,#12710,.T.);
#12710 = EDGE_CURVE('',#12703,#12610,#12711,.T.);
#12711 = LINE('',#12712,#12713);
#12712 = CARTESIAN_POINT('',(165.569367,-62.843337,-7.5E-02));
#12713 = VECTOR('',#12714,1.);
#12714 = DIRECTION('',(-0.81753368078,0.57588078696,0.));
#12715 = FACE_BOUND('',#12716,.T.);
#12716 = EDGE_LOOP('',(#12717,#12727,#12735,#12743,#12752));
#12717 = ORIENTED_EDGE('',*,*,#12718,.T.);
#12718 = EDGE_CURVE('',#12719,#12721,#12723,.T.);
#12719 = VERTEX_POINT('',#12720);
#12720 = CARTESIAN_POINT('',(165.653273,-62.787107,-7.5E-02));
#12721 = VERTEX_POINT('',#12722);
#12722 = CARTESIAN_POINT('',(165.653273,-62.718654,-7.5E-02));
#12723 = LINE('',#12724,#12725);
#12724 = CARTESIAN_POINT('',(165.653273,-62.787107,-7.5E-02));
#12725 = VECTOR('',#12726,1.);
#12726 = DIRECTION('',(0.,1.,0.));
#12727 = ORIENTED_EDGE('',*,*,#12728,.T.);
#12728 = EDGE_CURVE('',#12721,#12729,#12731,.T.);
#12729 = VERTEX_POINT('',#12730);
#12730 = CARTESIAN_POINT('',(165.596662,-62.718654,-7.5E-02));
#12731 = LINE('',#12732,#12733);
#12732 = CARTESIAN_POINT('',(165.653273,-62.718654,-7.5E-02));
#12733 = VECTOR('',#12734,1.);
#12734 = DIRECTION('',(-1.,0.,0.));
#12735 = ORIENTED_EDGE('',*,*,#12736,.T.);
#12736 = EDGE_CURVE('',#12729,#12737,#12739,.T.);
#12737 = VERTEX_POINT('',#12738);
#12738 = CARTESIAN_POINT('',(165.583986,-62.724992,-7.5E-02));
#12739 = LINE('',#12740,#12741);
#12740 = CARTESIAN_POINT('',(165.596662,-62.718654,-7.5E-02));
#12741 = VECTOR('',#12742,1.);
#12742 = DIRECTION('',(-0.894427191,-0.4472135955,0.));
#12743 = ORIENTED_EDGE('',*,*,#12744,.T.);
#12744 = EDGE_CURVE('',#12737,#12745,#12747,.T.);
#12745 = VERTEX_POINT('',#12746);
#12746 = CARTESIAN_POINT('',(165.596662,-62.787107,-7.5E-02));
#12747 = CIRCLE('',#12748,3.620885257114E-02);
#12748 = AXIS2_PLACEMENT_3D('',#12749,#12750,#12751);
#12749 = CARTESIAN_POINT('',(165.60747318773,-62.75254981226,-7.5E-02));
#12750 = DIRECTION('',(0.,0.,1.));
#12751 = DIRECTION('',(-0.648658713783,0.761079413093,0.));
#12752 = ORIENTED_EDGE('',*,*,#12753,.T.);
#12753 = EDGE_CURVE('',#12745,#12719,#12754,.T.);
#12754 = LINE('',#12755,#12756);
#12755 = CARTESIAN_POINT('',(165.596662,-62.787107,-7.5E-02));
#12756 = VECTOR('',#12757,1.);
#12757 = DIRECTION('',(1.,0.,0.));
#12758 = PLANE('',#12759);
#12759 = AXIS2_PLACEMENT_3D('',#12760,#12761,#12762);
#12760 = CARTESIAN_POINT('',(0.,0.,-7.5E-02));
#12761 = DIRECTION('',(-0.,-0.,-1.));
#12762 = DIRECTION('',(-1.,0.,0.));
#12763 = SHELL_BASED_SURFACE_MODEL('',(#12764));
#12764 = OPEN_SHELL('',(#12765));
#12765 = ADVANCED_FACE('',(#12766),#12802,.T.);
#12766 = FACE_BOUND('',#12767,.T.);
#12767 = EDGE_LOOP('',(#12768,#12779,#12787,#12796));
#12768 = ORIENTED_EDGE('',*,*,#12769,.T.);
#12769 = EDGE_CURVE('',#12770,#12772,#12774,.T.);
#12770 = VERTEX_POINT('',#12771);
#12771 = CARTESIAN_POINT('',(173.037742,-62.7375,-7.5E-02));
#12772 = VERTEX_POINT('',#12773);
#12773 = CARTESIAN_POINT('',(173.037742,-62.6175,-7.5E-02));
#12774 = CIRCLE('',#12775,6.000000000042E-02);
#12775 = AXIS2_PLACEMENT_3D('',#12776,#12777,#12778);
#12776 = CARTESIAN_POINT('',(173.03774177441,-62.6775,-7.5E-02));
#12777 = DIRECTION('',(0.,0.,-1.));
#12778 = DIRECTION('',(3.759794727379E-06,-0.999999999993,0.));
#12779 = ORIENTED_EDGE('',*,*,#12780,.T.);
#12780 = EDGE_CURVE('',#12772,#12781,#12783,.T.);
#12781 = VERTEX_POINT('',#12782);
#12782 = CARTESIAN_POINT('',(173.512258,-62.6175,-7.5E-02));
#12783 = LINE('',#12784,#12785);
#12784 = CARTESIAN_POINT('',(173.037742,-62.6175,-7.5E-02));
#12785 = VECTOR('',#12786,1.);
#12786 = DIRECTION('',(1.,0.,0.));
#12787 = ORIENTED_EDGE('',*,*,#12788,.T.);
#12788 = EDGE_CURVE('',#12781,#12789,#12791,.T.);
#12789 = VERTEX_POINT('',#12790);
#12790 = CARTESIAN_POINT('',(173.512258,-62.7375,-7.5E-02));
#12791 = CIRCLE('',#12792,6.000000000042E-02);
#12792 = AXIS2_PLACEMENT_3D('',#12793,#12794,#12795);
#12793 = CARTESIAN_POINT('',(173.51225822558,-62.6775,-7.5E-02));
#12794 = DIRECTION('',(0.,0.,-1.));
#12795 = DIRECTION('',(-3.759794253684E-06,0.999999999993,-0.));
#12796 = ORIENTED_EDGE('',*,*,#12797,.T.);
#12797 = EDGE_CURVE('',#12789,#12770,#12798,.T.);
#12798 = LINE('',#12799,#12800);
#12799 = CARTESIAN_POINT('',(173.512258,-62.7375,-7.5E-02));
#12800 = VECTOR('',#12801,1.);
#12801 = DIRECTION('',(-1.,0.,0.));
#12802 = PLANE('',#12803);
#12803 = AXIS2_PLACEMENT_3D('',#12804,#12805,#12806);
#12804 = CARTESIAN_POINT('',(0.,0.,-7.5E-02));
#12805 = DIRECTION('',(-0.,-0.,-1.));
#12806 = DIRECTION('',(-1.,0.,0.));
#12807 = SHELL_BASED_SURFACE_MODEL('',(#12808));
#12808 = OPEN_SHELL('',(#12809));
#12809 = ADVANCED_FACE('',(#12810),#12846,.T.);
#12810 = FACE_BOUND('',#12811,.T.);
#12811 = EDGE_LOOP('',(#12812,#12823,#12831,#12840));
#12812 = ORIENTED_EDGE('',*,*,#12813,.T.);
#12813 = EDGE_CURVE('',#12814,#12816,#12818,.T.);
#12814 = VERTEX_POINT('',#12815);
#12815 = CARTESIAN_POINT('',(153.95942,-61.07,-7.5E-02));
#12816 = VERTEX_POINT('',#12817);
#12817 = CARTESIAN_POINT('',(153.95942,-60.95,-7.5E-02));
#12818 = CIRCLE('',#12819,6.000000000042E-02);
#12819 = AXIS2_PLACEMENT_3D('',#12820,#12821,#12822);
#12820 = CARTESIAN_POINT('',(153.95941977441,-61.01,-7.5E-02));
#12821 = DIRECTION('',(0.,0.,-1.));
#12822 = DIRECTION('',(3.759794253684E-06,-0.999999999993,0.));
#12823 = ORIENTED_EDGE('',*,*,#12824,.T.);
#12824 = EDGE_CURVE('',#12816,#12825,#12827,.T.);
#12825 = VERTEX_POINT('',#12826);
#12826 = CARTESIAN_POINT('',(154.24058,-60.95,-7.5E-02));
#12827 = LINE('',#12828,#12829);
#12828 = CARTESIAN_POINT('',(153.95942,-60.95,-7.5E-02));
#12829 = VECTOR('',#12830,1.);
#12830 = DIRECTION('',(1.,0.,0.));
#12831 = ORIENTED_EDGE('',*,*,#12832,.T.);
#12832 = EDGE_CURVE('',#12825,#12833,#12835,.T.);
#12833 = VERTEX_POINT('',#12834);
#12834 = CARTESIAN_POINT('',(154.24058,-61.07,-7.5E-02));
#12835 = CIRCLE('',#12836,6.000000000043E-02);
#12836 = AXIS2_PLACEMENT_3D('',#12837,#12838,#12839);
#12837 = CARTESIAN_POINT('',(154.24058022558,-61.01,-7.5E-02));
#12838 = DIRECTION('',(0.,0.,-1.));
#12839 = DIRECTION('',(-3.759793779989E-06,0.999999999993,-0.));
#12840 = ORIENTED_EDGE('',*,*,#12841,.T.);
#12841 = EDGE_CURVE('',#12833,#12814,#12842,.T.);
#12842 = LINE('',#12843,#12844);
#12843 = CARTESIAN_POINT('',(154.24058,-61.07,-7.5E-02));
#12844 = VECTOR('',#12845,1.);
#12845 = DIRECTION('',(-1.,0.,0.));
#12846 = PLANE('',#12847);
#12847 = AXIS2_PLACEMENT_3D('',#12848,#12849,#12850);
#12848 = CARTESIAN_POINT('',(0.,0.,-7.5E-02));
#12849 = DIRECTION('',(-0.,-0.,-1.));
#12850 = DIRECTION('',(-1.,0.,0.));
#12851 = SHELL_BASED_SURFACE_MODEL('',(#12852));
#12852 = OPEN_SHELL('',(#12853));
#12853 = ADVANCED_FACE('',(#12854),#12923,.T.);
#12854 = FACE_BOUND('',#12855,.T.);
#12855 = EDGE_LOOP('',(#12856,#12867,#12875,#12883,#12892,#12900,#12908,
    #12917));
#12856 = ORIENTED_EDGE('',*,*,#12857,.T.);
#12857 = EDGE_CURVE('',#12858,#12860,#12862,.T.);
#12858 = VERTEX_POINT('',#12859);
#12859 = CARTESIAN_POINT('',(155.700591,-60.148034,-7.5E-02));
#12860 = VERTEX_POINT('',#12861);
#12861 = CARTESIAN_POINT('',(155.734415,-60.067067,-7.5E-02));
#12862 = CIRCLE('',#12863,6.204723227108E-02);
#12863 = AXIS2_PLACEMENT_3D('',#12864,#12865,#12866);
#12864 = CARTESIAN_POINT('',(155.7579865,-60.1244625,-7.5E-02));
#12865 = DIRECTION('',(0.,0.,-1.));
#12866 = DIRECTION('',(-0.925029173731,-0.379896074929,-0.));
#12867 = ORIENTED_EDGE('',*,*,#12868,.T.);
#12868 = EDGE_CURVE('',#12860,#12869,#12871,.T.);
#12869 = VERTEX_POINT('',#12870);
#12870 = CARTESIAN_POINT('',(155.758333,-60.062309,-7.5E-02));
#12871 = LINE('',#12872,#12873);
#12872 = CARTESIAN_POINT('',(155.734415,-60.067067,-7.5E-02));
#12873 = VECTOR('',#12874,1.);
#12874 = DIRECTION('',(0.980782031979,0.195106652235,0.));
#12875 = ORIENTED_EDGE('',*,*,#12876,.T.);
#12876 = EDGE_CURVE('',#12869,#12877,#12879,.T.);
#12877 = VERTEX_POINT('',#12878);
#12878 = CARTESIAN_POINT('',(156.091666,-60.062309,-7.5E-02));
#12879 = LINE('',#12880,#12881);
#12880 = CARTESIAN_POINT('',(155.758333,-60.062309,-7.5E-02));
#12881 = VECTOR('',#12882,1.);
#12882 = DIRECTION('',(1.,0.,0.));
#12883 = ORIENTED_EDGE('',*,*,#12884,.T.);
#12884 = EDGE_CURVE('',#12877,#12885,#12887,.T.);
#12885 = VERTEX_POINT('',#12886);
#12886 = CARTESIAN_POINT('',(156.091666,-60.187309,-7.5E-02));
#12887 = CIRCLE('',#12888,6.250000000099E-02);
#12888 = AXIS2_PLACEMENT_3D('',#12889,#12890,#12891);
#12889 = CARTESIAN_POINT('',(156.09166564746,-60.124809,-7.5E-02));
#12890 = DIRECTION('',(0.,0.,-1.));
#12891 = DIRECTION('',(5.640538802164E-06,0.999999999984,0.));
#12892 = ORIENTED_EDGE('',*,*,#12893,.T.);
#12893 = EDGE_CURVE('',#12885,#12894,#12896,.T.);
#12894 = VERTEX_POINT('',#12895);
#12895 = CARTESIAN_POINT('',(155.853117,-60.187309,-7.5E-02));
#12896 = LINE('',#12897,#12898);
#12897 = CARTESIAN_POINT('',(156.091666,-60.187309,-7.5E-02));
#12898 = VECTOR('',#12899,1.);
#12899 = DIRECTION('',(-1.,0.,0.));
#12900 = ORIENTED_EDGE('',*,*,#12901,.T.);
#12901 = EDGE_CURVE('',#12894,#12902,#12904,.T.);
#12902 = VERTEX_POINT('',#12903);
#12903 = CARTESIAN_POINT('',(156.030065,-60.60019,-7.5E-02));
#12904 = LINE('',#12905,#12906);
#12905 = CARTESIAN_POINT('',(155.853117,-60.187309,-7.5E-02));
#12906 = VECTOR('',#12907,1.);
#12907 = DIRECTION('',(0.393917417843,-0.919145836045,0.));
#12908 = ORIENTED_EDGE('',*,*,#12909,.T.);
#12909 = EDGE_CURVE('',#12902,#12910,#12912,.T.);
#12910 = VERTEX_POINT('',#12911);
#12911 = CARTESIAN_POINT('',(155.915172,-60.649429,-7.5E-02));
#12912 = CIRCLE('',#12913,6.249976114043E-02);
#12913 = AXIS2_PLACEMENT_3D('',#12914,#12915,#12916);
#12914 = CARTESIAN_POINT('',(155.9726183686,-60.62480919341,-7.5E-02));
#12915 = DIRECTION('',(0.,0.,-1.));
#12916 = DIRECTION('',(0.919149615028,0.393908600052,0.));
#12917 = ORIENTED_EDGE('',*,*,#12918,.T.);
#12918 = EDGE_CURVE('',#12910,#12858,#12919,.T.);
#12919 = LINE('',#12920,#12921);
#12920 = CARTESIAN_POINT('',(155.915172,-60.649429,-7.5E-02));
#12921 = VECTOR('',#12922,1.);
#12922 = DIRECTION('',(-0.393450547431,0.919345781916,0.));
#12923 = PLANE('',#12924);
#12924 = AXIS2_PLACEMENT_3D('',#12925,#12926,#12927);
#12925 = CARTESIAN_POINT('',(0.,0.,-7.5E-02));
#12926 = DIRECTION('',(-0.,-0.,-1.));
#12927 = DIRECTION('',(-1.,0.,0.));
#12928 = SHELL_BASED_SURFACE_MODEL('',(#12929));
#12929 = OPEN_SHELL('',(#12930));
#12930 = ADVANCED_FACE('',(#12931),#13109,.T.);
#12931 = FACE_BOUND('',#12932,.T.);
#12932 = EDGE_LOOP('',(#12933,#12944,#12952,#12960,#12969,#12977,#12985,
    #12993,#13002,#13010,#13019,#13027,#13036,#13044,#13053,#13061,
    #13069,#13077,#13086,#13094,#13103));
#12933 = ORIENTED_EDGE('',*,*,#12934,.T.);
#12934 = EDGE_CURVE('',#12935,#12937,#12939,.T.);
#12935 = VERTEX_POINT('',#12936);
#12936 = CARTESIAN_POINT('',(156.237948,-60.104425,-7.5E-02));
#12937 = VERTEX_POINT('',#12938);
#12938 = CARTESIAN_POINT('',(156.411013,-60.064263,-7.5E-02));
#12939 = CIRCLE('',#12940,0.237518155311);
#12940 = AXIS2_PLACEMENT_3D('',#12941,#12942,#12943);
#12941 = CARTESIAN_POINT('',(156.37427635631,-60.29892295208,-7.5E-02));
#12942 = DIRECTION('',(0.,0.,-1.));
#12943 = DIRECTION('',(-0.57397025562,0.818876147939,0.));
#12944 = ORIENTED_EDGE('',*,*,#12945,.T.);
#12945 = EDGE_CURVE('',#12937,#12946,#12948,.T.);
#12946 = VERTEX_POINT('',#12947);
#12947 = CARTESIAN_POINT('',(156.504857,-60.096437,-7.5E-02));
#12948 = LINE('',#12949,#12950);
#12949 = CARTESIAN_POINT('',(156.411013,-60.064263,-7.5E-02));
#12950 = VECTOR('',#12951,1.);
#12951 = DIRECTION('',(0.945949303447,-0.324314531447,0.));
#12952 = ORIENTED_EDGE('',*,*,#12953,.T.);
#12953 = EDGE_CURVE('',#12946,#12954,#12956,.T.);
#12954 = VERTEX_POINT('',#12955);
#12955 = CARTESIAN_POINT('',(156.569997,-60.160375,-7.5E-02));
#12956 = LINE('',#12957,#12958);
#12957 = CARTESIAN_POINT('',(156.504857,-60.096437,-7.5E-02));
#12958 = VECTOR('',#12959,1.);
#12959 = DIRECTION('',(0.713660557527,-0.700491690622,0.));
#12960 = ORIENTED_EDGE('',*,*,#12961,.T.);
#12961 = EDGE_CURVE('',#12954,#12962,#12964,.T.);
#12962 = VERTEX_POINT('',#12963);
#12963 = CARTESIAN_POINT('',(156.62849,-60.425681,-7.5E-02));
#12964 = CIRCLE('',#12965,0.396741285884);
#12965 = AXIS2_PLACEMENT_3D('',#12966,#12967,#12968);
#12966 = CARTESIAN_POINT('',(156.2352238267,-60.37328477048,-7.5E-02));
#12967 = DIRECTION('',(0.,0.,-1.));
#12968 = DIRECTION('',(0.843807249725,0.536646368954,0.));
#12969 = ORIENTED_EDGE('',*,*,#12970,.T.);
#12970 = EDGE_CURVE('',#12962,#12971,#12973,.T.);
#12971 = VERTEX_POINT('',#12972);
#12972 = CARTESIAN_POINT('',(156.599949,-60.533712,-7.5E-02));
#12973 = LINE('',#12974,#12975);
#12974 = CARTESIAN_POINT('',(156.62849,-60.425681,-7.5E-02));
#12975 = VECTOR('',#12976,1.);
#12976 = DIRECTION('',(-0.255428847712,-0.96682785632,0.));
#12977 = ORIENTED_EDGE('',*,*,#12978,.T.);
#12978 = EDGE_CURVE('',#12971,#12979,#12981,.T.);
#12979 = VERTEX_POINT('',#12980);
#12980 = CARTESIAN_POINT('',(156.564432,-60.597574,-7.5E-02));
#12981 = LINE('',#12982,#12983);
#12982 = CARTESIAN_POINT('',(156.599949,-60.533712,-7.5E-02));
#12983 = VECTOR('',#12984,1.);
#12984 = DIRECTION('',(-0.4860414169,-0.873935776278,0.));
#12985 = ORIENTED_EDGE('',*,*,#12986,.T.);
#12986 = EDGE_CURVE('',#12979,#12987,#12989,.T.);
#12987 = VERTEX_POINT('',#12988);
#12988 = CARTESIAN_POINT('',(156.504869,-60.653173,-7.5E-02));
#12989 = LINE('',#12990,#12991);
#12990 = CARTESIAN_POINT('',(156.564432,-60.597574,-7.5E-02));
#12991 = VECTOR('',#12992,1.);
#12992 = DIRECTION('',(-0.731013229844,-0.682363288721,0.));
#12993 = ORIENTED_EDGE('',*,*,#12994,.T.);
#12994 = EDGE_CURVE('',#12987,#12995,#12997,.T.);
#12995 = VERTEX_POINT('',#12996);
#12996 = CARTESIAN_POINT('',(156.2499,-60.65318,-7.5E-02));
#12997 = CIRCLE('',#12998,0.253292600065);
#12998 = AXIS2_PLACEMENT_3D('',#12999,#13000,#13001);
#12999 = CARTESIAN_POINT('',(156.37737849102,-60.43430474883,-7.5E-02));
#13000 = DIRECTION('',(-0.,0.,-1.));
#13001 = DIRECTION('',(0.50333293962,-0.864092559795,-0.));
#13002 = ORIENTED_EDGE('',*,*,#13003,.T.);
#13003 = EDGE_CURVE('',#12995,#13004,#13006,.T.);
#13004 = VERTEX_POINT('',#13005);
#13005 = CARTESIAN_POINT('',(156.214138,-60.621383,-7.5E-02));
#13006 = LINE('',#13007,#13008);
#13007 = CARTESIAN_POINT('',(156.2499,-60.65318,-7.5E-02));
#13008 = VECTOR('',#13009,1.);
#13009 = DIRECTION('',(-0.74732053555,0.664463706417,0.));
#13010 = ORIENTED_EDGE('',*,*,#13011,.T.);
#13011 = EDGE_CURVE('',#13004,#13012,#13014,.T.);
#13012 = VERTEX_POINT('',#13013);
#13013 = CARTESIAN_POINT('',(156.282251,-60.519448,-7.5E-02));
#13014 = CIRCLE('',#13015,6.249972613917E-02);
#13015 = AXIS2_PLACEMENT_3D('',#13016,#13017,#13018);
#13016 = CARTESIAN_POINT('',(156.25833302805,-60.57719006772,-7.5E-02));
#13017 = DIRECTION('',(0.,0.,-1.));
#13018 = DIRECTION('',(-0.707123547303,-0.707090014673,-0.));
#13019 = ORIENTED_EDGE('',*,*,#13020,.T.);
#13020 = EDGE_CURVE('',#13012,#13021,#13023,.T.);
#13021 = VERTEX_POINT('',#13022);
#13022 = CARTESIAN_POINT('',(156.315902,-60.546372,-7.5E-02));
#13023 = LINE('',#13024,#13025);
#13024 = CARTESIAN_POINT('',(156.282251,-60.519448,-7.5E-02));
#13025 = VECTOR('',#13026,1.);
#13026 = DIRECTION('',(0.780832587494,-0.6247403223,0.));
#13027 = ORIENTED_EDGE('',*,*,#13028,.T.);
#13028 = EDGE_CURVE('',#13021,#13029,#13031,.T.);
#13029 = VERTEX_POINT('',#13030);
#13030 = CARTESIAN_POINT('',(156.438855,-60.546373,-7.5E-02));
#13031 = CIRCLE('',#13032,0.121456124357);
#13032 = AXIS2_PLACEMENT_3D('',#13033,#13034,#13035);
#13033 = CARTESIAN_POINT('',(156.37737935193,-60.44162408669,-7.5E-02));
#13034 = DIRECTION('',(0.,0.,1.));
#13035 = DIRECTION('',(-0.506169221719,-0.862434182407,0.));
#13036 = ORIENTED_EDGE('',*,*,#13037,.T.);
#13037 = EDGE_CURVE('',#13029,#13038,#13040,.T.);
#13038 = VERTEX_POINT('',#13039);
#13039 = CARTESIAN_POINT('',(156.468873,-60.516355,-7.5E-02));
#13040 = LINE('',#13041,#13042);
#13041 = CARTESIAN_POINT('',(156.438855,-60.546373,-7.5E-02));
#13042 = VECTOR('',#13043,1.);
#13043 = DIRECTION('',(0.707106781187,0.707106781186,0.));
#13044 = ORIENTED_EDGE('',*,*,#13045,.T.);
#13045 = EDGE_CURVE('',#13038,#13046,#13048,.T.);
#13046 = VERTEX_POINT('',#13047);
#13047 = CARTESIAN_POINT('',(156.505356,-60.346788,-7.5E-02));
#13048 = CIRCLE('',#13049,0.278346238185);
#13049 = AXIS2_PLACEMENT_3D('',#13050,#13051,#13052);
#13050 = CARTESIAN_POINT('',(156.22854037539,-60.37593827072,-7.5E-02));
#13051 = DIRECTION('',(0.,0.,1.));
#13052 = DIRECTION('',(0.863430474855,-0.504467853378,0.));
#13053 = ORIENTED_EDGE('',*,*,#13054,.T.);
#13054 = EDGE_CURVE('',#13046,#13055,#13057,.T.);
#13055 = VERTEX_POINT('',#13056);
#13056 = CARTESIAN_POINT('',(156.485076,-60.265669,-7.5E-02));
#13057 = LINE('',#13058,#13059);
#13058 = CARTESIAN_POINT('',(156.505356,-60.346788,-7.5E-02));
#13059 = VECTOR('',#13060,1.);
#13060 = DIRECTION('',(-0.242538439033,0.970141796642,0.));
#13061 = ORIENTED_EDGE('',*,*,#13062,.T.);
#13062 = EDGE_CURVE('',#13055,#13063,#13065,.T.);
#13063 = VERTEX_POINT('',#13064);
#13064 = CARTESIAN_POINT('',(156.468872,-60.233261,-7.5E-02));
#13065 = LINE('',#13066,#13067);
#13066 = CARTESIAN_POINT('',(156.485076,-60.265669,-7.5E-02));
#13067 = VECTOR('',#13068,1.);
#13068 = DIRECTION('',(-0.4472135955,0.894427191,0.));
#13069 = ORIENTED_EDGE('',*,*,#13070,.T.);
#13070 = EDGE_CURVE('',#13063,#13071,#13073,.T.);
#13071 = VERTEX_POINT('',#13072);
#13072 = CARTESIAN_POINT('',(156.438857,-60.203246,-7.5E-02));
#13073 = LINE('',#13074,#13075);
#13074 = CARTESIAN_POINT('',(156.468872,-60.233261,-7.5E-02));
#13075 = VECTOR('',#13076,1.);
#13076 = DIRECTION('',(-0.707106781186,0.707106781187,0.));
#13077 = ORIENTED_EDGE('',*,*,#13078,.T.);
#13078 = EDGE_CURVE('',#13071,#13079,#13081,.T.);
#13079 = VERTEX_POINT('',#13080);
#13080 = CARTESIAN_POINT('',(156.315902,-60.203246,-7.5E-02));
#13081 = CIRCLE('',#13082,0.12145584285);
#13082 = AXIS2_PLACEMENT_3D('',#13083,#13084,#13085);
#13083 = CARTESIAN_POINT('',(156.3773795,-60.3079935,-7.5E-02));
#13084 = DIRECTION('',(0.,0.,1.));
#13085 = DIRECTION('',(0.506171613956,0.86243277838,-0.));
#13086 = ORIENTED_EDGE('',*,*,#13087,.T.);
#13087 = EDGE_CURVE('',#13079,#13088,#13090,.T.);
#13088 = VERTEX_POINT('',#13089);
#13089 = CARTESIAN_POINT('',(156.28225,-60.23017,-7.5E-02));
#13090 = LINE('',#13091,#13092);
#13091 = CARTESIAN_POINT('',(156.315902,-60.203246,-7.5E-02));
#13092 = VECTOR('',#13093,1.);
#13093 = DIRECTION('',(-0.78084164372,-0.624729003195,0.));
#13094 = ORIENTED_EDGE('',*,*,#13095,.T.);
#13095 = EDGE_CURVE('',#13088,#13096,#13098,.T.);
#13096 = VERTEX_POINT('',#13097);
#13097 = CARTESIAN_POINT('',(156.200591,-60.148511,-7.5E-02));
#13098 = CIRCLE('',#13099,6.249929161998E-02);
#13099 = AXIS2_PLACEMENT_3D('',#13100,#13101,#13102);
#13100 = CARTESIAN_POINT('',(156.258333,-60.172428,-7.5E-02));
#13101 = DIRECTION('',(0.,0.,-1.));
#13102 = DIRECTION('',(0.382676337285,-0.923882471358,0.));
#13103 = ORIENTED_EDGE('',*,*,#13104,.T.);
#13104 = EDGE_CURVE('',#13096,#12935,#13105,.T.);
#13105 = LINE('',#13106,#13107);
#13106 = CARTESIAN_POINT('',(156.200591,-60.148511,-7.5E-02));
#13107 = VECTOR('',#13108,1.);
#13108 = DIRECTION('',(0.646481235926,0.762929886422,0.));
#13109 = PLANE('',#13110);
#13110 = AXIS2_PLACEMENT_3D('',#13111,#13112,#13113);
#13111 = CARTESIAN_POINT('',(0.,0.,-7.5E-02));
#13112 = DIRECTION('',(-0.,-0.,-1.));
#13113 = DIRECTION('',(-1.,0.,0.));
#13114 = SHELL_BASED_SURFACE_MODEL('',(#13115));
#13115 = OPEN_SHELL('',(#13116));
#13116 = ADVANCED_FACE('',(#13117),#13153,.T.);
#13117 = FACE_BOUND('',#13118,.T.);
#13118 = EDGE_LOOP('',(#13119,#13130,#13138,#13147));
#13119 = ORIENTED_EDGE('',*,*,#13120,.T.);
#13120 = EDGE_CURVE('',#13121,#13123,#13125,.T.);
#13121 = VERTEX_POINT('',#13122);
#13122 = CARTESIAN_POINT('',(153.95942,-60.05,-7.5E-02));
#13123 = VERTEX_POINT('',#13124);
#13124 = CARTESIAN_POINT('',(153.95942,-59.93,-7.5E-02));
#13125 = CIRCLE('',#13126,6.000000000043E-02);
#13126 = AXIS2_PLACEMENT_3D('',#13127,#13128,#13129);
#13127 = CARTESIAN_POINT('',(153.95941977441,-59.99,-7.5E-02));
#13128 = DIRECTION('',(0.,0.,-1.));
#13129 = DIRECTION('',(3.759793779989E-06,-0.999999999993,0.));
#13130 = ORIENTED_EDGE('',*,*,#13131,.T.);
#13131 = EDGE_CURVE('',#13123,#13132,#13134,.T.);
#13132 = VERTEX_POINT('',#13133);
#13133 = CARTESIAN_POINT('',(154.24058,-59.93,-7.5E-02));
#13134 = LINE('',#13135,#13136);
#13135 = CARTESIAN_POINT('',(153.95942,-59.93,-7.5E-02));
#13136 = VECTOR('',#13137,1.);
#13137 = DIRECTION('',(1.,0.,0.));
#13138 = ORIENTED_EDGE('',*,*,#13139,.T.);
#13139 = EDGE_CURVE('',#13132,#13140,#13142,.T.);
#13140 = VERTEX_POINT('',#13141);
#13141 = CARTESIAN_POINT('',(154.24058,-60.05,-7.5E-02));
#13142 = CIRCLE('',#13143,6.000000000042E-02);
#13143 = AXIS2_PLACEMENT_3D('',#13144,#13145,#13146);
#13144 = CARTESIAN_POINT('',(154.24058022558,-59.99,-7.5E-02));
#13145 = DIRECTION('',(0.,0.,-1.));
#13146 = DIRECTION('',(-3.759794253684E-06,0.999999999993,-0.));
#13147 = ORIENTED_EDGE('',*,*,#13148,.T.);
#13148 = EDGE_CURVE('',#13140,#13121,#13149,.T.);
#13149 = LINE('',#13150,#13151);
#13150 = CARTESIAN_POINT('',(154.24058,-60.05,-7.5E-02));
#13151 = VECTOR('',#13152,1.);
#13152 = DIRECTION('',(-1.,0.,0.));
#13153 = PLANE('',#13154);
#13154 = AXIS2_PLACEMENT_3D('',#13155,#13156,#13157);
#13155 = CARTESIAN_POINT('',(0.,0.,-7.5E-02));
#13156 = DIRECTION('',(-0.,-0.,-1.));
#13157 = DIRECTION('',(-1.,0.,0.));
#13158 = SHELL_BASED_SURFACE_MODEL('',(#13159));
#13159 = OPEN_SHELL('',(#13160));
#13160 = ADVANCED_FACE('',(#13161,#13231),#13265,.T.);
#13161 = FACE_BOUND('',#13162,.T.);
#13162 = EDGE_LOOP('',(#13163,#13174,#13182,#13191,#13199,#13208,#13216,
    #13225));
#13163 = ORIENTED_EDGE('',*,*,#13164,.T.);
#13164 = EDGE_CURVE('',#13165,#13167,#13169,.T.);
#13165 = VERTEX_POINT('',#13166);
#13166 = CARTESIAN_POINT('',(151.95,-56.52,-7.5E-02));
#13167 = VERTEX_POINT('',#13168);
#13168 = CARTESIAN_POINT('',(152.01,-56.46,-7.5E-02));
#13169 = CIRCLE('',#13170,5.999932016262E-02);
#13170 = AXIS2_PLACEMENT_3D('',#13171,#13172,#13173);
#13171 = CARTESIAN_POINT('',(152.00999932015,-56.51999932015,-7.5E-02));
#13172 = DIRECTION('',(0.,0.,-1.));
#13173 = DIRECTION('',(-0.999999999936,-1.133081552929E-05,-0.));
#13174 = ORIENTED_EDGE('',*,*,#13175,.T.);
#13175 = EDGE_CURVE('',#13167,#13176,#13178,.T.);
#13176 = VERTEX_POINT('',#13177);
#13177 = CARTESIAN_POINT('',(187.68,-56.46,-7.5E-02));
#13178 = LINE('',#13179,#13180);
#13179 = CARTESIAN_POINT('',(152.01,-56.46,-7.5E-02));
#13180 = VECTOR('',#13181,1.);
#13181 = DIRECTION('',(1.,0.,0.));
#13182 = ORIENTED_EDGE('',*,*,#13183,.T.);
#13183 = EDGE_CURVE('',#13176,#13184,#13186,.T.);
#13184 = VERTEX_POINT('',#13185);
#13185 = CARTESIAN_POINT('',(187.74,-56.52,-7.5E-02));
#13186 = CIRCLE('',#13187,5.999932016261E-02);
#13187 = AXIS2_PLACEMENT_3D('',#13188,#13189,#13190);
#13188 = CARTESIAN_POINT('',(187.68000067984,-56.51999932015,-7.5E-02));
#13189 = DIRECTION('',(0.,0.,-1.));
#13190 = DIRECTION('',(-1.133081564772E-05,0.999999999936,0.));
#13191 = ORIENTED_EDGE('',*,*,#13192,.T.);
#13192 = EDGE_CURVE('',#13184,#13193,#13195,.T.);
#13193 = VERTEX_POINT('',#13194);
#13194 = CARTESIAN_POINT('',(187.74,-59.28,-7.5E-02));
#13195 = LINE('',#13196,#13197);
#13196 = CARTESIAN_POINT('',(187.74,-56.52,-7.5E-02));
#13197 = VECTOR('',#13198,1.);
#13198 = DIRECTION('',(0.,-1.,0.));
#13199 = ORIENTED_EDGE('',*,*,#13200,.T.);
#13200 = EDGE_CURVE('',#13193,#13201,#13203,.T.);
#13201 = VERTEX_POINT('',#13202);
#13202 = CARTESIAN_POINT('',(187.68,-59.34,-7.5E-02));
#13203 = CIRCLE('',#13204,5.999932016262E-02);
#13204 = AXIS2_PLACEMENT_3D('',#13205,#13206,#13207);
#13205 = CARTESIAN_POINT('',(187.68000067984,-59.28000067984,-7.5E-02));
#13206 = DIRECTION('',(0.,0.,-1.));
#13207 = DIRECTION('',(0.999999999936,1.133081564772E-05,0.));
#13208 = ORIENTED_EDGE('',*,*,#13209,.T.);
#13209 = EDGE_CURVE('',#13201,#13210,#13212,.T.);
#13210 = VERTEX_POINT('',#13211);
#13211 = CARTESIAN_POINT('',(152.01,-59.34,-7.5E-02));
#13212 = LINE('',#13213,#13214);
#13213 = CARTESIAN_POINT('',(187.68,-59.34,-7.5E-02));
#13214 = VECTOR('',#13215,1.);
#13215 = DIRECTION('',(-1.,0.,0.));
#13216 = ORIENTED_EDGE('',*,*,#13217,.T.);
#13217 = EDGE_CURVE('',#13210,#13218,#13220,.T.);
#13218 = VERTEX_POINT('',#13219);
#13219 = CARTESIAN_POINT('',(151.95,-59.28,-7.5E-02));
#13220 = CIRCLE('',#13221,5.999932016261E-02);
#13221 = AXIS2_PLACEMENT_3D('',#13222,#13223,#13224);
#13222 = CARTESIAN_POINT('',(152.00999932015,-59.28000067984,-7.5E-02));
#13223 = DIRECTION('',(0.,0.,-1.));
#13224 = DIRECTION('',(1.133081564772E-05,-0.999999999936,0.));
#13225 = ORIENTED_EDGE('',*,*,#13226,.T.);
#13226 = EDGE_CURVE('',#13218,#13165,#13227,.T.);
#13227 = LINE('',#13228,#13229);
#13228 = CARTESIAN_POINT('',(151.95,-59.28,-7.5E-02));
#13229 = VECTOR('',#13230,1.);
#13230 = DIRECTION('',(0.,1.,0.));
#13231 = FACE_BOUND('',#13232,.T.);
#13232 = EDGE_LOOP('',(#13233,#13243,#13251,#13259));
#13233 = ORIENTED_EDGE('',*,*,#13234,.T.);
#13234 = EDGE_CURVE('',#13235,#13237,#13239,.T.);
#13235 = VERTEX_POINT('',#13236);
#13236 = CARTESIAN_POINT('',(187.62,-59.22,-7.5E-02));
#13237 = VERTEX_POINT('',#13238);
#13238 = CARTESIAN_POINT('',(187.62,-56.58,-7.5E-02));
#13239 = LINE('',#13240,#13241);
#13240 = CARTESIAN_POINT('',(187.62,-59.22,-7.5E-02));
#13241 = VECTOR('',#13242,1.);
#13242 = DIRECTION('',(0.,1.,0.));
#13243 = ORIENTED_EDGE('',*,*,#13244,.T.);
#13244 = EDGE_CURVE('',#13237,#13245,#13247,.T.);
#13245 = VERTEX_POINT('',#13246);
#13246 = CARTESIAN_POINT('',(152.07,-56.58,-7.5E-02));
#13247 = LINE('',#13248,#13249);
#13248 = CARTESIAN_POINT('',(187.62,-56.58,-7.5E-02));
#13249 = VECTOR('',#13250,1.);
#13250 = DIRECTION('',(-1.,0.,0.));
#13251 = ORIENTED_EDGE('',*,*,#13252,.T.);
#13252 = EDGE_CURVE('',#13245,#13253,#13255,.T.);
#13253 = VERTEX_POINT('',#13254);
#13254 = CARTESIAN_POINT('',(152.07,-59.22,-7.5E-02));
#13255 = LINE('',#13256,#13257);
#13256 = CARTESIAN_POINT('',(152.07,-56.58,-7.5E-02));
#13257 = VECTOR('',#13258,1.);
#13258 = DIRECTION('',(0.,-1.,0.));
#13259 = ORIENTED_EDGE('',*,*,#13260,.T.);
#13260 = EDGE_CURVE('',#13253,#13235,#13261,.T.);
#13261 = LINE('',#13262,#13263);
#13262 = CARTESIAN_POINT('',(152.07,-59.22,-7.5E-02));
#13263 = VECTOR('',#13264,1.);
#13264 = DIRECTION('',(1.,0.,0.));
#13265 = PLANE('',#13266);
#13266 = AXIS2_PLACEMENT_3D('',#13267,#13268,#13269);
#13267 = CARTESIAN_POINT('',(0.,0.,-7.5E-02));
#13268 = DIRECTION('',(-0.,-0.,-1.));
#13269 = DIRECTION('',(-1.,0.,0.));
#13270 = SHELL_BASED_SURFACE_MODEL('',(#13271));
#13271 = OPEN_SHELL('',(#13272));
#13272 = ADVANCED_FACE('',(#13273),#13334,.T.);
#13273 = FACE_BOUND('',#13274,.T.);
#13274 = EDGE_LOOP('',(#13275,#13286,#13294,#13303,#13311,#13319,#13328)
  );
#13275 = ORIENTED_EDGE('',*,*,#13276,.T.);
#13276 = EDGE_CURVE('',#13277,#13279,#13281,.T.);
#13277 = VERTEX_POINT('',#13278);
#13278 = CARTESIAN_POINT('',(149.3,-56.52,-7.5E-02));
#13279 = VERTEX_POINT('',#13280);
#13280 = CARTESIAN_POINT('',(149.36,-56.46,-7.5E-02));
#13281 = CIRCLE('',#13282,5.999932016256E-02);
#13282 = AXIS2_PLACEMENT_3D('',#13283,#13284,#13285);
#13283 = CARTESIAN_POINT('',(149.35999932015,-56.51999932015,-7.5E-02));
#13284 = DIRECTION('',(0.,0.,-1.));
#13285 = DIRECTION('',(-0.999999999936,-1.133081683198E-05,-0.));
#13286 = ORIENTED_EDGE('',*,*,#13287,.T.);
#13287 = EDGE_CURVE('',#13279,#13288,#13290,.T.);
#13288 = VERTEX_POINT('',#13289);
#13289 = CARTESIAN_POINT('',(150.74,-56.46,-7.5E-02));
#13290 = LINE('',#13291,#13292);
#13291 = CARTESIAN_POINT('',(149.36,-56.46,-7.5E-02));
#13292 = VECTOR('',#13293,1.);
#13293 = DIRECTION('',(1.,0.,0.));
#13294 = ORIENTED_EDGE('',*,*,#13295,.T.);
#13295 = EDGE_CURVE('',#13288,#13296,#13298,.T.);
#13296 = VERTEX_POINT('',#13297);
#13297 = CARTESIAN_POINT('',(150.74,-56.58,-7.5E-02));
#13298 = CIRCLE('',#13299,6.000000000042E-02);
#13299 = AXIS2_PLACEMENT_3D('',#13300,#13301,#13302);
#13300 = CARTESIAN_POINT('',(150.74000022558,-56.52,-7.5E-02));
#13301 = DIRECTION('',(0.,0.,-1.));
#13302 = DIRECTION('',(-3.759794253684E-06,0.999999999993,-0.));
#13303 = ORIENTED_EDGE('',*,*,#13304,.T.);
#13304 = EDGE_CURVE('',#13296,#13305,#13307,.T.);
#13305 = VERTEX_POINT('',#13306);
#13306 = CARTESIAN_POINT('',(149.42,-56.58,-7.5E-02));
#13307 = LINE('',#13308,#13309);
#13308 = CARTESIAN_POINT('',(150.74,-56.58,-7.5E-02));
#13309 = VECTOR('',#13310,1.);
#13310 = DIRECTION('',(-1.,0.,0.));
#13311 = ORIENTED_EDGE('',*,*,#13312,.T.);
#13312 = EDGE_CURVE('',#13305,#13313,#13315,.T.);
#13313 = VERTEX_POINT('',#13314);
#13314 = CARTESIAN_POINT('',(149.42,-57.9,-7.5E-02));
#13315 = LINE('',#13316,#13317);
#13316 = CARTESIAN_POINT('',(149.42,-56.58,-7.5E-02));
#13317 = VECTOR('',#13318,1.);
#13318 = DIRECTION('',(0.,-1.,0.));
#13319 = ORIENTED_EDGE('',*,*,#13320,.T.);
#13320 = EDGE_CURVE('',#13313,#13321,#13323,.T.);
#13321 = VERTEX_POINT('',#13322);
#13322 = CARTESIAN_POINT('',(149.3,-57.9,-7.5E-02));
#13323 = CIRCLE('',#13324,6.000000000041E-02);
#13324 = AXIS2_PLACEMENT_3D('',#13325,#13326,#13327);
#13325 = CARTESIAN_POINT('',(149.36,-57.90000022558,-7.5E-02));
#13326 = DIRECTION('',(0.,0.,-1.));
#13327 = DIRECTION('',(0.999999999993,3.759794253684E-06,0.));
#13328 = ORIENTED_EDGE('',*,*,#13329,.T.);
#13329 = EDGE_CURVE('',#13321,#13277,#13330,.T.);
#13330 = LINE('',#13331,#13332);
#13331 = CARTESIAN_POINT('',(149.3,-57.9,-7.5E-02));
#13332 = VECTOR('',#13333,1.);
#13333 = DIRECTION('',(0.,1.,0.));
#13334 = PLANE('',#13335);
#13335 = AXIS2_PLACEMENT_3D('',#13336,#13337,#13338);
#13336 = CARTESIAN_POINT('',(0.,0.,-7.5E-02));
#13337 = DIRECTION('',(-0.,-0.,-1.));
#13338 = DIRECTION('',(-1.,0.,0.));
#13339 = ( GEOMETRIC_REPRESENTATION_CONTEXT(3) 
GLOBAL_UNCERTAINTY_ASSIGNED_CONTEXT((#13343)) 
GLOBAL_UNIT_ASSIGNED_CONTEXT((#13340,#13341,#13342)) 
REPRESENTATION_CONTEXT('Context #1',
  '3D Context with UNIT and UNCERTAINTY') );
#13340 = ( LENGTH_UNIT() NAMED_UNIT(*) SI_UNIT(.MILLI.,.METRE.) );
#13341 = ( NAMED_UNIT(*) PLANE_ANGLE_UNIT() SI_UNIT($,.RADIAN.) );
#13342 = ( NAMED_UNIT(*) SI_UNIT($,.STERADIAN.) SOLID_ANGLE_UNIT() );
#13343 = UNCERTAINTY_MEASURE_WITH_UNIT(LENGTH_MEASURE(1.E-07),#13340,
  'distance_accuracy_value','confusion accuracy');
#13344 = CONTEXT_DEPENDENT_SHAPE_REPRESENTATION(#13345,#13347);
#13345 = ( REPRESENTATION_RELATIONSHIP('','',#6356,#10) 
REPRESENTATION_RELATIONSHIP_WITH_TRANSFORMATION(#13346) 
SHAPE_REPRESENTATION_RELATIONSHIP() );
#13346 = ITEM_DEFINED_TRANSFORMATION('','',#11,#19);
#13347 = PRODUCT_DEFINITION_SHAPE('Placement','Placement of an item',
  #13348);
#13348 = NEXT_ASSEMBLY_USAGE_OCCURRENCE('2','=>[0:1:1:3]','',#5,#6351,$
  );
#13349 = PRODUCT_RELATED_PRODUCT_CATEGORY('part',$,(#6353));
#13350 = SHAPE_DEFINITION_REPRESENTATION(#13351,#13357);
#13351 = PRODUCT_DEFINITION_SHAPE('','',#13352);
#13352 = PRODUCT_DEFINITION('design','',#13353,#13356);
#13353 = PRODUCT_DEFINITION_FORMATION('','',#13354);
#13354 = PRODUCT('arduino nano_soldermask','arduino nano_soldermask','',
  (#13355));
#13355 = PRODUCT_CONTEXT('',#2,'mechanical');
#13356 = PRODUCT_DEFINITION_CONTEXT('part definition',#2,'design');
#13357 = MANIFOLD_SURFACE_SHAPE_REPRESENTATION('',(#11,#13358),#13818);
#13358 = SHELL_BASED_SURFACE_MODEL('',(#13359));
#13359 = OPEN_SHELL('',(#13360));
#13360 = ADVANCED_FACE('',(#13361,#13395,#13406,#13417,#13428,#13439,
    #13450,#13461,#13472,#13483,#13494,#13505,#13516,#13527,#13538,
    #13549,#13560,#13571,#13582,#13593,#13604,#13615,#13626,#13637,
    #13648,#13659,#13670,#13681,#13692,#13703,#13714,#13725,#13736,
    #13747,#13758,#13769,#13780,#13791,#13802),#13813,.T.);
#13361 = FACE_BOUND('',#13362,.F.);
#13362 = EDGE_LOOP('',(#13363,#13373,#13381,#13389));
#13363 = ORIENTED_EDGE('',*,*,#13364,.T.);
#13364 = EDGE_CURVE('',#13365,#13367,#13369,.T.);
#13365 = VERTEX_POINT('',#13366);
#13366 = CARTESIAN_POINT('',(144.2,-75.9,1.56));
#13367 = VERTEX_POINT('',#13368);
#13368 = CARTESIAN_POINT('',(144.2,-55.8,1.56));
#13369 = LINE('',#13370,#13371);
#13370 = CARTESIAN_POINT('',(144.2,-75.9,1.56));
#13371 = VECTOR('',#13372,1.);
#13372 = DIRECTION('',(0.,1.,0.));
#13373 = ORIENTED_EDGE('',*,*,#13374,.T.);
#13374 = EDGE_CURVE('',#13367,#13375,#13377,.T.);
#13375 = VERTEX_POINT('',#13376);
#13376 = CARTESIAN_POINT('',(189.,-55.8,1.56));
#13377 = LINE('',#13378,#13379);
#13378 = CARTESIAN_POINT('',(144.2,-55.8,1.56));
#13379 = VECTOR('',#13380,1.);
#13380 = DIRECTION('',(1.,0.,0.));
#13381 = ORIENTED_EDGE('',*,*,#13382,.T.);
#13382 = EDGE_CURVE('',#13375,#13383,#13385,.T.);
#13383 = VERTEX_POINT('',#13384);
#13384 = CARTESIAN_POINT('',(189.,-75.9,1.56));
#13385 = LINE('',#13386,#13387);
#13386 = CARTESIAN_POINT('',(189.,-55.8,1.56));
#13387 = VECTOR('',#13388,1.);
#13388 = DIRECTION('',(0.,-1.,0.));
#13389 = ORIENTED_EDGE('',*,*,#13390,.T.);
#13390 = EDGE_CURVE('',#13383,#13365,#13391,.T.);
#13391 = LINE('',#13392,#13393);
#13392 = CARTESIAN_POINT('',(189.,-75.9,1.56));
#13393 = VECTOR('',#13394,1.);
#13394 = DIRECTION('',(-1.,0.,0.));
#13395 = FACE_BOUND('',#13396,.F.);
#13396 = EDGE_LOOP('',(#13397));
#13397 = ORIENTED_EDGE('',*,*,#13398,.T.);
#13398 = EDGE_CURVE('',#13399,#13399,#13401,.T.);
#13399 = VERTEX_POINT('',#13400);
#13400 = CARTESIAN_POINT('',(151.227392,-73.9,1.56));
#13401 = CIRCLE('',#13402,0.487392);
#13402 = AXIS2_PLACEMENT_3D('',#13403,#13404,#13405);
#13403 = CARTESIAN_POINT('',(150.74,-73.9,1.56));
#13404 = DIRECTION('',(0.,0.,1.));
#13405 = DIRECTION('',(1.,0.,-0.));
#13406 = FACE_BOUND('',#13407,.F.);
#13407 = EDGE_LOOP('',(#13408));
#13408 = ORIENTED_EDGE('',*,*,#13409,.T.);
#13409 = EDGE_CURVE('',#13410,#13410,#13412,.T.);
#13410 = VERTEX_POINT('',#13411);
#13411 = CARTESIAN_POINT('',(153.767392,-73.9,1.56));
#13412 = CIRCLE('',#13413,0.487392);
#13413 = AXIS2_PLACEMENT_3D('',#13414,#13415,#13416);
#13414 = CARTESIAN_POINT('',(153.28,-73.9,1.56));
#13415 = DIRECTION('',(0.,0.,1.));
#13416 = DIRECTION('',(1.,0.,-0.));
#13417 = FACE_BOUND('',#13418,.F.);
#13418 = EDGE_LOOP('',(#13419));
#13419 = ORIENTED_EDGE('',*,*,#13420,.T.);
#13420 = EDGE_CURVE('',#13421,#13421,#13423,.T.);
#13421 = VERTEX_POINT('',#13422);
#13422 = CARTESIAN_POINT('',(156.307392,-73.9,1.56));
#13423 = CIRCLE('',#13424,0.487392);
#13424 = AXIS2_PLACEMENT_3D('',#13425,#13426,#13427);
#13425 = CARTESIAN_POINT('',(155.82,-73.9,1.56));
#13426 = DIRECTION('',(0.,0.,1.));
#13427 = DIRECTION('',(1.,0.,-0.));
#13428 = FACE_BOUND('',#13429,.F.);
#13429 = EDGE_LOOP('',(#13430));
#13430 = ORIENTED_EDGE('',*,*,#13431,.T.);
#13431 = EDGE_CURVE('',#13432,#13432,#13434,.T.);
#13432 = VERTEX_POINT('',#13433);
#13433 = CARTESIAN_POINT('',(158.847392,-73.9,1.56));
#13434 = CIRCLE('',#13435,0.487392);
#13435 = AXIS2_PLACEMENT_3D('',#13436,#13437,#13438);
#13436 = CARTESIAN_POINT('',(158.36,-73.9,1.56));
#13437 = DIRECTION('',(0.,0.,1.));
#13438 = DIRECTION('',(1.,0.,-0.));
#13439 = FACE_BOUND('',#13440,.F.);
#13440 = EDGE_LOOP('',(#13441));
#13441 = ORIENTED_EDGE('',*,*,#13442,.T.);
#13442 = EDGE_CURVE('',#13443,#13443,#13445,.T.);
#13443 = VERTEX_POINT('',#13444);
#13444 = CARTESIAN_POINT('',(161.387392,-73.9,1.56));
#13445 = CIRCLE('',#13446,0.487392);
#13446 = AXIS2_PLACEMENT_3D('',#13447,#13448,#13449);
#13447 = CARTESIAN_POINT('',(160.9,-73.9,1.56));
#13448 = DIRECTION('',(0.,0.,1.));
#13449 = DIRECTION('',(1.,0.,-0.));
#13450 = FACE_BOUND('',#13451,.F.);
#13451 = EDGE_LOOP('',(#13452));
#13452 = ORIENTED_EDGE('',*,*,#13453,.T.);
#13453 = EDGE_CURVE('',#13454,#13454,#13456,.T.);
#13454 = VERTEX_POINT('',#13455);
#13455 = CARTESIAN_POINT('',(163.927392,-73.9,1.56));
#13456 = CIRCLE('',#13457,0.487392);
#13457 = AXIS2_PLACEMENT_3D('',#13458,#13459,#13460);
#13458 = CARTESIAN_POINT('',(163.44,-73.9,1.56));
#13459 = DIRECTION('',(0.,0.,1.));
#13460 = DIRECTION('',(1.,0.,-0.));
#13461 = FACE_BOUND('',#13462,.F.);
#13462 = EDGE_LOOP('',(#13463));
#13463 = ORIENTED_EDGE('',*,*,#13464,.T.);
#13464 = EDGE_CURVE('',#13465,#13465,#13467,.T.);
#13465 = VERTEX_POINT('',#13466);
#13466 = CARTESIAN_POINT('',(166.467392,-73.9,1.56));
#13467 = CIRCLE('',#13468,0.487392);
#13468 = AXIS2_PLACEMENT_3D('',#13469,#13470,#13471);
#13469 = CARTESIAN_POINT('',(165.98,-73.9,1.56));
#13470 = DIRECTION('',(0.,0.,1.));
#13471 = DIRECTION('',(1.,0.,-0.));
#13472 = FACE_BOUND('',#13473,.F.);
#13473 = EDGE_LOOP('',(#13474));
#13474 = ORIENTED_EDGE('',*,*,#13475,.T.);
#13475 = EDGE_CURVE('',#13476,#13476,#13478,.T.);
#13476 = VERTEX_POINT('',#13477);
#13477 = CARTESIAN_POINT('',(169.007392,-73.9,1.56));
#13478 = CIRCLE('',#13479,0.487392);
#13479 = AXIS2_PLACEMENT_3D('',#13480,#13481,#13482);
#13480 = CARTESIAN_POINT('',(168.52,-73.9,1.56));
#13481 = DIRECTION('',(0.,0.,1.));
#13482 = DIRECTION('',(1.,0.,-0.));
#13483 = FACE_BOUND('',#13484,.F.);
#13484 = EDGE_LOOP('',(#13485));
#13485 = ORIENTED_EDGE('',*,*,#13486,.T.);
#13486 = EDGE_CURVE('',#13487,#13487,#13489,.T.);
#13487 = VERTEX_POINT('',#13488);
#13488 = CARTESIAN_POINT('',(171.547392,-73.9,1.56));
#13489 = CIRCLE('',#13490,0.487392);
#13490 = AXIS2_PLACEMENT_3D('',#13491,#13492,#13493);
#13491 = CARTESIAN_POINT('',(171.06,-73.9,1.56));
#13492 = DIRECTION('',(0.,0.,1.));
#13493 = DIRECTION('',(1.,0.,-0.));
#13494 = FACE_BOUND('',#13495,.F.);
#13495 = EDGE_LOOP('',(#13496));
#13496 = ORIENTED_EDGE('',*,*,#13497,.T.);
#13497 = EDGE_CURVE('',#13498,#13498,#13500,.T.);
#13498 = VERTEX_POINT('',#13499);
#13499 = CARTESIAN_POINT('',(174.087392,-73.9,1.56));
#13500 = CIRCLE('',#13501,0.487392);
#13501 = AXIS2_PLACEMENT_3D('',#13502,#13503,#13504);
#13502 = CARTESIAN_POINT('',(173.6,-73.9,1.56));
#13503 = DIRECTION('',(0.,0.,1.));
#13504 = DIRECTION('',(1.,0.,-0.));
#13505 = FACE_BOUND('',#13506,.F.);
#13506 = EDGE_LOOP('',(#13507));
#13507 = ORIENTED_EDGE('',*,*,#13508,.T.);
#13508 = EDGE_CURVE('',#13509,#13509,#13511,.T.);
#13509 = VERTEX_POINT('',#13510);
#13510 = CARTESIAN_POINT('',(176.627392,-73.9,1.56));
#13511 = CIRCLE('',#13512,0.487392);
#13512 = AXIS2_PLACEMENT_3D('',#13513,#13514,#13515);
#13513 = CARTESIAN_POINT('',(176.14,-73.9,1.56));
#13514 = DIRECTION('',(0.,0.,1.));
#13515 = DIRECTION('',(1.,0.,-0.));
#13516 = FACE_BOUND('',#13517,.F.);
#13517 = EDGE_LOOP('',(#13518));
#13518 = ORIENTED_EDGE('',*,*,#13519,.T.);
#13519 = EDGE_CURVE('',#13520,#13520,#13522,.T.);
#13520 = VERTEX_POINT('',#13521);
#13521 = CARTESIAN_POINT('',(179.167392,-73.9,1.56));
#13522 = CIRCLE('',#13523,0.487392);
#13523 = AXIS2_PLACEMENT_3D('',#13524,#13525,#13526);
#13524 = CARTESIAN_POINT('',(178.68,-73.9,1.56));
#13525 = DIRECTION('',(0.,0.,1.));
#13526 = DIRECTION('',(1.,0.,-0.));
#13527 = FACE_BOUND('',#13528,.F.);
#13528 = EDGE_LOOP('',(#13529));
#13529 = ORIENTED_EDGE('',*,*,#13530,.T.);
#13530 = EDGE_CURVE('',#13531,#13531,#13533,.T.);
#13531 = VERTEX_POINT('',#13532);
#13532 = CARTESIAN_POINT('',(181.707392,-73.9,1.56));
#13533 = CIRCLE('',#13534,0.487392);
#13534 = AXIS2_PLACEMENT_3D('',#13535,#13536,#13537);
#13535 = CARTESIAN_POINT('',(181.22,-73.9,1.56));
#13536 = DIRECTION('',(0.,0.,1.));
#13537 = DIRECTION('',(1.,0.,-0.));
#13538 = FACE_BOUND('',#13539,.F.);
#13539 = EDGE_LOOP('',(#13540));
#13540 = ORIENTED_EDGE('',*,*,#13541,.T.);
#13541 = EDGE_CURVE('',#13542,#13542,#13544,.T.);
#13542 = VERTEX_POINT('',#13543);
#13543 = CARTESIAN_POINT('',(184.247392,-73.9,1.56));
#13544 = CIRCLE('',#13545,0.487392);
#13545 = AXIS2_PLACEMENT_3D('',#13546,#13547,#13548);
#13546 = CARTESIAN_POINT('',(183.76,-73.9,1.56));
#13547 = DIRECTION('',(0.,0.,1.));
#13548 = DIRECTION('',(1.,0.,-0.));
#13549 = FACE_BOUND('',#13550,.F.);
#13550 = EDGE_LOOP('',(#13551));
#13551 = ORIENTED_EDGE('',*,*,#13552,.T.);
#13552 = EDGE_CURVE('',#13553,#13553,#13555,.T.);
#13553 = VERTEX_POINT('',#13554);
#13554 = CARTESIAN_POINT('',(186.787392,-73.9,1.56));
#13555 = CIRCLE('',#13556,0.487392);
#13556 = AXIS2_PLACEMENT_3D('',#13557,#13558,#13559);
#13557 = CARTESIAN_POINT('',(186.3,-73.9,1.56));
#13558 = DIRECTION('',(0.,0.,1.));
#13559 = DIRECTION('',(1.,0.,-0.));
#13560 = FACE_BOUND('',#13561,.F.);
#13561 = EDGE_LOOP('',(#13562));
#13562 = ORIENTED_EDGE('',*,*,#13563,.T.);
#13563 = EDGE_CURVE('',#13564,#13564,#13566,.T.);
#13564 = VERTEX_POINT('',#13565);
#13565 = CARTESIAN_POINT('',(183.587392,-68.74,1.56));
#13566 = CIRCLE('',#13567,0.487392);
#13567 = AXIS2_PLACEMENT_3D('',#13568,#13569,#13570);
#13568 = CARTESIAN_POINT('',(183.1,-68.74,1.56));
#13569 = DIRECTION('',(0.,0.,1.));
#13570 = DIRECTION('',(1.,0.,-0.));
#13571 = FACE_BOUND('',#13572,.F.);
#13572 = EDGE_LOOP('',(#13573));
#13573 = ORIENTED_EDGE('',*,*,#13574,.T.);
#13574 = EDGE_CURVE('',#13575,#13575,#13577,.T.);
#13575 = VERTEX_POINT('',#13576);
#13576 = CARTESIAN_POINT('',(187.387392,-68.74,1.56));
#13577 = CIRCLE('',#13578,0.487392);
#13578 = AXIS2_PLACEMENT_3D('',#13579,#13580,#13581);
#13579 = CARTESIAN_POINT('',(186.9,-68.74,1.56));
#13580 = DIRECTION('',(0.,0.,1.));
#13581 = DIRECTION('',(1.,0.,-0.));
#13582 = FACE_BOUND('',#13583,.F.);
#13583 = EDGE_LOOP('',(#13584));
#13584 = ORIENTED_EDGE('',*,*,#13585,.T.);
#13585 = EDGE_CURVE('',#13586,#13586,#13588,.T.);
#13586 = VERTEX_POINT('',#13587);
#13587 = CARTESIAN_POINT('',(151.187392,-68.1,1.56));
#13588 = CIRCLE('',#13589,0.487392);
#13589 = AXIS2_PLACEMENT_3D('',#13590,#13591,#13592);
#13590 = CARTESIAN_POINT('',(150.7,-68.1,1.56));
#13591 = DIRECTION('',(0.,0.,1.));
#13592 = DIRECTION('',(1.,0.,-0.));
#13593 = FACE_BOUND('',#13594,.F.);
#13594 = EDGE_LOOP('',(#13595));
#13595 = ORIENTED_EDGE('',*,*,#13596,.T.);
#13596 = EDGE_CURVE('',#13597,#13597,#13599,.T.);
#13597 = VERTEX_POINT('',#13598);
#13598 = CARTESIAN_POINT('',(183.587392,-66.2,1.56));
#13599 = CIRCLE('',#13600,0.487392);
#13600 = AXIS2_PLACEMENT_3D('',#13601,#13602,#13603);
#13601 = CARTESIAN_POINT('',(183.1,-66.2,1.56));
#13602 = DIRECTION('',(0.,0.,1.));
#13603 = DIRECTION('',(1.,0.,-0.));
#13604 = FACE_BOUND('',#13605,.F.);
#13605 = EDGE_LOOP('',(#13606));
#13606 = ORIENTED_EDGE('',*,*,#13607,.T.);
#13607 = EDGE_CURVE('',#13608,#13608,#13610,.T.);
#13608 = VERTEX_POINT('',#13609);
#13609 = CARTESIAN_POINT('',(187.387392,-66.2,1.56));
#13610 = CIRCLE('',#13611,0.487392);
#13611 = AXIS2_PLACEMENT_3D('',#13612,#13613,#13614);
#13612 = CARTESIAN_POINT('',(186.9,-66.2,1.56));
#13613 = DIRECTION('',(0.,0.,1.));
#13614 = DIRECTION('',(1.,0.,-0.));
#13615 = FACE_BOUND('',#13616,.F.);
#13616 = EDGE_LOOP('',(#13617));
#13617 = ORIENTED_EDGE('',*,*,#13618,.T.);
#13618 = EDGE_CURVE('',#13619,#13619,#13621,.T.);
#13619 = VERTEX_POINT('',#13620);
#13620 = CARTESIAN_POINT('',(151.187392,-63.7,1.56));
#13621 = CIRCLE('',#13622,0.487392);
#13622 = AXIS2_PLACEMENT_3D('',#13623,#13624,#13625);
#13623 = CARTESIAN_POINT('',(150.7,-63.7,1.56));
#13624 = DIRECTION('',(0.,0.,1.));
#13625 = DIRECTION('',(1.,0.,-0.));
#13626 = FACE_BOUND('',#13627,.F.);
#13627 = EDGE_LOOP('',(#13628));
#13628 = ORIENTED_EDGE('',*,*,#13629,.T.);
#13629 = EDGE_CURVE('',#13630,#13630,#13632,.T.);
#13630 = VERTEX_POINT('',#13631);
#13631 = CARTESIAN_POINT('',(183.587392,-63.66,1.56));
#13632 = CIRCLE('',#13633,0.487392);
#13633 = AXIS2_PLACEMENT_3D('',#13634,#13635,#13636);
#13634 = CARTESIAN_POINT('',(183.1,-63.66,1.56));
#13635 = DIRECTION('',(0.,0.,1.));
#13636 = DIRECTION('',(1.,0.,-0.));
#13637 = FACE_BOUND('',#13638,.F.);
#13638 = EDGE_LOOP('',(#13639));
#13639 = ORIENTED_EDGE('',*,*,#13640,.T.);
#13640 = EDGE_CURVE('',#13641,#13641,#13643,.T.);
#13641 = VERTEX_POINT('',#13642);
#13642 = CARTESIAN_POINT('',(187.387392,-63.66,1.56));
#13643 = CIRCLE('',#13644,0.487392);
#13644 = AXIS2_PLACEMENT_3D('',#13645,#13646,#13647);
#13645 = CARTESIAN_POINT('',(186.9,-63.66,1.56));
#13646 = DIRECTION('',(0.,0.,1.));
#13647 = DIRECTION('',(1.,0.,-0.));
#13648 = FACE_BOUND('',#13649,.F.);
#13649 = EDGE_LOOP('',(#13650));
#13650 = ORIENTED_EDGE('',*,*,#13651,.T.);
#13651 = EDGE_CURVE('',#13652,#13652,#13654,.T.);
#13652 = VERTEX_POINT('',#13653);
#13653 = CARTESIAN_POINT('',(151.227392,-57.9,1.56));
#13654 = CIRCLE('',#13655,0.487392);
#13655 = AXIS2_PLACEMENT_3D('',#13656,#13657,#13658);
#13656 = CARTESIAN_POINT('',(150.74,-57.9,1.56));
#13657 = DIRECTION('',(0.,0.,1.));
#13658 = DIRECTION('',(1.,0.,-0.));
#13659 = FACE_BOUND('',#13660,.F.);
#13660 = EDGE_LOOP('',(#13661));
#13661 = ORIENTED_EDGE('',*,*,#13662,.T.);
#13662 = EDGE_CURVE('',#13663,#13663,#13665,.T.);
#13663 = VERTEX_POINT('',#13664);
#13664 = CARTESIAN_POINT('',(153.767392,-57.9,1.56));
#13665 = CIRCLE('',#13666,0.487392);
#13666 = AXIS2_PLACEMENT_3D('',#13667,#13668,#13669);
#13667 = CARTESIAN_POINT('',(153.28,-57.9,1.56));
#13668 = DIRECTION('',(0.,0.,1.));
#13669 = DIRECTION('',(1.,0.,-0.));
#13670 = FACE_BOUND('',#13671,.F.);
#13671 = EDGE_LOOP('',(#13672));
#13672 = ORIENTED_EDGE('',*,*,#13673,.T.);
#13673 = EDGE_CURVE('',#13674,#13674,#13676,.T.);
#13674 = VERTEX_POINT('',#13675);
#13675 = CARTESIAN_POINT('',(156.307392,-57.9,1.56));
#13676 = CIRCLE('',#13677,0.487392);
#13677 = AXIS2_PLACEMENT_3D('',#13678,#13679,#13680);
#13678 = CARTESIAN_POINT('',(155.82,-57.9,1.56));
#13679 = DIRECTION('',(0.,0.,1.));
#13680 = DIRECTION('',(1.,0.,-0.));
#13681 = FACE_BOUND('',#13682,.F.);
#13682 = EDGE_LOOP('',(#13683));
#13683 = ORIENTED_EDGE('',*,*,#13684,.T.);
#13684 = EDGE_CURVE('',#13685,#13685,#13687,.T.);
#13685 = VERTEX_POINT('',#13686);
#13686 = CARTESIAN_POINT('',(158.847392,-57.9,1.56));
#13687 = CIRCLE('',#13688,0.487392);
#13688 = AXIS2_PLACEMENT_3D('',#13689,#13690,#13691);
#13689 = CARTESIAN_POINT('',(158.36,-57.9,1.56));
#13690 = DIRECTION('',(0.,0.,1.));
#13691 = DIRECTION('',(1.,0.,-0.));
#13692 = FACE_BOUND('',#13693,.F.);
#13693 = EDGE_LOOP('',(#13694));
#13694 = ORIENTED_EDGE('',*,*,#13695,.T.);
#13695 = EDGE_CURVE('',#13696,#13696,#13698,.T.);
#13696 = VERTEX_POINT('',#13697);
#13697 = CARTESIAN_POINT('',(161.387392,-57.9,1.56));
#13698 = CIRCLE('',#13699,0.487392);
#13699 = AXIS2_PLACEMENT_3D('',#13700,#13701,#13702);
#13700 = CARTESIAN_POINT('',(160.9,-57.9,1.56));
#13701 = DIRECTION('',(0.,0.,1.));
#13702 = DIRECTION('',(1.,0.,-0.));
#13703 = FACE_BOUND('',#13704,.F.);
#13704 = EDGE_LOOP('',(#13705));
#13705 = ORIENTED_EDGE('',*,*,#13706,.T.);
#13706 = EDGE_CURVE('',#13707,#13707,#13709,.T.);
#13707 = VERTEX_POINT('',#13708);
#13708 = CARTESIAN_POINT('',(163.927392,-57.9,1.56));
#13709 = CIRCLE('',#13710,0.487392);
#13710 = AXIS2_PLACEMENT_3D('',#13711,#13712,#13713);
#13711 = CARTESIAN_POINT('',(163.44,-57.9,1.56));
#13712 = DIRECTION('',(0.,0.,1.));
#13713 = DIRECTION('',(1.,0.,-0.));
#13714 = FACE_BOUND('',#13715,.F.);
#13715 = EDGE_LOOP('',(#13716));
#13716 = ORIENTED_EDGE('',*,*,#13717,.T.);
#13717 = EDGE_CURVE('',#13718,#13718,#13720,.T.);
#13718 = VERTEX_POINT('',#13719);
#13719 = CARTESIAN_POINT('',(166.467392,-57.9,1.56));
#13720 = CIRCLE('',#13721,0.487392);
#13721 = AXIS2_PLACEMENT_3D('',#13722,#13723,#13724);
#13722 = CARTESIAN_POINT('',(165.98,-57.9,1.56));
#13723 = DIRECTION('',(0.,0.,1.));
#13724 = DIRECTION('',(1.,0.,-0.));
#13725 = FACE_BOUND('',#13726,.F.);
#13726 = EDGE_LOOP('',(#13727));
#13727 = ORIENTED_EDGE('',*,*,#13728,.T.);
#13728 = EDGE_CURVE('',#13729,#13729,#13731,.T.);
#13729 = VERTEX_POINT('',#13730);
#13730 = CARTESIAN_POINT('',(169.007392,-57.9,1.56));
#13731 = CIRCLE('',#13732,0.487392);
#13732 = AXIS2_PLACEMENT_3D('',#13733,#13734,#13735);
#13733 = CARTESIAN_POINT('',(168.52,-57.9,1.56));
#13734 = DIRECTION('',(0.,0.,1.));
#13735 = DIRECTION('',(1.,0.,-0.));
#13736 = FACE_BOUND('',#13737,.F.);
#13737 = EDGE_LOOP('',(#13738));
#13738 = ORIENTED_EDGE('',*,*,#13739,.T.);
#13739 = EDGE_CURVE('',#13740,#13740,#13742,.T.);
#13740 = VERTEX_POINT('',#13741);
#13741 = CARTESIAN_POINT('',(171.547392,-57.9,1.56));
#13742 = CIRCLE('',#13743,0.487392);
#13743 = AXIS2_PLACEMENT_3D('',#13744,#13745,#13746);
#13744 = CARTESIAN_POINT('',(171.06,-57.9,1.56));
#13745 = DIRECTION('',(0.,0.,1.));
#13746 = DIRECTION('',(1.,0.,-0.));
#13747 = FACE_BOUND('',#13748,.F.);
#13748 = EDGE_LOOP('',(#13749));
#13749 = ORIENTED_EDGE('',*,*,#13750,.T.);
#13750 = EDGE_CURVE('',#13751,#13751,#13753,.T.);
#13751 = VERTEX_POINT('',#13752);
#13752 = CARTESIAN_POINT('',(174.087392,-57.9,1.56));
#13753 = CIRCLE('',#13754,0.487392);
#13754 = AXIS2_PLACEMENT_3D('',#13755,#13756,#13757);
#13755 = CARTESIAN_POINT('',(173.6,-57.9,1.56));
#13756 = DIRECTION('',(0.,0.,1.));
#13757 = DIRECTION('',(1.,0.,-0.));
#13758 = FACE_BOUND('',#13759,.F.);
#13759 = EDGE_LOOP('',(#13760));
#13760 = ORIENTED_EDGE('',*,*,#13761,.T.);
#13761 = EDGE_CURVE('',#13762,#13762,#13764,.T.);
#13762 = VERTEX_POINT('',#13763);
#13763 = CARTESIAN_POINT('',(176.627392,-57.9,1.56));
#13764 = CIRCLE('',#13765,0.487392);
#13765 = AXIS2_PLACEMENT_3D('',#13766,#13767,#13768);
#13766 = CARTESIAN_POINT('',(176.14,-57.9,1.56));
#13767 = DIRECTION('',(0.,0.,1.));
#13768 = DIRECTION('',(1.,0.,-0.));
#13769 = FACE_BOUND('',#13770,.F.);
#13770 = EDGE_LOOP('',(#13771));
#13771 = ORIENTED_EDGE('',*,*,#13772,.T.);
#13772 = EDGE_CURVE('',#13773,#13773,#13775,.T.);
#13773 = VERTEX_POINT('',#13774);
#13774 = CARTESIAN_POINT('',(179.167392,-57.9,1.56));
#13775 = CIRCLE('',#13776,0.487392);
#13776 = AXIS2_PLACEMENT_3D('',#13777,#13778,#13779);
#13777 = CARTESIAN_POINT('',(178.68,-57.9,1.56));
#13778 = DIRECTION('',(0.,0.,1.));
#13779 = DIRECTION('',(1.,0.,-0.));
#13780 = FACE_BOUND('',#13781,.F.);
#13781 = EDGE_LOOP('',(#13782));
#13782 = ORIENTED_EDGE('',*,*,#13783,.T.);
#13783 = EDGE_CURVE('',#13784,#13784,#13786,.T.);
#13784 = VERTEX_POINT('',#13785);
#13785 = CARTESIAN_POINT('',(181.707392,-57.9,1.56));
#13786 = CIRCLE('',#13787,0.487392);
#13787 = AXIS2_PLACEMENT_3D('',#13788,#13789,#13790);
#13788 = CARTESIAN_POINT('',(181.22,-57.9,1.56));
#13789 = DIRECTION('',(0.,0.,1.));
#13790 = DIRECTION('',(1.,0.,-0.));
#13791 = FACE_BOUND('',#13792,.F.);
#13792 = EDGE_LOOP('',(#13793));
#13793 = ORIENTED_EDGE('',*,*,#13794,.T.);
#13794 = EDGE_CURVE('',#13795,#13795,#13797,.T.);
#13795 = VERTEX_POINT('',#13796);
#13796 = CARTESIAN_POINT('',(184.247392,-57.9,1.56));
#13797 = CIRCLE('',#13798,0.487392);
#13798 = AXIS2_PLACEMENT_3D('',#13799,#13800,#13801);
#13799 = CARTESIAN_POINT('',(183.76,-57.9,1.56));
#13800 = DIRECTION('',(0.,0.,1.));
#13801 = DIRECTION('',(1.,0.,-0.));
#13802 = FACE_BOUND('',#13803,.F.);
#13803 = EDGE_LOOP('',(#13804));
#13804 = ORIENTED_EDGE('',*,*,#13805,.T.);
#13805 = EDGE_CURVE('',#13806,#13806,#13808,.T.);
#13806 = VERTEX_POINT('',#13807);
#13807 = CARTESIAN_POINT('',(186.787392,-57.9,1.56));
#13808 = CIRCLE('',#13809,0.487392);
#13809 = AXIS2_PLACEMENT_3D('',#13810,#13811,#13812);
#13810 = CARTESIAN_POINT('',(186.3,-57.9,1.56));
#13811 = DIRECTION('',(0.,0.,1.));
#13812 = DIRECTION('',(1.,0.,-0.));
#13813 = PLANE('',#13814);
#13814 = AXIS2_PLACEMENT_3D('',#13815,#13816,#13817);
#13815 = CARTESIAN_POINT('',(0.,0.,1.56));
#13816 = DIRECTION('',(0.,0.,1.));
#13817 = DIRECTION('',(1.,0.,-0.));
#13818 = ( GEOMETRIC_REPRESENTATION_CONTEXT(3) 
GLOBAL_UNCERTAINTY_ASSIGNED_CONTEXT((#13822)) 
GLOBAL_UNIT_ASSIGNED_CONTEXT((#13819,#13820,#13821)) 
REPRESENTATION_CONTEXT('Context #1',
  '3D Context with UNIT and UNCERTAINTY') );
#13819 = ( LENGTH_UNIT() NAMED_UNIT(*) SI_UNIT(.MILLI.,.METRE.) );
#13820 = ( NAMED_UNIT(*) PLANE_ANGLE_UNIT() SI_UNIT($,.RADIAN.) );
#13821 = ( NAMED_UNIT(*) SI_UNIT($,.STERADIAN.) SOLID_ANGLE_UNIT() );
#13822 = UNCERTAINTY_MEASURE_WITH_UNIT(LENGTH_MEASURE(1.E-07),#13819,
  'distance_accuracy_value','confusion accuracy');
#13823 = CONTEXT_DEPENDENT_SHAPE_REPRESENTATION(#13824,#13826);
#13824 = ( REPRESENTATION_RELATIONSHIP('','',#13357,#10) 
REPRESENTATION_RELATIONSHIP_WITH_TRANSFORMATION(#13825) 
SHAPE_REPRESENTATION_RELATIONSHIP() );
#13825 = ITEM_DEFINED_TRANSFORMATION('','',#11,#23);
#13826 = PRODUCT_DEFINITION_SHAPE('Placement','Placement of an item',
  #13827);
#13827 = NEXT_ASSEMBLY_USAGE_OCCURRENCE('3','=>[0:1:1:4]','',#5,#13352,$
  );
#13828 = PRODUCT_RELATED_PRODUCT_CATEGORY('part',$,(#13354));
#13829 = SHAPE_DEFINITION_REPRESENTATION(#13830,#13836);
#13830 = PRODUCT_DEFINITION_SHAPE('','',#13831);
#13831 = PRODUCT_DEFINITION('design','',#13832,#13835);
#13832 = PRODUCT_DEFINITION_FORMATION('','',#13833);
#13833 = PRODUCT('arduino nano_soldermask','arduino nano_soldermask','',
  (#13834));
#13834 = PRODUCT_CONTEXT('',#2,'mechanical');
#13835 = PRODUCT_DEFINITION_CONTEXT('part definition',#2,'design');
#13836 = MANIFOLD_SURFACE_SHAPE_REPRESENTATION('',(#11,#13837),#14297);
#13837 = SHELL_BASED_SURFACE_MODEL('',(#13838));
#13838 = OPEN_SHELL('',(#13839));
#13839 = ADVANCED_FACE('',(#13840,#13874,#13885,#13896,#13907,#13918,
    #13929,#13940,#13951,#13962,#13973,#13984,#13995,#14006,#14017,
    #14028,#14039,#14050,#14061,#14072,#14083,#14094,#14105,#14116,
    #14127,#14138,#14149,#14160,#14171,#14182,#14193,#14204,#14215,
    #14226,#14237,#14248,#14259,#14270,#14281),#14292,.T.);
#13840 = FACE_BOUND('',#13841,.T.);
#13841 = EDGE_LOOP('',(#13842,#13852,#13860,#13868));
#13842 = ORIENTED_EDGE('',*,*,#13843,.T.);
#13843 = EDGE_CURVE('',#13844,#13846,#13848,.T.);
#13844 = VERTEX_POINT('',#13845);
#13845 = CARTESIAN_POINT('',(144.2,-75.9,-5.E-02));
#13846 = VERTEX_POINT('',#13847);
#13847 = CARTESIAN_POINT('',(144.2,-55.8,-5.E-02));
#13848 = LINE('',#13849,#13850);
#13849 = CARTESIAN_POINT('',(144.2,-75.9,-5.E-02));
#13850 = VECTOR('',#13851,1.);
#13851 = DIRECTION('',(0.,1.,0.));
#13852 = ORIENTED_EDGE('',*,*,#13853,.T.);
#13853 = EDGE_CURVE('',#13846,#13854,#13856,.T.);
#13854 = VERTEX_POINT('',#13855);
#13855 = CARTESIAN_POINT('',(189.,-55.8,-5.E-02));
#13856 = LINE('',#13857,#13858);
#13857 = CARTESIAN_POINT('',(144.2,-55.8,-5.E-02));
#13858 = VECTOR('',#13859,1.);
#13859 = DIRECTION('',(1.,0.,0.));
#13860 = ORIENTED_EDGE('',*,*,#13861,.T.);
#13861 = EDGE_CURVE('',#13854,#13862,#13864,.T.);
#13862 = VERTEX_POINT('',#13863);
#13863 = CARTESIAN_POINT('',(189.,-75.9,-5.E-02));
#13864 = LINE('',#13865,#13866);
#13865 = CARTESIAN_POINT('',(189.,-55.8,-5.E-02));
#13866 = VECTOR('',#13867,1.);
#13867 = DIRECTION('',(0.,-1.,0.));
#13868 = ORIENTED_EDGE('',*,*,#13869,.T.);
#13869 = EDGE_CURVE('',#13862,#13844,#13870,.T.);
#13870 = LINE('',#13871,#13872);
#13871 = CARTESIAN_POINT('',(189.,-75.9,-5.E-02));
#13872 = VECTOR('',#13873,1.);
#13873 = DIRECTION('',(-1.,0.,0.));
#13874 = FACE_BOUND('',#13875,.T.);
#13875 = EDGE_LOOP('',(#13876));
#13876 = ORIENTED_EDGE('',*,*,#13877,.T.);
#13877 = EDGE_CURVE('',#13878,#13878,#13880,.T.);
#13878 = VERTEX_POINT('',#13879);
#13879 = CARTESIAN_POINT('',(151.227392,-73.9,-5.E-02));
#13880 = CIRCLE('',#13881,0.487392);
#13881 = AXIS2_PLACEMENT_3D('',#13882,#13883,#13884);
#13882 = CARTESIAN_POINT('',(150.74,-73.9,-5.E-02));
#13883 = DIRECTION('',(0.,0.,1.));
#13884 = DIRECTION('',(1.,0.,-0.));
#13885 = FACE_BOUND('',#13886,.T.);
#13886 = EDGE_LOOP('',(#13887));
#13887 = ORIENTED_EDGE('',*,*,#13888,.T.);
#13888 = EDGE_CURVE('',#13889,#13889,#13891,.T.);
#13889 = VERTEX_POINT('',#13890);
#13890 = CARTESIAN_POINT('',(153.767392,-73.9,-5.E-02));
#13891 = CIRCLE('',#13892,0.487392);
#13892 = AXIS2_PLACEMENT_3D('',#13893,#13894,#13895);
#13893 = CARTESIAN_POINT('',(153.28,-73.9,-5.E-02));
#13894 = DIRECTION('',(0.,0.,1.));
#13895 = DIRECTION('',(1.,0.,-0.));
#13896 = FACE_BOUND('',#13897,.T.);
#13897 = EDGE_LOOP('',(#13898));
#13898 = ORIENTED_EDGE('',*,*,#13899,.T.);
#13899 = EDGE_CURVE('',#13900,#13900,#13902,.T.);
#13900 = VERTEX_POINT('',#13901);
#13901 = CARTESIAN_POINT('',(156.307392,-73.9,-5.E-02));
#13902 = CIRCLE('',#13903,0.487392);
#13903 = AXIS2_PLACEMENT_3D('',#13904,#13905,#13906);
#13904 = CARTESIAN_POINT('',(155.82,-73.9,-5.E-02));
#13905 = DIRECTION('',(0.,0.,1.));
#13906 = DIRECTION('',(1.,0.,-0.));
#13907 = FACE_BOUND('',#13908,.T.);
#13908 = EDGE_LOOP('',(#13909));
#13909 = ORIENTED_EDGE('',*,*,#13910,.T.);
#13910 = EDGE_CURVE('',#13911,#13911,#13913,.T.);
#13911 = VERTEX_POINT('',#13912);
#13912 = CARTESIAN_POINT('',(158.847392,-73.9,-5.E-02));
#13913 = CIRCLE('',#13914,0.487392);
#13914 = AXIS2_PLACEMENT_3D('',#13915,#13916,#13917);
#13915 = CARTESIAN_POINT('',(158.36,-73.9,-5.E-02));
#13916 = DIRECTION('',(0.,0.,1.));
#13917 = DIRECTION('',(1.,0.,-0.));
#13918 = FACE_BOUND('',#13919,.T.);
#13919 = EDGE_LOOP('',(#13920));
#13920 = ORIENTED_EDGE('',*,*,#13921,.T.);
#13921 = EDGE_CURVE('',#13922,#13922,#13924,.T.);
#13922 = VERTEX_POINT('',#13923);
#13923 = CARTESIAN_POINT('',(161.387392,-73.9,-5.E-02));
#13924 = CIRCLE('',#13925,0.487392);
#13925 = AXIS2_PLACEMENT_3D('',#13926,#13927,#13928);
#13926 = CARTESIAN_POINT('',(160.9,-73.9,-5.E-02));
#13927 = DIRECTION('',(0.,0.,1.));
#13928 = DIRECTION('',(1.,0.,-0.));
#13929 = FACE_BOUND('',#13930,.T.);
#13930 = EDGE_LOOP('',(#13931));
#13931 = ORIENTED_EDGE('',*,*,#13932,.T.);
#13932 = EDGE_CURVE('',#13933,#13933,#13935,.T.);
#13933 = VERTEX_POINT('',#13934);
#13934 = CARTESIAN_POINT('',(163.927392,-73.9,-5.E-02));
#13935 = CIRCLE('',#13936,0.487392);
#13936 = AXIS2_PLACEMENT_3D('',#13937,#13938,#13939);
#13937 = CARTESIAN_POINT('',(163.44,-73.9,-5.E-02));
#13938 = DIRECTION('',(0.,0.,1.));
#13939 = DIRECTION('',(1.,0.,-0.));
#13940 = FACE_BOUND('',#13941,.T.);
#13941 = EDGE_LOOP('',(#13942));
#13942 = ORIENTED_EDGE('',*,*,#13943,.T.);
#13943 = EDGE_CURVE('',#13944,#13944,#13946,.T.);
#13944 = VERTEX_POINT('',#13945);
#13945 = CARTESIAN_POINT('',(166.467392,-73.9,-5.E-02));
#13946 = CIRCLE('',#13947,0.487392);
#13947 = AXIS2_PLACEMENT_3D('',#13948,#13949,#13950);
#13948 = CARTESIAN_POINT('',(165.98,-73.9,-5.E-02));
#13949 = DIRECTION('',(0.,0.,1.));
#13950 = DIRECTION('',(1.,0.,-0.));
#13951 = FACE_BOUND('',#13952,.T.);
#13952 = EDGE_LOOP('',(#13953));
#13953 = ORIENTED_EDGE('',*,*,#13954,.T.);
#13954 = EDGE_CURVE('',#13955,#13955,#13957,.T.);
#13955 = VERTEX_POINT('',#13956);
#13956 = CARTESIAN_POINT('',(169.007392,-73.9,-5.E-02));
#13957 = CIRCLE('',#13958,0.487392);
#13958 = AXIS2_PLACEMENT_3D('',#13959,#13960,#13961);
#13959 = CARTESIAN_POINT('',(168.52,-73.9,-5.E-02));
#13960 = DIRECTION('',(0.,0.,1.));
#13961 = DIRECTION('',(1.,0.,-0.));
#13962 = FACE_BOUND('',#13963,.T.);
#13963 = EDGE_LOOP('',(#13964));
#13964 = ORIENTED_EDGE('',*,*,#13965,.T.);
#13965 = EDGE_CURVE('',#13966,#13966,#13968,.T.);
#13966 = VERTEX_POINT('',#13967);
#13967 = CARTESIAN_POINT('',(171.547392,-73.9,-5.E-02));
#13968 = CIRCLE('',#13969,0.487392);
#13969 = AXIS2_PLACEMENT_3D('',#13970,#13971,#13972);
#13970 = CARTESIAN_POINT('',(171.06,-73.9,-5.E-02));
#13971 = DIRECTION('',(0.,0.,1.));
#13972 = DIRECTION('',(1.,0.,-0.));
#13973 = FACE_BOUND('',#13974,.T.);
#13974 = EDGE_LOOP('',(#13975));
#13975 = ORIENTED_EDGE('',*,*,#13976,.T.);
#13976 = EDGE_CURVE('',#13977,#13977,#13979,.T.);
#13977 = VERTEX_POINT('',#13978);
#13978 = CARTESIAN_POINT('',(174.087392,-73.9,-5.E-02));
#13979 = CIRCLE('',#13980,0.487392);
#13980 = AXIS2_PLACEMENT_3D('',#13981,#13982,#13983);
#13981 = CARTESIAN_POINT('',(173.6,-73.9,-5.E-02));
#13982 = DIRECTION('',(0.,0.,1.));
#13983 = DIRECTION('',(1.,0.,-0.));
#13984 = FACE_BOUND('',#13985,.T.);
#13985 = EDGE_LOOP('',(#13986));
#13986 = ORIENTED_EDGE('',*,*,#13987,.T.);
#13987 = EDGE_CURVE('',#13988,#13988,#13990,.T.);
#13988 = VERTEX_POINT('',#13989);
#13989 = CARTESIAN_POINT('',(176.627392,-73.9,-5.E-02));
#13990 = CIRCLE('',#13991,0.487392);
#13991 = AXIS2_PLACEMENT_3D('',#13992,#13993,#13994);
#13992 = CARTESIAN_POINT('',(176.14,-73.9,-5.E-02));
#13993 = DIRECTION('',(0.,0.,1.));
#13994 = DIRECTION('',(1.,0.,-0.));
#13995 = FACE_BOUND('',#13996,.T.);
#13996 = EDGE_LOOP('',(#13997));
#13997 = ORIENTED_EDGE('',*,*,#13998,.T.);
#13998 = EDGE_CURVE('',#13999,#13999,#14001,.T.);
#13999 = VERTEX_POINT('',#14000);
#14000 = CARTESIAN_POINT('',(179.167392,-73.9,-5.E-02));
#14001 = CIRCLE('',#14002,0.487392);
#14002 = AXIS2_PLACEMENT_3D('',#14003,#14004,#14005);
#14003 = CARTESIAN_POINT('',(178.68,-73.9,-5.E-02));
#14004 = DIRECTION('',(0.,0.,1.));
#14005 = DIRECTION('',(1.,0.,-0.));
#14006 = FACE_BOUND('',#14007,.T.);
#14007 = EDGE_LOOP('',(#14008));
#14008 = ORIENTED_EDGE('',*,*,#14009,.T.);
#14009 = EDGE_CURVE('',#14010,#14010,#14012,.T.);
#14010 = VERTEX_POINT('',#14011);
#14011 = CARTESIAN_POINT('',(181.707392,-73.9,-5.E-02));
#14012 = CIRCLE('',#14013,0.487392);
#14013 = AXIS2_PLACEMENT_3D('',#14014,#14015,#14016);
#14014 = CARTESIAN_POINT('',(181.22,-73.9,-5.E-02));
#14015 = DIRECTION('',(0.,0.,1.));
#14016 = DIRECTION('',(1.,0.,-0.));
#14017 = FACE_BOUND('',#14018,.T.);
#14018 = EDGE_LOOP('',(#14019));
#14019 = ORIENTED_EDGE('',*,*,#14020,.T.);
#14020 = EDGE_CURVE('',#14021,#14021,#14023,.T.);
#14021 = VERTEX_POINT('',#14022);
#14022 = CARTESIAN_POINT('',(184.247392,-73.9,-5.E-02));
#14023 = CIRCLE('',#14024,0.487392);
#14024 = AXIS2_PLACEMENT_3D('',#14025,#14026,#14027);
#14025 = CARTESIAN_POINT('',(183.76,-73.9,-5.E-02));
#14026 = DIRECTION('',(0.,0.,1.));
#14027 = DIRECTION('',(1.,0.,-0.));
#14028 = FACE_BOUND('',#14029,.T.);
#14029 = EDGE_LOOP('',(#14030));
#14030 = ORIENTED_EDGE('',*,*,#14031,.T.);
#14031 = EDGE_CURVE('',#14032,#14032,#14034,.T.);
#14032 = VERTEX_POINT('',#14033);
#14033 = CARTESIAN_POINT('',(186.787392,-73.9,-5.E-02));
#14034 = CIRCLE('',#14035,0.487392);
#14035 = AXIS2_PLACEMENT_3D('',#14036,#14037,#14038);
#14036 = CARTESIAN_POINT('',(186.3,-73.9,-5.E-02));
#14037 = DIRECTION('',(0.,0.,1.));
#14038 = DIRECTION('',(1.,0.,-0.));
#14039 = FACE_BOUND('',#14040,.T.);
#14040 = EDGE_LOOP('',(#14041));
#14041 = ORIENTED_EDGE('',*,*,#14042,.T.);
#14042 = EDGE_CURVE('',#14043,#14043,#14045,.T.);
#14043 = VERTEX_POINT('',#14044);
#14044 = CARTESIAN_POINT('',(183.587392,-68.74,-5.E-02));
#14045 = CIRCLE('',#14046,0.487392);
#14046 = AXIS2_PLACEMENT_3D('',#14047,#14048,#14049);
#14047 = CARTESIAN_POINT('',(183.1,-68.74,-5.E-02));
#14048 = DIRECTION('',(0.,0.,1.));
#14049 = DIRECTION('',(1.,0.,-0.));
#14050 = FACE_BOUND('',#14051,.T.);
#14051 = EDGE_LOOP('',(#14052));
#14052 = ORIENTED_EDGE('',*,*,#14053,.T.);
#14053 = EDGE_CURVE('',#14054,#14054,#14056,.T.);
#14054 = VERTEX_POINT('',#14055);
#14055 = CARTESIAN_POINT('',(187.387392,-68.74,-5.E-02));
#14056 = CIRCLE('',#14057,0.487392);
#14057 = AXIS2_PLACEMENT_3D('',#14058,#14059,#14060);
#14058 = CARTESIAN_POINT('',(186.9,-68.74,-5.E-02));
#14059 = DIRECTION('',(0.,0.,1.));
#14060 = DIRECTION('',(1.,0.,-0.));
#14061 = FACE_BOUND('',#14062,.T.);
#14062 = EDGE_LOOP('',(#14063));
#14063 = ORIENTED_EDGE('',*,*,#14064,.T.);
#14064 = EDGE_CURVE('',#14065,#14065,#14067,.T.);
#14065 = VERTEX_POINT('',#14066);
#14066 = CARTESIAN_POINT('',(151.187392,-68.1,-5.E-02));
#14067 = CIRCLE('',#14068,0.487392);
#14068 = AXIS2_PLACEMENT_3D('',#14069,#14070,#14071);
#14069 = CARTESIAN_POINT('',(150.7,-68.1,-5.E-02));
#14070 = DIRECTION('',(0.,0.,1.));
#14071 = DIRECTION('',(1.,0.,-0.));
#14072 = FACE_BOUND('',#14073,.T.);
#14073 = EDGE_LOOP('',(#14074));
#14074 = ORIENTED_EDGE('',*,*,#14075,.T.);
#14075 = EDGE_CURVE('',#14076,#14076,#14078,.T.);
#14076 = VERTEX_POINT('',#14077);
#14077 = CARTESIAN_POINT('',(183.587392,-66.2,-5.E-02));
#14078 = CIRCLE('',#14079,0.487392);
#14079 = AXIS2_PLACEMENT_3D('',#14080,#14081,#14082);
#14080 = CARTESIAN_POINT('',(183.1,-66.2,-5.E-02));
#14081 = DIRECTION('',(0.,0.,1.));
#14082 = DIRECTION('',(1.,0.,-0.));
#14083 = FACE_BOUND('',#14084,.T.);
#14084 = EDGE_LOOP('',(#14085));
#14085 = ORIENTED_EDGE('',*,*,#14086,.T.);
#14086 = EDGE_CURVE('',#14087,#14087,#14089,.T.);
#14087 = VERTEX_POINT('',#14088);
#14088 = CARTESIAN_POINT('',(187.387392,-66.2,-5.E-02));
#14089 = CIRCLE('',#14090,0.487392);
#14090 = AXIS2_PLACEMENT_3D('',#14091,#14092,#14093);
#14091 = CARTESIAN_POINT('',(186.9,-66.2,-5.E-02));
#14092 = DIRECTION('',(0.,0.,1.));
#14093 = DIRECTION('',(1.,0.,-0.));
#14094 = FACE_BOUND('',#14095,.T.);
#14095 = EDGE_LOOP('',(#14096));
#14096 = ORIENTED_EDGE('',*,*,#14097,.T.);
#14097 = EDGE_CURVE('',#14098,#14098,#14100,.T.);
#14098 = VERTEX_POINT('',#14099);
#14099 = CARTESIAN_POINT('',(151.187392,-63.7,-5.E-02));
#14100 = CIRCLE('',#14101,0.487392);
#14101 = AXIS2_PLACEMENT_3D('',#14102,#14103,#14104);
#14102 = CARTESIAN_POINT('',(150.7,-63.7,-5.E-02));
#14103 = DIRECTION('',(0.,0.,1.));
#14104 = DIRECTION('',(1.,0.,-0.));
#14105 = FACE_BOUND('',#14106,.T.);
#14106 = EDGE_LOOP('',(#14107));
#14107 = ORIENTED_EDGE('',*,*,#14108,.T.);
#14108 = EDGE_CURVE('',#14109,#14109,#14111,.T.);
#14109 = VERTEX_POINT('',#14110);
#14110 = CARTESIAN_POINT('',(183.587392,-63.66,-5.E-02));
#14111 = CIRCLE('',#14112,0.487392);
#14112 = AXIS2_PLACEMENT_3D('',#14113,#14114,#14115);
#14113 = CARTESIAN_POINT('',(183.1,-63.66,-5.E-02));
#14114 = DIRECTION('',(0.,0.,1.));
#14115 = DIRECTION('',(1.,0.,-0.));
#14116 = FACE_BOUND('',#14117,.T.);
#14117 = EDGE_LOOP('',(#14118));
#14118 = ORIENTED_EDGE('',*,*,#14119,.T.);
#14119 = EDGE_CURVE('',#14120,#14120,#14122,.T.);
#14120 = VERTEX_POINT('',#14121);
#14121 = CARTESIAN_POINT('',(187.387392,-63.66,-5.E-02));
#14122 = CIRCLE('',#14123,0.487392);
#14123 = AXIS2_PLACEMENT_3D('',#14124,#14125,#14126);
#14124 = CARTESIAN_POINT('',(186.9,-63.66,-5.E-02));
#14125 = DIRECTION('',(0.,0.,1.));
#14126 = DIRECTION('',(1.,0.,-0.));
#14127 = FACE_BOUND('',#14128,.T.);
#14128 = EDGE_LOOP('',(#14129));
#14129 = ORIENTED_EDGE('',*,*,#14130,.T.);
#14130 = EDGE_CURVE('',#14131,#14131,#14133,.T.);
#14131 = VERTEX_POINT('',#14132);
#14132 = CARTESIAN_POINT('',(151.227392,-57.9,-5.E-02));
#14133 = CIRCLE('',#14134,0.487392);
#14134 = AXIS2_PLACEMENT_3D('',#14135,#14136,#14137);
#14135 = CARTESIAN_POINT('',(150.74,-57.9,-5.E-02));
#14136 = DIRECTION('',(0.,0.,1.));
#14137 = DIRECTION('',(1.,0.,-0.));
#14138 = FACE_BOUND('',#14139,.T.);
#14139 = EDGE_LOOP('',(#14140));
#14140 = ORIENTED_EDGE('',*,*,#14141,.T.);
#14141 = EDGE_CURVE('',#14142,#14142,#14144,.T.);
#14142 = VERTEX_POINT('',#14143);
#14143 = CARTESIAN_POINT('',(153.767392,-57.9,-5.E-02));
#14144 = CIRCLE('',#14145,0.487392);
#14145 = AXIS2_PLACEMENT_3D('',#14146,#14147,#14148);
#14146 = CARTESIAN_POINT('',(153.28,-57.9,-5.E-02));
#14147 = DIRECTION('',(0.,0.,1.));
#14148 = DIRECTION('',(1.,0.,-0.));
#14149 = FACE_BOUND('',#14150,.T.);
#14150 = EDGE_LOOP('',(#14151));
#14151 = ORIENTED_EDGE('',*,*,#14152,.T.);
#14152 = EDGE_CURVE('',#14153,#14153,#14155,.T.);
#14153 = VERTEX_POINT('',#14154);
#14154 = CARTESIAN_POINT('',(156.307392,-57.9,-5.E-02));
#14155 = CIRCLE('',#14156,0.487392);
#14156 = AXIS2_PLACEMENT_3D('',#14157,#14158,#14159);
#14157 = CARTESIAN_POINT('',(155.82,-57.9,-5.E-02));
#14158 = DIRECTION('',(0.,0.,1.));
#14159 = DIRECTION('',(1.,0.,-0.));
#14160 = FACE_BOUND('',#14161,.T.);
#14161 = EDGE_LOOP('',(#14162));
#14162 = ORIENTED_EDGE('',*,*,#14163,.T.);
#14163 = EDGE_CURVE('',#14164,#14164,#14166,.T.);
#14164 = VERTEX_POINT('',#14165);
#14165 = CARTESIAN_POINT('',(158.847392,-57.9,-5.E-02));
#14166 = CIRCLE('',#14167,0.487392);
#14167 = AXIS2_PLACEMENT_3D('',#14168,#14169,#14170);
#14168 = CARTESIAN_POINT('',(158.36,-57.9,-5.E-02));
#14169 = DIRECTION('',(0.,0.,1.));
#14170 = DIRECTION('',(1.,0.,-0.));
#14171 = FACE_BOUND('',#14172,.T.);
#14172 = EDGE_LOOP('',(#14173));
#14173 = ORIENTED_EDGE('',*,*,#14174,.T.);
#14174 = EDGE_CURVE('',#14175,#14175,#14177,.T.);
#14175 = VERTEX_POINT('',#14176);
#14176 = CARTESIAN_POINT('',(161.387392,-57.9,-5.E-02));
#14177 = CIRCLE('',#14178,0.487392);
#14178 = AXIS2_PLACEMENT_3D('',#14179,#14180,#14181);
#14179 = CARTESIAN_POINT('',(160.9,-57.9,-5.E-02));
#14180 = DIRECTION('',(0.,0.,1.));
#14181 = DIRECTION('',(1.,0.,-0.));
#14182 = FACE_BOUND('',#14183,.T.);
#14183 = EDGE_LOOP('',(#14184));
#14184 = ORIENTED_EDGE('',*,*,#14185,.T.);
#14185 = EDGE_CURVE('',#14186,#14186,#14188,.T.);
#14186 = VERTEX_POINT('',#14187);
#14187 = CARTESIAN_POINT('',(163.927392,-57.9,-5.E-02));
#14188 = CIRCLE('',#14189,0.487392);
#14189 = AXIS2_PLACEMENT_3D('',#14190,#14191,#14192);
#14190 = CARTESIAN_POINT('',(163.44,-57.9,-5.E-02));
#14191 = DIRECTION('',(0.,0.,1.));
#14192 = DIRECTION('',(1.,0.,-0.));
#14193 = FACE_BOUND('',#14194,.T.);
#14194 = EDGE_LOOP('',(#14195));
#14195 = ORIENTED_EDGE('',*,*,#14196,.T.);
#14196 = EDGE_CURVE('',#14197,#14197,#14199,.T.);
#14197 = VERTEX_POINT('',#14198);
#14198 = CARTESIAN_POINT('',(166.467392,-57.9,-5.E-02));
#14199 = CIRCLE('',#14200,0.487392);
#14200 = AXIS2_PLACEMENT_3D('',#14201,#14202,#14203);
#14201 = CARTESIAN_POINT('',(165.98,-57.9,-5.E-02));
#14202 = DIRECTION('',(0.,0.,1.));
#14203 = DIRECTION('',(1.,0.,-0.));
#14204 = FACE_BOUND('',#14205,.T.);
#14205 = EDGE_LOOP('',(#14206));
#14206 = ORIENTED_EDGE('',*,*,#14207,.T.);
#14207 = EDGE_CURVE('',#14208,#14208,#14210,.T.);
#14208 = VERTEX_POINT('',#14209);
#14209 = CARTESIAN_POINT('',(169.007392,-57.9,-5.E-02));
#14210 = CIRCLE('',#14211,0.487392);
#14211 = AXIS2_PLACEMENT_3D('',#14212,#14213,#14214);
#14212 = CARTESIAN_POINT('',(168.52,-57.9,-5.E-02));
#14213 = DIRECTION('',(0.,0.,1.));
#14214 = DIRECTION('',(1.,0.,-0.));
#14215 = FACE_BOUND('',#14216,.T.);
#14216 = EDGE_LOOP('',(#14217));
#14217 = ORIENTED_EDGE('',*,*,#14218,.T.);
#14218 = EDGE_CURVE('',#14219,#14219,#14221,.T.);
#14219 = VERTEX_POINT('',#14220);
#14220 = CARTESIAN_POINT('',(171.547392,-57.9,-5.E-02));
#14221 = CIRCLE('',#14222,0.487392);
#14222 = AXIS2_PLACEMENT_3D('',#14223,#14224,#14225);
#14223 = CARTESIAN_POINT('',(171.06,-57.9,-5.E-02));
#14224 = DIRECTION('',(0.,0.,1.));
#14225 = DIRECTION('',(1.,0.,-0.));
#14226 = FACE_BOUND('',#14227,.T.);
#14227 = EDGE_LOOP('',(#14228));
#14228 = ORIENTED_EDGE('',*,*,#14229,.T.);
#14229 = EDGE_CURVE('',#14230,#14230,#14232,.T.);
#14230 = VERTEX_POINT('',#14231);
#14231 = CARTESIAN_POINT('',(174.087392,-57.9,-5.E-02));
#14232 = CIRCLE('',#14233,0.487392);
#14233 = AXIS2_PLACEMENT_3D('',#14234,#14235,#14236);
#14234 = CARTESIAN_POINT('',(173.6,-57.9,-5.E-02));
#14235 = DIRECTION('',(0.,0.,1.));
#14236 = DIRECTION('',(1.,0.,-0.));
#14237 = FACE_BOUND('',#14238,.T.);
#14238 = EDGE_LOOP('',(#14239));
#14239 = ORIENTED_EDGE('',*,*,#14240,.T.);
#14240 = EDGE_CURVE('',#14241,#14241,#14243,.T.);
#14241 = VERTEX_POINT('',#14242);
#14242 = CARTESIAN_POINT('',(176.627392,-57.9,-5.E-02));
#14243 = CIRCLE('',#14244,0.487392);
#14244 = AXIS2_PLACEMENT_3D('',#14245,#14246,#14247);
#14245 = CARTESIAN_POINT('',(176.14,-57.9,-5.E-02));
#14246 = DIRECTION('',(0.,0.,1.));
#14247 = DIRECTION('',(1.,0.,-0.));
#14248 = FACE_BOUND('',#14249,.T.);
#14249 = EDGE_LOOP('',(#14250));
#14250 = ORIENTED_EDGE('',*,*,#14251,.T.);
#14251 = EDGE_CURVE('',#14252,#14252,#14254,.T.);
#14252 = VERTEX_POINT('',#14253);
#14253 = CARTESIAN_POINT('',(179.167392,-57.9,-5.E-02));
#14254 = CIRCLE('',#14255,0.487392);
#14255 = AXIS2_PLACEMENT_3D('',#14256,#14257,#14258);
#14256 = CARTESIAN_POINT('',(178.68,-57.9,-5.E-02));
#14257 = DIRECTION('',(0.,0.,1.));
#14258 = DIRECTION('',(1.,0.,-0.));
#14259 = FACE_BOUND('',#14260,.T.);
#14260 = EDGE_LOOP('',(#14261));
#14261 = ORIENTED_EDGE('',*,*,#14262,.T.);
#14262 = EDGE_CURVE('',#14263,#14263,#14265,.T.);
#14263 = VERTEX_POINT('',#14264);
#14264 = CARTESIAN_POINT('',(181.707392,-57.9,-5.E-02));
#14265 = CIRCLE('',#14266,0.487392);
#14266 = AXIS2_PLACEMENT_3D('',#14267,#14268,#14269);
#14267 = CARTESIAN_POINT('',(181.22,-57.9,-5.E-02));
#14268 = DIRECTION('',(0.,0.,1.));
#14269 = DIRECTION('',(1.,0.,-0.));
#14270 = FACE_BOUND('',#14271,.T.);
#14271 = EDGE_LOOP('',(#14272));
#14272 = ORIENTED_EDGE('',*,*,#14273,.T.);
#14273 = EDGE_CURVE('',#14274,#14274,#14276,.T.);
#14274 = VERTEX_POINT('',#14275);
#14275 = CARTESIAN_POINT('',(184.247392,-57.9,-5.E-02));
#14276 = CIRCLE('',#14277,0.487392);
#14277 = AXIS2_PLACEMENT_3D('',#14278,#14279,#14280);
#14278 = CARTESIAN_POINT('',(183.76,-57.9,-5.E-02));
#14279 = DIRECTION('',(0.,0.,1.));
#14280 = DIRECTION('',(1.,0.,-0.));
#14281 = FACE_BOUND('',#14282,.T.);
#14282 = EDGE_LOOP('',(#14283));
#14283 = ORIENTED_EDGE('',*,*,#14284,.T.);
#14284 = EDGE_CURVE('',#14285,#14285,#14287,.T.);
#14285 = VERTEX_POINT('',#14286);
#14286 = CARTESIAN_POINT('',(186.787392,-57.9,-5.E-02));
#14287 = CIRCLE('',#14288,0.487392);
#14288 = AXIS2_PLACEMENT_3D('',#14289,#14290,#14291);
#14289 = CARTESIAN_POINT('',(186.3,-57.9,-5.E-02));
#14290 = DIRECTION('',(0.,0.,1.));
#14291 = DIRECTION('',(1.,0.,-0.));
#14292 = PLANE('',#14293);
#14293 = AXIS2_PLACEMENT_3D('',#14294,#14295,#14296);
#14294 = CARTESIAN_POINT('',(0.,0.,-5.E-02));
#14295 = DIRECTION('',(-0.,-0.,-1.));
#14296 = DIRECTION('',(-1.,0.,0.));
#14297 = ( GEOMETRIC_REPRESENTATION_CONTEXT(3) 
GLOBAL_UNCERTAINTY_ASSIGNED_CONTEXT((#14301)) 
GLOBAL_UNIT_ASSIGNED_CONTEXT((#14298,#14299,#14300)) 
REPRESENTATION_CONTEXT('Context #1',
  '3D Context with UNIT and UNCERTAINTY') );
#14298 = ( LENGTH_UNIT() NAMED_UNIT(*) SI_UNIT(.MILLI.,.METRE.) );
#14299 = ( NAMED_UNIT(*) PLANE_ANGLE_UNIT() SI_UNIT($,.RADIAN.) );
#14300 = ( NAMED_UNIT(*) SI_UNIT($,.STERADIAN.) SOLID_ANGLE_UNIT() );
#14301 = UNCERTAINTY_MEASURE_WITH_UNIT(LENGTH_MEASURE(1.E-07),#14298,
  'distance_accuracy_value','confusion accuracy');
#14302 = CONTEXT_DEPENDENT_SHAPE_REPRESENTATION(#14303,#14305);
#14303 = ( REPRESENTATION_RELATIONSHIP('','',#13836,#10) 
REPRESENTATION_RELATIONSHIP_WITH_TRANSFORMATION(#14304) 
SHAPE_REPRESENTATION_RELATIONSHIP() );
#14304 = ITEM_DEFINED_TRANSFORMATION('','',#11,#27);
#14305 = PRODUCT_DEFINITION_SHAPE('Placement','Placement of an item',
  #14306);
#14306 = NEXT_ASSEMBLY_USAGE_OCCURRENCE('4','=>[0:1:1:5]','',#5,#13831,$
  );
#14307 = PRODUCT_RELATED_PRODUCT_CATEGORY('part',$,(#13833));
#14308 = SHAPE_DEFINITION_REPRESENTATION(#14309,#14315);
#14309 = PRODUCT_DEFINITION_SHAPE('','',#14310);
#14310 = PRODUCT_DEFINITION('design','',#14311,#14314);
#14311 = PRODUCT_DEFINITION_FORMATION('','',#14312);
#14312 = PRODUCT('arduino nano_PCB','arduino nano_PCB','',(#14313));
#14313 = PRODUCT_CONTEXT('',#2,'mechanical');
#14314 = PRODUCT_DEFINITION_CONTEXT('part definition',#2,'design');
#14315 = ADVANCED_BREP_SHAPE_REPRESENTATION('',(#11,#14316),#17274);
#14316 = MANIFOLD_SOLID_BREP('',#14317);
#14317 = CLOSED_SHELL('',(#14318,#14358,#14389,#14420,#15229,#16038,
    #16050,#16067,#16084,#16101,#16118,#16135,#16152,#16169,#16186,
    #16203,#16220,#16237,#16254,#16271,#16288,#16305,#16322,#16339,
    #16356,#16373,#16390,#16407,#16424,#16441,#16458,#16475,#16492,
    #16509,#16526,#16543,#16560,#16577,#16594,#16611,#16628,#16645,
    #16662,#16679,#16696,#16713,#16730,#16747,#16764,#16781,#16798,
    #16815,#16832,#16849,#16866,#16883,#16900,#16917,#16934,#16951,
    #16968,#16985,#17002,#17019,#17036,#17053,#17070,#17087,#17104,
    #17121,#17138,#17155,#17172,#17189,#17206,#17223,#17240,#17257));
#14318 = ADVANCED_FACE('',(#14319),#14353,.T.);
#14319 = FACE_BOUND('',#14320,.T.);
#14320 = EDGE_LOOP('',(#14321,#14331,#14339,#14347));
#14321 = ORIENTED_EDGE('',*,*,#14322,.T.);
#14322 = EDGE_CURVE('',#14323,#14325,#14327,.T.);
#14323 = VERTEX_POINT('',#14324);
#14324 = CARTESIAN_POINT('',(189.,-75.9,0.));
#14325 = VERTEX_POINT('',#14326);
#14326 = CARTESIAN_POINT('',(189.,-75.9,1.51));
#14327 = LINE('',#14328,#14329);
#14328 = CARTESIAN_POINT('',(189.,-75.9,0.));
#14329 = VECTOR('',#14330,1.);
#14330 = DIRECTION('',(0.,0.,1.));
#14331 = ORIENTED_EDGE('',*,*,#14332,.T.);
#14332 = EDGE_CURVE('',#14325,#14333,#14335,.T.);
#14333 = VERTEX_POINT('',#14334);
#14334 = CARTESIAN_POINT('',(144.2,-75.9,1.51));
#14335 = LINE('',#14336,#14337);
#14336 = CARTESIAN_POINT('',(189.,-75.9,1.51));
#14337 = VECTOR('',#14338,1.);
#14338 = DIRECTION('',(-1.,0.,0.));
#14339 = ORIENTED_EDGE('',*,*,#14340,.F.);
#14340 = EDGE_CURVE('',#14341,#14333,#14343,.T.);
#14341 = VERTEX_POINT('',#14342);
#14342 = CARTESIAN_POINT('',(144.2,-75.9,0.));
#14343 = LINE('',#14344,#14345);
#14344 = CARTESIAN_POINT('',(144.2,-75.9,0.));
#14345 = VECTOR('',#14346,1.);
#14346 = DIRECTION('',(0.,0.,1.));
#14347 = ORIENTED_EDGE('',*,*,#14348,.F.);
#14348 = EDGE_CURVE('',#14323,#14341,#14349,.T.);
#14349 = LINE('',#14350,#14351);
#14350 = CARTESIAN_POINT('',(189.,-75.9,0.));
#14351 = VECTOR('',#14352,1.);
#14352 = DIRECTION('',(-1.,0.,0.));
#14353 = PLANE('',#14354);
#14354 = AXIS2_PLACEMENT_3D('',#14355,#14356,#14357);
#14355 = CARTESIAN_POINT('',(189.,-75.9,0.));
#14356 = DIRECTION('',(0.,-1.,0.));
#14357 = DIRECTION('',(-1.,0.,0.));
#14358 = ADVANCED_FACE('',(#14359),#14384,.T.);
#14359 = FACE_BOUND('',#14360,.T.);
#14360 = EDGE_LOOP('',(#14361,#14371,#14377,#14378));
#14361 = ORIENTED_EDGE('',*,*,#14362,.T.);
#14362 = EDGE_CURVE('',#14363,#14365,#14367,.T.);
#14363 = VERTEX_POINT('',#14364);
#14364 = CARTESIAN_POINT('',(189.,-55.8,0.));
#14365 = VERTEX_POINT('',#14366);
#14366 = CARTESIAN_POINT('',(189.,-55.8,1.51));
#14367 = LINE('',#14368,#14369);
#14368 = CARTESIAN_POINT('',(189.,-55.8,0.));
#14369 = VECTOR('',#14370,1.);
#14370 = DIRECTION('',(0.,0.,1.));
#14371 = ORIENTED_EDGE('',*,*,#14372,.T.);
#14372 = EDGE_CURVE('',#14365,#14325,#14373,.T.);
#14373 = LINE('',#14374,#14375);
#14374 = CARTESIAN_POINT('',(189.,-55.8,1.51));
#14375 = VECTOR('',#14376,1.);
#14376 = DIRECTION('',(0.,-1.,0.));
#14377 = ORIENTED_EDGE('',*,*,#14322,.F.);
#14378 = ORIENTED_EDGE('',*,*,#14379,.F.);
#14379 = EDGE_CURVE('',#14363,#14323,#14380,.T.);
#14380 = LINE('',#14381,#14382);
#14381 = CARTESIAN_POINT('',(189.,-55.8,0.));
#14382 = VECTOR('',#14383,1.);
#14383 = DIRECTION('',(0.,-1.,0.));
#14384 = PLANE('',#14385);
#14385 = AXIS2_PLACEMENT_3D('',#14386,#14387,#14388);
#14386 = CARTESIAN_POINT('',(189.,-55.8,0.));
#14387 = DIRECTION('',(1.,0.,-0.));
#14388 = DIRECTION('',(0.,-1.,0.));
#14389 = ADVANCED_FACE('',(#14390),#14415,.T.);
#14390 = FACE_BOUND('',#14391,.T.);
#14391 = EDGE_LOOP('',(#14392,#14393,#14401,#14409));
#14392 = ORIENTED_EDGE('',*,*,#14340,.T.);
#14393 = ORIENTED_EDGE('',*,*,#14394,.T.);
#14394 = EDGE_CURVE('',#14333,#14395,#14397,.T.);
#14395 = VERTEX_POINT('',#14396);
#14396 = CARTESIAN_POINT('',(144.2,-55.8,1.51));
#14397 = LINE('',#14398,#14399);
#14398 = CARTESIAN_POINT('',(144.2,-75.9,1.51));
#14399 = VECTOR('',#14400,1.);
#14400 = DIRECTION('',(0.,1.,0.));
#14401 = ORIENTED_EDGE('',*,*,#14402,.F.);
#14402 = EDGE_CURVE('',#14403,#14395,#14405,.T.);
#14403 = VERTEX_POINT('',#14404);
#14404 = CARTESIAN_POINT('',(144.2,-55.8,0.));
#14405 = LINE('',#14406,#14407);
#14406 = CARTESIAN_POINT('',(144.2,-55.8,0.));
#14407 = VECTOR('',#14408,1.);
#14408 = DIRECTION('',(0.,0.,1.));
#14409 = ORIENTED_EDGE('',*,*,#14410,.F.);
#14410 = EDGE_CURVE('',#14341,#14403,#14411,.T.);
#14411 = LINE('',#14412,#14413);
#14412 = CARTESIAN_POINT('',(144.2,-75.9,0.));
#14413 = VECTOR('',#14414,1.);
#14414 = DIRECTION('',(0.,1.,0.));
#14415 = PLANE('',#14416);
#14416 = AXIS2_PLACEMENT_3D('',#14417,#14418,#14419);
#14417 = CARTESIAN_POINT('',(144.2,-75.9,0.));
#14418 = DIRECTION('',(-1.,0.,0.));
#14419 = DIRECTION('',(0.,1.,0.));
#14420 = ADVANCED_FACE('',(#14421,#14432,#14443,#14454,#14465,#14476,
    #14487,#14498,#14509,#14520,#14531,#14542,#14553,#14564,#14575,
    #14586,#14597,#14608,#14619,#14630,#14641,#14652,#14663,#14674,
    #14685,#14696,#14707,#14718,#14729,#14740,#14751,#14762,#14773,
    #14784,#14795,#14806,#14817,#14828,#14839,#14850,#14861,#14872,
    #14883,#14894,#14905,#14916,#14927,#14938,#14949,#14960,#14971,
    #14982,#14993,#15004,#15015,#15026,#15037,#15048,#15059,#15070,
    #15081,#15092,#15103,#15114,#15125,#15136,#15147,#15158,#15169,
    #15180,#15191,#15202,#15213),#15224,.F.);
#14421 = FACE_BOUND('',#14422,.F.);
#14422 = EDGE_LOOP('',(#14423,#14424,#14425,#14431));
#14423 = ORIENTED_EDGE('',*,*,#14348,.F.);
#14424 = ORIENTED_EDGE('',*,*,#14379,.F.);
#14425 = ORIENTED_EDGE('',*,*,#14426,.F.);
#14426 = EDGE_CURVE('',#14403,#14363,#14427,.T.);
#14427 = LINE('',#14428,#14429);
#14428 = CARTESIAN_POINT('',(144.2,-55.8,0.));
#14429 = VECTOR('',#14430,1.);
#14430 = DIRECTION('',(1.,0.,0.));
#14431 = ORIENTED_EDGE('',*,*,#14410,.F.);
#14432 = FACE_BOUND('',#14433,.F.);
#14433 = EDGE_LOOP('',(#14434));
#14434 = ORIENTED_EDGE('',*,*,#14435,.T.);
#14435 = EDGE_CURVE('',#14436,#14436,#14438,.T.);
#14436 = VERTEX_POINT('',#14437);
#14437 = CARTESIAN_POINT('',(150.74,-74.4,0.));
#14438 = CIRCLE('',#14439,0.5);
#14439 = AXIS2_PLACEMENT_3D('',#14440,#14441,#14442);
#14440 = CARTESIAN_POINT('',(150.74,-73.9,0.));
#14441 = DIRECTION('',(-0.,0.,-1.));
#14442 = DIRECTION('',(-0.,-1.,0.));
#14443 = FACE_BOUND('',#14444,.F.);
#14444 = EDGE_LOOP('',(#14445));
#14445 = ORIENTED_EDGE('',*,*,#14446,.T.);
#14446 = EDGE_CURVE('',#14447,#14447,#14449,.T.);
#14447 = VERTEX_POINT('',#14448);
#14448 = CARTESIAN_POINT('',(153.28,-74.4,0.));
#14449 = CIRCLE('',#14450,0.5);
#14450 = AXIS2_PLACEMENT_3D('',#14451,#14452,#14453);
#14451 = CARTESIAN_POINT('',(153.28,-73.9,0.));
#14452 = DIRECTION('',(-0.,0.,-1.));
#14453 = DIRECTION('',(-0.,-1.,0.));
#14454 = FACE_BOUND('',#14455,.F.);
#14455 = EDGE_LOOP('',(#14456));
#14456 = ORIENTED_EDGE('',*,*,#14457,.T.);
#14457 = EDGE_CURVE('',#14458,#14458,#14460,.T.);
#14458 = VERTEX_POINT('',#14459);
#14459 = CARTESIAN_POINT('',(155.82,-74.4,0.));
#14460 = CIRCLE('',#14461,0.5);
#14461 = AXIS2_PLACEMENT_3D('',#14462,#14463,#14464);
#14462 = CARTESIAN_POINT('',(155.82,-73.9,0.));
#14463 = DIRECTION('',(-0.,0.,-1.));
#14464 = DIRECTION('',(-0.,-1.,0.));
#14465 = FACE_BOUND('',#14466,.F.);
#14466 = EDGE_LOOP('',(#14467));
#14467 = ORIENTED_EDGE('',*,*,#14468,.T.);
#14468 = EDGE_CURVE('',#14469,#14469,#14471,.T.);
#14469 = VERTEX_POINT('',#14470);
#14470 = CARTESIAN_POINT('',(157.824999,-71.22753,0.));
#14471 = CIRCLE('',#14472,0.15);
#14472 = AXIS2_PLACEMENT_3D('',#14473,#14474,#14475);
#14473 = CARTESIAN_POINT('',(157.824999,-71.07753,0.));
#14474 = DIRECTION('',(-0.,0.,-1.));
#14475 = DIRECTION('',(-0.,-1.,0.));
#14476 = FACE_BOUND('',#14477,.F.);
#14477 = EDGE_LOOP('',(#14478));
#14478 = ORIENTED_EDGE('',*,*,#14479,.T.);
#14479 = EDGE_CURVE('',#14480,#14480,#14482,.T.);
#14480 = VERTEX_POINT('',#14481);
#14481 = CARTESIAN_POINT('',(158.36,-74.4,0.));
#14482 = CIRCLE('',#14483,0.5);
#14483 = AXIS2_PLACEMENT_3D('',#14484,#14485,#14486);
#14484 = CARTESIAN_POINT('',(158.36,-73.9,0.));
#14485 = DIRECTION('',(-0.,0.,-1.));
#14486 = DIRECTION('',(-0.,-1.,0.));
#14487 = FACE_BOUND('',#14488,.F.);
#14488 = EDGE_LOOP('',(#14489));
#14489 = ORIENTED_EDGE('',*,*,#14490,.T.);
#14490 = EDGE_CURVE('',#14491,#14491,#14493,.T.);
#14491 = VERTEX_POINT('',#14492);
#14492 = CARTESIAN_POINT('',(160.9,-74.4,0.));
#14493 = CIRCLE('',#14494,0.5);
#14494 = AXIS2_PLACEMENT_3D('',#14495,#14496,#14497);
#14495 = CARTESIAN_POINT('',(160.9,-73.9,0.));
#14496 = DIRECTION('',(-0.,0.,-1.));
#14497 = DIRECTION('',(-0.,-1.,0.));
#14498 = FACE_BOUND('',#14499,.F.);
#14499 = EDGE_LOOP('',(#14500));
#14500 = ORIENTED_EDGE('',*,*,#14501,.T.);
#14501 = EDGE_CURVE('',#14502,#14502,#14504,.T.);
#14502 = VERTEX_POINT('',#14503);
#14503 = CARTESIAN_POINT('',(163.44,-74.4,0.));
#14504 = CIRCLE('',#14505,0.5);
#14505 = AXIS2_PLACEMENT_3D('',#14506,#14507,#14508);
#14506 = CARTESIAN_POINT('',(163.44,-73.9,0.));
#14507 = DIRECTION('',(-0.,0.,-1.));
#14508 = DIRECTION('',(-0.,-1.,0.));
#14509 = FACE_BOUND('',#14510,.F.);
#14510 = EDGE_LOOP('',(#14511));
#14511 = ORIENTED_EDGE('',*,*,#14512,.T.);
#14512 = EDGE_CURVE('',#14513,#14513,#14515,.T.);
#14513 = VERTEX_POINT('',#14514);
#14514 = CARTESIAN_POINT('',(165.98,-74.4,0.));
#14515 = CIRCLE('',#14516,0.5);
#14516 = AXIS2_PLACEMENT_3D('',#14517,#14518,#14519);
#14517 = CARTESIAN_POINT('',(165.98,-73.9,0.));
#14518 = DIRECTION('',(-0.,0.,-1.));
#14519 = DIRECTION('',(-0.,-1.,0.));
#14520 = FACE_BOUND('',#14521,.F.);
#14521 = EDGE_LOOP('',(#14522));
#14522 = ORIENTED_EDGE('',*,*,#14523,.T.);
#14523 = EDGE_CURVE('',#14524,#14524,#14526,.T.);
#14524 = VERTEX_POINT('',#14525);
#14525 = CARTESIAN_POINT('',(160.7,-71.85,0.));
#14526 = CIRCLE('',#14527,0.15);
#14527 = AXIS2_PLACEMENT_3D('',#14528,#14529,#14530);
#14528 = CARTESIAN_POINT('',(160.7,-71.7,0.));
#14529 = DIRECTION('',(-0.,0.,-1.));
#14530 = DIRECTION('',(-0.,-1.,0.));
#14531 = FACE_BOUND('',#14532,.F.);
#14532 = EDGE_LOOP('',(#14533));
#14533 = ORIENTED_EDGE('',*,*,#14534,.T.);
#14534 = EDGE_CURVE('',#14535,#14535,#14537,.T.);
#14535 = VERTEX_POINT('',#14536);
#14536 = CARTESIAN_POINT('',(162.5,-71.75,0.));
#14537 = CIRCLE('',#14538,0.15);
#14538 = AXIS2_PLACEMENT_3D('',#14539,#14540,#14541);
#14539 = CARTESIAN_POINT('',(162.5,-71.6,0.));
#14540 = DIRECTION('',(-0.,0.,-1.));
#14541 = DIRECTION('',(-0.,-1.,0.));
#14542 = FACE_BOUND('',#14543,.F.);
#14543 = EDGE_LOOP('',(#14544));
#14544 = ORIENTED_EDGE('',*,*,#14545,.T.);
#14545 = EDGE_CURVE('',#14546,#14546,#14548,.T.);
#14546 = VERTEX_POINT('',#14547);
#14547 = CARTESIAN_POINT('',(164.5,-71.75,0.));
#14548 = CIRCLE('',#14549,0.15);
#14549 = AXIS2_PLACEMENT_3D('',#14550,#14551,#14552);
#14550 = CARTESIAN_POINT('',(164.5,-71.6,0.));
#14551 = DIRECTION('',(-0.,0.,-1.));
#14552 = DIRECTION('',(-0.,-1.,0.));
#14553 = FACE_BOUND('',#14554,.F.);
#14554 = EDGE_LOOP('',(#14555));
#14555 = ORIENTED_EDGE('',*,*,#14556,.T.);
#14556 = EDGE_CURVE('',#14557,#14557,#14559,.T.);
#14557 = VERTEX_POINT('',#14558);
#14558 = CARTESIAN_POINT('',(165.1,-70.55,0.));
#14559 = CIRCLE('',#14560,0.15);
#14560 = AXIS2_PLACEMENT_3D('',#14561,#14562,#14563);
#14561 = CARTESIAN_POINT('',(165.1,-70.4,0.));
#14562 = DIRECTION('',(-0.,0.,-1.));
#14563 = DIRECTION('',(-0.,-1.,0.));
#14564 = FACE_BOUND('',#14565,.F.);
#14565 = EDGE_LOOP('',(#14566));
#14566 = ORIENTED_EDGE('',*,*,#14567,.T.);
#14567 = EDGE_CURVE('',#14568,#14568,#14570,.T.);
#14568 = VERTEX_POINT('',#14569);
#14569 = CARTESIAN_POINT('',(151.3,-69.85,0.));
#14570 = CIRCLE('',#14571,0.15);
#14571 = AXIS2_PLACEMENT_3D('',#14572,#14573,#14574);
#14572 = CARTESIAN_POINT('',(151.3,-69.7,0.));
#14573 = DIRECTION('',(-0.,0.,-1.));
#14574 = DIRECTION('',(-0.,-1.,0.));
#14575 = FACE_BOUND('',#14576,.F.);
#14576 = EDGE_LOOP('',(#14577));
#14577 = ORIENTED_EDGE('',*,*,#14578,.T.);
#14578 = EDGE_CURVE('',#14579,#14579,#14581,.T.);
#14579 = VERTEX_POINT('',#14580);
#14580 = CARTESIAN_POINT('',(150.7,-68.6,0.));
#14581 = CIRCLE('',#14582,0.5);
#14582 = AXIS2_PLACEMENT_3D('',#14583,#14584,#14585);
#14583 = CARTESIAN_POINT('',(150.7,-68.1,0.));
#14584 = DIRECTION('',(-0.,0.,-1.));
#14585 = DIRECTION('',(-0.,-1.,0.));
#14586 = FACE_BOUND('',#14587,.F.);
#14587 = EDGE_LOOP('',(#14588));
#14588 = ORIENTED_EDGE('',*,*,#14589,.T.);
#14589 = EDGE_CURVE('',#14590,#14590,#14592,.T.);
#14590 = VERTEX_POINT('',#14591);
#14591 = CARTESIAN_POINT('',(155.4,-68.05,0.));
#14592 = CIRCLE('',#14593,0.15);
#14593 = AXIS2_PLACEMENT_3D('',#14594,#14595,#14596);
#14594 = CARTESIAN_POINT('',(155.4,-67.9,0.));
#14595 = DIRECTION('',(-0.,0.,-1.));
#14596 = DIRECTION('',(-0.,-1.,0.));
#14597 = FACE_BOUND('',#14598,.F.);
#14598 = EDGE_LOOP('',(#14599));
#14599 = ORIENTED_EDGE('',*,*,#14600,.T.);
#14600 = EDGE_CURVE('',#14601,#14601,#14603,.T.);
#14601 = VERTEX_POINT('',#14602);
#14602 = CARTESIAN_POINT('',(157.804835,-67.575648,0.));
#14603 = CIRCLE('',#14604,0.15);
#14604 = AXIS2_PLACEMENT_3D('',#14605,#14606,#14607);
#14605 = CARTESIAN_POINT('',(157.804835,-67.425648,0.));
#14606 = DIRECTION('',(-0.,0.,-1.));
#14607 = DIRECTION('',(-0.,-1.,0.));
#14608 = FACE_BOUND('',#14609,.F.);
#14609 = EDGE_LOOP('',(#14610));
#14610 = ORIENTED_EDGE('',*,*,#14611,.T.);
#14611 = EDGE_CURVE('',#14612,#14612,#14614,.T.);
#14612 = VERTEX_POINT('',#14613);
#14613 = CARTESIAN_POINT('',(165.293102,-69.409448,0.));
#14614 = CIRCLE('',#14615,0.15);
#14615 = AXIS2_PLACEMENT_3D('',#14616,#14617,#14618);
#14616 = CARTESIAN_POINT('',(165.293102,-69.259448,0.));
#14617 = DIRECTION('',(-0.,0.,-1.));
#14618 = DIRECTION('',(-0.,-1.,0.));
#14619 = FACE_BOUND('',#14620,.F.);
#14620 = EDGE_LOOP('',(#14621));
#14621 = ORIENTED_EDGE('',*,*,#14622,.T.);
#14622 = EDGE_CURVE('',#14623,#14623,#14625,.T.);
#14623 = VERTEX_POINT('',#14624);
#14624 = CARTESIAN_POINT('',(163.927746,-69.077746,0.));
#14625 = CIRCLE('',#14626,0.15);
#14626 = AXIS2_PLACEMENT_3D('',#14627,#14628,#14629);
#14627 = CARTESIAN_POINT('',(163.927746,-68.927746,0.));
#14628 = DIRECTION('',(-0.,0.,-1.));
#14629 = DIRECTION('',(-0.,-1.,0.));
#14630 = FACE_BOUND('',#14631,.F.);
#14631 = EDGE_LOOP('',(#14632));
#14632 = ORIENTED_EDGE('',*,*,#14633,.T.);
#14633 = EDGE_CURVE('',#14634,#14634,#14636,.T.);
#14634 = VERTEX_POINT('',#14635);
#14635 = CARTESIAN_POINT('',(159.1,-68.15,0.));
#14636 = CIRCLE('',#14637,0.15);
#14637 = AXIS2_PLACEMENT_3D('',#14638,#14639,#14640);
#14638 = CARTESIAN_POINT('',(159.1,-68.,0.));
#14639 = DIRECTION('',(-0.,0.,-1.));
#14640 = DIRECTION('',(-0.,-1.,0.));
#14641 = FACE_BOUND('',#14642,.F.);
#14642 = EDGE_LOOP('',(#14643));
#14643 = ORIENTED_EDGE('',*,*,#14644,.T.);
#14644 = EDGE_CURVE('',#14645,#14645,#14647,.T.);
#14645 = VERTEX_POINT('',#14646);
#14646 = CARTESIAN_POINT('',(160.3,-67.55,0.));
#14647 = CIRCLE('',#14648,0.15);
#14648 = AXIS2_PLACEMENT_3D('',#14649,#14650,#14651);
#14649 = CARTESIAN_POINT('',(160.3,-67.4,0.));
#14650 = DIRECTION('',(-0.,0.,-1.));
#14651 = DIRECTION('',(-0.,-1.,0.));
#14652 = FACE_BOUND('',#14653,.F.);
#14653 = EDGE_LOOP('',(#14654));
#14654 = ORIENTED_EDGE('',*,*,#14655,.T.);
#14655 = EDGE_CURVE('',#14656,#14656,#14658,.T.);
#14656 = VERTEX_POINT('',#14657);
#14657 = CARTESIAN_POINT('',(162.333231,-66.765299,0.));
#14658 = CIRCLE('',#14659,0.15);
#14659 = AXIS2_PLACEMENT_3D('',#14660,#14661,#14662);
#14660 = CARTESIAN_POINT('',(162.333231,-66.615299,0.));
#14661 = DIRECTION('',(-0.,0.,-1.));
#14662 = DIRECTION('',(-0.,-1.,0.));
#14663 = FACE_BOUND('',#14664,.F.);
#14664 = EDGE_LOOP('',(#14665));
#14665 = ORIENTED_EDGE('',*,*,#14666,.T.);
#14666 = EDGE_CURVE('',#14667,#14667,#14669,.T.);
#14667 = VERTEX_POINT('',#14668);
#14668 = CARTESIAN_POINT('',(162.935283,-66.238482,0.));
#14669 = CIRCLE('',#14670,0.15);
#14670 = AXIS2_PLACEMENT_3D('',#14671,#14672,#14673);
#14671 = CARTESIAN_POINT('',(162.935283,-66.088482,0.));
#14672 = DIRECTION('',(-0.,0.,-1.));
#14673 = DIRECTION('',(-0.,-1.,0.));
#14674 = FACE_BOUND('',#14675,.F.);
#14675 = EDGE_LOOP('',(#14676));
#14676 = ORIENTED_EDGE('',*,*,#14677,.T.);
#14677 = EDGE_CURVE('',#14678,#14678,#14680,.T.);
#14678 = VERTEX_POINT('',#14679);
#14679 = CARTESIAN_POINT('',(168.52,-74.4,0.));
#14680 = CIRCLE('',#14681,0.5);
#14681 = AXIS2_PLACEMENT_3D('',#14682,#14683,#14684);
#14682 = CARTESIAN_POINT('',(168.52,-73.9,0.));
#14683 = DIRECTION('',(-0.,0.,-1.));
#14684 = DIRECTION('',(-0.,-1.,0.));
#14685 = FACE_BOUND('',#14686,.F.);
#14686 = EDGE_LOOP('',(#14687));
#14687 = ORIENTED_EDGE('',*,*,#14688,.T.);
#14688 = EDGE_CURVE('',#14689,#14689,#14691,.T.);
#14689 = VERTEX_POINT('',#14690);
#14690 = CARTESIAN_POINT('',(171.06,-74.4,0.));
#14691 = CIRCLE('',#14692,0.5);
#14692 = AXIS2_PLACEMENT_3D('',#14693,#14694,#14695);
#14693 = CARTESIAN_POINT('',(171.06,-73.9,0.));
#14694 = DIRECTION('',(-0.,0.,-1.));
#14695 = DIRECTION('',(-0.,-1.,0.));
#14696 = FACE_BOUND('',#14697,.F.);
#14697 = EDGE_LOOP('',(#14698));
#14698 = ORIENTED_EDGE('',*,*,#14699,.T.);
#14699 = EDGE_CURVE('',#14700,#14700,#14702,.T.);
#14700 = VERTEX_POINT('',#14701);
#14701 = CARTESIAN_POINT('',(173.6,-74.4,0.));
#14702 = CIRCLE('',#14703,0.5);
#14703 = AXIS2_PLACEMENT_3D('',#14704,#14705,#14706);
#14704 = CARTESIAN_POINT('',(173.6,-73.9,0.));
#14705 = DIRECTION('',(-0.,0.,-1.));
#14706 = DIRECTION('',(-0.,-1.,0.));
#14707 = FACE_BOUND('',#14708,.F.);
#14708 = EDGE_LOOP('',(#14709));
#14709 = ORIENTED_EDGE('',*,*,#14710,.T.);
#14710 = EDGE_CURVE('',#14711,#14711,#14713,.T.);
#14711 = VERTEX_POINT('',#14712);
#14712 = CARTESIAN_POINT('',(176.14,-74.4,0.));
#14713 = CIRCLE('',#14714,0.5);
#14714 = AXIS2_PLACEMENT_3D('',#14715,#14716,#14717);
#14715 = CARTESIAN_POINT('',(176.14,-73.9,0.));
#14716 = DIRECTION('',(-0.,0.,-1.));
#14717 = DIRECTION('',(-0.,-1.,0.));
#14718 = FACE_BOUND('',#14719,.F.);
#14719 = EDGE_LOOP('',(#14720));
#14720 = ORIENTED_EDGE('',*,*,#14721,.T.);
#14721 = EDGE_CURVE('',#14722,#14722,#14724,.T.);
#14722 = VERTEX_POINT('',#14723);
#14723 = CARTESIAN_POINT('',(178.68,-74.4,0.));
#14724 = CIRCLE('',#14725,0.5);
#14725 = AXIS2_PLACEMENT_3D('',#14726,#14727,#14728);
#14726 = CARTESIAN_POINT('',(178.68,-73.9,0.));
#14727 = DIRECTION('',(-0.,0.,-1.));
#14728 = DIRECTION('',(-0.,-1.,0.));
#14729 = FACE_BOUND('',#14730,.F.);
#14730 = EDGE_LOOP('',(#14731));
#14731 = ORIENTED_EDGE('',*,*,#14732,.T.);
#14732 = EDGE_CURVE('',#14733,#14733,#14735,.T.);
#14733 = VERTEX_POINT('',#14734);
#14734 = CARTESIAN_POINT('',(181.22,-74.4,0.));
#14735 = CIRCLE('',#14736,0.5);
#14736 = AXIS2_PLACEMENT_3D('',#14737,#14738,#14739);
#14737 = CARTESIAN_POINT('',(181.22,-73.9,0.));
#14738 = DIRECTION('',(-0.,0.,-1.));
#14739 = DIRECTION('',(-0.,-1.,0.));
#14740 = FACE_BOUND('',#14741,.F.);
#14741 = EDGE_LOOP('',(#14742));
#14742 = ORIENTED_EDGE('',*,*,#14743,.T.);
#14743 = EDGE_CURVE('',#14744,#14744,#14746,.T.);
#14744 = VERTEX_POINT('',#14745);
#14745 = CARTESIAN_POINT('',(183.76,-74.4,0.));
#14746 = CIRCLE('',#14747,0.5);
#14747 = AXIS2_PLACEMENT_3D('',#14748,#14749,#14750);
#14748 = CARTESIAN_POINT('',(183.76,-73.9,0.));
#14749 = DIRECTION('',(-0.,0.,-1.));
#14750 = DIRECTION('',(-0.,-1.,0.));
#14751 = FACE_BOUND('',#14752,.F.);
#14752 = EDGE_LOOP('',(#14753));
#14753 = ORIENTED_EDGE('',*,*,#14754,.T.);
#14754 = EDGE_CURVE('',#14755,#14755,#14757,.T.);
#14755 = VERTEX_POINT('',#14756);
#14756 = CARTESIAN_POINT('',(186.3,-74.4,0.));
#14757 = CIRCLE('',#14758,0.5);
#14758 = AXIS2_PLACEMENT_3D('',#14759,#14760,#14761);
#14759 = CARTESIAN_POINT('',(186.3,-73.9,0.));
#14760 = DIRECTION('',(-0.,0.,-1.));
#14761 = DIRECTION('',(-0.,-1.,0.));
#14762 = FACE_BOUND('',#14763,.F.);
#14763 = EDGE_LOOP('',(#14764));
#14764 = ORIENTED_EDGE('',*,*,#14765,.T.);
#14765 = EDGE_CURVE('',#14766,#14766,#14768,.T.);
#14766 = VERTEX_POINT('',#14767);
#14767 = CARTESIAN_POINT('',(183.3,-71.65,0.));
#14768 = CIRCLE('',#14769,0.15);
#14769 = AXIS2_PLACEMENT_3D('',#14770,#14771,#14772);
#14770 = CARTESIAN_POINT('',(183.3,-71.5,0.));
#14771 = DIRECTION('',(-0.,0.,-1.));
#14772 = DIRECTION('',(-0.,-1.,0.));
#14773 = FACE_BOUND('',#14774,.F.);
#14774 = EDGE_LOOP('',(#14775));
#14775 = ORIENTED_EDGE('',*,*,#14776,.T.);
#14776 = EDGE_CURVE('',#14777,#14777,#14779,.T.);
#14777 = VERTEX_POINT('',#14778);
#14778 = CARTESIAN_POINT('',(174.4,-69.15,0.));
#14779 = CIRCLE('',#14780,0.15);
#14780 = AXIS2_PLACEMENT_3D('',#14781,#14782,#14783);
#14781 = CARTESIAN_POINT('',(174.4,-69.,0.));
#14782 = DIRECTION('',(-0.,0.,-1.));
#14783 = DIRECTION('',(-0.,-1.,0.));
#14784 = FACE_BOUND('',#14785,.F.);
#14785 = EDGE_LOOP('',(#14786));
#14786 = ORIENTED_EDGE('',*,*,#14787,.T.);
#14787 = EDGE_CURVE('',#14788,#14788,#14790,.T.);
#14788 = VERTEX_POINT('',#14789);
#14789 = CARTESIAN_POINT('',(183.1,-69.24,0.));
#14790 = CIRCLE('',#14791,0.5);
#14791 = AXIS2_PLACEMENT_3D('',#14792,#14793,#14794);
#14792 = CARTESIAN_POINT('',(183.1,-68.74,0.));
#14793 = DIRECTION('',(-0.,0.,-1.));
#14794 = DIRECTION('',(-0.,-1.,0.));
#14795 = FACE_BOUND('',#14796,.F.);
#14796 = EDGE_LOOP('',(#14797));
#14797 = ORIENTED_EDGE('',*,*,#14798,.T.);
#14798 = EDGE_CURVE('',#14799,#14799,#14801,.T.);
#14799 = VERTEX_POINT('',#14800);
#14800 = CARTESIAN_POINT('',(186.9,-69.24,0.));
#14801 = CIRCLE('',#14802,0.5);
#14802 = AXIS2_PLACEMENT_3D('',#14803,#14804,#14805);
#14803 = CARTESIAN_POINT('',(186.9,-68.74,0.));
#14804 = DIRECTION('',(-0.,0.,-1.));
#14805 = DIRECTION('',(-0.,-1.,0.));
#14806 = FACE_BOUND('',#14807,.F.);
#14807 = EDGE_LOOP('',(#14808));
#14808 = ORIENTED_EDGE('',*,*,#14809,.T.);
#14809 = EDGE_CURVE('',#14810,#14810,#14812,.T.);
#14810 = VERTEX_POINT('',#14811);
#14811 = CARTESIAN_POINT('',(183.1,-66.7,0.));
#14812 = CIRCLE('',#14813,0.5);
#14813 = AXIS2_PLACEMENT_3D('',#14814,#14815,#14816);
#14814 = CARTESIAN_POINT('',(183.1,-66.2,0.));
#14815 = DIRECTION('',(-0.,0.,-1.));
#14816 = DIRECTION('',(-0.,-1.,0.));
#14817 = FACE_BOUND('',#14818,.F.);
#14818 = EDGE_LOOP('',(#14819));
#14819 = ORIENTED_EDGE('',*,*,#14820,.T.);
#14820 = EDGE_CURVE('',#14821,#14821,#14823,.T.);
#14821 = VERTEX_POINT('',#14822);
#14822 = CARTESIAN_POINT('',(186.9,-66.7,0.));
#14823 = CIRCLE('',#14824,0.5);
#14824 = AXIS2_PLACEMENT_3D('',#14825,#14826,#14827);
#14825 = CARTESIAN_POINT('',(186.9,-66.2,0.));
#14826 = DIRECTION('',(-0.,0.,-1.));
#14827 = DIRECTION('',(-0.,-1.,0.));
#14828 = FACE_BOUND('',#14829,.F.);
#14829 = EDGE_LOOP('',(#14830));
#14830 = ORIENTED_EDGE('',*,*,#14831,.T.);
#14831 = EDGE_CURVE('',#14832,#14832,#14834,.T.);
#14832 = VERTEX_POINT('',#14833);
#14833 = CARTESIAN_POINT('',(148.8,-64.65,0.));
#14834 = CIRCLE('',#14835,0.15);
#14835 = AXIS2_PLACEMENT_3D('',#14836,#14837,#14838);
#14836 = CARTESIAN_POINT('',(148.8,-64.5,0.));
#14837 = DIRECTION('',(-0.,0.,-1.));
#14838 = DIRECTION('',(-0.,-1.,0.));
#14839 = FACE_BOUND('',#14840,.F.);
#14840 = EDGE_LOOP('',(#14841));
#14841 = ORIENTED_EDGE('',*,*,#14842,.T.);
#14842 = EDGE_CURVE('',#14843,#14843,#14845,.T.);
#14843 = VERTEX_POINT('',#14844);
#14844 = CARTESIAN_POINT('',(157.050886,-65.550584,0.));
#14845 = CIRCLE('',#14846,0.15);
#14846 = AXIS2_PLACEMENT_3D('',#14847,#14848,#14849);
#14847 = CARTESIAN_POINT('',(157.050886,-65.400584,0.));
#14848 = DIRECTION('',(-0.,0.,-1.));
#14849 = DIRECTION('',(-0.,-1.,0.));
#14850 = FACE_BOUND('',#14851,.F.);
#14851 = EDGE_LOOP('',(#14852));
#14852 = ORIENTED_EDGE('',*,*,#14853,.T.);
#14853 = EDGE_CURVE('',#14854,#14854,#14856,.T.);
#14854 = VERTEX_POINT('',#14855);
#14855 = CARTESIAN_POINT('',(150.7,-64.2,0.));
#14856 = CIRCLE('',#14857,0.5);
#14857 = AXIS2_PLACEMENT_3D('',#14858,#14859,#14860);
#14858 = CARTESIAN_POINT('',(150.7,-63.7,0.));
#14859 = DIRECTION('',(-0.,0.,-1.));
#14860 = DIRECTION('',(-0.,-1.,0.));
#14861 = FACE_BOUND('',#14862,.F.);
#14862 = EDGE_LOOP('',(#14863));
#14863 = ORIENTED_EDGE('',*,*,#14864,.T.);
#14864 = EDGE_CURVE('',#14865,#14865,#14867,.T.);
#14865 = VERTEX_POINT('',#14866);
#14866 = CARTESIAN_POINT('',(151.8,-63.85,0.));
#14867 = CIRCLE('',#14868,0.15);
#14868 = AXIS2_PLACEMENT_3D('',#14869,#14870,#14871);
#14869 = CARTESIAN_POINT('',(151.8,-63.7,0.));
#14870 = DIRECTION('',(-0.,0.,-1.));
#14871 = DIRECTION('',(-0.,-1.,0.));
#14872 = FACE_BOUND('',#14873,.F.);
#14873 = EDGE_LOOP('',(#14874));
#14874 = ORIENTED_EDGE('',*,*,#14875,.T.);
#14875 = EDGE_CURVE('',#14876,#14876,#14878,.T.);
#14876 = VERTEX_POINT('',#14877);
#14877 = CARTESIAN_POINT('',(150.45,-62.55,0.));
#14878 = CIRCLE('',#14879,0.15);
#14879 = AXIS2_PLACEMENT_3D('',#14880,#14881,#14882);
#14880 = CARTESIAN_POINT('',(150.45,-62.4,0.));
#14881 = DIRECTION('',(-0.,0.,-1.));
#14882 = DIRECTION('',(-0.,-1.,0.));
#14883 = FACE_BOUND('',#14884,.F.);
#14884 = EDGE_LOOP('',(#14885));
#14885 = ORIENTED_EDGE('',*,*,#14886,.T.);
#14886 = EDGE_CURVE('',#14887,#14887,#14889,.T.);
#14887 = VERTEX_POINT('',#14888);
#14888 = CARTESIAN_POINT('',(160.8,-65.265,0.));
#14889 = CIRCLE('',#14890,0.15);
#14890 = AXIS2_PLACEMENT_3D('',#14891,#14892,#14893);
#14891 = CARTESIAN_POINT('',(160.8,-65.115,0.));
#14892 = DIRECTION('',(-0.,0.,-1.));
#14893 = DIRECTION('',(-0.,-1.,0.));
#14894 = FACE_BOUND('',#14895,.F.);
#14895 = EDGE_LOOP('',(#14896));
#14896 = ORIENTED_EDGE('',*,*,#14897,.T.);
#14897 = EDGE_CURVE('',#14898,#14898,#14900,.T.);
#14898 = VERTEX_POINT('',#14899);
#14899 = CARTESIAN_POINT('',(162.8,-65.45,0.));
#14900 = CIRCLE('',#14901,0.15);
#14901 = AXIS2_PLACEMENT_3D('',#14902,#14903,#14904);
#14902 = CARTESIAN_POINT('',(162.8,-65.3,0.));
#14903 = DIRECTION('',(-0.,0.,-1.));
#14904 = DIRECTION('',(-0.,-1.,0.));
#14905 = FACE_BOUND('',#14906,.F.);
#14906 = EDGE_LOOP('',(#14907));
#14907 = ORIENTED_EDGE('',*,*,#14908,.T.);
#14908 = EDGE_CURVE('',#14909,#14909,#14911,.T.);
#14909 = VERTEX_POINT('',#14910);
#14910 = CARTESIAN_POINT('',(151.5,-60.85,0.));
#14911 = CIRCLE('',#14912,0.15);
#14912 = AXIS2_PLACEMENT_3D('',#14913,#14914,#14915);
#14913 = CARTESIAN_POINT('',(151.5,-60.7,0.));
#14914 = DIRECTION('',(-0.,0.,-1.));
#14915 = DIRECTION('',(-0.,-1.,0.));
#14916 = FACE_BOUND('',#14917,.F.);
#14917 = EDGE_LOOP('',(#14918));
#14918 = ORIENTED_EDGE('',*,*,#14919,.T.);
#14919 = EDGE_CURVE('',#14920,#14920,#14922,.T.);
#14920 = VERTEX_POINT('',#14921);
#14921 = CARTESIAN_POINT('',(155.975,-60.95,0.));
#14922 = CIRCLE('',#14923,0.15);
#14923 = AXIS2_PLACEMENT_3D('',#14924,#14925,#14926);
#14924 = CARTESIAN_POINT('',(155.975,-60.8,0.));
#14925 = DIRECTION('',(-0.,0.,-1.));
#14926 = DIRECTION('',(-0.,-1.,0.));
#14927 = FACE_BOUND('',#14928,.F.);
#14928 = EDGE_LOOP('',(#14929));
#14929 = ORIENTED_EDGE('',*,*,#14930,.T.);
#14930 = EDGE_CURVE('',#14931,#14931,#14933,.T.);
#14931 = VERTEX_POINT('',#14932);
#14932 = CARTESIAN_POINT('',(157.4,-60.45,0.));
#14933 = CIRCLE('',#14934,0.15);
#14934 = AXIS2_PLACEMENT_3D('',#14935,#14936,#14937);
#14935 = CARTESIAN_POINT('',(157.4,-60.3,0.));
#14936 = DIRECTION('',(-0.,0.,-1.));
#14937 = DIRECTION('',(-0.,-1.,0.));
#14938 = FACE_BOUND('',#14939,.F.);
#14939 = EDGE_LOOP('',(#14940));
#14940 = ORIENTED_EDGE('',*,*,#14941,.T.);
#14941 = EDGE_CURVE('',#14942,#14942,#14944,.T.);
#14942 = VERTEX_POINT('',#14943);
#14943 = CARTESIAN_POINT('',(158.199997,-60.35,0.));
#14944 = CIRCLE('',#14945,0.15);
#14945 = AXIS2_PLACEMENT_3D('',#14946,#14947,#14948);
#14946 = CARTESIAN_POINT('',(158.199997,-60.2,0.));
#14947 = DIRECTION('',(-0.,0.,-1.));
#14948 = DIRECTION('',(-0.,-1.,0.));
#14949 = FACE_BOUND('',#14950,.F.);
#14950 = EDGE_LOOP('',(#14951));
#14951 = ORIENTED_EDGE('',*,*,#14952,.T.);
#14952 = EDGE_CURVE('',#14953,#14953,#14955,.T.);
#14953 = VERTEX_POINT('',#14954);
#14954 = CARTESIAN_POINT('',(150.74,-58.4,0.));
#14955 = CIRCLE('',#14956,0.5);
#14956 = AXIS2_PLACEMENT_3D('',#14957,#14958,#14959);
#14957 = CARTESIAN_POINT('',(150.74,-57.9,0.));
#14958 = DIRECTION('',(-0.,0.,-1.));
#14959 = DIRECTION('',(-0.,-1.,0.));
#14960 = FACE_BOUND('',#14961,.F.);
#14961 = EDGE_LOOP('',(#14962));
#14962 = ORIENTED_EDGE('',*,*,#14963,.T.);
#14963 = EDGE_CURVE('',#14964,#14964,#14966,.T.);
#14964 = VERTEX_POINT('',#14965);
#14965 = CARTESIAN_POINT('',(153.28,-58.4,0.));
#14966 = CIRCLE('',#14967,0.5);
#14967 = AXIS2_PLACEMENT_3D('',#14968,#14969,#14970);
#14968 = CARTESIAN_POINT('',(153.28,-57.9,0.));
#14969 = DIRECTION('',(-0.,0.,-1.));
#14970 = DIRECTION('',(-0.,-1.,0.));
#14971 = FACE_BOUND('',#14972,.F.);
#14972 = EDGE_LOOP('',(#14973));
#14973 = ORIENTED_EDGE('',*,*,#14974,.T.);
#14974 = EDGE_CURVE('',#14975,#14975,#14977,.T.);
#14975 = VERTEX_POINT('',#14976);
#14976 = CARTESIAN_POINT('',(155.82,-58.4,0.));
#14977 = CIRCLE('',#14978,0.5);
#14978 = AXIS2_PLACEMENT_3D('',#14979,#14980,#14981);
#14979 = CARTESIAN_POINT('',(155.82,-57.9,0.));
#14980 = DIRECTION('',(-0.,0.,-1.));
#14981 = DIRECTION('',(-0.,-1.,0.));
#14982 = FACE_BOUND('',#14983,.F.);
#14983 = EDGE_LOOP('',(#14984));
#14984 = ORIENTED_EDGE('',*,*,#14985,.T.);
#14985 = EDGE_CURVE('',#14986,#14986,#14988,.T.);
#14986 = VERTEX_POINT('',#14987);
#14987 = CARTESIAN_POINT('',(159.8,-60.85,0.));
#14988 = CIRCLE('',#14989,0.15);
#14989 = AXIS2_PLACEMENT_3D('',#14990,#14991,#14992);
#14990 = CARTESIAN_POINT('',(159.8,-60.7,0.));
#14991 = DIRECTION('',(-0.,0.,-1.));
#14992 = DIRECTION('',(-0.,-1.,0.));
#14993 = FACE_BOUND('',#14994,.F.);
#14994 = EDGE_LOOP('',(#14995));
#14995 = ORIENTED_EDGE('',*,*,#14996,.T.);
#14996 = EDGE_CURVE('',#14997,#14997,#14999,.T.);
#14997 = VERTEX_POINT('',#14998);
#14998 = CARTESIAN_POINT('',(160.8,-60.35,0.));
#14999 = CIRCLE('',#15000,0.15);
#15000 = AXIS2_PLACEMENT_3D('',#15001,#15002,#15003);
#15001 = CARTESIAN_POINT('',(160.8,-60.2,0.));
#15002 = DIRECTION('',(-0.,0.,-1.));
#15003 = DIRECTION('',(-0.,-1.,0.));
#15004 = FACE_BOUND('',#15005,.F.);
#15005 = EDGE_LOOP('',(#15006));
#15006 = ORIENTED_EDGE('',*,*,#15007,.T.);
#15007 = EDGE_CURVE('',#15008,#15008,#15010,.T.);
#15008 = VERTEX_POINT('',#15009);
#15009 = CARTESIAN_POINT('',(165.5,-60.221472,0.));
#15010 = CIRCLE('',#15011,0.15);
#15011 = AXIS2_PLACEMENT_3D('',#15012,#15013,#15014);
#15012 = CARTESIAN_POINT('',(165.5,-60.071472,0.));
#15013 = DIRECTION('',(-0.,0.,-1.));
#15014 = DIRECTION('',(-0.,-1.,0.));
#15015 = FACE_BOUND('',#15016,.F.);
#15016 = EDGE_LOOP('',(#15017));
#15017 = ORIENTED_EDGE('',*,*,#15018,.T.);
#15018 = EDGE_CURVE('',#15019,#15019,#15021,.T.);
#15019 = VERTEX_POINT('',#15020);
#15020 = CARTESIAN_POINT('',(158.36,-58.4,0.));
#15021 = CIRCLE('',#15022,0.5);
#15022 = AXIS2_PLACEMENT_3D('',#15023,#15024,#15025);
#15023 = CARTESIAN_POINT('',(158.36,-57.9,0.));
#15024 = DIRECTION('',(-0.,0.,-1.));
#15025 = DIRECTION('',(-0.,-1.,0.));
#15026 = FACE_BOUND('',#15027,.F.);
#15027 = EDGE_LOOP('',(#15028));
#15028 = ORIENTED_EDGE('',*,*,#15029,.T.);
#15029 = EDGE_CURVE('',#15030,#15030,#15032,.T.);
#15030 = VERTEX_POINT('',#15031);
#15031 = CARTESIAN_POINT('',(160.9,-58.4,0.));
#15032 = CIRCLE('',#15033,0.5);
#15033 = AXIS2_PLACEMENT_3D('',#15034,#15035,#15036);
#15034 = CARTESIAN_POINT('',(160.9,-57.9,0.));
#15035 = DIRECTION('',(-0.,0.,-1.));
#15036 = DIRECTION('',(-0.,-1.,0.));
#15037 = FACE_BOUND('',#15038,.F.);
#15038 = EDGE_LOOP('',(#15039));
#15039 = ORIENTED_EDGE('',*,*,#15040,.T.);
#15040 = EDGE_CURVE('',#15041,#15041,#15043,.T.);
#15041 = VERTEX_POINT('',#15042);
#15042 = CARTESIAN_POINT('',(163.44,-58.4,0.));
#15043 = CIRCLE('',#15044,0.5);
#15044 = AXIS2_PLACEMENT_3D('',#15045,#15046,#15047);
#15045 = CARTESIAN_POINT('',(163.44,-57.9,0.));
#15046 = DIRECTION('',(-0.,0.,-1.));
#15047 = DIRECTION('',(-0.,-1.,0.));
#15048 = FACE_BOUND('',#15049,.F.);
#15049 = EDGE_LOOP('',(#15050));
#15050 = ORIENTED_EDGE('',*,*,#15051,.T.);
#15051 = EDGE_CURVE('',#15052,#15052,#15054,.T.);
#15052 = VERTEX_POINT('',#15053);
#15053 = CARTESIAN_POINT('',(165.98,-58.4,0.));
#15054 = CIRCLE('',#15055,0.5);
#15055 = AXIS2_PLACEMENT_3D('',#15056,#15057,#15058);
#15056 = CARTESIAN_POINT('',(165.98,-57.9,0.));
#15057 = DIRECTION('',(-0.,0.,-1.));
#15058 = DIRECTION('',(-0.,-1.,0.));
#15059 = FACE_BOUND('',#15060,.F.);
#15060 = EDGE_LOOP('',(#15061));
#15061 = ORIENTED_EDGE('',*,*,#15062,.T.);
#15062 = EDGE_CURVE('',#15063,#15063,#15065,.T.);
#15063 = VERTEX_POINT('',#15064);
#15064 = CARTESIAN_POINT('',(170.8,-65.25,0.));
#15065 = CIRCLE('',#15066,0.15);
#15066 = AXIS2_PLACEMENT_3D('',#15067,#15068,#15069);
#15067 = CARTESIAN_POINT('',(170.8,-65.1,0.));
#15068 = DIRECTION('',(-0.,0.,-1.));
#15069 = DIRECTION('',(-0.,-1.,0.));
#15070 = FACE_BOUND('',#15071,.F.);
#15071 = EDGE_LOOP('',(#15072));
#15072 = ORIENTED_EDGE('',*,*,#15073,.T.);
#15073 = EDGE_CURVE('',#15074,#15074,#15076,.T.);
#15074 = VERTEX_POINT('',#15075);
#15075 = CARTESIAN_POINT('',(176.3,-64.55,0.));
#15076 = CIRCLE('',#15077,0.15);
#15077 = AXIS2_PLACEMENT_3D('',#15078,#15079,#15080);
#15078 = CARTESIAN_POINT('',(176.3,-64.4,0.));
#15079 = DIRECTION('',(-0.,0.,-1.));
#15080 = DIRECTION('',(-0.,-1.,0.));
#15081 = FACE_BOUND('',#15082,.F.);
#15082 = EDGE_LOOP('',(#15083));
#15083 = ORIENTED_EDGE('',*,*,#15084,.T.);
#15084 = EDGE_CURVE('',#15085,#15085,#15087,.T.);
#15085 = VERTEX_POINT('',#15086);
#15086 = CARTESIAN_POINT('',(170.438045,-63.92358,0.));
#15087 = CIRCLE('',#15088,0.15);
#15088 = AXIS2_PLACEMENT_3D('',#15089,#15090,#15091);
#15089 = CARTESIAN_POINT('',(170.438045,-63.77358,0.));
#15090 = DIRECTION('',(-0.,0.,-1.));
#15091 = DIRECTION('',(-0.,-1.,0.));
#15092 = FACE_BOUND('',#15093,.F.);
#15093 = EDGE_LOOP('',(#15094));
#15094 = ORIENTED_EDGE('',*,*,#15095,.T.);
#15095 = EDGE_CURVE('',#15096,#15096,#15098,.T.);
#15096 = VERTEX_POINT('',#15097);
#15097 = CARTESIAN_POINT('',(169.08322,-62.684835,0.));
#15098 = CIRCLE('',#15099,0.15);
#15099 = AXIS2_PLACEMENT_3D('',#15100,#15101,#15102);
#15100 = CARTESIAN_POINT('',(169.08322,-62.534835,0.));
#15101 = DIRECTION('',(-0.,0.,-1.));
#15102 = DIRECTION('',(1.894780628694E-13,-1.,-0.));
#15103 = FACE_BOUND('',#15104,.F.);
#15104 = EDGE_LOOP('',(#15105));
#15105 = ORIENTED_EDGE('',*,*,#15106,.T.);
#15106 = EDGE_CURVE('',#15107,#15107,#15109,.T.);
#15107 = VERTEX_POINT('',#15108);
#15108 = CARTESIAN_POINT('',(183.1,-64.16,0.));
#15109 = CIRCLE('',#15110,0.5);
#15110 = AXIS2_PLACEMENT_3D('',#15111,#15112,#15113);
#15111 = CARTESIAN_POINT('',(183.1,-63.66,0.));
#15112 = DIRECTION('',(-0.,0.,-1.));
#15113 = DIRECTION('',(-0.,-1.,0.));
#15114 = FACE_BOUND('',#15115,.F.);
#15115 = EDGE_LOOP('',(#15116));
#15116 = ORIENTED_EDGE('',*,*,#15117,.T.);
#15117 = EDGE_CURVE('',#15118,#15118,#15120,.T.);
#15118 = VERTEX_POINT('',#15119);
#15119 = CARTESIAN_POINT('',(186.9,-64.16,0.));
#15120 = CIRCLE('',#15121,0.5);
#15121 = AXIS2_PLACEMENT_3D('',#15122,#15123,#15124);
#15122 = CARTESIAN_POINT('',(186.9,-63.66,0.));
#15123 = DIRECTION('',(-0.,0.,-1.));
#15124 = DIRECTION('',(-0.,-1.,0.));
#15125 = FACE_BOUND('',#15126,.F.);
#15126 = EDGE_LOOP('',(#15127));
#15127 = ORIENTED_EDGE('',*,*,#15128,.T.);
#15128 = EDGE_CURVE('',#15129,#15129,#15131,.T.);
#15129 = VERTEX_POINT('',#15130);
#15130 = CARTESIAN_POINT('',(169.155313,-60.349999,0.));
#15131 = CIRCLE('',#15132,0.15);
#15132 = AXIS2_PLACEMENT_3D('',#15133,#15134,#15135);
#15133 = CARTESIAN_POINT('',(169.155313,-60.199999,0.));
#15134 = DIRECTION('',(-0.,0.,-1.));
#15135 = DIRECTION('',(-0.,-1.,0.));
#15136 = FACE_BOUND('',#15137,.F.);
#15137 = EDGE_LOOP('',(#15138));
#15138 = ORIENTED_EDGE('',*,*,#15139,.T.);
#15139 = EDGE_CURVE('',#15140,#15140,#15142,.T.);
#15140 = VERTEX_POINT('',#15141);
#15141 = CARTESIAN_POINT('',(168.52,-58.4,0.));
#15142 = CIRCLE('',#15143,0.5);
#15143 = AXIS2_PLACEMENT_3D('',#15144,#15145,#15146);
#15144 = CARTESIAN_POINT('',(168.52,-57.9,0.));
#15145 = DIRECTION('',(-0.,0.,-1.));
#15146 = DIRECTION('',(-0.,-1.,0.));
#15147 = FACE_BOUND('',#15148,.F.);
#15148 = EDGE_LOOP('',(#15149));
#15149 = ORIENTED_EDGE('',*,*,#15150,.T.);
#15150 = EDGE_CURVE('',#15151,#15151,#15153,.T.);
#15151 = VERTEX_POINT('',#15152);
#15152 = CARTESIAN_POINT('',(171.06,-58.4,0.));
#15153 = CIRCLE('',#15154,0.5);
#15154 = AXIS2_PLACEMENT_3D('',#15155,#15156,#15157);
#15155 = CARTESIAN_POINT('',(171.06,-57.9,0.));
#15156 = DIRECTION('',(-0.,0.,-1.));
#15157 = DIRECTION('',(-0.,-1.,0.));
#15158 = FACE_BOUND('',#15159,.F.);
#15159 = EDGE_LOOP('',(#15160));
#15160 = ORIENTED_EDGE('',*,*,#15161,.T.);
#15161 = EDGE_CURVE('',#15162,#15162,#15164,.T.);
#15162 = VERTEX_POINT('',#15163);
#15163 = CARTESIAN_POINT('',(173.6,-58.4,0.));
#15164 = CIRCLE('',#15165,0.5);
#15165 = AXIS2_PLACEMENT_3D('',#15166,#15167,#15168);
#15166 = CARTESIAN_POINT('',(173.6,-57.9,0.));
#15167 = DIRECTION('',(-0.,0.,-1.));
#15168 = DIRECTION('',(-0.,-1.,0.));
#15169 = FACE_BOUND('',#15170,.F.);
#15170 = EDGE_LOOP('',(#15171));
#15171 = ORIENTED_EDGE('',*,*,#15172,.T.);
#15172 = EDGE_CURVE('',#15173,#15173,#15175,.T.);
#15173 = VERTEX_POINT('',#15174);
#15174 = CARTESIAN_POINT('',(176.14,-58.4,0.));
#15175 = CIRCLE('',#15176,0.5);
#15176 = AXIS2_PLACEMENT_3D('',#15177,#15178,#15179);
#15177 = CARTESIAN_POINT('',(176.14,-57.9,0.));
#15178 = DIRECTION('',(-0.,0.,-1.));
#15179 = DIRECTION('',(-0.,-1.,0.));
#15180 = FACE_BOUND('',#15181,.F.);
#15181 = EDGE_LOOP('',(#15182));
#15182 = ORIENTED_EDGE('',*,*,#15183,.T.);
#15183 = EDGE_CURVE('',#15184,#15184,#15186,.T.);
#15184 = VERTEX_POINT('',#15185);
#15185 = CARTESIAN_POINT('',(178.68,-58.4,0.));
#15186 = CIRCLE('',#15187,0.5);
#15187 = AXIS2_PLACEMENT_3D('',#15188,#15189,#15190);
#15188 = CARTESIAN_POINT('',(178.68,-57.9,0.));
#15189 = DIRECTION('',(-0.,0.,-1.));
#15190 = DIRECTION('',(-0.,-1.,0.));
#15191 = FACE_BOUND('',#15192,.F.);
#15192 = EDGE_LOOP('',(#15193));
#15193 = ORIENTED_EDGE('',*,*,#15194,.T.);
#15194 = EDGE_CURVE('',#15195,#15195,#15197,.T.);
#15195 = VERTEX_POINT('',#15196);
#15196 = CARTESIAN_POINT('',(181.22,-58.4,0.));
#15197 = CIRCLE('',#15198,0.5);
#15198 = AXIS2_PLACEMENT_3D('',#15199,#15200,#15201);
#15199 = CARTESIAN_POINT('',(181.22,-57.9,0.));
#15200 = DIRECTION('',(-0.,0.,-1.));
#15201 = DIRECTION('',(-0.,-1.,0.));
#15202 = FACE_BOUND('',#15203,.F.);
#15203 = EDGE_LOOP('',(#15204));
#15204 = ORIENTED_EDGE('',*,*,#15205,.T.);
#15205 = EDGE_CURVE('',#15206,#15206,#15208,.T.);
#15206 = VERTEX_POINT('',#15207);
#15207 = CARTESIAN_POINT('',(183.76,-58.4,0.));
#15208 = CIRCLE('',#15209,0.5);
#15209 = AXIS2_PLACEMENT_3D('',#15210,#15211,#15212);
#15210 = CARTESIAN_POINT('',(183.76,-57.9,0.));
#15211 = DIRECTION('',(-0.,0.,-1.));
#15212 = DIRECTION('',(-0.,-1.,0.));
#15213 = FACE_BOUND('',#15214,.F.);
#15214 = EDGE_LOOP('',(#15215));
#15215 = ORIENTED_EDGE('',*,*,#15216,.T.);
#15216 = EDGE_CURVE('',#15217,#15217,#15219,.T.);
#15217 = VERTEX_POINT('',#15218);
#15218 = CARTESIAN_POINT('',(186.3,-58.4,0.));
#15219 = CIRCLE('',#15220,0.5);
#15220 = AXIS2_PLACEMENT_3D('',#15221,#15222,#15223);
#15221 = CARTESIAN_POINT('',(186.3,-57.9,0.));
#15222 = DIRECTION('',(-0.,0.,-1.));
#15223 = DIRECTION('',(-0.,-1.,0.));
#15224 = PLANE('',#15225);
#15225 = AXIS2_PLACEMENT_3D('',#15226,#15227,#15228);
#15226 = CARTESIAN_POINT('',(0.,0.,0.));
#15227 = DIRECTION('',(0.,0.,1.));
#15228 = DIRECTION('',(1.,0.,-0.));
#15229 = ADVANCED_FACE('',(#15230,#15241,#15252,#15263,#15274,#15285,
    #15296,#15307,#15318,#15329,#15340,#15351,#15362,#15373,#15384,
    #15395,#15406,#15417,#15428,#15439,#15450,#15461,#15472,#15483,
    #15494,#15505,#15516,#15527,#15538,#15549,#15560,#15571,#15582,
    #15593,#15604,#15615,#15626,#15637,#15648,#15659,#15670,#15681,
    #15692,#15703,#15714,#15725,#15736,#15747,#15758,#15769,#15780,
    #15791,#15802,#15813,#15824,#15835,#15846,#15857,#15868,#15879,
    #15890,#15901,#15912,#15923,#15934,#15945,#15956,#15967,#15978,
    #15989,#16000,#16011,#16022),#16033,.T.);
#15230 = FACE_BOUND('',#15231,.T.);
#15231 = EDGE_LOOP('',(#15232,#15233,#15234,#15240));
#15232 = ORIENTED_EDGE('',*,*,#14332,.F.);
#15233 = ORIENTED_EDGE('',*,*,#14372,.F.);
#15234 = ORIENTED_EDGE('',*,*,#15235,.F.);
#15235 = EDGE_CURVE('',#14395,#14365,#15236,.T.);
#15236 = LINE('',#15237,#15238);
#15237 = CARTESIAN_POINT('',(144.2,-55.8,1.51));
#15238 = VECTOR('',#15239,1.);
#15239 = DIRECTION('',(1.,0.,0.));
#15240 = ORIENTED_EDGE('',*,*,#14394,.F.);
#15241 = FACE_BOUND('',#15242,.T.);
#15242 = EDGE_LOOP('',(#15243));
#15243 = ORIENTED_EDGE('',*,*,#15244,.T.);
#15244 = EDGE_CURVE('',#15245,#15245,#15247,.T.);
#15245 = VERTEX_POINT('',#15246);
#15246 = CARTESIAN_POINT('',(150.74,-74.4,1.51));
#15247 = CIRCLE('',#15248,0.5);
#15248 = AXIS2_PLACEMENT_3D('',#15249,#15250,#15251);
#15249 = CARTESIAN_POINT('',(150.74,-73.9,1.51));
#15250 = DIRECTION('',(-0.,0.,-1.));
#15251 = DIRECTION('',(-0.,-1.,0.));
#15252 = FACE_BOUND('',#15253,.T.);
#15253 = EDGE_LOOP('',(#15254));
#15254 = ORIENTED_EDGE('',*,*,#15255,.T.);
#15255 = EDGE_CURVE('',#15256,#15256,#15258,.T.);
#15256 = VERTEX_POINT('',#15257);
#15257 = CARTESIAN_POINT('',(153.28,-74.4,1.51));
#15258 = CIRCLE('',#15259,0.5);
#15259 = AXIS2_PLACEMENT_3D('',#15260,#15261,#15262);
#15260 = CARTESIAN_POINT('',(153.28,-73.9,1.51));
#15261 = DIRECTION('',(-0.,0.,-1.));
#15262 = DIRECTION('',(-0.,-1.,0.));
#15263 = FACE_BOUND('',#15264,.T.);
#15264 = EDGE_LOOP('',(#15265));
#15265 = ORIENTED_EDGE('',*,*,#15266,.T.);
#15266 = EDGE_CURVE('',#15267,#15267,#15269,.T.);
#15267 = VERTEX_POINT('',#15268);
#15268 = CARTESIAN_POINT('',(155.82,-74.4,1.51));
#15269 = CIRCLE('',#15270,0.5);
#15270 = AXIS2_PLACEMENT_3D('',#15271,#15272,#15273);
#15271 = CARTESIAN_POINT('',(155.82,-73.9,1.51));
#15272 = DIRECTION('',(-0.,0.,-1.));
#15273 = DIRECTION('',(-0.,-1.,0.));
#15274 = FACE_BOUND('',#15275,.T.);
#15275 = EDGE_LOOP('',(#15276));
#15276 = ORIENTED_EDGE('',*,*,#15277,.T.);
#15277 = EDGE_CURVE('',#15278,#15278,#15280,.T.);
#15278 = VERTEX_POINT('',#15279);
#15279 = CARTESIAN_POINT('',(157.824999,-71.22753,1.51));
#15280 = CIRCLE('',#15281,0.15);
#15281 = AXIS2_PLACEMENT_3D('',#15282,#15283,#15284);
#15282 = CARTESIAN_POINT('',(157.824999,-71.07753,1.51));
#15283 = DIRECTION('',(-0.,0.,-1.));
#15284 = DIRECTION('',(-0.,-1.,0.));
#15285 = FACE_BOUND('',#15286,.T.);
#15286 = EDGE_LOOP('',(#15287));
#15287 = ORIENTED_EDGE('',*,*,#15288,.T.);
#15288 = EDGE_CURVE('',#15289,#15289,#15291,.T.);
#15289 = VERTEX_POINT('',#15290);
#15290 = CARTESIAN_POINT('',(158.36,-74.4,1.51));
#15291 = CIRCLE('',#15292,0.5);
#15292 = AXIS2_PLACEMENT_3D('',#15293,#15294,#15295);
#15293 = CARTESIAN_POINT('',(158.36,-73.9,1.51));
#15294 = DIRECTION('',(-0.,0.,-1.));
#15295 = DIRECTION('',(-0.,-1.,0.));
#15296 = FACE_BOUND('',#15297,.T.);
#15297 = EDGE_LOOP('',(#15298));
#15298 = ORIENTED_EDGE('',*,*,#15299,.T.);
#15299 = EDGE_CURVE('',#15300,#15300,#15302,.T.);
#15300 = VERTEX_POINT('',#15301);
#15301 = CARTESIAN_POINT('',(160.9,-74.4,1.51));
#15302 = CIRCLE('',#15303,0.5);
#15303 = AXIS2_PLACEMENT_3D('',#15304,#15305,#15306);
#15304 = CARTESIAN_POINT('',(160.9,-73.9,1.51));
#15305 = DIRECTION('',(-0.,0.,-1.));
#15306 = DIRECTION('',(-0.,-1.,0.));
#15307 = FACE_BOUND('',#15308,.T.);
#15308 = EDGE_LOOP('',(#15309));
#15309 = ORIENTED_EDGE('',*,*,#15310,.T.);
#15310 = EDGE_CURVE('',#15311,#15311,#15313,.T.);
#15311 = VERTEX_POINT('',#15312);
#15312 = CARTESIAN_POINT('',(163.44,-74.4,1.51));
#15313 = CIRCLE('',#15314,0.5);
#15314 = AXIS2_PLACEMENT_3D('',#15315,#15316,#15317);
#15315 = CARTESIAN_POINT('',(163.44,-73.9,1.51));
#15316 = DIRECTION('',(-0.,0.,-1.));
#15317 = DIRECTION('',(-0.,-1.,0.));
#15318 = FACE_BOUND('',#15319,.T.);
#15319 = EDGE_LOOP('',(#15320));
#15320 = ORIENTED_EDGE('',*,*,#15321,.T.);
#15321 = EDGE_CURVE('',#15322,#15322,#15324,.T.);
#15322 = VERTEX_POINT('',#15323);
#15323 = CARTESIAN_POINT('',(165.98,-74.4,1.51));
#15324 = CIRCLE('',#15325,0.5);
#15325 = AXIS2_PLACEMENT_3D('',#15326,#15327,#15328);
#15326 = CARTESIAN_POINT('',(165.98,-73.9,1.51));
#15327 = DIRECTION('',(-0.,0.,-1.));
#15328 = DIRECTION('',(-0.,-1.,0.));
#15329 = FACE_BOUND('',#15330,.T.);
#15330 = EDGE_LOOP('',(#15331));
#15331 = ORIENTED_EDGE('',*,*,#15332,.T.);
#15332 = EDGE_CURVE('',#15333,#15333,#15335,.T.);
#15333 = VERTEX_POINT('',#15334);
#15334 = CARTESIAN_POINT('',(160.7,-71.85,1.51));
#15335 = CIRCLE('',#15336,0.15);
#15336 = AXIS2_PLACEMENT_3D('',#15337,#15338,#15339);
#15337 = CARTESIAN_POINT('',(160.7,-71.7,1.51));
#15338 = DIRECTION('',(-0.,0.,-1.));
#15339 = DIRECTION('',(-0.,-1.,0.));
#15340 = FACE_BOUND('',#15341,.T.);
#15341 = EDGE_LOOP('',(#15342));
#15342 = ORIENTED_EDGE('',*,*,#15343,.T.);
#15343 = EDGE_CURVE('',#15344,#15344,#15346,.T.);
#15344 = VERTEX_POINT('',#15345);
#15345 = CARTESIAN_POINT('',(162.5,-71.75,1.51));
#15346 = CIRCLE('',#15347,0.15);
#15347 = AXIS2_PLACEMENT_3D('',#15348,#15349,#15350);
#15348 = CARTESIAN_POINT('',(162.5,-71.6,1.51));
#15349 = DIRECTION('',(-0.,0.,-1.));
#15350 = DIRECTION('',(-0.,-1.,0.));
#15351 = FACE_BOUND('',#15352,.T.);
#15352 = EDGE_LOOP('',(#15353));
#15353 = ORIENTED_EDGE('',*,*,#15354,.T.);
#15354 = EDGE_CURVE('',#15355,#15355,#15357,.T.);
#15355 = VERTEX_POINT('',#15356);
#15356 = CARTESIAN_POINT('',(164.5,-71.75,1.51));
#15357 = CIRCLE('',#15358,0.15);
#15358 = AXIS2_PLACEMENT_3D('',#15359,#15360,#15361);
#15359 = CARTESIAN_POINT('',(164.5,-71.6,1.51));
#15360 = DIRECTION('',(-0.,0.,-1.));
#15361 = DIRECTION('',(-0.,-1.,0.));
#15362 = FACE_BOUND('',#15363,.T.);
#15363 = EDGE_LOOP('',(#15364));
#15364 = ORIENTED_EDGE('',*,*,#15365,.T.);
#15365 = EDGE_CURVE('',#15366,#15366,#15368,.T.);
#15366 = VERTEX_POINT('',#15367);
#15367 = CARTESIAN_POINT('',(165.1,-70.55,1.51));
#15368 = CIRCLE('',#15369,0.15);
#15369 = AXIS2_PLACEMENT_3D('',#15370,#15371,#15372);
#15370 = CARTESIAN_POINT('',(165.1,-70.4,1.51));
#15371 = DIRECTION('',(-0.,0.,-1.));
#15372 = DIRECTION('',(-0.,-1.,0.));
#15373 = FACE_BOUND('',#15374,.T.);
#15374 = EDGE_LOOP('',(#15375));
#15375 = ORIENTED_EDGE('',*,*,#15376,.T.);
#15376 = EDGE_CURVE('',#15377,#15377,#15379,.T.);
#15377 = VERTEX_POINT('',#15378);
#15378 = CARTESIAN_POINT('',(151.3,-69.85,1.51));
#15379 = CIRCLE('',#15380,0.15);
#15380 = AXIS2_PLACEMENT_3D('',#15381,#15382,#15383);
#15381 = CARTESIAN_POINT('',(151.3,-69.7,1.51));
#15382 = DIRECTION('',(-0.,0.,-1.));
#15383 = DIRECTION('',(-0.,-1.,0.));
#15384 = FACE_BOUND('',#15385,.T.);
#15385 = EDGE_LOOP('',(#15386));
#15386 = ORIENTED_EDGE('',*,*,#15387,.T.);
#15387 = EDGE_CURVE('',#15388,#15388,#15390,.T.);
#15388 = VERTEX_POINT('',#15389);
#15389 = CARTESIAN_POINT('',(150.7,-68.6,1.51));
#15390 = CIRCLE('',#15391,0.5);
#15391 = AXIS2_PLACEMENT_3D('',#15392,#15393,#15394);
#15392 = CARTESIAN_POINT('',(150.7,-68.1,1.51));
#15393 = DIRECTION('',(-0.,0.,-1.));
#15394 = DIRECTION('',(-0.,-1.,0.));
#15395 = FACE_BOUND('',#15396,.T.);
#15396 = EDGE_LOOP('',(#15397));
#15397 = ORIENTED_EDGE('',*,*,#15398,.T.);
#15398 = EDGE_CURVE('',#15399,#15399,#15401,.T.);
#15399 = VERTEX_POINT('',#15400);
#15400 = CARTESIAN_POINT('',(155.4,-68.05,1.51));
#15401 = CIRCLE('',#15402,0.15);
#15402 = AXIS2_PLACEMENT_3D('',#15403,#15404,#15405);
#15403 = CARTESIAN_POINT('',(155.4,-67.9,1.51));
#15404 = DIRECTION('',(-0.,0.,-1.));
#15405 = DIRECTION('',(-0.,-1.,0.));
#15406 = FACE_BOUND('',#15407,.T.);
#15407 = EDGE_LOOP('',(#15408));
#15408 = ORIENTED_EDGE('',*,*,#15409,.T.);
#15409 = EDGE_CURVE('',#15410,#15410,#15412,.T.);
#15410 = VERTEX_POINT('',#15411);
#15411 = CARTESIAN_POINT('',(157.804835,-67.575648,1.51));
#15412 = CIRCLE('',#15413,0.15);
#15413 = AXIS2_PLACEMENT_3D('',#15414,#15415,#15416);
#15414 = CARTESIAN_POINT('',(157.804835,-67.425648,1.51));
#15415 = DIRECTION('',(-0.,0.,-1.));
#15416 = DIRECTION('',(-0.,-1.,0.));
#15417 = FACE_BOUND('',#15418,.T.);
#15418 = EDGE_LOOP('',(#15419));
#15419 = ORIENTED_EDGE('',*,*,#15420,.T.);
#15420 = EDGE_CURVE('',#15421,#15421,#15423,.T.);
#15421 = VERTEX_POINT('',#15422);
#15422 = CARTESIAN_POINT('',(165.293102,-69.409448,1.51));
#15423 = CIRCLE('',#15424,0.15);
#15424 = AXIS2_PLACEMENT_3D('',#15425,#15426,#15427);
#15425 = CARTESIAN_POINT('',(165.293102,-69.259448,1.51));
#15426 = DIRECTION('',(-0.,0.,-1.));
#15427 = DIRECTION('',(-0.,-1.,0.));
#15428 = FACE_BOUND('',#15429,.T.);
#15429 = EDGE_LOOP('',(#15430));
#15430 = ORIENTED_EDGE('',*,*,#15431,.T.);
#15431 = EDGE_CURVE('',#15432,#15432,#15434,.T.);
#15432 = VERTEX_POINT('',#15433);
#15433 = CARTESIAN_POINT('',(163.927746,-69.077746,1.51));
#15434 = CIRCLE('',#15435,0.15);
#15435 = AXIS2_PLACEMENT_3D('',#15436,#15437,#15438);
#15436 = CARTESIAN_POINT('',(163.927746,-68.927746,1.51));
#15437 = DIRECTION('',(-0.,0.,-1.));
#15438 = DIRECTION('',(-0.,-1.,0.));
#15439 = FACE_BOUND('',#15440,.T.);
#15440 = EDGE_LOOP('',(#15441));
#15441 = ORIENTED_EDGE('',*,*,#15442,.T.);
#15442 = EDGE_CURVE('',#15443,#15443,#15445,.T.);
#15443 = VERTEX_POINT('',#15444);
#15444 = CARTESIAN_POINT('',(159.1,-68.15,1.51));
#15445 = CIRCLE('',#15446,0.15);
#15446 = AXIS2_PLACEMENT_3D('',#15447,#15448,#15449);
#15447 = CARTESIAN_POINT('',(159.1,-68.,1.51));
#15448 = DIRECTION('',(-0.,0.,-1.));
#15449 = DIRECTION('',(-0.,-1.,0.));
#15450 = FACE_BOUND('',#15451,.T.);
#15451 = EDGE_LOOP('',(#15452));
#15452 = ORIENTED_EDGE('',*,*,#15453,.T.);
#15453 = EDGE_CURVE('',#15454,#15454,#15456,.T.);
#15454 = VERTEX_POINT('',#15455);
#15455 = CARTESIAN_POINT('',(160.3,-67.55,1.51));
#15456 = CIRCLE('',#15457,0.15);
#15457 = AXIS2_PLACEMENT_3D('',#15458,#15459,#15460);
#15458 = CARTESIAN_POINT('',(160.3,-67.4,1.51));
#15459 = DIRECTION('',(-0.,0.,-1.));
#15460 = DIRECTION('',(-0.,-1.,0.));
#15461 = FACE_BOUND('',#15462,.T.);
#15462 = EDGE_LOOP('',(#15463));
#15463 = ORIENTED_EDGE('',*,*,#15464,.T.);
#15464 = EDGE_CURVE('',#15465,#15465,#15467,.T.);
#15465 = VERTEX_POINT('',#15466);
#15466 = CARTESIAN_POINT('',(162.333231,-66.765299,1.51));
#15467 = CIRCLE('',#15468,0.15);
#15468 = AXIS2_PLACEMENT_3D('',#15469,#15470,#15471);
#15469 = CARTESIAN_POINT('',(162.333231,-66.615299,1.51));
#15470 = DIRECTION('',(-0.,0.,-1.));
#15471 = DIRECTION('',(-0.,-1.,0.));
#15472 = FACE_BOUND('',#15473,.T.);
#15473 = EDGE_LOOP('',(#15474));
#15474 = ORIENTED_EDGE('',*,*,#15475,.T.);
#15475 = EDGE_CURVE('',#15476,#15476,#15478,.T.);
#15476 = VERTEX_POINT('',#15477);
#15477 = CARTESIAN_POINT('',(162.935283,-66.238482,1.51));
#15478 = CIRCLE('',#15479,0.15);
#15479 = AXIS2_PLACEMENT_3D('',#15480,#15481,#15482);
#15480 = CARTESIAN_POINT('',(162.935283,-66.088482,1.51));
#15481 = DIRECTION('',(-0.,0.,-1.));
#15482 = DIRECTION('',(-0.,-1.,0.));
#15483 = FACE_BOUND('',#15484,.T.);
#15484 = EDGE_LOOP('',(#15485));
#15485 = ORIENTED_EDGE('',*,*,#15486,.T.);
#15486 = EDGE_CURVE('',#15487,#15487,#15489,.T.);
#15487 = VERTEX_POINT('',#15488);
#15488 = CARTESIAN_POINT('',(168.52,-74.4,1.51));
#15489 = CIRCLE('',#15490,0.5);
#15490 = AXIS2_PLACEMENT_3D('',#15491,#15492,#15493);
#15491 = CARTESIAN_POINT('',(168.52,-73.9,1.51));
#15492 = DIRECTION('',(-0.,0.,-1.));
#15493 = DIRECTION('',(-0.,-1.,0.));
#15494 = FACE_BOUND('',#15495,.T.);
#15495 = EDGE_LOOP('',(#15496));
#15496 = ORIENTED_EDGE('',*,*,#15497,.T.);
#15497 = EDGE_CURVE('',#15498,#15498,#15500,.T.);
#15498 = VERTEX_POINT('',#15499);
#15499 = CARTESIAN_POINT('',(171.06,-74.4,1.51));
#15500 = CIRCLE('',#15501,0.5);
#15501 = AXIS2_PLACEMENT_3D('',#15502,#15503,#15504);
#15502 = CARTESIAN_POINT('',(171.06,-73.9,1.51));
#15503 = DIRECTION('',(-0.,0.,-1.));
#15504 = DIRECTION('',(-0.,-1.,0.));
#15505 = FACE_BOUND('',#15506,.T.);
#15506 = EDGE_LOOP('',(#15507));
#15507 = ORIENTED_EDGE('',*,*,#15508,.T.);
#15508 = EDGE_CURVE('',#15509,#15509,#15511,.T.);
#15509 = VERTEX_POINT('',#15510);
#15510 = CARTESIAN_POINT('',(173.6,-74.4,1.51));
#15511 = CIRCLE('',#15512,0.5);
#15512 = AXIS2_PLACEMENT_3D('',#15513,#15514,#15515);
#15513 = CARTESIAN_POINT('',(173.6,-73.9,1.51));
#15514 = DIRECTION('',(-0.,0.,-1.));
#15515 = DIRECTION('',(-0.,-1.,0.));
#15516 = FACE_BOUND('',#15517,.T.);
#15517 = EDGE_LOOP('',(#15518));
#15518 = ORIENTED_EDGE('',*,*,#15519,.T.);
#15519 = EDGE_CURVE('',#15520,#15520,#15522,.T.);
#15520 = VERTEX_POINT('',#15521);
#15521 = CARTESIAN_POINT('',(176.14,-74.4,1.51));
#15522 = CIRCLE('',#15523,0.5);
#15523 = AXIS2_PLACEMENT_3D('',#15524,#15525,#15526);
#15524 = CARTESIAN_POINT('',(176.14,-73.9,1.51));
#15525 = DIRECTION('',(-0.,0.,-1.));
#15526 = DIRECTION('',(-0.,-1.,0.));
#15527 = FACE_BOUND('',#15528,.T.);
#15528 = EDGE_LOOP('',(#15529));
#15529 = ORIENTED_EDGE('',*,*,#15530,.T.);
#15530 = EDGE_CURVE('',#15531,#15531,#15533,.T.);
#15531 = VERTEX_POINT('',#15532);
#15532 = CARTESIAN_POINT('',(178.68,-74.4,1.51));
#15533 = CIRCLE('',#15534,0.5);
#15534 = AXIS2_PLACEMENT_3D('',#15535,#15536,#15537);
#15535 = CARTESIAN_POINT('',(178.68,-73.9,1.51));
#15536 = DIRECTION('',(-0.,0.,-1.));
#15537 = DIRECTION('',(-0.,-1.,0.));
#15538 = FACE_BOUND('',#15539,.T.);
#15539 = EDGE_LOOP('',(#15540));
#15540 = ORIENTED_EDGE('',*,*,#15541,.T.);
#15541 = EDGE_CURVE('',#15542,#15542,#15544,.T.);
#15542 = VERTEX_POINT('',#15543);
#15543 = CARTESIAN_POINT('',(181.22,-74.4,1.51));
#15544 = CIRCLE('',#15545,0.5);
#15545 = AXIS2_PLACEMENT_3D('',#15546,#15547,#15548);
#15546 = CARTESIAN_POINT('',(181.22,-73.9,1.51));
#15547 = DIRECTION('',(-0.,0.,-1.));
#15548 = DIRECTION('',(-0.,-1.,0.));
#15549 = FACE_BOUND('',#15550,.T.);
#15550 = EDGE_LOOP('',(#15551));
#15551 = ORIENTED_EDGE('',*,*,#15552,.T.);
#15552 = EDGE_CURVE('',#15553,#15553,#15555,.T.);
#15553 = VERTEX_POINT('',#15554);
#15554 = CARTESIAN_POINT('',(183.76,-74.4,1.51));
#15555 = CIRCLE('',#15556,0.5);
#15556 = AXIS2_PLACEMENT_3D('',#15557,#15558,#15559);
#15557 = CARTESIAN_POINT('',(183.76,-73.9,1.51));
#15558 = DIRECTION('',(-0.,0.,-1.));
#15559 = DIRECTION('',(-0.,-1.,0.));
#15560 = FACE_BOUND('',#15561,.T.);
#15561 = EDGE_LOOP('',(#15562));
#15562 = ORIENTED_EDGE('',*,*,#15563,.T.);
#15563 = EDGE_CURVE('',#15564,#15564,#15566,.T.);
#15564 = VERTEX_POINT('',#15565);
#15565 = CARTESIAN_POINT('',(186.3,-74.4,1.51));
#15566 = CIRCLE('',#15567,0.5);
#15567 = AXIS2_PLACEMENT_3D('',#15568,#15569,#15570);
#15568 = CARTESIAN_POINT('',(186.3,-73.9,1.51));
#15569 = DIRECTION('',(-0.,0.,-1.));
#15570 = DIRECTION('',(-0.,-1.,0.));
#15571 = FACE_BOUND('',#15572,.T.);
#15572 = EDGE_LOOP('',(#15573));
#15573 = ORIENTED_EDGE('',*,*,#15574,.T.);
#15574 = EDGE_CURVE('',#15575,#15575,#15577,.T.);
#15575 = VERTEX_POINT('',#15576);
#15576 = CARTESIAN_POINT('',(183.3,-71.65,1.51));
#15577 = CIRCLE('',#15578,0.15);
#15578 = AXIS2_PLACEMENT_3D('',#15579,#15580,#15581);
#15579 = CARTESIAN_POINT('',(183.3,-71.5,1.51));
#15580 = DIRECTION('',(-0.,0.,-1.));
#15581 = DIRECTION('',(-0.,-1.,0.));
#15582 = FACE_BOUND('',#15583,.T.);
#15583 = EDGE_LOOP('',(#15584));
#15584 = ORIENTED_EDGE('',*,*,#15585,.T.);
#15585 = EDGE_CURVE('',#15586,#15586,#15588,.T.);
#15586 = VERTEX_POINT('',#15587);
#15587 = CARTESIAN_POINT('',(174.4,-69.15,1.51));
#15588 = CIRCLE('',#15589,0.15);
#15589 = AXIS2_PLACEMENT_3D('',#15590,#15591,#15592);
#15590 = CARTESIAN_POINT('',(174.4,-69.,1.51));
#15591 = DIRECTION('',(-0.,0.,-1.));
#15592 = DIRECTION('',(-0.,-1.,0.));
#15593 = FACE_BOUND('',#15594,.T.);
#15594 = EDGE_LOOP('',(#15595));
#15595 = ORIENTED_EDGE('',*,*,#15596,.T.);
#15596 = EDGE_CURVE('',#15597,#15597,#15599,.T.);
#15597 = VERTEX_POINT('',#15598);
#15598 = CARTESIAN_POINT('',(183.1,-69.24,1.51));
#15599 = CIRCLE('',#15600,0.5);
#15600 = AXIS2_PLACEMENT_3D('',#15601,#15602,#15603);
#15601 = CARTESIAN_POINT('',(183.1,-68.74,1.51));
#15602 = DIRECTION('',(-0.,0.,-1.));
#15603 = DIRECTION('',(-0.,-1.,0.));
#15604 = FACE_BOUND('',#15605,.T.);
#15605 = EDGE_LOOP('',(#15606));
#15606 = ORIENTED_EDGE('',*,*,#15607,.T.);
#15607 = EDGE_CURVE('',#15608,#15608,#15610,.T.);
#15608 = VERTEX_POINT('',#15609);
#15609 = CARTESIAN_POINT('',(186.9,-69.24,1.51));
#15610 = CIRCLE('',#15611,0.5);
#15611 = AXIS2_PLACEMENT_3D('',#15612,#15613,#15614);
#15612 = CARTESIAN_POINT('',(186.9,-68.74,1.51));
#15613 = DIRECTION('',(-0.,0.,-1.));
#15614 = DIRECTION('',(-0.,-1.,0.));
#15615 = FACE_BOUND('',#15616,.T.);
#15616 = EDGE_LOOP('',(#15617));
#15617 = ORIENTED_EDGE('',*,*,#15618,.T.);
#15618 = EDGE_CURVE('',#15619,#15619,#15621,.T.);
#15619 = VERTEX_POINT('',#15620);
#15620 = CARTESIAN_POINT('',(183.1,-66.7,1.51));
#15621 = CIRCLE('',#15622,0.5);
#15622 = AXIS2_PLACEMENT_3D('',#15623,#15624,#15625);
#15623 = CARTESIAN_POINT('',(183.1,-66.2,1.51));
#15624 = DIRECTION('',(-0.,0.,-1.));
#15625 = DIRECTION('',(-0.,-1.,0.));
#15626 = FACE_BOUND('',#15627,.T.);
#15627 = EDGE_LOOP('',(#15628));
#15628 = ORIENTED_EDGE('',*,*,#15629,.T.);
#15629 = EDGE_CURVE('',#15630,#15630,#15632,.T.);
#15630 = VERTEX_POINT('',#15631);
#15631 = CARTESIAN_POINT('',(186.9,-66.7,1.51));
#15632 = CIRCLE('',#15633,0.5);
#15633 = AXIS2_PLACEMENT_3D('',#15634,#15635,#15636);
#15634 = CARTESIAN_POINT('',(186.9,-66.2,1.51));
#15635 = DIRECTION('',(-0.,0.,-1.));
#15636 = DIRECTION('',(-0.,-1.,0.));
#15637 = FACE_BOUND('',#15638,.T.);
#15638 = EDGE_LOOP('',(#15639));
#15639 = ORIENTED_EDGE('',*,*,#15640,.T.);
#15640 = EDGE_CURVE('',#15641,#15641,#15643,.T.);
#15641 = VERTEX_POINT('',#15642);
#15642 = CARTESIAN_POINT('',(148.8,-64.65,1.51));
#15643 = CIRCLE('',#15644,0.15);
#15644 = AXIS2_PLACEMENT_3D('',#15645,#15646,#15647);
#15645 = CARTESIAN_POINT('',(148.8,-64.5,1.51));
#15646 = DIRECTION('',(-0.,0.,-1.));
#15647 = DIRECTION('',(-0.,-1.,0.));
#15648 = FACE_BOUND('',#15649,.T.);
#15649 = EDGE_LOOP('',(#15650));
#15650 = ORIENTED_EDGE('',*,*,#15651,.T.);
#15651 = EDGE_CURVE('',#15652,#15652,#15654,.T.);
#15652 = VERTEX_POINT('',#15653);
#15653 = CARTESIAN_POINT('',(157.050886,-65.550584,1.51));
#15654 = CIRCLE('',#15655,0.15);
#15655 = AXIS2_PLACEMENT_3D('',#15656,#15657,#15658);
#15656 = CARTESIAN_POINT('',(157.050886,-65.400584,1.51));
#15657 = DIRECTION('',(-0.,0.,-1.));
#15658 = DIRECTION('',(-0.,-1.,0.));
#15659 = FACE_BOUND('',#15660,.T.);
#15660 = EDGE_LOOP('',(#15661));
#15661 = ORIENTED_EDGE('',*,*,#15662,.T.);
#15662 = EDGE_CURVE('',#15663,#15663,#15665,.T.);
#15663 = VERTEX_POINT('',#15664);
#15664 = CARTESIAN_POINT('',(150.7,-64.2,1.51));
#15665 = CIRCLE('',#15666,0.5);
#15666 = AXIS2_PLACEMENT_3D('',#15667,#15668,#15669);
#15667 = CARTESIAN_POINT('',(150.7,-63.7,1.51));
#15668 = DIRECTION('',(-0.,0.,-1.));
#15669 = DIRECTION('',(-0.,-1.,0.));
#15670 = FACE_BOUND('',#15671,.T.);
#15671 = EDGE_LOOP('',(#15672));
#15672 = ORIENTED_EDGE('',*,*,#15673,.T.);
#15673 = EDGE_CURVE('',#15674,#15674,#15676,.T.);
#15674 = VERTEX_POINT('',#15675);
#15675 = CARTESIAN_POINT('',(151.8,-63.85,1.51));
#15676 = CIRCLE('',#15677,0.15);
#15677 = AXIS2_PLACEMENT_3D('',#15678,#15679,#15680);
#15678 = CARTESIAN_POINT('',(151.8,-63.7,1.51));
#15679 = DIRECTION('',(-0.,0.,-1.));
#15680 = DIRECTION('',(-0.,-1.,0.));
#15681 = FACE_BOUND('',#15682,.T.);
#15682 = EDGE_LOOP('',(#15683));
#15683 = ORIENTED_EDGE('',*,*,#15684,.T.);
#15684 = EDGE_CURVE('',#15685,#15685,#15687,.T.);
#15685 = VERTEX_POINT('',#15686);
#15686 = CARTESIAN_POINT('',(150.45,-62.55,1.51));
#15687 = CIRCLE('',#15688,0.15);
#15688 = AXIS2_PLACEMENT_3D('',#15689,#15690,#15691);
#15689 = CARTESIAN_POINT('',(150.45,-62.4,1.51));
#15690 = DIRECTION('',(-0.,0.,-1.));
#15691 = DIRECTION('',(-0.,-1.,0.));
#15692 = FACE_BOUND('',#15693,.T.);
#15693 = EDGE_LOOP('',(#15694));
#15694 = ORIENTED_EDGE('',*,*,#15695,.T.);
#15695 = EDGE_CURVE('',#15696,#15696,#15698,.T.);
#15696 = VERTEX_POINT('',#15697);
#15697 = CARTESIAN_POINT('',(160.8,-65.265,1.51));
#15698 = CIRCLE('',#15699,0.15);
#15699 = AXIS2_PLACEMENT_3D('',#15700,#15701,#15702);
#15700 = CARTESIAN_POINT('',(160.8,-65.115,1.51));
#15701 = DIRECTION('',(-0.,0.,-1.));
#15702 = DIRECTION('',(-0.,-1.,0.));
#15703 = FACE_BOUND('',#15704,.T.);
#15704 = EDGE_LOOP('',(#15705));
#15705 = ORIENTED_EDGE('',*,*,#15706,.T.);
#15706 = EDGE_CURVE('',#15707,#15707,#15709,.T.);
#15707 = VERTEX_POINT('',#15708);
#15708 = CARTESIAN_POINT('',(162.8,-65.45,1.51));
#15709 = CIRCLE('',#15710,0.15);
#15710 = AXIS2_PLACEMENT_3D('',#15711,#15712,#15713);
#15711 = CARTESIAN_POINT('',(162.8,-65.3,1.51));
#15712 = DIRECTION('',(-0.,0.,-1.));
#15713 = DIRECTION('',(-0.,-1.,0.));
#15714 = FACE_BOUND('',#15715,.T.);
#15715 = EDGE_LOOP('',(#15716));
#15716 = ORIENTED_EDGE('',*,*,#15717,.T.);
#15717 = EDGE_CURVE('',#15718,#15718,#15720,.T.);
#15718 = VERTEX_POINT('',#15719);
#15719 = CARTESIAN_POINT('',(151.5,-60.85,1.51));
#15720 = CIRCLE('',#15721,0.15);
#15721 = AXIS2_PLACEMENT_3D('',#15722,#15723,#15724);
#15722 = CARTESIAN_POINT('',(151.5,-60.7,1.51));
#15723 = DIRECTION('',(-0.,0.,-1.));
#15724 = DIRECTION('',(-0.,-1.,0.));
#15725 = FACE_BOUND('',#15726,.T.);
#15726 = EDGE_LOOP('',(#15727));
#15727 = ORIENTED_EDGE('',*,*,#15728,.T.);
#15728 = EDGE_CURVE('',#15729,#15729,#15731,.T.);
#15729 = VERTEX_POINT('',#15730);
#15730 = CARTESIAN_POINT('',(155.975,-60.95,1.51));
#15731 = CIRCLE('',#15732,0.15);
#15732 = AXIS2_PLACEMENT_3D('',#15733,#15734,#15735);
#15733 = CARTESIAN_POINT('',(155.975,-60.8,1.51));
#15734 = DIRECTION('',(-0.,0.,-1.));
#15735 = DIRECTION('',(-0.,-1.,0.));
#15736 = FACE_BOUND('',#15737,.T.);
#15737 = EDGE_LOOP('',(#15738));
#15738 = ORIENTED_EDGE('',*,*,#15739,.T.);
#15739 = EDGE_CURVE('',#15740,#15740,#15742,.T.);
#15740 = VERTEX_POINT('',#15741);
#15741 = CARTESIAN_POINT('',(157.4,-60.45,1.51));
#15742 = CIRCLE('',#15743,0.15);
#15743 = AXIS2_PLACEMENT_3D('',#15744,#15745,#15746);
#15744 = CARTESIAN_POINT('',(157.4,-60.3,1.51));
#15745 = DIRECTION('',(-0.,0.,-1.));
#15746 = DIRECTION('',(-0.,-1.,0.));
#15747 = FACE_BOUND('',#15748,.T.);
#15748 = EDGE_LOOP('',(#15749));
#15749 = ORIENTED_EDGE('',*,*,#15750,.T.);
#15750 = EDGE_CURVE('',#15751,#15751,#15753,.T.);
#15751 = VERTEX_POINT('',#15752);
#15752 = CARTESIAN_POINT('',(158.199997,-60.35,1.51));
#15753 = CIRCLE('',#15754,0.15);
#15754 = AXIS2_PLACEMENT_3D('',#15755,#15756,#15757);
#15755 = CARTESIAN_POINT('',(158.199997,-60.2,1.51));
#15756 = DIRECTION('',(-0.,0.,-1.));
#15757 = DIRECTION('',(-0.,-1.,0.));
#15758 = FACE_BOUND('',#15759,.T.);
#15759 = EDGE_LOOP('',(#15760));
#15760 = ORIENTED_EDGE('',*,*,#15761,.T.);
#15761 = EDGE_CURVE('',#15762,#15762,#15764,.T.);
#15762 = VERTEX_POINT('',#15763);
#15763 = CARTESIAN_POINT('',(150.74,-58.4,1.51));
#15764 = CIRCLE('',#15765,0.5);
#15765 = AXIS2_PLACEMENT_3D('',#15766,#15767,#15768);
#15766 = CARTESIAN_POINT('',(150.74,-57.9,1.51));
#15767 = DIRECTION('',(-0.,0.,-1.));
#15768 = DIRECTION('',(-0.,-1.,0.));
#15769 = FACE_BOUND('',#15770,.T.);
#15770 = EDGE_LOOP('',(#15771));
#15771 = ORIENTED_EDGE('',*,*,#15772,.T.);
#15772 = EDGE_CURVE('',#15773,#15773,#15775,.T.);
#15773 = VERTEX_POINT('',#15774);
#15774 = CARTESIAN_POINT('',(153.28,-58.4,1.51));
#15775 = CIRCLE('',#15776,0.5);
#15776 = AXIS2_PLACEMENT_3D('',#15777,#15778,#15779);
#15777 = CARTESIAN_POINT('',(153.28,-57.9,1.51));
#15778 = DIRECTION('',(-0.,0.,-1.));
#15779 = DIRECTION('',(-0.,-1.,0.));
#15780 = FACE_BOUND('',#15781,.T.);
#15781 = EDGE_LOOP('',(#15782));
#15782 = ORIENTED_EDGE('',*,*,#15783,.T.);
#15783 = EDGE_CURVE('',#15784,#15784,#15786,.T.);
#15784 = VERTEX_POINT('',#15785);
#15785 = CARTESIAN_POINT('',(155.82,-58.4,1.51));
#15786 = CIRCLE('',#15787,0.5);
#15787 = AXIS2_PLACEMENT_3D('',#15788,#15789,#15790);
#15788 = CARTESIAN_POINT('',(155.82,-57.9,1.51));
#15789 = DIRECTION('',(-0.,0.,-1.));
#15790 = DIRECTION('',(-0.,-1.,0.));
#15791 = FACE_BOUND('',#15792,.T.);
#15792 = EDGE_LOOP('',(#15793));
#15793 = ORIENTED_EDGE('',*,*,#15794,.T.);
#15794 = EDGE_CURVE('',#15795,#15795,#15797,.T.);
#15795 = VERTEX_POINT('',#15796);
#15796 = CARTESIAN_POINT('',(159.8,-60.85,1.51));
#15797 = CIRCLE('',#15798,0.15);
#15798 = AXIS2_PLACEMENT_3D('',#15799,#15800,#15801);
#15799 = CARTESIAN_POINT('',(159.8,-60.7,1.51));
#15800 = DIRECTION('',(-0.,0.,-1.));
#15801 = DIRECTION('',(-0.,-1.,0.));
#15802 = FACE_BOUND('',#15803,.T.);
#15803 = EDGE_LOOP('',(#15804));
#15804 = ORIENTED_EDGE('',*,*,#15805,.T.);
#15805 = EDGE_CURVE('',#15806,#15806,#15808,.T.);
#15806 = VERTEX_POINT('',#15807);
#15807 = CARTESIAN_POINT('',(160.8,-60.35,1.51));
#15808 = CIRCLE('',#15809,0.15);
#15809 = AXIS2_PLACEMENT_3D('',#15810,#15811,#15812);
#15810 = CARTESIAN_POINT('',(160.8,-60.2,1.51));
#15811 = DIRECTION('',(-0.,0.,-1.));
#15812 = DIRECTION('',(-0.,-1.,0.));
#15813 = FACE_BOUND('',#15814,.T.);
#15814 = EDGE_LOOP('',(#15815));
#15815 = ORIENTED_EDGE('',*,*,#15816,.T.);
#15816 = EDGE_CURVE('',#15817,#15817,#15819,.T.);
#15817 = VERTEX_POINT('',#15818);
#15818 = CARTESIAN_POINT('',(165.5,-60.221472,1.51));
#15819 = CIRCLE('',#15820,0.15);
#15820 = AXIS2_PLACEMENT_3D('',#15821,#15822,#15823);
#15821 = CARTESIAN_POINT('',(165.5,-60.071472,1.51));
#15822 = DIRECTION('',(-0.,0.,-1.));
#15823 = DIRECTION('',(-0.,-1.,0.));
#15824 = FACE_BOUND('',#15825,.T.);
#15825 = EDGE_LOOP('',(#15826));
#15826 = ORIENTED_EDGE('',*,*,#15827,.T.);
#15827 = EDGE_CURVE('',#15828,#15828,#15830,.T.);
#15828 = VERTEX_POINT('',#15829);
#15829 = CARTESIAN_POINT('',(158.36,-58.4,1.51));
#15830 = CIRCLE('',#15831,0.5);
#15831 = AXIS2_PLACEMENT_3D('',#15832,#15833,#15834);
#15832 = CARTESIAN_POINT('',(158.36,-57.9,1.51));
#15833 = DIRECTION('',(-0.,0.,-1.));
#15834 = DIRECTION('',(-0.,-1.,0.));
#15835 = FACE_BOUND('',#15836,.T.);
#15836 = EDGE_LOOP('',(#15837));
#15837 = ORIENTED_EDGE('',*,*,#15838,.T.);
#15838 = EDGE_CURVE('',#15839,#15839,#15841,.T.);
#15839 = VERTEX_POINT('',#15840);
#15840 = CARTESIAN_POINT('',(160.9,-58.4,1.51));
#15841 = CIRCLE('',#15842,0.5);
#15842 = AXIS2_PLACEMENT_3D('',#15843,#15844,#15845);
#15843 = CARTESIAN_POINT('',(160.9,-57.9,1.51));
#15844 = DIRECTION('',(-0.,0.,-1.));
#15845 = DIRECTION('',(-0.,-1.,0.));
#15846 = FACE_BOUND('',#15847,.T.);
#15847 = EDGE_LOOP('',(#15848));
#15848 = ORIENTED_EDGE('',*,*,#15849,.T.);
#15849 = EDGE_CURVE('',#15850,#15850,#15852,.T.);
#15850 = VERTEX_POINT('',#15851);
#15851 = CARTESIAN_POINT('',(163.44,-58.4,1.51));
#15852 = CIRCLE('',#15853,0.5);
#15853 = AXIS2_PLACEMENT_3D('',#15854,#15855,#15856);
#15854 = CARTESIAN_POINT('',(163.44,-57.9,1.51));
#15855 = DIRECTION('',(-0.,0.,-1.));
#15856 = DIRECTION('',(-0.,-1.,0.));
#15857 = FACE_BOUND('',#15858,.T.);
#15858 = EDGE_LOOP('',(#15859));
#15859 = ORIENTED_EDGE('',*,*,#15860,.T.);
#15860 = EDGE_CURVE('',#15861,#15861,#15863,.T.);
#15861 = VERTEX_POINT('',#15862);
#15862 = CARTESIAN_POINT('',(165.98,-58.4,1.51));
#15863 = CIRCLE('',#15864,0.5);
#15864 = AXIS2_PLACEMENT_3D('',#15865,#15866,#15867);
#15865 = CARTESIAN_POINT('',(165.98,-57.9,1.51));
#15866 = DIRECTION('',(-0.,0.,-1.));
#15867 = DIRECTION('',(-0.,-1.,0.));
#15868 = FACE_BOUND('',#15869,.T.);
#15869 = EDGE_LOOP('',(#15870));
#15870 = ORIENTED_EDGE('',*,*,#15871,.T.);
#15871 = EDGE_CURVE('',#15872,#15872,#15874,.T.);
#15872 = VERTEX_POINT('',#15873);
#15873 = CARTESIAN_POINT('',(170.8,-65.25,1.51));
#15874 = CIRCLE('',#15875,0.15);
#15875 = AXIS2_PLACEMENT_3D('',#15876,#15877,#15878);
#15876 = CARTESIAN_POINT('',(170.8,-65.1,1.51));
#15877 = DIRECTION('',(-0.,0.,-1.));
#15878 = DIRECTION('',(-0.,-1.,0.));
#15879 = FACE_BOUND('',#15880,.T.);
#15880 = EDGE_LOOP('',(#15881));
#15881 = ORIENTED_EDGE('',*,*,#15882,.T.);
#15882 = EDGE_CURVE('',#15883,#15883,#15885,.T.);
#15883 = VERTEX_POINT('',#15884);
#15884 = CARTESIAN_POINT('',(176.3,-64.55,1.51));
#15885 = CIRCLE('',#15886,0.15);
#15886 = AXIS2_PLACEMENT_3D('',#15887,#15888,#15889);
#15887 = CARTESIAN_POINT('',(176.3,-64.4,1.51));
#15888 = DIRECTION('',(-0.,0.,-1.));
#15889 = DIRECTION('',(-0.,-1.,0.));
#15890 = FACE_BOUND('',#15891,.T.);
#15891 = EDGE_LOOP('',(#15892));
#15892 = ORIENTED_EDGE('',*,*,#15893,.T.);
#15893 = EDGE_CURVE('',#15894,#15894,#15896,.T.);
#15894 = VERTEX_POINT('',#15895);
#15895 = CARTESIAN_POINT('',(170.438045,-63.92358,1.51));
#15896 = CIRCLE('',#15897,0.15);
#15897 = AXIS2_PLACEMENT_3D('',#15898,#15899,#15900);
#15898 = CARTESIAN_POINT('',(170.438045,-63.77358,1.51));
#15899 = DIRECTION('',(-0.,0.,-1.));
#15900 = DIRECTION('',(-0.,-1.,0.));
#15901 = FACE_BOUND('',#15902,.T.);
#15902 = EDGE_LOOP('',(#15903));
#15903 = ORIENTED_EDGE('',*,*,#15904,.T.);
#15904 = EDGE_CURVE('',#15905,#15905,#15907,.T.);
#15905 = VERTEX_POINT('',#15906);
#15906 = CARTESIAN_POINT('',(169.08322,-62.684835,1.51));
#15907 = CIRCLE('',#15908,0.15);
#15908 = AXIS2_PLACEMENT_3D('',#15909,#15910,#15911);
#15909 = CARTESIAN_POINT('',(169.08322,-62.534835,1.51));
#15910 = DIRECTION('',(-0.,0.,-1.));
#15911 = DIRECTION('',(1.894780628694E-13,-1.,-0.));
#15912 = FACE_BOUND('',#15913,.T.);
#15913 = EDGE_LOOP('',(#15914));
#15914 = ORIENTED_EDGE('',*,*,#15915,.T.);
#15915 = EDGE_CURVE('',#15916,#15916,#15918,.T.);
#15916 = VERTEX_POINT('',#15917);
#15917 = CARTESIAN_POINT('',(183.1,-64.16,1.51));
#15918 = CIRCLE('',#15919,0.5);
#15919 = AXIS2_PLACEMENT_3D('',#15920,#15921,#15922);
#15920 = CARTESIAN_POINT('',(183.1,-63.66,1.51));
#15921 = DIRECTION('',(-0.,0.,-1.));
#15922 = DIRECTION('',(-0.,-1.,0.));
#15923 = FACE_BOUND('',#15924,.T.);
#15924 = EDGE_LOOP('',(#15925));
#15925 = ORIENTED_EDGE('',*,*,#15926,.T.);
#15926 = EDGE_CURVE('',#15927,#15927,#15929,.T.);
#15927 = VERTEX_POINT('',#15928);
#15928 = CARTESIAN_POINT('',(186.9,-64.16,1.51));
#15929 = CIRCLE('',#15930,0.5);
#15930 = AXIS2_PLACEMENT_3D('',#15931,#15932,#15933);
#15931 = CARTESIAN_POINT('',(186.9,-63.66,1.51));
#15932 = DIRECTION('',(-0.,0.,-1.));
#15933 = DIRECTION('',(-0.,-1.,0.));
#15934 = FACE_BOUND('',#15935,.T.);
#15935 = EDGE_LOOP('',(#15936));
#15936 = ORIENTED_EDGE('',*,*,#15937,.T.);
#15937 = EDGE_CURVE('',#15938,#15938,#15940,.T.);
#15938 = VERTEX_POINT('',#15939);
#15939 = CARTESIAN_POINT('',(169.155313,-60.349999,1.51));
#15940 = CIRCLE('',#15941,0.15);
#15941 = AXIS2_PLACEMENT_3D('',#15942,#15943,#15944);
#15942 = CARTESIAN_POINT('',(169.155313,-60.199999,1.51));
#15943 = DIRECTION('',(-0.,0.,-1.));
#15944 = DIRECTION('',(-0.,-1.,0.));
#15945 = FACE_BOUND('',#15946,.T.);
#15946 = EDGE_LOOP('',(#15947));
#15947 = ORIENTED_EDGE('',*,*,#15948,.T.);
#15948 = EDGE_CURVE('',#15949,#15949,#15951,.T.);
#15949 = VERTEX_POINT('',#15950);
#15950 = CARTESIAN_POINT('',(168.52,-58.4,1.51));
#15951 = CIRCLE('',#15952,0.5);
#15952 = AXIS2_PLACEMENT_3D('',#15953,#15954,#15955);
#15953 = CARTESIAN_POINT('',(168.52,-57.9,1.51));
#15954 = DIRECTION('',(-0.,0.,-1.));
#15955 = DIRECTION('',(-0.,-1.,0.));
#15956 = FACE_BOUND('',#15957,.T.);
#15957 = EDGE_LOOP('',(#15958));
#15958 = ORIENTED_EDGE('',*,*,#15959,.T.);
#15959 = EDGE_CURVE('',#15960,#15960,#15962,.T.);
#15960 = VERTEX_POINT('',#15961);
#15961 = CARTESIAN_POINT('',(171.06,-58.4,1.51));
#15962 = CIRCLE('',#15963,0.5);
#15963 = AXIS2_PLACEMENT_3D('',#15964,#15965,#15966);
#15964 = CARTESIAN_POINT('',(171.06,-57.9,1.51));
#15965 = DIRECTION('',(-0.,0.,-1.));
#15966 = DIRECTION('',(-0.,-1.,0.));
#15967 = FACE_BOUND('',#15968,.T.);
#15968 = EDGE_LOOP('',(#15969));
#15969 = ORIENTED_EDGE('',*,*,#15970,.T.);
#15970 = EDGE_CURVE('',#15971,#15971,#15973,.T.);
#15971 = VERTEX_POINT('',#15972);
#15972 = CARTESIAN_POINT('',(173.6,-58.4,1.51));
#15973 = CIRCLE('',#15974,0.5);
#15974 = AXIS2_PLACEMENT_3D('',#15975,#15976,#15977);
#15975 = CARTESIAN_POINT('',(173.6,-57.9,1.51));
#15976 = DIRECTION('',(-0.,0.,-1.));
#15977 = DIRECTION('',(-0.,-1.,0.));
#15978 = FACE_BOUND('',#15979,.T.);
#15979 = EDGE_LOOP('',(#15980));
#15980 = ORIENTED_EDGE('',*,*,#15981,.T.);
#15981 = EDGE_CURVE('',#15982,#15982,#15984,.T.);
#15982 = VERTEX_POINT('',#15983);
#15983 = CARTESIAN_POINT('',(176.14,-58.4,1.51));
#15984 = CIRCLE('',#15985,0.5);
#15985 = AXIS2_PLACEMENT_3D('',#15986,#15987,#15988);
#15986 = CARTESIAN_POINT('',(176.14,-57.9,1.51));
#15987 = DIRECTION('',(-0.,0.,-1.));
#15988 = DIRECTION('',(-0.,-1.,0.));
#15989 = FACE_BOUND('',#15990,.T.);
#15990 = EDGE_LOOP('',(#15991));
#15991 = ORIENTED_EDGE('',*,*,#15992,.T.);
#15992 = EDGE_CURVE('',#15993,#15993,#15995,.T.);
#15993 = VERTEX_POINT('',#15994);
#15994 = CARTESIAN_POINT('',(178.68,-58.4,1.51));
#15995 = CIRCLE('',#15996,0.5);
#15996 = AXIS2_PLACEMENT_3D('',#15997,#15998,#15999);
#15997 = CARTESIAN_POINT('',(178.68,-57.9,1.51));
#15998 = DIRECTION('',(-0.,0.,-1.));
#15999 = DIRECTION('',(-0.,-1.,0.));
#16000 = FACE_BOUND('',#16001,.T.);
#16001 = EDGE_LOOP('',(#16002));
#16002 = ORIENTED_EDGE('',*,*,#16003,.T.);
#16003 = EDGE_CURVE('',#16004,#16004,#16006,.T.);
#16004 = VERTEX_POINT('',#16005);
#16005 = CARTESIAN_POINT('',(181.22,-58.4,1.51));
#16006 = CIRCLE('',#16007,0.5);
#16007 = AXIS2_PLACEMENT_3D('',#16008,#16009,#16010);
#16008 = CARTESIAN_POINT('',(181.22,-57.9,1.51));
#16009 = DIRECTION('',(-0.,0.,-1.));
#16010 = DIRECTION('',(-0.,-1.,0.));
#16011 = FACE_BOUND('',#16012,.T.);
#16012 = EDGE_LOOP('',(#16013));
#16013 = ORIENTED_EDGE('',*,*,#16014,.T.);
#16014 = EDGE_CURVE('',#16015,#16015,#16017,.T.);
#16015 = VERTEX_POINT('',#16016);
#16016 = CARTESIAN_POINT('',(183.76,-58.4,1.51));
#16017 = CIRCLE('',#16018,0.5);
#16018 = AXIS2_PLACEMENT_3D('',#16019,#16020,#16021);
#16019 = CARTESIAN_POINT('',(183.76,-57.9,1.51));
#16020 = DIRECTION('',(-0.,0.,-1.));
#16021 = DIRECTION('',(-0.,-1.,0.));
#16022 = FACE_BOUND('',#16023,.T.);
#16023 = EDGE_LOOP('',(#16024));
#16024 = ORIENTED_EDGE('',*,*,#16025,.T.);
#16025 = EDGE_CURVE('',#16026,#16026,#16028,.T.);
#16026 = VERTEX_POINT('',#16027);
#16027 = CARTESIAN_POINT('',(186.3,-58.4,1.51));
#16028 = CIRCLE('',#16029,0.5);
#16029 = AXIS2_PLACEMENT_3D('',#16030,#16031,#16032);
#16030 = CARTESIAN_POINT('',(186.3,-57.9,1.51));
#16031 = DIRECTION('',(-0.,0.,-1.));
#16032 = DIRECTION('',(-0.,-1.,0.));
#16033 = PLANE('',#16034);
#16034 = AXIS2_PLACEMENT_3D('',#16035,#16036,#16037);
#16035 = CARTESIAN_POINT('',(0.,0.,1.51));
#16036 = DIRECTION('',(0.,0.,1.));
#16037 = DIRECTION('',(1.,0.,-0.));
#16038 = ADVANCED_FACE('',(#16039),#16045,.T.);
#16039 = FACE_BOUND('',#16040,.T.);
#16040 = EDGE_LOOP('',(#16041,#16042,#16043,#16044));
#16041 = ORIENTED_EDGE('',*,*,#14402,.T.);
#16042 = ORIENTED_EDGE('',*,*,#15235,.T.);
#16043 = ORIENTED_EDGE('',*,*,#14362,.F.);
#16044 = ORIENTED_EDGE('',*,*,#14426,.F.);
#16045 = PLANE('',#16046);
#16046 = AXIS2_PLACEMENT_3D('',#16047,#16048,#16049);
#16047 = CARTESIAN_POINT('',(144.2,-55.8,0.));
#16048 = DIRECTION('',(0.,1.,0.));
#16049 = DIRECTION('',(1.,0.,0.));
#16050 = ADVANCED_FACE('',(#16051),#16062,.F.);
#16051 = FACE_BOUND('',#16052,.T.);
#16052 = EDGE_LOOP('',(#16053,#16054,#16060,#16061));
#16053 = ORIENTED_EDGE('',*,*,#14435,.T.);
#16054 = ORIENTED_EDGE('',*,*,#16055,.T.);
#16055 = EDGE_CURVE('',#14436,#15245,#16056,.T.);
#16056 = LINE('',#16057,#16058);
#16057 = CARTESIAN_POINT('',(150.74,-74.4,-4.6E-02));
#16058 = VECTOR('',#16059,1.);
#16059 = DIRECTION('',(0.,0.,1.));
#16060 = ORIENTED_EDGE('',*,*,#15244,.F.);
#16061 = ORIENTED_EDGE('',*,*,#16055,.F.);
#16062 = CYLINDRICAL_SURFACE('',#16063,0.5);
#16063 = AXIS2_PLACEMENT_3D('',#16064,#16065,#16066);
#16064 = CARTESIAN_POINT('',(150.74,-73.9,-4.6E-02));
#16065 = DIRECTION('',(-0.,-0.,-1.));
#16066 = DIRECTION('',(-0.,-1.,0.));
#16067 = ADVANCED_FACE('',(#16068),#16079,.F.);
#16068 = FACE_BOUND('',#16069,.T.);
#16069 = EDGE_LOOP('',(#16070,#16071,#16077,#16078));
#16070 = ORIENTED_EDGE('',*,*,#14446,.T.);
#16071 = ORIENTED_EDGE('',*,*,#16072,.T.);
#16072 = EDGE_CURVE('',#14447,#15256,#16073,.T.);
#16073 = LINE('',#16074,#16075);
#16074 = CARTESIAN_POINT('',(153.28,-74.4,-4.6E-02));
#16075 = VECTOR('',#16076,1.);
#16076 = DIRECTION('',(0.,0.,1.));
#16077 = ORIENTED_EDGE('',*,*,#15255,.F.);
#16078 = ORIENTED_EDGE('',*,*,#16072,.F.);
#16079 = CYLINDRICAL_SURFACE('',#16080,0.5);
#16080 = AXIS2_PLACEMENT_3D('',#16081,#16082,#16083);
#16081 = CARTESIAN_POINT('',(153.28,-73.9,-4.6E-02));
#16082 = DIRECTION('',(-0.,-0.,-1.));
#16083 = DIRECTION('',(-0.,-1.,0.));
#16084 = ADVANCED_FACE('',(#16085),#16096,.F.);
#16085 = FACE_BOUND('',#16086,.T.);
#16086 = EDGE_LOOP('',(#16087,#16088,#16094,#16095));
#16087 = ORIENTED_EDGE('',*,*,#14457,.T.);
#16088 = ORIENTED_EDGE('',*,*,#16089,.T.);
#16089 = EDGE_CURVE('',#14458,#15267,#16090,.T.);
#16090 = LINE('',#16091,#16092);
#16091 = CARTESIAN_POINT('',(155.82,-74.4,-4.6E-02));
#16092 = VECTOR('',#16093,1.);
#16093 = DIRECTION('',(0.,0.,1.));
#16094 = ORIENTED_EDGE('',*,*,#15266,.F.);
#16095 = ORIENTED_EDGE('',*,*,#16089,.F.);
#16096 = CYLINDRICAL_SURFACE('',#16097,0.5);
#16097 = AXIS2_PLACEMENT_3D('',#16098,#16099,#16100);
#16098 = CARTESIAN_POINT('',(155.82,-73.9,-4.6E-02));
#16099 = DIRECTION('',(-0.,-0.,-1.));
#16100 = DIRECTION('',(-0.,-1.,0.));
#16101 = ADVANCED_FACE('',(#16102),#16113,.F.);
#16102 = FACE_BOUND('',#16103,.T.);
#16103 = EDGE_LOOP('',(#16104,#16105,#16111,#16112));
#16104 = ORIENTED_EDGE('',*,*,#14468,.T.);
#16105 = ORIENTED_EDGE('',*,*,#16106,.T.);
#16106 = EDGE_CURVE('',#14469,#15278,#16107,.T.);
#16107 = LINE('',#16108,#16109);
#16108 = CARTESIAN_POINT('',(157.824999,-71.22753,-3.6E-02));
#16109 = VECTOR('',#16110,1.);
#16110 = DIRECTION('',(0.,0.,1.));
#16111 = ORIENTED_EDGE('',*,*,#15277,.F.);
#16112 = ORIENTED_EDGE('',*,*,#16106,.F.);
#16113 = CYLINDRICAL_SURFACE('',#16114,0.15);
#16114 = AXIS2_PLACEMENT_3D('',#16115,#16116,#16117);
#16115 = CARTESIAN_POINT('',(157.824999,-71.07753,-3.6E-02));
#16116 = DIRECTION('',(-0.,-0.,-1.));
#16117 = DIRECTION('',(-0.,-1.,0.));
#16118 = ADVANCED_FACE('',(#16119),#16130,.F.);
#16119 = FACE_BOUND('',#16120,.T.);
#16120 = EDGE_LOOP('',(#16121,#16122,#16128,#16129));
#16121 = ORIENTED_EDGE('',*,*,#14479,.T.);
#16122 = ORIENTED_EDGE('',*,*,#16123,.T.);
#16123 = EDGE_CURVE('',#14480,#15289,#16124,.T.);
#16124 = LINE('',#16125,#16126);
#16125 = CARTESIAN_POINT('',(158.36,-74.4,-4.6E-02));
#16126 = VECTOR('',#16127,1.);
#16127 = DIRECTION('',(0.,0.,1.));
#16128 = ORIENTED_EDGE('',*,*,#15288,.F.);
#16129 = ORIENTED_EDGE('',*,*,#16123,.F.);
#16130 = CYLINDRICAL_SURFACE('',#16131,0.5);
#16131 = AXIS2_PLACEMENT_3D('',#16132,#16133,#16134);
#16132 = CARTESIAN_POINT('',(158.36,-73.9,-4.6E-02));
#16133 = DIRECTION('',(-0.,-0.,-1.));
#16134 = DIRECTION('',(-0.,-1.,0.));
#16135 = ADVANCED_FACE('',(#16136),#16147,.F.);
#16136 = FACE_BOUND('',#16137,.T.);
#16137 = EDGE_LOOP('',(#16138,#16139,#16145,#16146));
#16138 = ORIENTED_EDGE('',*,*,#14490,.T.);
#16139 = ORIENTED_EDGE('',*,*,#16140,.T.);
#16140 = EDGE_CURVE('',#14491,#15300,#16141,.T.);
#16141 = LINE('',#16142,#16143);
#16142 = CARTESIAN_POINT('',(160.9,-74.4,-4.6E-02));
#16143 = VECTOR('',#16144,1.);
#16144 = DIRECTION('',(0.,0.,1.));
#16145 = ORIENTED_EDGE('',*,*,#15299,.F.);
#16146 = ORIENTED_EDGE('',*,*,#16140,.F.);
#16147 = CYLINDRICAL_SURFACE('',#16148,0.5);
#16148 = AXIS2_PLACEMENT_3D('',#16149,#16150,#16151);
#16149 = CARTESIAN_POINT('',(160.9,-73.9,-4.6E-02));
#16150 = DIRECTION('',(-0.,-0.,-1.));
#16151 = DIRECTION('',(-0.,-1.,0.));
#16152 = ADVANCED_FACE('',(#16153),#16164,.F.);
#16153 = FACE_BOUND('',#16154,.T.);
#16154 = EDGE_LOOP('',(#16155,#16156,#16162,#16163));
#16155 = ORIENTED_EDGE('',*,*,#14501,.T.);
#16156 = ORIENTED_EDGE('',*,*,#16157,.T.);
#16157 = EDGE_CURVE('',#14502,#15311,#16158,.T.);
#16158 = LINE('',#16159,#16160);
#16159 = CARTESIAN_POINT('',(163.44,-74.4,-4.6E-02));
#16160 = VECTOR('',#16161,1.);
#16161 = DIRECTION('',(0.,0.,1.));
#16162 = ORIENTED_EDGE('',*,*,#15310,.F.);
#16163 = ORIENTED_EDGE('',*,*,#16157,.F.);
#16164 = CYLINDRICAL_SURFACE('',#16165,0.5);
#16165 = AXIS2_PLACEMENT_3D('',#16166,#16167,#16168);
#16166 = CARTESIAN_POINT('',(163.44,-73.9,-4.6E-02));
#16167 = DIRECTION('',(-0.,-0.,-1.));
#16168 = DIRECTION('',(-0.,-1.,0.));
#16169 = ADVANCED_FACE('',(#16170),#16181,.F.);
#16170 = FACE_BOUND('',#16171,.T.);
#16171 = EDGE_LOOP('',(#16172,#16173,#16179,#16180));
#16172 = ORIENTED_EDGE('',*,*,#14512,.T.);
#16173 = ORIENTED_EDGE('',*,*,#16174,.T.);
#16174 = EDGE_CURVE('',#14513,#15322,#16175,.T.);
#16175 = LINE('',#16176,#16177);
#16176 = CARTESIAN_POINT('',(165.98,-74.4,-4.6E-02));
#16177 = VECTOR('',#16178,1.);
#16178 = DIRECTION('',(0.,0.,1.));
#16179 = ORIENTED_EDGE('',*,*,#15321,.F.);
#16180 = ORIENTED_EDGE('',*,*,#16174,.F.);
#16181 = CYLINDRICAL_SURFACE('',#16182,0.5);
#16182 = AXIS2_PLACEMENT_3D('',#16183,#16184,#16185);
#16183 = CARTESIAN_POINT('',(165.98,-73.9,-4.6E-02));
#16184 = DIRECTION('',(-0.,-0.,-1.));
#16185 = DIRECTION('',(-0.,-1.,0.));
#16186 = ADVANCED_FACE('',(#16187),#16198,.F.);
#16187 = FACE_BOUND('',#16188,.T.);
#16188 = EDGE_LOOP('',(#16189,#16190,#16196,#16197));
#16189 = ORIENTED_EDGE('',*,*,#14523,.T.);
#16190 = ORIENTED_EDGE('',*,*,#16191,.T.);
#16191 = EDGE_CURVE('',#14524,#15333,#16192,.T.);
#16192 = LINE('',#16193,#16194);
#16193 = CARTESIAN_POINT('',(160.7,-71.85,-3.6E-02));
#16194 = VECTOR('',#16195,1.);
#16195 = DIRECTION('',(0.,0.,1.));
#16196 = ORIENTED_EDGE('',*,*,#15332,.F.);
#16197 = ORIENTED_EDGE('',*,*,#16191,.F.);
#16198 = CYLINDRICAL_SURFACE('',#16199,0.15);
#16199 = AXIS2_PLACEMENT_3D('',#16200,#16201,#16202);
#16200 = CARTESIAN_POINT('',(160.7,-71.7,-3.6E-02));
#16201 = DIRECTION('',(-0.,-0.,-1.));
#16202 = DIRECTION('',(-0.,-1.,0.));
#16203 = ADVANCED_FACE('',(#16204),#16215,.F.);
#16204 = FACE_BOUND('',#16205,.T.);
#16205 = EDGE_LOOP('',(#16206,#16207,#16213,#16214));
#16206 = ORIENTED_EDGE('',*,*,#14534,.T.);
#16207 = ORIENTED_EDGE('',*,*,#16208,.T.);
#16208 = EDGE_CURVE('',#14535,#15344,#16209,.T.);
#16209 = LINE('',#16210,#16211);
#16210 = CARTESIAN_POINT('',(162.5,-71.75,-3.6E-02));
#16211 = VECTOR('',#16212,1.);
#16212 = DIRECTION('',(0.,0.,1.));
#16213 = ORIENTED_EDGE('',*,*,#15343,.F.);
#16214 = ORIENTED_EDGE('',*,*,#16208,.F.);
#16215 = CYLINDRICAL_SURFACE('',#16216,0.15);
#16216 = AXIS2_PLACEMENT_3D('',#16217,#16218,#16219);
#16217 = CARTESIAN_POINT('',(162.5,-71.6,-3.6E-02));
#16218 = DIRECTION('',(-0.,-0.,-1.));
#16219 = DIRECTION('',(-0.,-1.,0.));
#16220 = ADVANCED_FACE('',(#16221),#16232,.F.);
#16221 = FACE_BOUND('',#16222,.T.);
#16222 = EDGE_LOOP('',(#16223,#16224,#16230,#16231));
#16223 = ORIENTED_EDGE('',*,*,#14545,.T.);
#16224 = ORIENTED_EDGE('',*,*,#16225,.T.);
#16225 = EDGE_CURVE('',#14546,#15355,#16226,.T.);
#16226 = LINE('',#16227,#16228);
#16227 = CARTESIAN_POINT('',(164.5,-71.75,-3.6E-02));
#16228 = VECTOR('',#16229,1.);
#16229 = DIRECTION('',(0.,0.,1.));
#16230 = ORIENTED_EDGE('',*,*,#15354,.F.);
#16231 = ORIENTED_EDGE('',*,*,#16225,.F.);
#16232 = CYLINDRICAL_SURFACE('',#16233,0.15);
#16233 = AXIS2_PLACEMENT_3D('',#16234,#16235,#16236);
#16234 = CARTESIAN_POINT('',(164.5,-71.6,-3.6E-02));
#16235 = DIRECTION('',(-0.,-0.,-1.));
#16236 = DIRECTION('',(-0.,-1.,0.));
#16237 = ADVANCED_FACE('',(#16238),#16249,.F.);
#16238 = FACE_BOUND('',#16239,.T.);
#16239 = EDGE_LOOP('',(#16240,#16241,#16247,#16248));
#16240 = ORIENTED_EDGE('',*,*,#14556,.T.);
#16241 = ORIENTED_EDGE('',*,*,#16242,.T.);
#16242 = EDGE_CURVE('',#14557,#15366,#16243,.T.);
#16243 = LINE('',#16244,#16245);
#16244 = CARTESIAN_POINT('',(165.1,-70.55,-3.6E-02));
#16245 = VECTOR('',#16246,1.);
#16246 = DIRECTION('',(0.,0.,1.));
#16247 = ORIENTED_EDGE('',*,*,#15365,.F.);
#16248 = ORIENTED_EDGE('',*,*,#16242,.F.);
#16249 = CYLINDRICAL_SURFACE('',#16250,0.15);
#16250 = AXIS2_PLACEMENT_3D('',#16251,#16252,#16253);
#16251 = CARTESIAN_POINT('',(165.1,-70.4,-3.6E-02));
#16252 = DIRECTION('',(-0.,-0.,-1.));
#16253 = DIRECTION('',(-0.,-1.,0.));
#16254 = ADVANCED_FACE('',(#16255),#16266,.F.);
#16255 = FACE_BOUND('',#16256,.T.);
#16256 = EDGE_LOOP('',(#16257,#16258,#16264,#16265));
#16257 = ORIENTED_EDGE('',*,*,#14567,.T.);
#16258 = ORIENTED_EDGE('',*,*,#16259,.T.);
#16259 = EDGE_CURVE('',#14568,#15377,#16260,.T.);
#16260 = LINE('',#16261,#16262);
#16261 = CARTESIAN_POINT('',(151.3,-69.85,-3.6E-02));
#16262 = VECTOR('',#16263,1.);
#16263 = DIRECTION('',(0.,0.,1.));
#16264 = ORIENTED_EDGE('',*,*,#15376,.F.);
#16265 = ORIENTED_EDGE('',*,*,#16259,.F.);
#16266 = CYLINDRICAL_SURFACE('',#16267,0.15);
#16267 = AXIS2_PLACEMENT_3D('',#16268,#16269,#16270);
#16268 = CARTESIAN_POINT('',(151.3,-69.7,-3.6E-02));
#16269 = DIRECTION('',(-0.,-0.,-1.));
#16270 = DIRECTION('',(-0.,-1.,0.));
#16271 = ADVANCED_FACE('',(#16272),#16283,.F.);
#16272 = FACE_BOUND('',#16273,.T.);
#16273 = EDGE_LOOP('',(#16274,#16275,#16281,#16282));
#16274 = ORIENTED_EDGE('',*,*,#14578,.T.);
#16275 = ORIENTED_EDGE('',*,*,#16276,.T.);
#16276 = EDGE_CURVE('',#14579,#15388,#16277,.T.);
#16277 = LINE('',#16278,#16279);
#16278 = CARTESIAN_POINT('',(150.7,-68.6,-4.6E-02));
#16279 = VECTOR('',#16280,1.);
#16280 = DIRECTION('',(0.,0.,1.));
#16281 = ORIENTED_EDGE('',*,*,#15387,.F.);
#16282 = ORIENTED_EDGE('',*,*,#16276,.F.);
#16283 = CYLINDRICAL_SURFACE('',#16284,0.5);
#16284 = AXIS2_PLACEMENT_3D('',#16285,#16286,#16287);
#16285 = CARTESIAN_POINT('',(150.7,-68.1,-4.6E-02));
#16286 = DIRECTION('',(-0.,-0.,-1.));
#16287 = DIRECTION('',(-0.,-1.,0.));
#16288 = ADVANCED_FACE('',(#16289),#16300,.F.);
#16289 = FACE_BOUND('',#16290,.T.);
#16290 = EDGE_LOOP('',(#16291,#16292,#16298,#16299));
#16291 = ORIENTED_EDGE('',*,*,#14589,.T.);
#16292 = ORIENTED_EDGE('',*,*,#16293,.T.);
#16293 = EDGE_CURVE('',#14590,#15399,#16294,.T.);
#16294 = LINE('',#16295,#16296);
#16295 = CARTESIAN_POINT('',(155.4,-68.05,-3.6E-02));
#16296 = VECTOR('',#16297,1.);
#16297 = DIRECTION('',(0.,0.,1.));
#16298 = ORIENTED_EDGE('',*,*,#15398,.F.);
#16299 = ORIENTED_EDGE('',*,*,#16293,.F.);
#16300 = CYLINDRICAL_SURFACE('',#16301,0.15);
#16301 = AXIS2_PLACEMENT_3D('',#16302,#16303,#16304);
#16302 = CARTESIAN_POINT('',(155.4,-67.9,-3.6E-02));
#16303 = DIRECTION('',(-0.,-0.,-1.));
#16304 = DIRECTION('',(-0.,-1.,0.));
#16305 = ADVANCED_FACE('',(#16306),#16317,.F.);
#16306 = FACE_BOUND('',#16307,.T.);
#16307 = EDGE_LOOP('',(#16308,#16309,#16315,#16316));
#16308 = ORIENTED_EDGE('',*,*,#14600,.T.);
#16309 = ORIENTED_EDGE('',*,*,#16310,.T.);
#16310 = EDGE_CURVE('',#14601,#15410,#16311,.T.);
#16311 = LINE('',#16312,#16313);
#16312 = CARTESIAN_POINT('',(157.804835,-67.575648,-3.6E-02));
#16313 = VECTOR('',#16314,1.);
#16314 = DIRECTION('',(0.,0.,1.));
#16315 = ORIENTED_EDGE('',*,*,#15409,.F.);
#16316 = ORIENTED_EDGE('',*,*,#16310,.F.);
#16317 = CYLINDRICAL_SURFACE('',#16318,0.15);
#16318 = AXIS2_PLACEMENT_3D('',#16319,#16320,#16321);
#16319 = CARTESIAN_POINT('',(157.804835,-67.425648,-3.6E-02));
#16320 = DIRECTION('',(-0.,-0.,-1.));
#16321 = DIRECTION('',(-0.,-1.,0.));
#16322 = ADVANCED_FACE('',(#16323),#16334,.F.);
#16323 = FACE_BOUND('',#16324,.T.);
#16324 = EDGE_LOOP('',(#16325,#16326,#16332,#16333));
#16325 = ORIENTED_EDGE('',*,*,#14611,.T.);
#16326 = ORIENTED_EDGE('',*,*,#16327,.T.);
#16327 = EDGE_CURVE('',#14612,#15421,#16328,.T.);
#16328 = LINE('',#16329,#16330);
#16329 = CARTESIAN_POINT('',(165.293102,-69.409448,-3.6E-02));
#16330 = VECTOR('',#16331,1.);
#16331 = DIRECTION('',(0.,0.,1.));
#16332 = ORIENTED_EDGE('',*,*,#15420,.F.);
#16333 = ORIENTED_EDGE('',*,*,#16327,.F.);
#16334 = CYLINDRICAL_SURFACE('',#16335,0.15);
#16335 = AXIS2_PLACEMENT_3D('',#16336,#16337,#16338);
#16336 = CARTESIAN_POINT('',(165.293102,-69.259448,-3.6E-02));
#16337 = DIRECTION('',(-0.,-0.,-1.));
#16338 = DIRECTION('',(-0.,-1.,0.));
#16339 = ADVANCED_FACE('',(#16340),#16351,.F.);
#16340 = FACE_BOUND('',#16341,.T.);
#16341 = EDGE_LOOP('',(#16342,#16343,#16349,#16350));
#16342 = ORIENTED_EDGE('',*,*,#14622,.T.);
#16343 = ORIENTED_EDGE('',*,*,#16344,.T.);
#16344 = EDGE_CURVE('',#14623,#15432,#16345,.T.);
#16345 = LINE('',#16346,#16347);
#16346 = CARTESIAN_POINT('',(163.927746,-69.077746,-3.6E-02));
#16347 = VECTOR('',#16348,1.);
#16348 = DIRECTION('',(0.,0.,1.));
#16349 = ORIENTED_EDGE('',*,*,#15431,.F.);
#16350 = ORIENTED_EDGE('',*,*,#16344,.F.);
#16351 = CYLINDRICAL_SURFACE('',#16352,0.15);
#16352 = AXIS2_PLACEMENT_3D('',#16353,#16354,#16355);
#16353 = CARTESIAN_POINT('',(163.927746,-68.927746,-3.6E-02));
#16354 = DIRECTION('',(-0.,-0.,-1.));
#16355 = DIRECTION('',(-0.,-1.,0.));
#16356 = ADVANCED_FACE('',(#16357),#16368,.F.);
#16357 = FACE_BOUND('',#16358,.T.);
#16358 = EDGE_LOOP('',(#16359,#16360,#16366,#16367));
#16359 = ORIENTED_EDGE('',*,*,#14633,.T.);
#16360 = ORIENTED_EDGE('',*,*,#16361,.T.);
#16361 = EDGE_CURVE('',#14634,#15443,#16362,.T.);
#16362 = LINE('',#16363,#16364);
#16363 = CARTESIAN_POINT('',(159.1,-68.15,-3.6E-02));
#16364 = VECTOR('',#16365,1.);
#16365 = DIRECTION('',(0.,0.,1.));
#16366 = ORIENTED_EDGE('',*,*,#15442,.F.);
#16367 = ORIENTED_EDGE('',*,*,#16361,.F.);
#16368 = CYLINDRICAL_SURFACE('',#16369,0.15);
#16369 = AXIS2_PLACEMENT_3D('',#16370,#16371,#16372);
#16370 = CARTESIAN_POINT('',(159.1,-68.,-3.6E-02));
#16371 = DIRECTION('',(-0.,-0.,-1.));
#16372 = DIRECTION('',(-0.,-1.,0.));
#16373 = ADVANCED_FACE('',(#16374),#16385,.F.);
#16374 = FACE_BOUND('',#16375,.T.);
#16375 = EDGE_LOOP('',(#16376,#16377,#16383,#16384));
#16376 = ORIENTED_EDGE('',*,*,#14644,.T.);
#16377 = ORIENTED_EDGE('',*,*,#16378,.T.);
#16378 = EDGE_CURVE('',#14645,#15454,#16379,.T.);
#16379 = LINE('',#16380,#16381);
#16380 = CARTESIAN_POINT('',(160.3,-67.55,-3.6E-02));
#16381 = VECTOR('',#16382,1.);
#16382 = DIRECTION('',(0.,0.,1.));
#16383 = ORIENTED_EDGE('',*,*,#15453,.F.);
#16384 = ORIENTED_EDGE('',*,*,#16378,.F.);
#16385 = CYLINDRICAL_SURFACE('',#16386,0.15);
#16386 = AXIS2_PLACEMENT_3D('',#16387,#16388,#16389);
#16387 = CARTESIAN_POINT('',(160.3,-67.4,-3.6E-02));
#16388 = DIRECTION('',(-0.,-0.,-1.));
#16389 = DIRECTION('',(-0.,-1.,0.));
#16390 = ADVANCED_FACE('',(#16391),#16402,.F.);
#16391 = FACE_BOUND('',#16392,.T.);
#16392 = EDGE_LOOP('',(#16393,#16394,#16400,#16401));
#16393 = ORIENTED_EDGE('',*,*,#14655,.T.);
#16394 = ORIENTED_EDGE('',*,*,#16395,.T.);
#16395 = EDGE_CURVE('',#14656,#15465,#16396,.T.);
#16396 = LINE('',#16397,#16398);
#16397 = CARTESIAN_POINT('',(162.333231,-66.765299,-3.6E-02));
#16398 = VECTOR('',#16399,1.);
#16399 = DIRECTION('',(0.,0.,1.));
#16400 = ORIENTED_EDGE('',*,*,#15464,.F.);
#16401 = ORIENTED_EDGE('',*,*,#16395,.F.);
#16402 = CYLINDRICAL_SURFACE('',#16403,0.15);
#16403 = AXIS2_PLACEMENT_3D('',#16404,#16405,#16406);
#16404 = CARTESIAN_POINT('',(162.333231,-66.615299,-3.6E-02));
#16405 = DIRECTION('',(-0.,-0.,-1.));
#16406 = DIRECTION('',(-0.,-1.,0.));
#16407 = ADVANCED_FACE('',(#16408),#16419,.F.);
#16408 = FACE_BOUND('',#16409,.T.);
#16409 = EDGE_LOOP('',(#16410,#16411,#16417,#16418));
#16410 = ORIENTED_EDGE('',*,*,#14666,.T.);
#16411 = ORIENTED_EDGE('',*,*,#16412,.T.);
#16412 = EDGE_CURVE('',#14667,#15476,#16413,.T.);
#16413 = LINE('',#16414,#16415);
#16414 = CARTESIAN_POINT('',(162.935283,-66.238482,-3.6E-02));
#16415 = VECTOR('',#16416,1.);
#16416 = DIRECTION('',(0.,0.,1.));
#16417 = ORIENTED_EDGE('',*,*,#15475,.F.);
#16418 = ORIENTED_EDGE('',*,*,#16412,.F.);
#16419 = CYLINDRICAL_SURFACE('',#16420,0.15);
#16420 = AXIS2_PLACEMENT_3D('',#16421,#16422,#16423);
#16421 = CARTESIAN_POINT('',(162.935283,-66.088482,-3.6E-02));
#16422 = DIRECTION('',(-0.,-0.,-1.));
#16423 = DIRECTION('',(-0.,-1.,0.));
#16424 = ADVANCED_FACE('',(#16425),#16436,.F.);
#16425 = FACE_BOUND('',#16426,.T.);
#16426 = EDGE_LOOP('',(#16427,#16428,#16434,#16435));
#16427 = ORIENTED_EDGE('',*,*,#14677,.T.);
#16428 = ORIENTED_EDGE('',*,*,#16429,.T.);
#16429 = EDGE_CURVE('',#14678,#15487,#16430,.T.);
#16430 = LINE('',#16431,#16432);
#16431 = CARTESIAN_POINT('',(168.52,-74.4,-4.6E-02));
#16432 = VECTOR('',#16433,1.);
#16433 = DIRECTION('',(0.,0.,1.));
#16434 = ORIENTED_EDGE('',*,*,#15486,.F.);
#16435 = ORIENTED_EDGE('',*,*,#16429,.F.);
#16436 = CYLINDRICAL_SURFACE('',#16437,0.5);
#16437 = AXIS2_PLACEMENT_3D('',#16438,#16439,#16440);
#16438 = CARTESIAN_POINT('',(168.52,-73.9,-4.6E-02));
#16439 = DIRECTION('',(-0.,-0.,-1.));
#16440 = DIRECTION('',(-0.,-1.,0.));
#16441 = ADVANCED_FACE('',(#16442),#16453,.F.);
#16442 = FACE_BOUND('',#16443,.T.);
#16443 = EDGE_LOOP('',(#16444,#16445,#16451,#16452));
#16444 = ORIENTED_EDGE('',*,*,#14688,.T.);
#16445 = ORIENTED_EDGE('',*,*,#16446,.T.);
#16446 = EDGE_CURVE('',#14689,#15498,#16447,.T.);
#16447 = LINE('',#16448,#16449);
#16448 = CARTESIAN_POINT('',(171.06,-74.4,-4.6E-02));
#16449 = VECTOR('',#16450,1.);
#16450 = DIRECTION('',(0.,0.,1.));
#16451 = ORIENTED_EDGE('',*,*,#15497,.F.);
#16452 = ORIENTED_EDGE('',*,*,#16446,.F.);
#16453 = CYLINDRICAL_SURFACE('',#16454,0.5);
#16454 = AXIS2_PLACEMENT_3D('',#16455,#16456,#16457);
#16455 = CARTESIAN_POINT('',(171.06,-73.9,-4.6E-02));
#16456 = DIRECTION('',(-0.,-0.,-1.));
#16457 = DIRECTION('',(-0.,-1.,0.));
#16458 = ADVANCED_FACE('',(#16459),#16470,.F.);
#16459 = FACE_BOUND('',#16460,.T.);
#16460 = EDGE_LOOP('',(#16461,#16462,#16468,#16469));
#16461 = ORIENTED_EDGE('',*,*,#14699,.T.);
#16462 = ORIENTED_EDGE('',*,*,#16463,.T.);
#16463 = EDGE_CURVE('',#14700,#15509,#16464,.T.);
#16464 = LINE('',#16465,#16466);
#16465 = CARTESIAN_POINT('',(173.6,-74.4,-4.6E-02));
#16466 = VECTOR('',#16467,1.);
#16467 = DIRECTION('',(0.,0.,1.));
#16468 = ORIENTED_EDGE('',*,*,#15508,.F.);
#16469 = ORIENTED_EDGE('',*,*,#16463,.F.);
#16470 = CYLINDRICAL_SURFACE('',#16471,0.5);
#16471 = AXIS2_PLACEMENT_3D('',#16472,#16473,#16474);
#16472 = CARTESIAN_POINT('',(173.6,-73.9,-4.6E-02));
#16473 = DIRECTION('',(-0.,-0.,-1.));
#16474 = DIRECTION('',(-0.,-1.,0.));
#16475 = ADVANCED_FACE('',(#16476),#16487,.F.);
#16476 = FACE_BOUND('',#16477,.T.);
#16477 = EDGE_LOOP('',(#16478,#16479,#16485,#16486));
#16478 = ORIENTED_EDGE('',*,*,#14710,.T.);
#16479 = ORIENTED_EDGE('',*,*,#16480,.T.);
#16480 = EDGE_CURVE('',#14711,#15520,#16481,.T.);
#16481 = LINE('',#16482,#16483);
#16482 = CARTESIAN_POINT('',(176.14,-74.4,-4.6E-02));
#16483 = VECTOR('',#16484,1.);
#16484 = DIRECTION('',(0.,0.,1.));
#16485 = ORIENTED_EDGE('',*,*,#15519,.F.);
#16486 = ORIENTED_EDGE('',*,*,#16480,.F.);
#16487 = CYLINDRICAL_SURFACE('',#16488,0.5);
#16488 = AXIS2_PLACEMENT_3D('',#16489,#16490,#16491);
#16489 = CARTESIAN_POINT('',(176.14,-73.9,-4.6E-02));
#16490 = DIRECTION('',(-0.,-0.,-1.));
#16491 = DIRECTION('',(-0.,-1.,0.));
#16492 = ADVANCED_FACE('',(#16493),#16504,.F.);
#16493 = FACE_BOUND('',#16494,.T.);
#16494 = EDGE_LOOP('',(#16495,#16496,#16502,#16503));
#16495 = ORIENTED_EDGE('',*,*,#14721,.T.);
#16496 = ORIENTED_EDGE('',*,*,#16497,.T.);
#16497 = EDGE_CURVE('',#14722,#15531,#16498,.T.);
#16498 = LINE('',#16499,#16500);
#16499 = CARTESIAN_POINT('',(178.68,-74.4,-4.6E-02));
#16500 = VECTOR('',#16501,1.);
#16501 = DIRECTION('',(0.,0.,1.));
#16502 = ORIENTED_EDGE('',*,*,#15530,.F.);
#16503 = ORIENTED_EDGE('',*,*,#16497,.F.);
#16504 = CYLINDRICAL_SURFACE('',#16505,0.5);
#16505 = AXIS2_PLACEMENT_3D('',#16506,#16507,#16508);
#16506 = CARTESIAN_POINT('',(178.68,-73.9,-4.6E-02));
#16507 = DIRECTION('',(-0.,-0.,-1.));
#16508 = DIRECTION('',(-0.,-1.,0.));
#16509 = ADVANCED_FACE('',(#16510),#16521,.F.);
#16510 = FACE_BOUND('',#16511,.T.);
#16511 = EDGE_LOOP('',(#16512,#16513,#16519,#16520));
#16512 = ORIENTED_EDGE('',*,*,#14732,.T.);
#16513 = ORIENTED_EDGE('',*,*,#16514,.T.);
#16514 = EDGE_CURVE('',#14733,#15542,#16515,.T.);
#16515 = LINE('',#16516,#16517);
#16516 = CARTESIAN_POINT('',(181.22,-74.4,-4.6E-02));
#16517 = VECTOR('',#16518,1.);
#16518 = DIRECTION('',(0.,0.,1.));
#16519 = ORIENTED_EDGE('',*,*,#15541,.F.);
#16520 = ORIENTED_EDGE('',*,*,#16514,.F.);
#16521 = CYLINDRICAL_SURFACE('',#16522,0.5);
#16522 = AXIS2_PLACEMENT_3D('',#16523,#16524,#16525);
#16523 = CARTESIAN_POINT('',(181.22,-73.9,-4.6E-02));
#16524 = DIRECTION('',(-0.,-0.,-1.));
#16525 = DIRECTION('',(-0.,-1.,0.));
#16526 = ADVANCED_FACE('',(#16527),#16538,.F.);
#16527 = FACE_BOUND('',#16528,.T.);
#16528 = EDGE_LOOP('',(#16529,#16530,#16536,#16537));
#16529 = ORIENTED_EDGE('',*,*,#14743,.T.);
#16530 = ORIENTED_EDGE('',*,*,#16531,.T.);
#16531 = EDGE_CURVE('',#14744,#15553,#16532,.T.);
#16532 = LINE('',#16533,#16534);
#16533 = CARTESIAN_POINT('',(183.76,-74.4,-4.6E-02));
#16534 = VECTOR('',#16535,1.);
#16535 = DIRECTION('',(0.,0.,1.));
#16536 = ORIENTED_EDGE('',*,*,#15552,.F.);
#16537 = ORIENTED_EDGE('',*,*,#16531,.F.);
#16538 = CYLINDRICAL_SURFACE('',#16539,0.5);
#16539 = AXIS2_PLACEMENT_3D('',#16540,#16541,#16542);
#16540 = CARTESIAN_POINT('',(183.76,-73.9,-4.6E-02));
#16541 = DIRECTION('',(-0.,-0.,-1.));
#16542 = DIRECTION('',(-0.,-1.,0.));
#16543 = ADVANCED_FACE('',(#16544),#16555,.F.);
#16544 = FACE_BOUND('',#16545,.T.);
#16545 = EDGE_LOOP('',(#16546,#16547,#16553,#16554));
#16546 = ORIENTED_EDGE('',*,*,#14754,.T.);
#16547 = ORIENTED_EDGE('',*,*,#16548,.T.);
#16548 = EDGE_CURVE('',#14755,#15564,#16549,.T.);
#16549 = LINE('',#16550,#16551);
#16550 = CARTESIAN_POINT('',(186.3,-74.4,-4.6E-02));
#16551 = VECTOR('',#16552,1.);
#16552 = DIRECTION('',(0.,0.,1.));
#16553 = ORIENTED_EDGE('',*,*,#15563,.F.);
#16554 = ORIENTED_EDGE('',*,*,#16548,.F.);
#16555 = CYLINDRICAL_SURFACE('',#16556,0.5);
#16556 = AXIS2_PLACEMENT_3D('',#16557,#16558,#16559);
#16557 = CARTESIAN_POINT('',(186.3,-73.9,-4.6E-02));
#16558 = DIRECTION('',(-0.,-0.,-1.));
#16559 = DIRECTION('',(-0.,-1.,0.));
#16560 = ADVANCED_FACE('',(#16561),#16572,.F.);
#16561 = FACE_BOUND('',#16562,.T.);
#16562 = EDGE_LOOP('',(#16563,#16564,#16570,#16571));
#16563 = ORIENTED_EDGE('',*,*,#14765,.T.);
#16564 = ORIENTED_EDGE('',*,*,#16565,.T.);
#16565 = EDGE_CURVE('',#14766,#15575,#16566,.T.);
#16566 = LINE('',#16567,#16568);
#16567 = CARTESIAN_POINT('',(183.3,-71.65,-3.6E-02));
#16568 = VECTOR('',#16569,1.);
#16569 = DIRECTION('',(0.,0.,1.));
#16570 = ORIENTED_EDGE('',*,*,#15574,.F.);
#16571 = ORIENTED_EDGE('',*,*,#16565,.F.);
#16572 = CYLINDRICAL_SURFACE('',#16573,0.15);
#16573 = AXIS2_PLACEMENT_3D('',#16574,#16575,#16576);
#16574 = CARTESIAN_POINT('',(183.3,-71.5,-3.6E-02));
#16575 = DIRECTION('',(-0.,-0.,-1.));
#16576 = DIRECTION('',(-0.,-1.,0.));
#16577 = ADVANCED_FACE('',(#16578),#16589,.F.);
#16578 = FACE_BOUND('',#16579,.T.);
#16579 = EDGE_LOOP('',(#16580,#16581,#16587,#16588));
#16580 = ORIENTED_EDGE('',*,*,#14776,.T.);
#16581 = ORIENTED_EDGE('',*,*,#16582,.T.);
#16582 = EDGE_CURVE('',#14777,#15586,#16583,.T.);
#16583 = LINE('',#16584,#16585);
#16584 = CARTESIAN_POINT('',(174.4,-69.15,-3.6E-02));
#16585 = VECTOR('',#16586,1.);
#16586 = DIRECTION('',(0.,0.,1.));
#16587 = ORIENTED_EDGE('',*,*,#15585,.F.);
#16588 = ORIENTED_EDGE('',*,*,#16582,.F.);
#16589 = CYLINDRICAL_SURFACE('',#16590,0.15);
#16590 = AXIS2_PLACEMENT_3D('',#16591,#16592,#16593);
#16591 = CARTESIAN_POINT('',(174.4,-69.,-3.6E-02));
#16592 = DIRECTION('',(-0.,-0.,-1.));
#16593 = DIRECTION('',(-0.,-1.,0.));
#16594 = ADVANCED_FACE('',(#16595),#16606,.F.);
#16595 = FACE_BOUND('',#16596,.T.);
#16596 = EDGE_LOOP('',(#16597,#16598,#16604,#16605));
#16597 = ORIENTED_EDGE('',*,*,#14787,.T.);
#16598 = ORIENTED_EDGE('',*,*,#16599,.T.);
#16599 = EDGE_CURVE('',#14788,#15597,#16600,.T.);
#16600 = LINE('',#16601,#16602);
#16601 = CARTESIAN_POINT('',(183.1,-69.24,-4.6E-02));
#16602 = VECTOR('',#16603,1.);
#16603 = DIRECTION('',(0.,0.,1.));
#16604 = ORIENTED_EDGE('',*,*,#15596,.F.);
#16605 = ORIENTED_EDGE('',*,*,#16599,.F.);
#16606 = CYLINDRICAL_SURFACE('',#16607,0.5);
#16607 = AXIS2_PLACEMENT_3D('',#16608,#16609,#16610);
#16608 = CARTESIAN_POINT('',(183.1,-68.74,-4.6E-02));
#16609 = DIRECTION('',(-0.,-0.,-1.));
#16610 = DIRECTION('',(-0.,-1.,0.));
#16611 = ADVANCED_FACE('',(#16612),#16623,.F.);
#16612 = FACE_BOUND('',#16613,.T.);
#16613 = EDGE_LOOP('',(#16614,#16615,#16621,#16622));
#16614 = ORIENTED_EDGE('',*,*,#14798,.T.);
#16615 = ORIENTED_EDGE('',*,*,#16616,.T.);
#16616 = EDGE_CURVE('',#14799,#15608,#16617,.T.);
#16617 = LINE('',#16618,#16619);
#16618 = CARTESIAN_POINT('',(186.9,-69.24,-4.6E-02));
#16619 = VECTOR('',#16620,1.);
#16620 = DIRECTION('',(0.,0.,1.));
#16621 = ORIENTED_EDGE('',*,*,#15607,.F.);
#16622 = ORIENTED_EDGE('',*,*,#16616,.F.);
#16623 = CYLINDRICAL_SURFACE('',#16624,0.5);
#16624 = AXIS2_PLACEMENT_3D('',#16625,#16626,#16627);
#16625 = CARTESIAN_POINT('',(186.9,-68.74,-4.6E-02));
#16626 = DIRECTION('',(-0.,-0.,-1.));
#16627 = DIRECTION('',(-0.,-1.,0.));
#16628 = ADVANCED_FACE('',(#16629),#16640,.F.);
#16629 = FACE_BOUND('',#16630,.T.);
#16630 = EDGE_LOOP('',(#16631,#16632,#16638,#16639));
#16631 = ORIENTED_EDGE('',*,*,#14809,.T.);
#16632 = ORIENTED_EDGE('',*,*,#16633,.T.);
#16633 = EDGE_CURVE('',#14810,#15619,#16634,.T.);
#16634 = LINE('',#16635,#16636);
#16635 = CARTESIAN_POINT('',(183.1,-66.7,-4.6E-02));
#16636 = VECTOR('',#16637,1.);
#16637 = DIRECTION('',(0.,0.,1.));
#16638 = ORIENTED_EDGE('',*,*,#15618,.F.);
#16639 = ORIENTED_EDGE('',*,*,#16633,.F.);
#16640 = CYLINDRICAL_SURFACE('',#16641,0.5);
#16641 = AXIS2_PLACEMENT_3D('',#16642,#16643,#16644);
#16642 = CARTESIAN_POINT('',(183.1,-66.2,-4.6E-02));
#16643 = DIRECTION('',(-0.,-0.,-1.));
#16644 = DIRECTION('',(-0.,-1.,0.));
#16645 = ADVANCED_FACE('',(#16646),#16657,.F.);
#16646 = FACE_BOUND('',#16647,.T.);
#16647 = EDGE_LOOP('',(#16648,#16649,#16655,#16656));
#16648 = ORIENTED_EDGE('',*,*,#14820,.T.);
#16649 = ORIENTED_EDGE('',*,*,#16650,.T.);
#16650 = EDGE_CURVE('',#14821,#15630,#16651,.T.);
#16651 = LINE('',#16652,#16653);
#16652 = CARTESIAN_POINT('',(186.9,-66.7,-4.6E-02));
#16653 = VECTOR('',#16654,1.);
#16654 = DIRECTION('',(0.,0.,1.));
#16655 = ORIENTED_EDGE('',*,*,#15629,.F.);
#16656 = ORIENTED_EDGE('',*,*,#16650,.F.);
#16657 = CYLINDRICAL_SURFACE('',#16658,0.5);
#16658 = AXIS2_PLACEMENT_3D('',#16659,#16660,#16661);
#16659 = CARTESIAN_POINT('',(186.9,-66.2,-4.6E-02));
#16660 = DIRECTION('',(-0.,-0.,-1.));
#16661 = DIRECTION('',(-0.,-1.,0.));
#16662 = ADVANCED_FACE('',(#16663),#16674,.F.);
#16663 = FACE_BOUND('',#16664,.T.);
#16664 = EDGE_LOOP('',(#16665,#16666,#16672,#16673));
#16665 = ORIENTED_EDGE('',*,*,#14831,.T.);
#16666 = ORIENTED_EDGE('',*,*,#16667,.T.);
#16667 = EDGE_CURVE('',#14832,#15641,#16668,.T.);
#16668 = LINE('',#16669,#16670);
#16669 = CARTESIAN_POINT('',(148.8,-64.65,-3.6E-02));
#16670 = VECTOR('',#16671,1.);
#16671 = DIRECTION('',(0.,0.,1.));
#16672 = ORIENTED_EDGE('',*,*,#15640,.F.);
#16673 = ORIENTED_EDGE('',*,*,#16667,.F.);
#16674 = CYLINDRICAL_SURFACE('',#16675,0.15);
#16675 = AXIS2_PLACEMENT_3D('',#16676,#16677,#16678);
#16676 = CARTESIAN_POINT('',(148.8,-64.5,-3.6E-02));
#16677 = DIRECTION('',(-0.,-0.,-1.));
#16678 = DIRECTION('',(-0.,-1.,0.));
#16679 = ADVANCED_FACE('',(#16680),#16691,.F.);
#16680 = FACE_BOUND('',#16681,.T.);
#16681 = EDGE_LOOP('',(#16682,#16683,#16689,#16690));
#16682 = ORIENTED_EDGE('',*,*,#14842,.T.);
#16683 = ORIENTED_EDGE('',*,*,#16684,.T.);
#16684 = EDGE_CURVE('',#14843,#15652,#16685,.T.);
#16685 = LINE('',#16686,#16687);
#16686 = CARTESIAN_POINT('',(157.050886,-65.550584,-3.6E-02));
#16687 = VECTOR('',#16688,1.);
#16688 = DIRECTION('',(0.,0.,1.));
#16689 = ORIENTED_EDGE('',*,*,#15651,.F.);
#16690 = ORIENTED_EDGE('',*,*,#16684,.F.);
#16691 = CYLINDRICAL_SURFACE('',#16692,0.15);
#16692 = AXIS2_PLACEMENT_3D('',#16693,#16694,#16695);
#16693 = CARTESIAN_POINT('',(157.050886,-65.400584,-3.6E-02));
#16694 = DIRECTION('',(-0.,-0.,-1.));
#16695 = DIRECTION('',(-0.,-1.,0.));
#16696 = ADVANCED_FACE('',(#16697),#16708,.F.);
#16697 = FACE_BOUND('',#16698,.T.);
#16698 = EDGE_LOOP('',(#16699,#16700,#16706,#16707));
#16699 = ORIENTED_EDGE('',*,*,#14853,.T.);
#16700 = ORIENTED_EDGE('',*,*,#16701,.T.);
#16701 = EDGE_CURVE('',#14854,#15663,#16702,.T.);
#16702 = LINE('',#16703,#16704);
#16703 = CARTESIAN_POINT('',(150.7,-64.2,-4.6E-02));
#16704 = VECTOR('',#16705,1.);
#16705 = DIRECTION('',(0.,0.,1.));
#16706 = ORIENTED_EDGE('',*,*,#15662,.F.);
#16707 = ORIENTED_EDGE('',*,*,#16701,.F.);
#16708 = CYLINDRICAL_SURFACE('',#16709,0.5);
#16709 = AXIS2_PLACEMENT_3D('',#16710,#16711,#16712);
#16710 = CARTESIAN_POINT('',(150.7,-63.7,-4.6E-02));
#16711 = DIRECTION('',(-0.,-0.,-1.));
#16712 = DIRECTION('',(-0.,-1.,0.));
#16713 = ADVANCED_FACE('',(#16714),#16725,.F.);
#16714 = FACE_BOUND('',#16715,.T.);
#16715 = EDGE_LOOP('',(#16716,#16717,#16723,#16724));
#16716 = ORIENTED_EDGE('',*,*,#14864,.T.);
#16717 = ORIENTED_EDGE('',*,*,#16718,.T.);
#16718 = EDGE_CURVE('',#14865,#15674,#16719,.T.);
#16719 = LINE('',#16720,#16721);
#16720 = CARTESIAN_POINT('',(151.8,-63.85,-3.6E-02));
#16721 = VECTOR('',#16722,1.);
#16722 = DIRECTION('',(0.,0.,1.));
#16723 = ORIENTED_EDGE('',*,*,#15673,.F.);
#16724 = ORIENTED_EDGE('',*,*,#16718,.F.);
#16725 = CYLINDRICAL_SURFACE('',#16726,0.15);
#16726 = AXIS2_PLACEMENT_3D('',#16727,#16728,#16729);
#16727 = CARTESIAN_POINT('',(151.8,-63.7,-3.6E-02));
#16728 = DIRECTION('',(-0.,-0.,-1.));
#16729 = DIRECTION('',(-0.,-1.,0.));
#16730 = ADVANCED_FACE('',(#16731),#16742,.F.);
#16731 = FACE_BOUND('',#16732,.T.);
#16732 = EDGE_LOOP('',(#16733,#16734,#16740,#16741));
#16733 = ORIENTED_EDGE('',*,*,#14875,.T.);
#16734 = ORIENTED_EDGE('',*,*,#16735,.T.);
#16735 = EDGE_CURVE('',#14876,#15685,#16736,.T.);
#16736 = LINE('',#16737,#16738);
#16737 = CARTESIAN_POINT('',(150.45,-62.55,-3.6E-02));
#16738 = VECTOR('',#16739,1.);
#16739 = DIRECTION('',(0.,0.,1.));
#16740 = ORIENTED_EDGE('',*,*,#15684,.F.);
#16741 = ORIENTED_EDGE('',*,*,#16735,.F.);
#16742 = CYLINDRICAL_SURFACE('',#16743,0.15);
#16743 = AXIS2_PLACEMENT_3D('',#16744,#16745,#16746);
#16744 = CARTESIAN_POINT('',(150.45,-62.4,-3.6E-02));
#16745 = DIRECTION('',(-0.,-0.,-1.));
#16746 = DIRECTION('',(-0.,-1.,0.));
#16747 = ADVANCED_FACE('',(#16748),#16759,.F.);
#16748 = FACE_BOUND('',#16749,.T.);
#16749 = EDGE_LOOP('',(#16750,#16751,#16757,#16758));
#16750 = ORIENTED_EDGE('',*,*,#14886,.T.);
#16751 = ORIENTED_EDGE('',*,*,#16752,.T.);
#16752 = EDGE_CURVE('',#14887,#15696,#16753,.T.);
#16753 = LINE('',#16754,#16755);
#16754 = CARTESIAN_POINT('',(160.8,-65.265,-3.6E-02));
#16755 = VECTOR('',#16756,1.);
#16756 = DIRECTION('',(0.,0.,1.));
#16757 = ORIENTED_EDGE('',*,*,#15695,.F.);
#16758 = ORIENTED_EDGE('',*,*,#16752,.F.);
#16759 = CYLINDRICAL_SURFACE('',#16760,0.15);
#16760 = AXIS2_PLACEMENT_3D('',#16761,#16762,#16763);
#16761 = CARTESIAN_POINT('',(160.8,-65.115,-3.6E-02));
#16762 = DIRECTION('',(-0.,-0.,-1.));
#16763 = DIRECTION('',(-0.,-1.,0.));
#16764 = ADVANCED_FACE('',(#16765),#16776,.F.);
#16765 = FACE_BOUND('',#16766,.T.);
#16766 = EDGE_LOOP('',(#16767,#16768,#16774,#16775));
#16767 = ORIENTED_EDGE('',*,*,#14897,.T.);
#16768 = ORIENTED_EDGE('',*,*,#16769,.T.);
#16769 = EDGE_CURVE('',#14898,#15707,#16770,.T.);
#16770 = LINE('',#16771,#16772);
#16771 = CARTESIAN_POINT('',(162.8,-65.45,-3.6E-02));
#16772 = VECTOR('',#16773,1.);
#16773 = DIRECTION('',(0.,0.,1.));
#16774 = ORIENTED_EDGE('',*,*,#15706,.F.);
#16775 = ORIENTED_EDGE('',*,*,#16769,.F.);
#16776 = CYLINDRICAL_SURFACE('',#16777,0.15);
#16777 = AXIS2_PLACEMENT_3D('',#16778,#16779,#16780);
#16778 = CARTESIAN_POINT('',(162.8,-65.3,-3.6E-02));
#16779 = DIRECTION('',(-0.,-0.,-1.));
#16780 = DIRECTION('',(-0.,-1.,0.));
#16781 = ADVANCED_FACE('',(#16782),#16793,.F.);
#16782 = FACE_BOUND('',#16783,.T.);
#16783 = EDGE_LOOP('',(#16784,#16785,#16791,#16792));
#16784 = ORIENTED_EDGE('',*,*,#14908,.T.);
#16785 = ORIENTED_EDGE('',*,*,#16786,.T.);
#16786 = EDGE_CURVE('',#14909,#15718,#16787,.T.);
#16787 = LINE('',#16788,#16789);
#16788 = CARTESIAN_POINT('',(151.5,-60.85,-3.6E-02));
#16789 = VECTOR('',#16790,1.);
#16790 = DIRECTION('',(0.,0.,1.));
#16791 = ORIENTED_EDGE('',*,*,#15717,.F.);
#16792 = ORIENTED_EDGE('',*,*,#16786,.F.);
#16793 = CYLINDRICAL_SURFACE('',#16794,0.15);
#16794 = AXIS2_PLACEMENT_3D('',#16795,#16796,#16797);
#16795 = CARTESIAN_POINT('',(151.5,-60.7,-3.6E-02));
#16796 = DIRECTION('',(-0.,-0.,-1.));
#16797 = DIRECTION('',(-0.,-1.,0.));
#16798 = ADVANCED_FACE('',(#16799),#16810,.F.);
#16799 = FACE_BOUND('',#16800,.T.);
#16800 = EDGE_LOOP('',(#16801,#16802,#16808,#16809));
#16801 = ORIENTED_EDGE('',*,*,#14919,.T.);
#16802 = ORIENTED_EDGE('',*,*,#16803,.T.);
#16803 = EDGE_CURVE('',#14920,#15729,#16804,.T.);
#16804 = LINE('',#16805,#16806);
#16805 = CARTESIAN_POINT('',(155.975,-60.95,-3.6E-02));
#16806 = VECTOR('',#16807,1.);
#16807 = DIRECTION('',(0.,0.,1.));
#16808 = ORIENTED_EDGE('',*,*,#15728,.F.);
#16809 = ORIENTED_EDGE('',*,*,#16803,.F.);
#16810 = CYLINDRICAL_SURFACE('',#16811,0.15);
#16811 = AXIS2_PLACEMENT_3D('',#16812,#16813,#16814);
#16812 = CARTESIAN_POINT('',(155.975,-60.8,-3.6E-02));
#16813 = DIRECTION('',(-0.,-0.,-1.));
#16814 = DIRECTION('',(-0.,-1.,0.));
#16815 = ADVANCED_FACE('',(#16816),#16827,.F.);
#16816 = FACE_BOUND('',#16817,.T.);
#16817 = EDGE_LOOP('',(#16818,#16819,#16825,#16826));
#16818 = ORIENTED_EDGE('',*,*,#14930,.T.);
#16819 = ORIENTED_EDGE('',*,*,#16820,.T.);
#16820 = EDGE_CURVE('',#14931,#15740,#16821,.T.);
#16821 = LINE('',#16822,#16823);
#16822 = CARTESIAN_POINT('',(157.4,-60.45,-3.6E-02));
#16823 = VECTOR('',#16824,1.);
#16824 = DIRECTION('',(0.,0.,1.));
#16825 = ORIENTED_EDGE('',*,*,#15739,.F.);
#16826 = ORIENTED_EDGE('',*,*,#16820,.F.);
#16827 = CYLINDRICAL_SURFACE('',#16828,0.15);
#16828 = AXIS2_PLACEMENT_3D('',#16829,#16830,#16831);
#16829 = CARTESIAN_POINT('',(157.4,-60.3,-3.6E-02));
#16830 = DIRECTION('',(-0.,-0.,-1.));
#16831 = DIRECTION('',(-0.,-1.,0.));
#16832 = ADVANCED_FACE('',(#16833),#16844,.F.);
#16833 = FACE_BOUND('',#16834,.T.);
#16834 = EDGE_LOOP('',(#16835,#16836,#16842,#16843));
#16835 = ORIENTED_EDGE('',*,*,#14941,.T.);
#16836 = ORIENTED_EDGE('',*,*,#16837,.T.);
#16837 = EDGE_CURVE('',#14942,#15751,#16838,.T.);
#16838 = LINE('',#16839,#16840);
#16839 = CARTESIAN_POINT('',(158.199997,-60.35,-3.6E-02));
#16840 = VECTOR('',#16841,1.);
#16841 = DIRECTION('',(0.,0.,1.));
#16842 = ORIENTED_EDGE('',*,*,#15750,.F.);
#16843 = ORIENTED_EDGE('',*,*,#16837,.F.);
#16844 = CYLINDRICAL_SURFACE('',#16845,0.15);
#16845 = AXIS2_PLACEMENT_3D('',#16846,#16847,#16848);
#16846 = CARTESIAN_POINT('',(158.199997,-60.2,-3.6E-02));
#16847 = DIRECTION('',(-0.,-0.,-1.));
#16848 = DIRECTION('',(-0.,-1.,0.));
#16849 = ADVANCED_FACE('',(#16850),#16861,.F.);
#16850 = FACE_BOUND('',#16851,.T.);
#16851 = EDGE_LOOP('',(#16852,#16853,#16859,#16860));
#16852 = ORIENTED_EDGE('',*,*,#14952,.T.);
#16853 = ORIENTED_EDGE('',*,*,#16854,.T.);
#16854 = EDGE_CURVE('',#14953,#15762,#16855,.T.);
#16855 = LINE('',#16856,#16857);
#16856 = CARTESIAN_POINT('',(150.74,-58.4,-4.6E-02));
#16857 = VECTOR('',#16858,1.);
#16858 = DIRECTION('',(0.,0.,1.));
#16859 = ORIENTED_EDGE('',*,*,#15761,.F.);
#16860 = ORIENTED_EDGE('',*,*,#16854,.F.);
#16861 = CYLINDRICAL_SURFACE('',#16862,0.5);
#16862 = AXIS2_PLACEMENT_3D('',#16863,#16864,#16865);
#16863 = CARTESIAN_POINT('',(150.74,-57.9,-4.6E-02));
#16864 = DIRECTION('',(-0.,-0.,-1.));
#16865 = DIRECTION('',(-0.,-1.,0.));
#16866 = ADVANCED_FACE('',(#16867),#16878,.F.);
#16867 = FACE_BOUND('',#16868,.T.);
#16868 = EDGE_LOOP('',(#16869,#16870,#16876,#16877));
#16869 = ORIENTED_EDGE('',*,*,#14963,.T.);
#16870 = ORIENTED_EDGE('',*,*,#16871,.T.);
#16871 = EDGE_CURVE('',#14964,#15773,#16872,.T.);
#16872 = LINE('',#16873,#16874);
#16873 = CARTESIAN_POINT('',(153.28,-58.4,-4.6E-02));
#16874 = VECTOR('',#16875,1.);
#16875 = DIRECTION('',(0.,0.,1.));
#16876 = ORIENTED_EDGE('',*,*,#15772,.F.);
#16877 = ORIENTED_EDGE('',*,*,#16871,.F.);
#16878 = CYLINDRICAL_SURFACE('',#16879,0.5);
#16879 = AXIS2_PLACEMENT_3D('',#16880,#16881,#16882);
#16880 = CARTESIAN_POINT('',(153.28,-57.9,-4.6E-02));
#16881 = DIRECTION('',(-0.,-0.,-1.));
#16882 = DIRECTION('',(-0.,-1.,0.));
#16883 = ADVANCED_FACE('',(#16884),#16895,.F.);
#16884 = FACE_BOUND('',#16885,.T.);
#16885 = EDGE_LOOP('',(#16886,#16887,#16893,#16894));
#16886 = ORIENTED_EDGE('',*,*,#14974,.T.);
#16887 = ORIENTED_EDGE('',*,*,#16888,.T.);
#16888 = EDGE_CURVE('',#14975,#15784,#16889,.T.);
#16889 = LINE('',#16890,#16891);
#16890 = CARTESIAN_POINT('',(155.82,-58.4,-4.6E-02));
#16891 = VECTOR('',#16892,1.);
#16892 = DIRECTION('',(0.,0.,1.));
#16893 = ORIENTED_EDGE('',*,*,#15783,.F.);
#16894 = ORIENTED_EDGE('',*,*,#16888,.F.);
#16895 = CYLINDRICAL_SURFACE('',#16896,0.5);
#16896 = AXIS2_PLACEMENT_3D('',#16897,#16898,#16899);
#16897 = CARTESIAN_POINT('',(155.82,-57.9,-4.6E-02));
#16898 = DIRECTION('',(-0.,-0.,-1.));
#16899 = DIRECTION('',(-0.,-1.,0.));
#16900 = ADVANCED_FACE('',(#16901),#16912,.F.);
#16901 = FACE_BOUND('',#16902,.T.);
#16902 = EDGE_LOOP('',(#16903,#16904,#16910,#16911));
#16903 = ORIENTED_EDGE('',*,*,#14985,.T.);
#16904 = ORIENTED_EDGE('',*,*,#16905,.T.);
#16905 = EDGE_CURVE('',#14986,#15795,#16906,.T.);
#16906 = LINE('',#16907,#16908);
#16907 = CARTESIAN_POINT('',(159.8,-60.85,-3.6E-02));
#16908 = VECTOR('',#16909,1.);
#16909 = DIRECTION('',(0.,0.,1.));
#16910 = ORIENTED_EDGE('',*,*,#15794,.F.);
#16911 = ORIENTED_EDGE('',*,*,#16905,.F.);
#16912 = CYLINDRICAL_SURFACE('',#16913,0.15);
#16913 = AXIS2_PLACEMENT_3D('',#16914,#16915,#16916);
#16914 = CARTESIAN_POINT('',(159.8,-60.7,-3.6E-02));
#16915 = DIRECTION('',(-0.,-0.,-1.));
#16916 = DIRECTION('',(-0.,-1.,0.));
#16917 = ADVANCED_FACE('',(#16918),#16929,.F.);
#16918 = FACE_BOUND('',#16919,.T.);
#16919 = EDGE_LOOP('',(#16920,#16921,#16927,#16928));
#16920 = ORIENTED_EDGE('',*,*,#14996,.T.);
#16921 = ORIENTED_EDGE('',*,*,#16922,.T.);
#16922 = EDGE_CURVE('',#14997,#15806,#16923,.T.);
#16923 = LINE('',#16924,#16925);
#16924 = CARTESIAN_POINT('',(160.8,-60.35,-3.6E-02));
#16925 = VECTOR('',#16926,1.);
#16926 = DIRECTION('',(0.,0.,1.));
#16927 = ORIENTED_EDGE('',*,*,#15805,.F.);
#16928 = ORIENTED_EDGE('',*,*,#16922,.F.);
#16929 = CYLINDRICAL_SURFACE('',#16930,0.15);
#16930 = AXIS2_PLACEMENT_3D('',#16931,#16932,#16933);
#16931 = CARTESIAN_POINT('',(160.8,-60.2,-3.6E-02));
#16932 = DIRECTION('',(-0.,-0.,-1.));
#16933 = DIRECTION('',(-0.,-1.,0.));
#16934 = ADVANCED_FACE('',(#16935),#16946,.F.);
#16935 = FACE_BOUND('',#16936,.T.);
#16936 = EDGE_LOOP('',(#16937,#16938,#16944,#16945));
#16937 = ORIENTED_EDGE('',*,*,#15007,.T.);
#16938 = ORIENTED_EDGE('',*,*,#16939,.T.);
#16939 = EDGE_CURVE('',#15008,#15817,#16940,.T.);
#16940 = LINE('',#16941,#16942);
#16941 = CARTESIAN_POINT('',(165.5,-60.221472,-3.6E-02));
#16942 = VECTOR('',#16943,1.);
#16943 = DIRECTION('',(0.,0.,1.));
#16944 = ORIENTED_EDGE('',*,*,#15816,.F.);
#16945 = ORIENTED_EDGE('',*,*,#16939,.F.);
#16946 = CYLINDRICAL_SURFACE('',#16947,0.15);
#16947 = AXIS2_PLACEMENT_3D('',#16948,#16949,#16950);
#16948 = CARTESIAN_POINT('',(165.5,-60.071472,-3.6E-02));
#16949 = DIRECTION('',(-0.,-0.,-1.));
#16950 = DIRECTION('',(-0.,-1.,0.));
#16951 = ADVANCED_FACE('',(#16952),#16963,.F.);
#16952 = FACE_BOUND('',#16953,.T.);
#16953 = EDGE_LOOP('',(#16954,#16955,#16961,#16962));
#16954 = ORIENTED_EDGE('',*,*,#15018,.T.);
#16955 = ORIENTED_EDGE('',*,*,#16956,.T.);
#16956 = EDGE_CURVE('',#15019,#15828,#16957,.T.);
#16957 = LINE('',#16958,#16959);
#16958 = CARTESIAN_POINT('',(158.36,-58.4,-4.6E-02));
#16959 = VECTOR('',#16960,1.);
#16960 = DIRECTION('',(0.,0.,1.));
#16961 = ORIENTED_EDGE('',*,*,#15827,.F.);
#16962 = ORIENTED_EDGE('',*,*,#16956,.F.);
#16963 = CYLINDRICAL_SURFACE('',#16964,0.5);
#16964 = AXIS2_PLACEMENT_3D('',#16965,#16966,#16967);
#16965 = CARTESIAN_POINT('',(158.36,-57.9,-4.6E-02));
#16966 = DIRECTION('',(-0.,-0.,-1.));
#16967 = DIRECTION('',(-0.,-1.,0.));
#16968 = ADVANCED_FACE('',(#16969),#16980,.F.);
#16969 = FACE_BOUND('',#16970,.T.);
#16970 = EDGE_LOOP('',(#16971,#16972,#16978,#16979));
#16971 = ORIENTED_EDGE('',*,*,#15029,.T.);
#16972 = ORIENTED_EDGE('',*,*,#16973,.T.);
#16973 = EDGE_CURVE('',#15030,#15839,#16974,.T.);
#16974 = LINE('',#16975,#16976);
#16975 = CARTESIAN_POINT('',(160.9,-58.4,-4.6E-02));
#16976 = VECTOR('',#16977,1.);
#16977 = DIRECTION('',(0.,0.,1.));
#16978 = ORIENTED_EDGE('',*,*,#15838,.F.);
#16979 = ORIENTED_EDGE('',*,*,#16973,.F.);
#16980 = CYLINDRICAL_SURFACE('',#16981,0.5);
#16981 = AXIS2_PLACEMENT_3D('',#16982,#16983,#16984);
#16982 = CARTESIAN_POINT('',(160.9,-57.9,-4.6E-02));
#16983 = DIRECTION('',(-0.,-0.,-1.));
#16984 = DIRECTION('',(-0.,-1.,0.));
#16985 = ADVANCED_FACE('',(#16986),#16997,.F.);
#16986 = FACE_BOUND('',#16987,.T.);
#16987 = EDGE_LOOP('',(#16988,#16989,#16995,#16996));
#16988 = ORIENTED_EDGE('',*,*,#15040,.T.);
#16989 = ORIENTED_EDGE('',*,*,#16990,.T.);
#16990 = EDGE_CURVE('',#15041,#15850,#16991,.T.);
#16991 = LINE('',#16992,#16993);
#16992 = CARTESIAN_POINT('',(163.44,-58.4,-4.6E-02));
#16993 = VECTOR('',#16994,1.);
#16994 = DIRECTION('',(0.,0.,1.));
#16995 = ORIENTED_EDGE('',*,*,#15849,.F.);
#16996 = ORIENTED_EDGE('',*,*,#16990,.F.);
#16997 = CYLINDRICAL_SURFACE('',#16998,0.5);
#16998 = AXIS2_PLACEMENT_3D('',#16999,#17000,#17001);
#16999 = CARTESIAN_POINT('',(163.44,-57.9,-4.6E-02));
#17000 = DIRECTION('',(-0.,-0.,-1.));
#17001 = DIRECTION('',(-0.,-1.,0.));
#17002 = ADVANCED_FACE('',(#17003),#17014,.F.);
#17003 = FACE_BOUND('',#17004,.T.);
#17004 = EDGE_LOOP('',(#17005,#17006,#17012,#17013));
#17005 = ORIENTED_EDGE('',*,*,#15051,.T.);
#17006 = ORIENTED_EDGE('',*,*,#17007,.T.);
#17007 = EDGE_CURVE('',#15052,#15861,#17008,.T.);
#17008 = LINE('',#17009,#17010);
#17009 = CARTESIAN_POINT('',(165.98,-58.4,-4.6E-02));
#17010 = VECTOR('',#17011,1.);
#17011 = DIRECTION('',(0.,0.,1.));
#17012 = ORIENTED_EDGE('',*,*,#15860,.F.);
#17013 = ORIENTED_EDGE('',*,*,#17007,.F.);
#17014 = CYLINDRICAL_SURFACE('',#17015,0.5);
#17015 = AXIS2_PLACEMENT_3D('',#17016,#17017,#17018);
#17016 = CARTESIAN_POINT('',(165.98,-57.9,-4.6E-02));
#17017 = DIRECTION('',(-0.,-0.,-1.));
#17018 = DIRECTION('',(-0.,-1.,0.));
#17019 = ADVANCED_FACE('',(#17020),#17031,.F.);
#17020 = FACE_BOUND('',#17021,.T.);
#17021 = EDGE_LOOP('',(#17022,#17023,#17029,#17030));
#17022 = ORIENTED_EDGE('',*,*,#15062,.T.);
#17023 = ORIENTED_EDGE('',*,*,#17024,.T.);
#17024 = EDGE_CURVE('',#15063,#15872,#17025,.T.);
#17025 = LINE('',#17026,#17027);
#17026 = CARTESIAN_POINT('',(170.8,-65.25,-3.6E-02));
#17027 = VECTOR('',#17028,1.);
#17028 = DIRECTION('',(0.,0.,1.));
#17029 = ORIENTED_EDGE('',*,*,#15871,.F.);
#17030 = ORIENTED_EDGE('',*,*,#17024,.F.);
#17031 = CYLINDRICAL_SURFACE('',#17032,0.15);
#17032 = AXIS2_PLACEMENT_3D('',#17033,#17034,#17035);
#17033 = CARTESIAN_POINT('',(170.8,-65.1,-3.6E-02));
#17034 = DIRECTION('',(-0.,-0.,-1.));
#17035 = DIRECTION('',(-0.,-1.,0.));
#17036 = ADVANCED_FACE('',(#17037),#17048,.F.);
#17037 = FACE_BOUND('',#17038,.T.);
#17038 = EDGE_LOOP('',(#17039,#17040,#17046,#17047));
#17039 = ORIENTED_EDGE('',*,*,#15073,.T.);
#17040 = ORIENTED_EDGE('',*,*,#17041,.T.);
#17041 = EDGE_CURVE('',#15074,#15883,#17042,.T.);
#17042 = LINE('',#17043,#17044);
#17043 = CARTESIAN_POINT('',(176.3,-64.55,-3.6E-02));
#17044 = VECTOR('',#17045,1.);
#17045 = DIRECTION('',(0.,0.,1.));
#17046 = ORIENTED_EDGE('',*,*,#15882,.F.);
#17047 = ORIENTED_EDGE('',*,*,#17041,.F.);
#17048 = CYLINDRICAL_SURFACE('',#17049,0.15);
#17049 = AXIS2_PLACEMENT_3D('',#17050,#17051,#17052);
#17050 = CARTESIAN_POINT('',(176.3,-64.4,-3.6E-02));
#17051 = DIRECTION('',(-0.,-0.,-1.));
#17052 = DIRECTION('',(-0.,-1.,0.));
#17053 = ADVANCED_FACE('',(#17054),#17065,.F.);
#17054 = FACE_BOUND('',#17055,.T.);
#17055 = EDGE_LOOP('',(#17056,#17057,#17063,#17064));
#17056 = ORIENTED_EDGE('',*,*,#15084,.T.);
#17057 = ORIENTED_EDGE('',*,*,#17058,.T.);
#17058 = EDGE_CURVE('',#15085,#15894,#17059,.T.);
#17059 = LINE('',#17060,#17061);
#17060 = CARTESIAN_POINT('',(170.438045,-63.92358,-3.6E-02));
#17061 = VECTOR('',#17062,1.);
#17062 = DIRECTION('',(0.,0.,1.));
#17063 = ORIENTED_EDGE('',*,*,#15893,.F.);
#17064 = ORIENTED_EDGE('',*,*,#17058,.F.);
#17065 = CYLINDRICAL_SURFACE('',#17066,0.15);
#17066 = AXIS2_PLACEMENT_3D('',#17067,#17068,#17069);
#17067 = CARTESIAN_POINT('',(170.438045,-63.77358,-3.6E-02));
#17068 = DIRECTION('',(-0.,-0.,-1.));
#17069 = DIRECTION('',(-0.,-1.,0.));
#17070 = ADVANCED_FACE('',(#17071),#17082,.F.);
#17071 = FACE_BOUND('',#17072,.T.);
#17072 = EDGE_LOOP('',(#17073,#17074,#17080,#17081));
#17073 = ORIENTED_EDGE('',*,*,#15095,.T.);
#17074 = ORIENTED_EDGE('',*,*,#17075,.T.);
#17075 = EDGE_CURVE('',#15096,#15905,#17076,.T.);
#17076 = LINE('',#17077,#17078);
#17077 = CARTESIAN_POINT('',(169.08322,-62.684835,-3.6E-02));
#17078 = VECTOR('',#17079,1.);
#17079 = DIRECTION('',(0.,0.,1.));
#17080 = ORIENTED_EDGE('',*,*,#15904,.F.);
#17081 = ORIENTED_EDGE('',*,*,#17075,.F.);
#17082 = CYLINDRICAL_SURFACE('',#17083,0.15);
#17083 = AXIS2_PLACEMENT_3D('',#17084,#17085,#17086);
#17084 = CARTESIAN_POINT('',(169.08322,-62.534835,-3.6E-02));
#17085 = DIRECTION('',(-0.,0.,-1.));
#17086 = DIRECTION('',(1.894780628694E-13,-1.,-0.));
#17087 = ADVANCED_FACE('',(#17088),#17099,.F.);
#17088 = FACE_BOUND('',#17089,.T.);
#17089 = EDGE_LOOP('',(#17090,#17091,#17097,#17098));
#17090 = ORIENTED_EDGE('',*,*,#15106,.T.);
#17091 = ORIENTED_EDGE('',*,*,#17092,.T.);
#17092 = EDGE_CURVE('',#15107,#15916,#17093,.T.);
#17093 = LINE('',#17094,#17095);
#17094 = CARTESIAN_POINT('',(183.1,-64.16,-4.6E-02));
#17095 = VECTOR('',#17096,1.);
#17096 = DIRECTION('',(0.,0.,1.));
#17097 = ORIENTED_EDGE('',*,*,#15915,.F.);
#17098 = ORIENTED_EDGE('',*,*,#17092,.F.);
#17099 = CYLINDRICAL_SURFACE('',#17100,0.5);
#17100 = AXIS2_PLACEMENT_3D('',#17101,#17102,#17103);
#17101 = CARTESIAN_POINT('',(183.1,-63.66,-4.6E-02));
#17102 = DIRECTION('',(-0.,-0.,-1.));
#17103 = DIRECTION('',(-0.,-1.,0.));
#17104 = ADVANCED_FACE('',(#17105),#17116,.F.);
#17105 = FACE_BOUND('',#17106,.T.);
#17106 = EDGE_LOOP('',(#17107,#17108,#17114,#17115));
#17107 = ORIENTED_EDGE('',*,*,#15117,.T.);
#17108 = ORIENTED_EDGE('',*,*,#17109,.T.);
#17109 = EDGE_CURVE('',#15118,#15927,#17110,.T.);
#17110 = LINE('',#17111,#17112);
#17111 = CARTESIAN_POINT('',(186.9,-64.16,-4.6E-02));
#17112 = VECTOR('',#17113,1.);
#17113 = DIRECTION('',(0.,0.,1.));
#17114 = ORIENTED_EDGE('',*,*,#15926,.F.);
#17115 = ORIENTED_EDGE('',*,*,#17109,.F.);
#17116 = CYLINDRICAL_SURFACE('',#17117,0.5);
#17117 = AXIS2_PLACEMENT_3D('',#17118,#17119,#17120);
#17118 = CARTESIAN_POINT('',(186.9,-63.66,-4.6E-02));
#17119 = DIRECTION('',(-0.,-0.,-1.));
#17120 = DIRECTION('',(-0.,-1.,0.));
#17121 = ADVANCED_FACE('',(#17122),#17133,.F.);
#17122 = FACE_BOUND('',#17123,.T.);
#17123 = EDGE_LOOP('',(#17124,#17125,#17131,#17132));
#17124 = ORIENTED_EDGE('',*,*,#15128,.T.);
#17125 = ORIENTED_EDGE('',*,*,#17126,.T.);
#17126 = EDGE_CURVE('',#15129,#15938,#17127,.T.);
#17127 = LINE('',#17128,#17129);
#17128 = CARTESIAN_POINT('',(169.155313,-60.349999,-3.6E-02));
#17129 = VECTOR('',#17130,1.);
#17130 = DIRECTION('',(0.,0.,1.));
#17131 = ORIENTED_EDGE('',*,*,#15937,.F.);
#17132 = ORIENTED_EDGE('',*,*,#17126,.F.);
#17133 = CYLINDRICAL_SURFACE('',#17134,0.15);
#17134 = AXIS2_PLACEMENT_3D('',#17135,#17136,#17137);
#17135 = CARTESIAN_POINT('',(169.155313,-60.199999,-3.6E-02));
#17136 = DIRECTION('',(-0.,-0.,-1.));
#17137 = DIRECTION('',(-0.,-1.,0.));
#17138 = ADVANCED_FACE('',(#17139),#17150,.F.);
#17139 = FACE_BOUND('',#17140,.T.);
#17140 = EDGE_LOOP('',(#17141,#17142,#17148,#17149));
#17141 = ORIENTED_EDGE('',*,*,#15139,.T.);
#17142 = ORIENTED_EDGE('',*,*,#17143,.T.);
#17143 = EDGE_CURVE('',#15140,#15949,#17144,.T.);
#17144 = LINE('',#17145,#17146);
#17145 = CARTESIAN_POINT('',(168.52,-58.4,-4.6E-02));
#17146 = VECTOR('',#17147,1.);
#17147 = DIRECTION('',(0.,0.,1.));
#17148 = ORIENTED_EDGE('',*,*,#15948,.F.);
#17149 = ORIENTED_EDGE('',*,*,#17143,.F.);
#17150 = CYLINDRICAL_SURFACE('',#17151,0.5);
#17151 = AXIS2_PLACEMENT_3D('',#17152,#17153,#17154);
#17152 = CARTESIAN_POINT('',(168.52,-57.9,-4.6E-02));
#17153 = DIRECTION('',(-0.,-0.,-1.));
#17154 = DIRECTION('',(-0.,-1.,0.));
#17155 = ADVANCED_FACE('',(#17156),#17167,.F.);
#17156 = FACE_BOUND('',#17157,.T.);
#17157 = EDGE_LOOP('',(#17158,#17159,#17165,#17166));
#17158 = ORIENTED_EDGE('',*,*,#15150,.T.);
#17159 = ORIENTED_EDGE('',*,*,#17160,.T.);
#17160 = EDGE_CURVE('',#15151,#15960,#17161,.T.);
#17161 = LINE('',#17162,#17163);
#17162 = CARTESIAN_POINT('',(171.06,-58.4,-4.6E-02));
#17163 = VECTOR('',#17164,1.);
#17164 = DIRECTION('',(0.,0.,1.));
#17165 = ORIENTED_EDGE('',*,*,#15959,.F.);
#17166 = ORIENTED_EDGE('',*,*,#17160,.F.);
#17167 = CYLINDRICAL_SURFACE('',#17168,0.5);
#17168 = AXIS2_PLACEMENT_3D('',#17169,#17170,#17171);
#17169 = CARTESIAN_POINT('',(171.06,-57.9,-4.6E-02));
#17170 = DIRECTION('',(-0.,-0.,-1.));
#17171 = DIRECTION('',(-0.,-1.,0.));
#17172 = ADVANCED_FACE('',(#17173),#17184,.F.);
#17173 = FACE_BOUND('',#17174,.T.);
#17174 = EDGE_LOOP('',(#17175,#17176,#17182,#17183));
#17175 = ORIENTED_EDGE('',*,*,#15161,.T.);
#17176 = ORIENTED_EDGE('',*,*,#17177,.T.);
#17177 = EDGE_CURVE('',#15162,#15971,#17178,.T.);
#17178 = LINE('',#17179,#17180);
#17179 = CARTESIAN_POINT('',(173.6,-58.4,-4.6E-02));
#17180 = VECTOR('',#17181,1.);
#17181 = DIRECTION('',(0.,0.,1.));
#17182 = ORIENTED_EDGE('',*,*,#15970,.F.);
#17183 = ORIENTED_EDGE('',*,*,#17177,.F.);
#17184 = CYLINDRICAL_SURFACE('',#17185,0.5);
#17185 = AXIS2_PLACEMENT_3D('',#17186,#17187,#17188);
#17186 = CARTESIAN_POINT('',(173.6,-57.9,-4.6E-02));
#17187 = DIRECTION('',(-0.,-0.,-1.));
#17188 = DIRECTION('',(-0.,-1.,0.));
#17189 = ADVANCED_FACE('',(#17190),#17201,.F.);
#17190 = FACE_BOUND('',#17191,.T.);
#17191 = EDGE_LOOP('',(#17192,#17193,#17199,#17200));
#17192 = ORIENTED_EDGE('',*,*,#15172,.T.);
#17193 = ORIENTED_EDGE('',*,*,#17194,.T.);
#17194 = EDGE_CURVE('',#15173,#15982,#17195,.T.);
#17195 = LINE('',#17196,#17197);
#17196 = CARTESIAN_POINT('',(176.14,-58.4,-4.6E-02));
#17197 = VECTOR('',#17198,1.);
#17198 = DIRECTION('',(0.,0.,1.));
#17199 = ORIENTED_EDGE('',*,*,#15981,.F.);
#17200 = ORIENTED_EDGE('',*,*,#17194,.F.);
#17201 = CYLINDRICAL_SURFACE('',#17202,0.5);
#17202 = AXIS2_PLACEMENT_3D('',#17203,#17204,#17205);
#17203 = CARTESIAN_POINT('',(176.14,-57.9,-4.6E-02));
#17204 = DIRECTION('',(-0.,-0.,-1.));
#17205 = DIRECTION('',(-0.,-1.,0.));
#17206 = ADVANCED_FACE('',(#17207),#17218,.F.);
#17207 = FACE_BOUND('',#17208,.T.);
#17208 = EDGE_LOOP('',(#17209,#17210,#17216,#17217));
#17209 = ORIENTED_EDGE('',*,*,#15183,.T.);
#17210 = ORIENTED_EDGE('',*,*,#17211,.T.);
#17211 = EDGE_CURVE('',#15184,#15993,#17212,.T.);
#17212 = LINE('',#17213,#17214);
#17213 = CARTESIAN_POINT('',(178.68,-58.4,-4.6E-02));
#17214 = VECTOR('',#17215,1.);
#17215 = DIRECTION('',(0.,0.,1.));
#17216 = ORIENTED_EDGE('',*,*,#15992,.F.);
#17217 = ORIENTED_EDGE('',*,*,#17211,.F.);
#17218 = CYLINDRICAL_SURFACE('',#17219,0.5);
#17219 = AXIS2_PLACEMENT_3D('',#17220,#17221,#17222);
#17220 = CARTESIAN_POINT('',(178.68,-57.9,-4.6E-02));
#17221 = DIRECTION('',(-0.,-0.,-1.));
#17222 = DIRECTION('',(-0.,-1.,0.));
#17223 = ADVANCED_FACE('',(#17224),#17235,.F.);
#17224 = FACE_BOUND('',#17225,.T.);
#17225 = EDGE_LOOP('',(#17226,#17227,#17233,#17234));
#17226 = ORIENTED_EDGE('',*,*,#15194,.T.);
#17227 = ORIENTED_EDGE('',*,*,#17228,.T.);
#17228 = EDGE_CURVE('',#15195,#16004,#17229,.T.);
#17229 = LINE('',#17230,#17231);
#17230 = CARTESIAN_POINT('',(181.22,-58.4,-4.6E-02));
#17231 = VECTOR('',#17232,1.);
#17232 = DIRECTION('',(0.,0.,1.));
#17233 = ORIENTED_EDGE('',*,*,#16003,.F.);
#17234 = ORIENTED_EDGE('',*,*,#17228,.F.);
#17235 = CYLINDRICAL_SURFACE('',#17236,0.5);
#17236 = AXIS2_PLACEMENT_3D('',#17237,#17238,#17239);
#17237 = CARTESIAN_POINT('',(181.22,-57.9,-4.6E-02));
#17238 = DIRECTION('',(-0.,-0.,-1.));
#17239 = DIRECTION('',(-0.,-1.,0.));
#17240 = ADVANCED_FACE('',(#17241),#17252,.F.);
#17241 = FACE_BOUND('',#17242,.T.);
#17242 = EDGE_LOOP('',(#17243,#17244,#17250,#17251));
#17243 = ORIENTED_EDGE('',*,*,#15205,.T.);
#17244 = ORIENTED_EDGE('',*,*,#17245,.T.);
#17245 = EDGE_CURVE('',#15206,#16015,#17246,.T.);
#17246 = LINE('',#17247,#17248);
#17247 = CARTESIAN_POINT('',(183.76,-58.4,-4.6E-02));
#17248 = VECTOR('',#17249,1.);
#17249 = DIRECTION('',(0.,0.,1.));
#17250 = ORIENTED_EDGE('',*,*,#16014,.F.);
#17251 = ORIENTED_EDGE('',*,*,#17245,.F.);
#17252 = CYLINDRICAL_SURFACE('',#17253,0.5);
#17253 = AXIS2_PLACEMENT_3D('',#17254,#17255,#17256);
#17254 = CARTESIAN_POINT('',(183.76,-57.9,-4.6E-02));
#17255 = DIRECTION('',(-0.,-0.,-1.));
#17256 = DIRECTION('',(-0.,-1.,0.));
#17257 = ADVANCED_FACE('',(#17258),#17269,.F.);
#17258 = FACE_BOUND('',#17259,.T.);
#17259 = EDGE_LOOP('',(#17260,#17261,#17267,#17268));
#17260 = ORIENTED_EDGE('',*,*,#15216,.T.);
#17261 = ORIENTED_EDGE('',*,*,#17262,.T.);
#17262 = EDGE_CURVE('',#15217,#16026,#17263,.T.);
#17263 = LINE('',#17264,#17265);
#17264 = CARTESIAN_POINT('',(186.3,-58.4,-4.6E-02));
#17265 = VECTOR('',#17266,1.);
#17266 = DIRECTION('',(0.,0.,1.));
#17267 = ORIENTED_EDGE('',*,*,#16025,.F.);
#17268 = ORIENTED_EDGE('',*,*,#17262,.F.);
#17269 = CYLINDRICAL_SURFACE('',#17270,0.5);
#17270 = AXIS2_PLACEMENT_3D('',#17271,#17272,#17273);
#17271 = CARTESIAN_POINT('',(186.3,-57.9,-4.6E-02));
#17272 = DIRECTION('',(-0.,-0.,-1.));
#17273 = DIRECTION('',(-0.,-1.,0.));
#17274 = ( GEOMETRIC_REPRESENTATION_CONTEXT(3) 
GLOBAL_UNCERTAINTY_ASSIGNED_CONTEXT((#17278)) 
GLOBAL_UNIT_ASSIGNED_CONTEXT((#17275,#17276,#17277)) 
REPRESENTATION_CONTEXT('Context #1',
  '3D Context with UNIT and UNCERTAINTY') );
#17275 = ( LENGTH_UNIT() NAMED_UNIT(*) SI_UNIT(.MILLI.,.METRE.) );
#17276 = ( NAMED_UNIT(*) PLANE_ANGLE_UNIT() SI_UNIT($,.RADIAN.) );
#17277 = ( NAMED_UNIT(*) SI_UNIT($,.STERADIAN.) SOLID_ANGLE_UNIT() );
#17278 = UNCERTAINTY_MEASURE_WITH_UNIT(LENGTH_MEASURE(1.E-07),#17275,
  'distance_accuracy_value','confusion accuracy');
#17279 = CONTEXT_DEPENDENT_SHAPE_REPRESENTATION(#17280,#17282);
#17280 = ( REPRESENTATION_RELATIONSHIP('','',#14315,#10) 
REPRESENTATION_RELATIONSHIP_WITH_TRANSFORMATION(#17281) 
SHAPE_REPRESENTATION_RELATIONSHIP() );
#17281 = ITEM_DEFINED_TRANSFORMATION('','',#11,#31);
#17282 = PRODUCT_DEFINITION_SHAPE('Placement','Placement of an item',
  #17283);
#17283 = NEXT_ASSEMBLY_USAGE_OCCURRENCE('5','=>[0:1:1:6]','',#5,#14310,$
  );
#17284 = PRODUCT_RELATED_PRODUCT_CATEGORY('part',$,(#14312));
#17285 = MECHANICAL_DESIGN_GEOMETRIC_PRESENTATION_REPRESENTATION('',(
    #17286),#17274);
#17286 = STYLED_ITEM('color',(#17287),#14316);
#17287 = PRESENTATION_STYLE_ASSIGNMENT((#17288));
#17288 = SURFACE_STYLE_USAGE(.BOTH.,#17289);
#17289 = SURFACE_SIDE_STYLE('',(#17290));
#17290 = SURFACE_STYLE_FILL_AREA(#17291);
#17291 = FILL_AREA_STYLE('',(#17292));
#17292 = FILL_AREA_STYLE_COLOUR('',#17293);
#17293 = COLOUR_RGB('',0.583831500637,0.583831500637,0.583831500637);
#17294 = MECHANICAL_DESIGN_GEOMETRIC_PRESENTATION_REPRESENTATION('',(
    #17295),#14297);
#17295 = STYLED_ITEM('color',(#17296),#13839);
#17296 = PRESENTATION_STYLE_ASSIGNMENT((#17297));
#17297 = SURFACE_STYLE_USAGE(.BOTH.,#17298);
#17298 = SURFACE_SIDE_STYLE('',(#17299,#17303));
#17299 = SURFACE_STYLE_FILL_AREA(#17300);
#17300 = FILL_AREA_STYLE('',(#17301));
#17301 = FILL_AREA_STYLE_COLOUR('',#17302);
#17302 = COLOUR_RGB('',0.313304153717,0.484529207832,0.410020903123);
#17303 = SURFACE_STYLE_RENDERING_WITH_PROPERTIES(.NORMAL_SHADING.,#17302
  ,(#17304));
#17304 = SURFACE_STYLE_TRANSPARENT(0.170000016689);
#17305 = MECHANICAL_DESIGN_GEOMETRIC_PRESENTATION_REPRESENTATION('',(
    #17306),#13818);
#17306 = STYLED_ITEM('color',(#17307),#13360);
#17307 = PRESENTATION_STYLE_ASSIGNMENT((#17308));
#17308 = SURFACE_STYLE_USAGE(.BOTH.,#17309);
#17309 = SURFACE_SIDE_STYLE('',(#17310,#17313));
#17310 = SURFACE_STYLE_FILL_AREA(#17311);
#17311 = FILL_AREA_STYLE('',(#17312));
#17312 = FILL_AREA_STYLE_COLOUR('',#17302);
#17313 = SURFACE_STYLE_RENDERING_WITH_PROPERTIES(.NORMAL_SHADING.,#17302
  ,(#17314));
#17314 = SURFACE_STYLE_TRANSPARENT(0.170000016689);
#17315 = MECHANICAL_DESIGN_GEOMETRIC_PRESENTATION_REPRESENTATION('',(
    #17316,#17326,#17335,#17344,#17353,#17362,#17371,#17380,#17389,
    #17398,#17407,#17416,#17425,#17434,#17443,#17452,#17461,#17470,
    #17479,#17488,#17497,#17506,#17515,#17524,#17533,#17542,#17551,
    #17560,#17569,#17578,#17587,#17596,#17605,#17614,#17623,#17632,
    #17641,#17650,#17659,#17668,#17677,#17686,#17695,#17704,#17713,
    #17722,#17731,#17740,#17749,#17758,#17767,#17776,#17785,#17794,
    #17803,#17812,#17821,#17830,#17839),#13339);
#17316 = STYLED_ITEM('color',(#17317),#6359);
#17317 = PRESENTATION_STYLE_ASSIGNMENT((#17318));
#17318 = SURFACE_STYLE_USAGE(.BOTH.,#17319);
#17319 = SURFACE_SIDE_STYLE('',(#17320,#17324));
#17320 = SURFACE_STYLE_FILL_AREA(#17321);
#17321 = FILL_AREA_STYLE('',(#17322));
#17322 = FILL_AREA_STYLE_COLOUR('',#17323);
#17323 = DRAUGHTING_PRE_DEFINED_COLOUR('white');
#17324 = SURFACE_STYLE_RENDERING_WITH_PROPERTIES(.NORMAL_SHADING.,#17323
  ,(#17325));
#17325 = SURFACE_STYLE_TRANSPARENT(0.100000023842);
#17326 = STYLED_ITEM('color',(#17327),#6471);
#17327 = PRESENTATION_STYLE_ASSIGNMENT((#17328));
#17328 = SURFACE_STYLE_USAGE(.BOTH.,#17329);
#17329 = SURFACE_SIDE_STYLE('',(#17330,#17333));
#17330 = SURFACE_STYLE_FILL_AREA(#17331);
#17331 = FILL_AREA_STYLE('',(#17332));
#17332 = FILL_AREA_STYLE_COLOUR('',#17323);
#17333 = SURFACE_STYLE_RENDERING_WITH_PROPERTIES(.NORMAL_SHADING.,#17323
  ,(#17334));
#17334 = SURFACE_STYLE_TRANSPARENT(0.100000023842);
#17335 = STYLED_ITEM('color',(#17336),#6540);
#17336 = PRESENTATION_STYLE_ASSIGNMENT((#17337));
#17337 = SURFACE_STYLE_USAGE(.BOTH.,#17338);
#17338 = SURFACE_SIDE_STYLE('',(#17339,#17342));
#17339 = SURFACE_STYLE_FILL_AREA(#17340);
#17340 = FILL_AREA_STYLE('',(#17341));
#17341 = FILL_AREA_STYLE_COLOUR('',#17323);
#17342 = SURFACE_STYLE_RENDERING_WITH_PROPERTIES(.NORMAL_SHADING.,#17323
  ,(#17343));
#17343 = SURFACE_STYLE_TRANSPARENT(0.100000023842);
#17344 = STYLED_ITEM('color',(#17345),#6726);
#17345 = PRESENTATION_STYLE_ASSIGNMENT((#17346));
#17346 = SURFACE_STYLE_USAGE(.BOTH.,#17347);
#17347 = SURFACE_SIDE_STYLE('',(#17348,#17351));
#17348 = SURFACE_STYLE_FILL_AREA(#17349);
#17349 = FILL_AREA_STYLE('',(#17350));
#17350 = FILL_AREA_STYLE_COLOUR('',#17323);
#17351 = SURFACE_STYLE_RENDERING_WITH_PROPERTIES(.NORMAL_SHADING.,#17323
  ,(#17352));
#17352 = SURFACE_STYLE_TRANSPARENT(0.100000023842);
#17353 = STYLED_ITEM('color',(#17354),#7019);
#17354 = PRESENTATION_STYLE_ASSIGNMENT((#17355));
#17355 = SURFACE_STYLE_USAGE(.BOTH.,#17356);
#17356 = SURFACE_SIDE_STYLE('',(#17357,#17360));
#17357 = SURFACE_STYLE_FILL_AREA(#17358);
#17358 = FILL_AREA_STYLE('',(#17359));
#17359 = FILL_AREA_STYLE_COLOUR('',#17323);
#17360 = SURFACE_STYLE_RENDERING_WITH_PROPERTIES(.NORMAL_SHADING.,#17323
  ,(#17361));
#17361 = SURFACE_STYLE_TRANSPARENT(0.100000023842);
#17362 = STYLED_ITEM('color',(#17363),#7096);
#17363 = PRESENTATION_STYLE_ASSIGNMENT((#17364));
#17364 = SURFACE_STYLE_USAGE(.BOTH.,#17365);
#17365 = SURFACE_SIDE_STYLE('',(#17366,#17369));
#17366 = SURFACE_STYLE_FILL_AREA(#17367);
#17367 = FILL_AREA_STYLE('',(#17368));
#17368 = FILL_AREA_STYLE_COLOUR('',#17323);
#17369 = SURFACE_STYLE_RENDERING_WITH_PROPERTIES(.NORMAL_SHADING.,#17323
  ,(#17370));
#17370 = SURFACE_STYLE_TRANSPARENT(0.100000023842);
#17371 = STYLED_ITEM('color',(#17372),#7223);
#17372 = PRESENTATION_STYLE_ASSIGNMENT((#17373));
#17373 = SURFACE_STYLE_USAGE(.BOTH.,#17374);
#17374 = SURFACE_SIDE_STYLE('',(#17375,#17378));
#17375 = SURFACE_STYLE_FILL_AREA(#17376);
#17376 = FILL_AREA_STYLE('',(#17377));
#17377 = FILL_AREA_STYLE_COLOUR('',#17323);
#17378 = SURFACE_STYLE_RENDERING_WITH_PROPERTIES(.NORMAL_SHADING.,#17323
  ,(#17379));
#17379 = SURFACE_STYLE_TRANSPARENT(0.100000023842);
#17380 = STYLED_ITEM('color',(#17381),#7317);
#17381 = PRESENTATION_STYLE_ASSIGNMENT((#17382));
#17382 = SURFACE_STYLE_USAGE(.BOTH.,#17383);
#17383 = SURFACE_SIDE_STYLE('',(#17384,#17387));
#17384 = SURFACE_STYLE_FILL_AREA(#17385);
#17385 = FILL_AREA_STYLE('',(#17386));
#17386 = FILL_AREA_STYLE_COLOUR('',#17323);
#17387 = SURFACE_STYLE_RENDERING_WITH_PROPERTIES(.NORMAL_SHADING.,#17323
  ,(#17388));
#17388 = SURFACE_STYLE_TRANSPARENT(0.100000023842);
#17389 = STYLED_ITEM('color',(#17390),#7369);
#17390 = PRESENTATION_STYLE_ASSIGNMENT((#17391));
#17391 = SURFACE_STYLE_USAGE(.BOTH.,#17392);
#17392 = SURFACE_SIDE_STYLE('',(#17393,#17396));
#17393 = SURFACE_STYLE_FILL_AREA(#17394);
#17394 = FILL_AREA_STYLE('',(#17395));
#17395 = FILL_AREA_STYLE_COLOUR('',#17323);
#17396 = SURFACE_STYLE_RENDERING_WITH_PROPERTIES(.NORMAL_SHADING.,#17323
  ,(#17397));
#17397 = SURFACE_STYLE_TRANSPARENT(0.100000023842);
#17398 = STYLED_ITEM('color',(#17399),#7413);
#17399 = PRESENTATION_STYLE_ASSIGNMENT((#17400));
#17400 = SURFACE_STYLE_USAGE(.BOTH.,#17401);
#17401 = SURFACE_SIDE_STYLE('',(#17402,#17405));
#17402 = SURFACE_STYLE_FILL_AREA(#17403);
#17403 = FILL_AREA_STYLE('',(#17404));
#17404 = FILL_AREA_STYLE_COLOUR('',#17323);
#17405 = SURFACE_STYLE_RENDERING_WITH_PROPERTIES(.NORMAL_SHADING.,#17323
  ,(#17406));
#17406 = SURFACE_STYLE_TRANSPARENT(0.100000023842);
#17407 = STYLED_ITEM('color',(#17408),#7465);
#17408 = PRESENTATION_STYLE_ASSIGNMENT((#17409));
#17409 = SURFACE_STYLE_USAGE(.BOTH.,#17410);
#17410 = SURFACE_SIDE_STYLE('',(#17411,#17414));
#17411 = SURFACE_STYLE_FILL_AREA(#17412);
#17412 = FILL_AREA_STYLE('',(#17413));
#17413 = FILL_AREA_STYLE_COLOUR('',#17323);
#17414 = SURFACE_STYLE_RENDERING_WITH_PROPERTIES(.NORMAL_SHADING.,#17323
  ,(#17415));
#17415 = SURFACE_STYLE_TRANSPARENT(0.100000023842);
#17416 = STYLED_ITEM('color',(#17417),#7517);
#17417 = PRESENTATION_STYLE_ASSIGNMENT((#17418));
#17418 = SURFACE_STYLE_USAGE(.BOTH.,#17419);
#17419 = SURFACE_SIDE_STYLE('',(#17420,#17423));
#17420 = SURFACE_STYLE_FILL_AREA(#17421);
#17421 = FILL_AREA_STYLE('',(#17422));
#17422 = FILL_AREA_STYLE_COLOUR('',#17323);
#17423 = SURFACE_STYLE_RENDERING_WITH_PROPERTIES(.NORMAL_SHADING.,#17323
  ,(#17424));
#17424 = SURFACE_STYLE_TRANSPARENT(0.100000023842);
#17425 = STYLED_ITEM('color',(#17426),#7642);
#17426 = PRESENTATION_STYLE_ASSIGNMENT((#17427));
#17427 = SURFACE_STYLE_USAGE(.BOTH.,#17428);
#17428 = SURFACE_SIDE_STYLE('',(#17429,#17432));
#17429 = SURFACE_STYLE_FILL_AREA(#17430);
#17430 = FILL_AREA_STYLE('',(#17431));
#17431 = FILL_AREA_STYLE_COLOUR('',#17323);
#17432 = SURFACE_STYLE_RENDERING_WITH_PROPERTIES(.NORMAL_SHADING.,#17323
  ,(#17433));
#17433 = SURFACE_STYLE_TRANSPARENT(0.100000023842);
#17434 = STYLED_ITEM('color',(#17435),#7727);
#17435 = PRESENTATION_STYLE_ASSIGNMENT((#17436));
#17436 = SURFACE_STYLE_USAGE(.BOTH.,#17437);
#17437 = SURFACE_SIDE_STYLE('',(#17438,#17441));
#17438 = SURFACE_STYLE_FILL_AREA(#17439);
#17439 = FILL_AREA_STYLE('',(#17440));
#17440 = FILL_AREA_STYLE_COLOUR('',#17323);
#17441 = SURFACE_STYLE_RENDERING_WITH_PROPERTIES(.NORMAL_SHADING.,#17323
  ,(#17442));
#17442 = SURFACE_STYLE_TRANSPARENT(0.100000023842);
#17443 = STYLED_ITEM('color',(#17444),#7779);
#17444 = PRESENTATION_STYLE_ASSIGNMENT((#17445));
#17445 = SURFACE_STYLE_USAGE(.BOTH.,#17446);
#17446 = SURFACE_SIDE_STYLE('',(#17447,#17450));
#17447 = SURFACE_STYLE_FILL_AREA(#17448);
#17448 = FILL_AREA_STYLE('',(#17449));
#17449 = FILL_AREA_STYLE_COLOUR('',#17323);
#17450 = SURFACE_STYLE_RENDERING_WITH_PROPERTIES(.NORMAL_SHADING.,#17323
  ,(#17451));
#17451 = SURFACE_STYLE_TRANSPARENT(0.100000023842);
#17452 = STYLED_ITEM('color',(#17453),#7831);
#17453 = PRESENTATION_STYLE_ASSIGNMENT((#17454));
#17454 = SURFACE_STYLE_USAGE(.BOTH.,#17455);
#17455 = SURFACE_SIDE_STYLE('',(#17456,#17459));
#17456 = SURFACE_STYLE_FILL_AREA(#17457);
#17457 = FILL_AREA_STYLE('',(#17458));
#17458 = FILL_AREA_STYLE_COLOUR('',#17323);
#17459 = SURFACE_STYLE_RENDERING_WITH_PROPERTIES(.NORMAL_SHADING.,#17323
  ,(#17460));
#17460 = SURFACE_STYLE_TRANSPARENT(0.100000023842);
#17461 = STYLED_ITEM('color',(#17462),#7875);
#17462 = PRESENTATION_STYLE_ASSIGNMENT((#17463));
#17463 = SURFACE_STYLE_USAGE(.BOTH.,#17464);
#17464 = SURFACE_SIDE_STYLE('',(#17465,#17468));
#17465 = SURFACE_STYLE_FILL_AREA(#17466);
#17466 = FILL_AREA_STYLE('',(#17467));
#17467 = FILL_AREA_STYLE_COLOUR('',#17323);
#17468 = SURFACE_STYLE_RENDERING_WITH_PROPERTIES(.NORMAL_SHADING.,#17323
  ,(#17469));
#17469 = SURFACE_STYLE_TRANSPARENT(0.100000023842);
#17470 = STYLED_ITEM('color',(#17471),#7943);
#17471 = PRESENTATION_STYLE_ASSIGNMENT((#17472));
#17472 = SURFACE_STYLE_USAGE(.BOTH.,#17473);
#17473 = SURFACE_SIDE_STYLE('',(#17474,#17477));
#17474 = SURFACE_STYLE_FILL_AREA(#17475);
#17475 = FILL_AREA_STYLE('',(#17476));
#17476 = FILL_AREA_STYLE_COLOUR('',#17323);
#17477 = SURFACE_STYLE_RENDERING_WITH_PROPERTIES(.NORMAL_SHADING.,#17323
  ,(#17478));
#17478 = SURFACE_STYLE_TRANSPARENT(0.100000023842);
#17479 = STYLED_ITEM('color',(#17480),#8117);
#17480 = PRESENTATION_STYLE_ASSIGNMENT((#17481));
#17481 = SURFACE_STYLE_USAGE(.BOTH.,#17482);
#17482 = SURFACE_SIDE_STYLE('',(#17483,#17486));
#17483 = SURFACE_STYLE_FILL_AREA(#17484);
#17484 = FILL_AREA_STYLE('',(#17485));
#17485 = FILL_AREA_STYLE_COLOUR('',#17323);
#17486 = SURFACE_STYLE_RENDERING_WITH_PROPERTIES(.NORMAL_SHADING.,#17323
  ,(#17487));
#17487 = SURFACE_STYLE_TRANSPARENT(0.100000023842);
#17488 = STYLED_ITEM('color',(#17489),#8211);
#17489 = PRESENTATION_STYLE_ASSIGNMENT((#17490));
#17490 = SURFACE_STYLE_USAGE(.BOTH.,#17491);
#17491 = SURFACE_SIDE_STYLE('',(#17492,#17495));
#17492 = SURFACE_STYLE_FILL_AREA(#17493);
#17493 = FILL_AREA_STYLE('',(#17494));
#17494 = FILL_AREA_STYLE_COLOUR('',#17323);
#17495 = SURFACE_STYLE_RENDERING_WITH_PROPERTIES(.NORMAL_SHADING.,#17323
  ,(#17496));
#17496 = SURFACE_STYLE_TRANSPARENT(0.100000023842);
#17497 = STYLED_ITEM('color',(#17498),#8305);
#17498 = PRESENTATION_STYLE_ASSIGNMENT((#17499));
#17499 = SURFACE_STYLE_USAGE(.BOTH.,#17500);
#17500 = SURFACE_SIDE_STYLE('',(#17501,#17504));
#17501 = SURFACE_STYLE_FILL_AREA(#17502);
#17502 = FILL_AREA_STYLE('',(#17503));
#17503 = FILL_AREA_STYLE_COLOUR('',#17323);
#17504 = SURFACE_STYLE_RENDERING_WITH_PROPERTIES(.NORMAL_SHADING.,#17323
  ,(#17505));
#17505 = SURFACE_STYLE_TRANSPARENT(0.100000023842);
#17506 = STYLED_ITEM('color',(#17507),#8519);
#17507 = PRESENTATION_STYLE_ASSIGNMENT((#17508));
#17508 = SURFACE_STYLE_USAGE(.BOTH.,#17509);
#17509 = SURFACE_SIDE_STYLE('',(#17510,#17513));
#17510 = SURFACE_STYLE_FILL_AREA(#17511);
#17511 = FILL_AREA_STYLE('',(#17512));
#17512 = FILL_AREA_STYLE_COLOUR('',#17323);
#17513 = SURFACE_STYLE_RENDERING_WITH_PROPERTIES(.NORMAL_SHADING.,#17323
  ,(#17514));
#17514 = SURFACE_STYLE_TRANSPARENT(0.100000023842);
#17515 = STYLED_ITEM('color',(#17516),#8752);
#17516 = PRESENTATION_STYLE_ASSIGNMENT((#17517));
#17517 = SURFACE_STYLE_USAGE(.BOTH.,#17518);
#17518 = SURFACE_SIDE_STYLE('',(#17519,#17522));
#17519 = SURFACE_STYLE_FILL_AREA(#17520);
#17520 = FILL_AREA_STYLE('',(#17521));
#17521 = FILL_AREA_STYLE_COLOUR('',#17323);
#17522 = SURFACE_STYLE_RENDERING_WITH_PROPERTIES(.NORMAL_SHADING.,#17323
  ,(#17523));
#17523 = SURFACE_STYLE_TRANSPARENT(0.100000023842);
#17524 = STYLED_ITEM('color',(#17525),#8920);
#17525 = PRESENTATION_STYLE_ASSIGNMENT((#17526));
#17526 = SURFACE_STYLE_USAGE(.BOTH.,#17527);
#17527 = SURFACE_SIDE_STYLE('',(#17528,#17531));
#17528 = SURFACE_STYLE_FILL_AREA(#17529);
#17529 = FILL_AREA_STYLE('',(#17530));
#17530 = FILL_AREA_STYLE_COLOUR('',#17323);
#17531 = SURFACE_STYLE_RENDERING_WITH_PROPERTIES(.NORMAL_SHADING.,#17323
  ,(#17532));
#17532 = SURFACE_STYLE_TRANSPARENT(0.100000023842);
#17533 = STYLED_ITEM('color',(#17534),#9069);
#17534 = PRESENTATION_STYLE_ASSIGNMENT((#17535));
#17535 = SURFACE_STYLE_USAGE(.BOTH.,#17536);
#17536 = SURFACE_SIDE_STYLE('',(#17537,#17540));
#17537 = SURFACE_STYLE_FILL_AREA(#17538);
#17538 = FILL_AREA_STYLE('',(#17539));
#17539 = FILL_AREA_STYLE_COLOUR('',#17323);
#17540 = SURFACE_STYLE_RENDERING_WITH_PROPERTIES(.NORMAL_SHADING.,#17323
  ,(#17541));
#17541 = SURFACE_STYLE_TRANSPARENT(0.100000023842);
#17542 = STYLED_ITEM('color',(#17543),#9255);
#17543 = PRESENTATION_STYLE_ASSIGNMENT((#17544));
#17544 = SURFACE_STYLE_USAGE(.BOTH.,#17545);
#17545 = SURFACE_SIDE_STYLE('',(#17546,#17549));
#17546 = SURFACE_STYLE_FILL_AREA(#17547);
#17547 = FILL_AREA_STYLE('',(#17548));
#17548 = FILL_AREA_STYLE_COLOUR('',#17323);
#17549 = SURFACE_STYLE_RENDERING_WITH_PROPERTIES(.NORMAL_SHADING.,#17323
  ,(#17550));
#17550 = SURFACE_STYLE_TRANSPARENT(0.100000023842);
#17551 = STYLED_ITEM('color',(#17552),#9349);
#17552 = PRESENTATION_STYLE_ASSIGNMENT((#17553));
#17553 = SURFACE_STYLE_USAGE(.BOTH.,#17554);
#17554 = SURFACE_SIDE_STYLE('',(#17555,#17558));
#17555 = SURFACE_STYLE_FILL_AREA(#17556);
#17556 = FILL_AREA_STYLE('',(#17557));
#17557 = FILL_AREA_STYLE_COLOUR('',#17323);
#17558 = SURFACE_STYLE_RENDERING_WITH_PROPERTIES(.NORMAL_SHADING.,#17323
  ,(#17559));
#17559 = SURFACE_STYLE_TRANSPARENT(0.100000023842);
#17560 = STYLED_ITEM('color',(#17561),#9443);
#17561 = PRESENTATION_STYLE_ASSIGNMENT((#17562));
#17562 = SURFACE_STYLE_USAGE(.BOTH.,#17563);
#17563 = SURFACE_SIDE_STYLE('',(#17564,#17567));
#17564 = SURFACE_STYLE_FILL_AREA(#17565);
#17565 = FILL_AREA_STYLE('',(#17566));
#17566 = FILL_AREA_STYLE_COLOUR('',#17323);
#17567 = SURFACE_STYLE_RENDERING_WITH_PROPERTIES(.NORMAL_SHADING.,#17323
  ,(#17568));
#17568 = SURFACE_STYLE_TRANSPARENT(0.100000023842);
#17569 = STYLED_ITEM('color',(#17570),#9537);
#17570 = PRESENTATION_STYLE_ASSIGNMENT((#17571));
#17571 = SURFACE_STYLE_USAGE(.BOTH.,#17572);
#17572 = SURFACE_SIDE_STYLE('',(#17573,#17576));
#17573 = SURFACE_STYLE_FILL_AREA(#17574);
#17574 = FILL_AREA_STYLE('',(#17575));
#17575 = FILL_AREA_STYLE_COLOUR('',#17323);
#17576 = SURFACE_STYLE_RENDERING_WITH_PROPERTIES(.NORMAL_SHADING.,#17323
  ,(#17577));
#17577 = SURFACE_STYLE_TRANSPARENT(0.100000023842);
#17578 = STYLED_ITEM('color',(#17579),#9739);
#17579 = PRESENTATION_STYLE_ASSIGNMENT((#17580));
#17580 = SURFACE_STYLE_USAGE(.BOTH.,#17581);
#17581 = SURFACE_SIDE_STYLE('',(#17582,#17585));
#17582 = SURFACE_STYLE_FILL_AREA(#17583);
#17583 = FILL_AREA_STYLE('',(#17584));
#17584 = FILL_AREA_STYLE_COLOUR('',#17323);
#17585 = SURFACE_STYLE_RENDERING_WITH_PROPERTIES(.NORMAL_SHADING.,#17323
  ,(#17586));
#17586 = SURFACE_STYLE_TRANSPARENT(0.100000023842);
#17587 = STYLED_ITEM('color',(#17588),#9953);
#17588 = PRESENTATION_STYLE_ASSIGNMENT((#17589));
#17589 = SURFACE_STYLE_USAGE(.BOTH.,#17590);
#17590 = SURFACE_SIDE_STYLE('',(#17591,#17594));
#17591 = SURFACE_STYLE_FILL_AREA(#17592);
#17592 = FILL_AREA_STYLE('',(#17593));
#17593 = FILL_AREA_STYLE_COLOUR('',#17323);
#17594 = SURFACE_STYLE_RENDERING_WITH_PROPERTIES(.NORMAL_SHADING.,#17323
  ,(#17595));
#17595 = SURFACE_STYLE_TRANSPARENT(0.100000023842);
#17596 = STYLED_ITEM('color',(#17597),#10127);
#17597 = PRESENTATION_STYLE_ASSIGNMENT((#17598));
#17598 = SURFACE_STYLE_USAGE(.BOTH.,#17599);
#17599 = SURFACE_SIDE_STYLE('',(#17600,#17603));
#17600 = SURFACE_STYLE_FILL_AREA(#17601);
#17601 = FILL_AREA_STYLE('',(#17602));
#17602 = FILL_AREA_STYLE_COLOUR('',#17323);
#17603 = SURFACE_STYLE_RENDERING_WITH_PROPERTIES(.NORMAL_SHADING.,#17323
  ,(#17604));
#17604 = SURFACE_STYLE_TRANSPARENT(0.100000023842);
#17605 = STYLED_ITEM('color',(#17606),#10301);
#17606 = PRESENTATION_STYLE_ASSIGNMENT((#17607));
#17607 = SURFACE_STYLE_USAGE(.BOTH.,#17608);
#17608 = SURFACE_SIDE_STYLE('',(#17609,#17612));
#17609 = SURFACE_STYLE_FILL_AREA(#17610);
#17610 = FILL_AREA_STYLE('',(#17611));
#17611 = FILL_AREA_STYLE_COLOUR('',#17323);
#17612 = SURFACE_STYLE_RENDERING_WITH_PROPERTIES(.NORMAL_SHADING.,#17323
  ,(#17613));
#17613 = SURFACE_STYLE_TRANSPARENT(0.100000023842);
#17614 = STYLED_ITEM('color',(#17615),#10443);
#17615 = PRESENTATION_STYLE_ASSIGNMENT((#17616));
#17616 = SURFACE_STYLE_USAGE(.BOTH.,#17617);
#17617 = SURFACE_SIDE_STYLE('',(#17618,#17621));
#17618 = SURFACE_STYLE_FILL_AREA(#17619);
#17619 = FILL_AREA_STYLE('',(#17620));
#17620 = FILL_AREA_STYLE_COLOUR('',#17323);
#17621 = SURFACE_STYLE_RENDERING_WITH_PROPERTIES(.NORMAL_SHADING.,#17323
  ,(#17622));
#17622 = SURFACE_STYLE_TRANSPARENT(0.100000023842);
#17623 = STYLED_ITEM('color',(#17624),#10512);
#17624 = PRESENTATION_STYLE_ASSIGNMENT((#17625));
#17625 = SURFACE_STYLE_USAGE(.BOTH.,#17626);
#17626 = SURFACE_SIDE_STYLE('',(#17627,#17630));
#17627 = SURFACE_STYLE_FILL_AREA(#17628);
#17628 = FILL_AREA_STYLE('',(#17629));
#17629 = FILL_AREA_STYLE_COLOUR('',#17323);
#17630 = SURFACE_STYLE_RENDERING_WITH_PROPERTIES(.NORMAL_SHADING.,#17323
  ,(#17631));
#17631 = SURFACE_STYLE_TRANSPARENT(0.100000023842);
#17632 = STYLED_ITEM('color',(#17633),#10703);
#17633 = PRESENTATION_STYLE_ASSIGNMENT((#17634));
#17634 = SURFACE_STYLE_USAGE(.BOTH.,#17635);
#17635 = SURFACE_SIDE_STYLE('',(#17636,#17639));
#17636 = SURFACE_STYLE_FILL_AREA(#17637);
#17637 = FILL_AREA_STYLE('',(#17638));
#17638 = FILL_AREA_STYLE_COLOUR('',#17323);
#17639 = SURFACE_STYLE_RENDERING_WITH_PROPERTIES(.NORMAL_SHADING.,#17323
  ,(#17640));
#17640 = SURFACE_STYLE_TRANSPARENT(0.100000023842);
#17641 = STYLED_ITEM('color',(#17642),#10920);
#17642 = PRESENTATION_STYLE_ASSIGNMENT((#17643));
#17643 = SURFACE_STYLE_USAGE(.BOTH.,#17644);
#17644 = SURFACE_SIDE_STYLE('',(#17645,#17648));
#17645 = SURFACE_STYLE_FILL_AREA(#17646);
#17646 = FILL_AREA_STYLE('',(#17647));
#17647 = FILL_AREA_STYLE_COLOUR('',#17323);
#17648 = SURFACE_STYLE_RENDERING_WITH_PROPERTIES(.NORMAL_SHADING.,#17323
  ,(#17649));
#17649 = SURFACE_STYLE_TRANSPARENT(0.100000023842);
#17650 = STYLED_ITEM('color',(#17651),#11032);
#17651 = PRESENTATION_STYLE_ASSIGNMENT((#17652));
#17652 = SURFACE_STYLE_USAGE(.BOTH.,#17653);
#17653 = SURFACE_SIDE_STYLE('',(#17654,#17657));
#17654 = SURFACE_STYLE_FILL_AREA(#17655);
#17655 = FILL_AREA_STYLE('',(#17656));
#17656 = FILL_AREA_STYLE_COLOUR('',#17323);
#17657 = SURFACE_STYLE_RENDERING_WITH_PROPERTIES(.NORMAL_SHADING.,#17323
  ,(#17658));
#17658 = SURFACE_STYLE_TRANSPARENT(0.100000023842);
#17659 = STYLED_ITEM('color',(#17660),#11100);
#17660 = PRESENTATION_STYLE_ASSIGNMENT((#17661));
#17661 = SURFACE_STYLE_USAGE(.BOTH.,#17662);
#17662 = SURFACE_SIDE_STYLE('',(#17663,#17666));
#17663 = SURFACE_STYLE_FILL_AREA(#17664);
#17664 = FILL_AREA_STYLE('',(#17665));
#17665 = FILL_AREA_STYLE_COLOUR('',#17323);
#17666 = SURFACE_STYLE_RENDERING_WITH_PROPERTIES(.NORMAL_SHADING.,#17323
  ,(#17667));
#17667 = SURFACE_STYLE_TRANSPARENT(0.100000023842);
#17668 = STYLED_ITEM('color',(#17669),#11194);
#17669 = PRESENTATION_STYLE_ASSIGNMENT((#17670));
#17670 = SURFACE_STYLE_USAGE(.BOTH.,#17671);
#17671 = SURFACE_SIDE_STYLE('',(#17672,#17675));
#17672 = SURFACE_STYLE_FILL_AREA(#17673);
#17673 = FILL_AREA_STYLE('',(#17674));
#17674 = FILL_AREA_STYLE_COLOUR('',#17323);
#17675 = SURFACE_STYLE_RENDERING_WITH_PROPERTIES(.NORMAL_SHADING.,#17323
  ,(#17676));
#17676 = SURFACE_STYLE_TRANSPARENT(0.100000023842);
#17677 = STYLED_ITEM('color',(#17678),#11238);
#17678 = PRESENTATION_STYLE_ASSIGNMENT((#17679));
#17679 = SURFACE_STYLE_USAGE(.BOTH.,#17680);
#17680 = SURFACE_SIDE_STYLE('',(#17681,#17684));
#17681 = SURFACE_STYLE_FILL_AREA(#17682);
#17682 = FILL_AREA_STYLE('',(#17683));
#17683 = FILL_AREA_STYLE_COLOUR('',#17323);
#17684 = SURFACE_STYLE_RENDERING_WITH_PROPERTIES(.NORMAL_SHADING.,#17323
  ,(#17685));
#17685 = SURFACE_STYLE_TRANSPARENT(0.100000023842);
#17686 = STYLED_ITEM('color',(#17687),#11403);
#17687 = PRESENTATION_STYLE_ASSIGNMENT((#17688));
#17688 = SURFACE_STYLE_USAGE(.BOTH.,#17689);
#17689 = SURFACE_SIDE_STYLE('',(#17690,#17693));
#17690 = SURFACE_STYLE_FILL_AREA(#17691);
#17691 = FILL_AREA_STYLE('',(#17692));
#17692 = FILL_AREA_STYLE_COLOUR('',#17323);
#17693 = SURFACE_STYLE_RENDERING_WITH_PROPERTIES(.NORMAL_SHADING.,#17323
  ,(#17694));
#17694 = SURFACE_STYLE_TRANSPARENT(0.100000023842);
#17695 = STYLED_ITEM('color',(#17696),#11617);
#17696 = PRESENTATION_STYLE_ASSIGNMENT((#17697));
#17697 = SURFACE_STYLE_USAGE(.BOTH.,#17698);
#17698 = SURFACE_SIDE_STYLE('',(#17699,#17702));
#17699 = SURFACE_STYLE_FILL_AREA(#17700);
#17700 = FILL_AREA_STYLE('',(#17701));
#17701 = FILL_AREA_STYLE_COLOUR('',#17323);
#17702 = SURFACE_STYLE_RENDERING_WITH_PROPERTIES(.NORMAL_SHADING.,#17323
  ,(#17703));
#17703 = SURFACE_STYLE_TRANSPARENT(0.100000023842);
#17704 = STYLED_ITEM('color',(#17705),#11791);
#17705 = PRESENTATION_STYLE_ASSIGNMENT((#17706));
#17706 = SURFACE_STYLE_USAGE(.BOTH.,#17707);
#17707 = SURFACE_SIDE_STYLE('',(#17708,#17711));
#17708 = SURFACE_STYLE_FILL_AREA(#17709);
#17709 = FILL_AREA_STYLE('',(#17710));
#17710 = FILL_AREA_STYLE_COLOUR('',#17323);
#17711 = SURFACE_STYLE_RENDERING_WITH_PROPERTIES(.NORMAL_SHADING.,#17323
  ,(#17712));
#17712 = SURFACE_STYLE_TRANSPARENT(0.100000023842);
#17713 = STYLED_ITEM('color',(#17714),#11959);
#17714 = PRESENTATION_STYLE_ASSIGNMENT((#17715));
#17715 = SURFACE_STYLE_USAGE(.BOTH.,#17716);
#17716 = SURFACE_SIDE_STYLE('',(#17717,#17720));
#17717 = SURFACE_STYLE_FILL_AREA(#17718);
#17718 = FILL_AREA_STYLE('',(#17719));
#17719 = FILL_AREA_STYLE_COLOUR('',#17323);
#17720 = SURFACE_STYLE_RENDERING_WITH_PROPERTIES(.NORMAL_SHADING.,#17323
  ,(#17721));
#17721 = SURFACE_STYLE_TRANSPARENT(0.100000023842);
#17722 = STYLED_ITEM('color',(#17723),#12011);
#17723 = PRESENTATION_STYLE_ASSIGNMENT((#17724));
#17724 = SURFACE_STYLE_USAGE(.BOTH.,#17725);
#17725 = SURFACE_SIDE_STYLE('',(#17726,#17729));
#17726 = SURFACE_STYLE_FILL_AREA(#17727);
#17727 = FILL_AREA_STYLE('',(#17728));
#17728 = FILL_AREA_STYLE_COLOUR('',#17323);
#17729 = SURFACE_STYLE_RENDERING_WITH_PROPERTIES(.NORMAL_SHADING.,#17323
  ,(#17730));
#17730 = SURFACE_STYLE_TRANSPARENT(0.100000023842);
#17731 = STYLED_ITEM('color',(#17732),#12063);
#17732 = PRESENTATION_STYLE_ASSIGNMENT((#17733));
#17733 = SURFACE_STYLE_USAGE(.BOTH.,#17734);
#17734 = SURFACE_SIDE_STYLE('',(#17735,#17738));
#17735 = SURFACE_STYLE_FILL_AREA(#17736);
#17736 = FILL_AREA_STYLE('',(#17737));
#17737 = FILL_AREA_STYLE_COLOUR('',#17323);
#17738 = SURFACE_STYLE_RENDERING_WITH_PROPERTIES(.NORMAL_SHADING.,#17323
  ,(#17739));
#17739 = SURFACE_STYLE_TRANSPARENT(0.100000023842);
#17740 = STYLED_ITEM('color',(#17741),#12115);
#17741 = PRESENTATION_STYLE_ASSIGNMENT((#17742));
#17742 = SURFACE_STYLE_USAGE(.BOTH.,#17743);
#17743 = SURFACE_SIDE_STYLE('',(#17744,#17747));
#17744 = SURFACE_STYLE_FILL_AREA(#17745);
#17745 = FILL_AREA_STYLE('',(#17746));
#17746 = FILL_AREA_STYLE_COLOUR('',#17323);
#17747 = SURFACE_STYLE_RENDERING_WITH_PROPERTIES(.NORMAL_SHADING.,#17323
  ,(#17748));
#17748 = SURFACE_STYLE_TRANSPARENT(0.100000023842);
#17749 = STYLED_ITEM('color',(#17750),#12167);
#17750 = PRESENTATION_STYLE_ASSIGNMENT((#17751));
#17751 = SURFACE_STYLE_USAGE(.BOTH.,#17752);
#17752 = SURFACE_SIDE_STYLE('',(#17753,#17756));
#17753 = SURFACE_STYLE_FILL_AREA(#17754);
#17754 = FILL_AREA_STYLE('',(#17755));
#17755 = FILL_AREA_STYLE_COLOUR('',#17323);
#17756 = SURFACE_STYLE_RENDERING_WITH_PROPERTIES(.NORMAL_SHADING.,#17323
  ,(#17757));
#17757 = SURFACE_STYLE_TRANSPARENT(0.100000023842);
#17758 = STYLED_ITEM('color',(#17759),#12243);
#17759 = PRESENTATION_STYLE_ASSIGNMENT((#17760));
#17760 = SURFACE_STYLE_USAGE(.BOTH.,#17761);
#17761 = SURFACE_SIDE_STYLE('',(#17762,#17765));
#17762 = SURFACE_STYLE_FILL_AREA(#17763);
#17763 = FILL_AREA_STYLE('',(#17764));
#17764 = FILL_AREA_STYLE_COLOUR('',#17323);
#17765 = SURFACE_STYLE_RENDERING_WITH_PROPERTIES(.NORMAL_SHADING.,#17323
  ,(#17766));
#17766 = SURFACE_STYLE_TRANSPARENT(0.100000023842);
#17767 = STYLED_ITEM('color',(#17768),#12403);
#17768 = PRESENTATION_STYLE_ASSIGNMENT((#17769));
#17769 = SURFACE_STYLE_USAGE(.BOTH.,#17770);
#17770 = SURFACE_SIDE_STYLE('',(#17771,#17774));
#17771 = SURFACE_STYLE_FILL_AREA(#17772);
#17772 = FILL_AREA_STYLE('',(#17773));
#17773 = FILL_AREA_STYLE_COLOUR('',#17323);
#17774 = SURFACE_STYLE_RENDERING_WITH_PROPERTIES(.NORMAL_SHADING.,#17323
  ,(#17775));
#17775 = SURFACE_STYLE_TRANSPARENT(0.100000023842);
#17776 = STYLED_ITEM('color',(#17777),#12605);
#17777 = PRESENTATION_STYLE_ASSIGNMENT((#17778));
#17778 = SURFACE_STYLE_USAGE(.BOTH.,#17779);
#17779 = SURFACE_SIDE_STYLE('',(#17780,#17783));
#17780 = SURFACE_STYLE_FILL_AREA(#17781);
#17781 = FILL_AREA_STYLE('',(#17782));
#17782 = FILL_AREA_STYLE_COLOUR('',#17323);
#17783 = SURFACE_STYLE_RENDERING_WITH_PROPERTIES(.NORMAL_SHADING.,#17323
  ,(#17784));
#17784 = SURFACE_STYLE_TRANSPARENT(0.100000023842);
#17785 = STYLED_ITEM('color',(#17786),#12765);
#17786 = PRESENTATION_STYLE_ASSIGNMENT((#17787));
#17787 = SURFACE_STYLE_USAGE(.BOTH.,#17788);
#17788 = SURFACE_SIDE_STYLE('',(#17789,#17792));
#17789 = SURFACE_STYLE_FILL_AREA(#17790);
#17790 = FILL_AREA_STYLE('',(#17791));
#17791 = FILL_AREA_STYLE_COLOUR('',#17323);
#17792 = SURFACE_STYLE_RENDERING_WITH_PROPERTIES(.NORMAL_SHADING.,#17323
  ,(#17793));
#17793 = SURFACE_STYLE_TRANSPARENT(0.100000023842);
#17794 = STYLED_ITEM('color',(#17795),#12809);
#17795 = PRESENTATION_STYLE_ASSIGNMENT((#17796));
#17796 = SURFACE_STYLE_USAGE(.BOTH.,#17797);
#17797 = SURFACE_SIDE_STYLE('',(#17798,#17801));
#17798 = SURFACE_STYLE_FILL_AREA(#17799);
#17799 = FILL_AREA_STYLE('',(#17800));
#17800 = FILL_AREA_STYLE_COLOUR('',#17323);
#17801 = SURFACE_STYLE_RENDERING_WITH_PROPERTIES(.NORMAL_SHADING.,#17323
  ,(#17802));
#17802 = SURFACE_STYLE_TRANSPARENT(0.100000023842);
#17803 = STYLED_ITEM('color',(#17804),#12853);
#17804 = PRESENTATION_STYLE_ASSIGNMENT((#17805));
#17805 = SURFACE_STYLE_USAGE(.BOTH.,#17806);
#17806 = SURFACE_SIDE_STYLE('',(#17807,#17810));
#17807 = SURFACE_STYLE_FILL_AREA(#17808);
#17808 = FILL_AREA_STYLE('',(#17809));
#17809 = FILL_AREA_STYLE_COLOUR('',#17323);
#17810 = SURFACE_STYLE_RENDERING_WITH_PROPERTIES(.NORMAL_SHADING.,#17323
  ,(#17811));
#17811 = SURFACE_STYLE_TRANSPARENT(0.100000023842);
#17812 = STYLED_ITEM('color',(#17813),#12930);
#17813 = PRESENTATION_STYLE_ASSIGNMENT((#17814));
#17814 = SURFACE_STYLE_USAGE(.BOTH.,#17815);
#17815 = SURFACE_SIDE_STYLE('',(#17816,#17819));
#17816 = SURFACE_STYLE_FILL_AREA(#17817);
#17817 = FILL_AREA_STYLE('',(#17818));
#17818 = FILL_AREA_STYLE_COLOUR('',#17323);
#17819 = SURFACE_STYLE_RENDERING_WITH_PROPERTIES(.NORMAL_SHADING.,#17323
  ,(#17820));
#17820 = SURFACE_STYLE_TRANSPARENT(0.100000023842);
#17821 = STYLED_ITEM('color',(#17822),#13116);
#17822 = PRESENTATION_STYLE_ASSIGNMENT((#17823));
#17823 = SURFACE_STYLE_USAGE(.BOTH.,#17824);
#17824 = SURFACE_SIDE_STYLE('',(#17825,#17828));
#17825 = SURFACE_STYLE_FILL_AREA(#17826);
#17826 = FILL_AREA_STYLE('',(#17827));
#17827 = FILL_AREA_STYLE_COLOUR('',#17323);
#17828 = SURFACE_STYLE_RENDERING_WITH_PROPERTIES(.NORMAL_SHADING.,#17323
  ,(#17829));
#17829 = SURFACE_STYLE_TRANSPARENT(0.100000023842);
#17830 = STYLED_ITEM('color',(#17831),#13160);
#17831 = PRESENTATION_STYLE_ASSIGNMENT((#17832));
#17832 = SURFACE_STYLE_USAGE(.BOTH.,#17833);
#17833 = SURFACE_SIDE_STYLE('',(#17834,#17837));
#17834 = SURFACE_STYLE_FILL_AREA(#17835);
#17835 = FILL_AREA_STYLE('',(#17836));
#17836 = FILL_AREA_STYLE_COLOUR('',#17323);
#17837 = SURFACE_STYLE_RENDERING_WITH_PROPERTIES(.NORMAL_SHADING.,#17323
  ,(#17838));
#17838 = SURFACE_STYLE_TRANSPARENT(0.100000023842);
#17839 = STYLED_ITEM('color',(#17840),#13272);
#17840 = PRESENTATION_STYLE_ASSIGNMENT((#17841));
#17841 = SURFACE_STYLE_USAGE(.BOTH.,#17842);
#17842 = SURFACE_SIDE_STYLE('',(#17843,#17846));
#17843 = SURFACE_STYLE_FILL_AREA(#17844);
#17844 = FILL_AREA_STYLE('',(#17845));
#17845 = FILL_AREA_STYLE_COLOUR('',#17323);
#17846 = SURFACE_STYLE_RENDERING_WITH_PROPERTIES(.NORMAL_SHADING.,#17323
  ,(#17847));
#17847 = SURFACE_STYLE_TRANSPARENT(0.100000023842);
#17848 = MECHANICAL_DESIGN_GEOMETRIC_PRESENTATION_REPRESENTATION('',(
    #17849,#17858,#17867,#17876,#17885,#17894,#17903,#17912,#17921,
    #17930,#17939,#17948,#17957,#17966,#17975,#17984,#17993,#18002,
    #18011,#18020,#18029,#18038,#18047,#18056,#18065,#18074,#18083,
    #18092,#18101,#18110,#18119,#18128,#18137,#18146,#18155,#18164,
    #18173,#18182,#18191,#18200,#18209,#18218,#18227,#18236,#18245,
    #18254,#18263,#18272,#18281,#18290,#18299,#18308,#18317,#18326,
    #18335,#18344,#18353,#18362,#18371,#18380),#6338);
#17849 = STYLED_ITEM('color',(#17850),#51);
#17850 = PRESENTATION_STYLE_ASSIGNMENT((#17851));
#17851 = SURFACE_STYLE_USAGE(.BOTH.,#17852);
#17852 = SURFACE_SIDE_STYLE('',(#17853,#17856));
#17853 = SURFACE_STYLE_FILL_AREA(#17854);
#17854 = FILL_AREA_STYLE('',(#17855));
#17855 = FILL_AREA_STYLE_COLOUR('',#17323);
#17856 = SURFACE_STYLE_RENDERING_WITH_PROPERTIES(.NORMAL_SHADING.,#17323
  ,(#17857));
#17857 = SURFACE_STYLE_TRANSPARENT(0.100000023842);
#17858 = STYLED_ITEM('color',(#17859),#163);
#17859 = PRESENTATION_STYLE_ASSIGNMENT((#17860));
#17860 = SURFACE_STYLE_USAGE(.BOTH.,#17861);
#17861 = SURFACE_SIDE_STYLE('',(#17862,#17865));
#17862 = SURFACE_STYLE_FILL_AREA(#17863);
#17863 = FILL_AREA_STYLE('',(#17864));
#17864 = FILL_AREA_STYLE_COLOUR('',#17323);
#17865 = SURFACE_STYLE_RENDERING_WITH_PROPERTIES(.NORMAL_SHADING.,#17323
  ,(#17866));
#17866 = SURFACE_STYLE_TRANSPARENT(0.100000023842);
#17867 = STYLED_ITEM('color',(#17868),#275);
#17868 = PRESENTATION_STYLE_ASSIGNMENT((#17869));
#17869 = SURFACE_STYLE_USAGE(.BOTH.,#17870);
#17870 = SURFACE_SIDE_STYLE('',(#17871,#17874));
#17871 = SURFACE_STYLE_FILL_AREA(#17872);
#17872 = FILL_AREA_STYLE('',(#17873));
#17873 = FILL_AREA_STYLE_COLOUR('',#17323);
#17874 = SURFACE_STYLE_RENDERING_WITH_PROPERTIES(.NORMAL_SHADING.,#17323
  ,(#17875));
#17875 = SURFACE_STYLE_TRANSPARENT(0.100000023842);
#17876 = STYLED_ITEM('color',(#17877),#369);
#17877 = PRESENTATION_STYLE_ASSIGNMENT((#17878));
#17878 = SURFACE_STYLE_USAGE(.BOTH.,#17879);
#17879 = SURFACE_SIDE_STYLE('',(#17880,#17883));
#17880 = SURFACE_STYLE_FILL_AREA(#17881);
#17881 = FILL_AREA_STYLE('',(#17882));
#17882 = FILL_AREA_STYLE_COLOUR('',#17323);
#17883 = SURFACE_STYLE_RENDERING_WITH_PROPERTIES(.NORMAL_SHADING.,#17323
  ,(#17884));
#17884 = SURFACE_STYLE_TRANSPARENT(0.100000023842);
#17885 = STYLED_ITEM('color',(#17886),#413);
#17886 = PRESENTATION_STYLE_ASSIGNMENT((#17887));
#17887 = SURFACE_STYLE_USAGE(.BOTH.,#17888);
#17888 = SURFACE_SIDE_STYLE('',(#17889,#17892));
#17889 = SURFACE_STYLE_FILL_AREA(#17890);
#17890 = FILL_AREA_STYLE('',(#17891));
#17891 = FILL_AREA_STYLE_COLOUR('',#17323);
#17892 = SURFACE_STYLE_RENDERING_WITH_PROPERTIES(.NORMAL_SHADING.,#17323
  ,(#17893));
#17893 = SURFACE_STYLE_TRANSPARENT(0.100000023842);
#17894 = STYLED_ITEM('color',(#17895),#498);
#17895 = PRESENTATION_STYLE_ASSIGNMENT((#17896));
#17896 = SURFACE_STYLE_USAGE(.BOTH.,#17897);
#17897 = SURFACE_SIDE_STYLE('',(#17898,#17901));
#17898 = SURFACE_STYLE_FILL_AREA(#17899);
#17899 = FILL_AREA_STYLE('',(#17900));
#17900 = FILL_AREA_STYLE_COLOUR('',#17323);
#17901 = SURFACE_STYLE_RENDERING_WITH_PROPERTIES(.NORMAL_SHADING.,#17323
  ,(#17902));
#17902 = SURFACE_STYLE_TRANSPARENT(0.100000023842);
#17903 = STYLED_ITEM('color',(#17904),#542);
#17904 = PRESENTATION_STYLE_ASSIGNMENT((#17905));
#17905 = SURFACE_STYLE_USAGE(.BOTH.,#17906);
#17906 = SURFACE_SIDE_STYLE('',(#17907,#17910));
#17907 = SURFACE_STYLE_FILL_AREA(#17908);
#17908 = FILL_AREA_STYLE('',(#17909));
#17909 = FILL_AREA_STYLE_COLOUR('',#17323);
#17910 = SURFACE_STYLE_RENDERING_WITH_PROPERTIES(.NORMAL_SHADING.,#17323
  ,(#17911));
#17911 = SURFACE_STYLE_TRANSPARENT(0.100000023842);
#17912 = STYLED_ITEM('color',(#17913),#594);
#17913 = PRESENTATION_STYLE_ASSIGNMENT((#17914));
#17914 = SURFACE_STYLE_USAGE(.BOTH.,#17915);
#17915 = SURFACE_SIDE_STYLE('',(#17916,#17919));
#17916 = SURFACE_STYLE_FILL_AREA(#17917);
#17917 = FILL_AREA_STYLE('',(#17918));
#17918 = FILL_AREA_STYLE_COLOUR('',#17323);
#17919 = SURFACE_STYLE_RENDERING_WITH_PROPERTIES(.NORMAL_SHADING.,#17323
  ,(#17920));
#17920 = SURFACE_STYLE_TRANSPARENT(0.100000023842);
#17921 = STYLED_ITEM('color',(#17922),#646);
#17922 = PRESENTATION_STYLE_ASSIGNMENT((#17923));
#17923 = SURFACE_STYLE_USAGE(.BOTH.,#17924);
#17924 = SURFACE_SIDE_STYLE('',(#17925,#17928));
#17925 = SURFACE_STYLE_FILL_AREA(#17926);
#17926 = FILL_AREA_STYLE('',(#17927));
#17927 = FILL_AREA_STYLE_COLOUR('',#17323);
#17928 = SURFACE_STYLE_RENDERING_WITH_PROPERTIES(.NORMAL_SHADING.,#17323
  ,(#17929));
#17929 = SURFACE_STYLE_TRANSPARENT(0.100000023842);
#17930 = STYLED_ITEM('color',(#17931),#698);
#17931 = PRESENTATION_STYLE_ASSIGNMENT((#17932));
#17932 = SURFACE_STYLE_USAGE(.BOTH.,#17933);
#17933 = SURFACE_SIDE_STYLE('',(#17934,#17937));
#17934 = SURFACE_STYLE_FILL_AREA(#17935);
#17935 = FILL_AREA_STYLE('',(#17936));
#17936 = FILL_AREA_STYLE_COLOUR('',#17323);
#17937 = SURFACE_STYLE_RENDERING_WITH_PROPERTIES(.NORMAL_SHADING.,#17323
  ,(#17938));
#17938 = SURFACE_STYLE_TRANSPARENT(0.100000023842);
#17939 = STYLED_ITEM('color',(#17940),#742);
#17940 = PRESENTATION_STYLE_ASSIGNMENT((#17941));
#17941 = SURFACE_STYLE_USAGE(.BOTH.,#17942);
#17942 = SURFACE_SIDE_STYLE('',(#17943,#17946));
#17943 = SURFACE_STYLE_FILL_AREA(#17944);
#17944 = FILL_AREA_STYLE('',(#17945));
#17945 = FILL_AREA_STYLE_COLOUR('',#17323);
#17946 = SURFACE_STYLE_RENDERING_WITH_PROPERTIES(.NORMAL_SHADING.,#17323
  ,(#17947));
#17947 = SURFACE_STYLE_TRANSPARENT(0.100000023842);
#17948 = STYLED_ITEM('color',(#17949),#802);
#17949 = PRESENTATION_STYLE_ASSIGNMENT((#17950));
#17950 = SURFACE_STYLE_USAGE(.BOTH.,#17951);
#17951 = SURFACE_SIDE_STYLE('',(#17952,#17955));
#17952 = SURFACE_STYLE_FILL_AREA(#17953);
#17953 = FILL_AREA_STYLE('',(#17954));
#17954 = FILL_AREA_STYLE_COLOUR('',#17323);
#17955 = SURFACE_STYLE_RENDERING_WITH_PROPERTIES(.NORMAL_SHADING.,#17323
  ,(#17956));
#17956 = SURFACE_STYLE_TRANSPARENT(0.100000023842);
#17957 = STYLED_ITEM('color',(#17958),#944);
#17958 = PRESENTATION_STYLE_ASSIGNMENT((#17959));
#17959 = SURFACE_STYLE_USAGE(.BOTH.,#17960);
#17960 = SURFACE_SIDE_STYLE('',(#17961,#17964));
#17961 = SURFACE_STYLE_FILL_AREA(#17962);
#17962 = FILL_AREA_STYLE('',(#17963));
#17963 = FILL_AREA_STYLE_COLOUR('',#17323);
#17964 = SURFACE_STYLE_RENDERING_WITH_PROPERTIES(.NORMAL_SHADING.,#17323
  ,(#17965));
#17965 = SURFACE_STYLE_TRANSPARENT(0.100000023842);
#17966 = STYLED_ITEM('color',(#17967),#1096);
#17967 = PRESENTATION_STYLE_ASSIGNMENT((#17968));
#17968 = SURFACE_STYLE_USAGE(.BOTH.,#17969);
#17969 = SURFACE_SIDE_STYLE('',(#17970,#17973));
#17970 = SURFACE_STYLE_FILL_AREA(#17971);
#17971 = FILL_AREA_STYLE('',(#17972));
#17972 = FILL_AREA_STYLE_COLOUR('',#17323);
#17973 = SURFACE_STYLE_RENDERING_WITH_PROPERTIES(.NORMAL_SHADING.,#17323
  ,(#17974));
#17974 = SURFACE_STYLE_TRANSPARENT(0.100000023842);
#17975 = STYLED_ITEM('color',(#17976),#1256);
#17976 = PRESENTATION_STYLE_ASSIGNMENT((#17977));
#17977 = SURFACE_STYLE_USAGE(.BOTH.,#17978);
#17978 = SURFACE_SIDE_STYLE('',(#17979,#17982));
#17979 = SURFACE_STYLE_FILL_AREA(#17980);
#17980 = FILL_AREA_STYLE('',(#17981));
#17981 = FILL_AREA_STYLE_COLOUR('',#17323);
#17982 = SURFACE_STYLE_RENDERING_WITH_PROPERTIES(.NORMAL_SHADING.,#17323
  ,(#17983));
#17983 = SURFACE_STYLE_TRANSPARENT(0.100000023842);
#17984 = STYLED_ITEM('color',(#17985),#1390);
#17985 = PRESENTATION_STYLE_ASSIGNMENT((#17986));
#17986 = SURFACE_STYLE_USAGE(.BOTH.,#17987);
#17987 = SURFACE_SIDE_STYLE('',(#17988,#17991));
#17988 = SURFACE_STYLE_FILL_AREA(#17989);
#17989 = FILL_AREA_STYLE('',(#17990));
#17990 = FILL_AREA_STYLE_COLOUR('',#17323);
#17991 = SURFACE_STYLE_RENDERING_WITH_PROPERTIES(.NORMAL_SHADING.,#17323
  ,(#17992));
#17992 = SURFACE_STYLE_TRANSPARENT(0.100000023842);
#17993 = STYLED_ITEM('color',(#17994),#1450);
#17994 = PRESENTATION_STYLE_ASSIGNMENT((#17995));
#17995 = SURFACE_STYLE_USAGE(.BOTH.,#17996);
#17996 = SURFACE_SIDE_STYLE('',(#17997,#18000));
#17997 = SURFACE_STYLE_FILL_AREA(#17998);
#17998 = FILL_AREA_STYLE('',(#17999));
#17999 = FILL_AREA_STYLE_COLOUR('',#17323);
#18000 = SURFACE_STYLE_RENDERING_WITH_PROPERTIES(.NORMAL_SHADING.,#17323
  ,(#18001));
#18001 = SURFACE_STYLE_TRANSPARENT(0.100000023842);
#18002 = STYLED_ITEM('color',(#18003),#1544);
#18003 = PRESENTATION_STYLE_ASSIGNMENT((#18004));
#18004 = SURFACE_STYLE_USAGE(.BOTH.,#18005);
#18005 = SURFACE_SIDE_STYLE('',(#18006,#18009));
#18006 = SURFACE_STYLE_FILL_AREA(#18007);
#18007 = FILL_AREA_STYLE('',(#18008));
#18008 = FILL_AREA_STYLE_COLOUR('',#17323);
#18009 = SURFACE_STYLE_RENDERING_WITH_PROPERTIES(.NORMAL_SHADING.,#17323
  ,(#18010));
#18010 = SURFACE_STYLE_TRANSPARENT(0.100000023842);
#18011 = STYLED_ITEM('color',(#18012),#1588);
#18012 = PRESENTATION_STYLE_ASSIGNMENT((#18013));
#18013 = SURFACE_STYLE_USAGE(.BOTH.,#18014);
#18014 = SURFACE_SIDE_STYLE('',(#18015,#18018));
#18015 = SURFACE_STYLE_FILL_AREA(#18016);
#18016 = FILL_AREA_STYLE('',(#18017));
#18017 = FILL_AREA_STYLE_COLOUR('',#17323);
#18018 = SURFACE_STYLE_RENDERING_WITH_PROPERTIES(.NORMAL_SHADING.,#17323
  ,(#18019));
#18019 = SURFACE_STYLE_TRANSPARENT(0.100000023842);
#18020 = STYLED_ITEM('color',(#18021),#1925);
#18021 = PRESENTATION_STYLE_ASSIGNMENT((#18022));
#18022 = SURFACE_STYLE_USAGE(.BOTH.,#18023);
#18023 = SURFACE_SIDE_STYLE('',(#18024,#18027));
#18024 = SURFACE_STYLE_FILL_AREA(#18025);
#18025 = FILL_AREA_STYLE('',(#18026));
#18026 = FILL_AREA_STYLE_COLOUR('',#17323);
#18027 = SURFACE_STYLE_RENDERING_WITH_PROPERTIES(.NORMAL_SHADING.,#17323
  ,(#18028));
#18028 = SURFACE_STYLE_TRANSPARENT(0.100000023842);
#18029 = STYLED_ITEM('color',(#18030),#1993);
#18030 = PRESENTATION_STYLE_ASSIGNMENT((#18031));
#18031 = SURFACE_STYLE_USAGE(.BOTH.,#18032);
#18032 = SURFACE_SIDE_STYLE('',(#18033,#18036));
#18033 = SURFACE_STYLE_FILL_AREA(#18034);
#18034 = FILL_AREA_STYLE('',(#18035));
#18035 = FILL_AREA_STYLE_COLOUR('',#17323);
#18036 = SURFACE_STYLE_RENDERING_WITH_PROPERTIES(.NORMAL_SHADING.,#17323
  ,(#18037));
#18037 = SURFACE_STYLE_TRANSPARENT(0.100000023842);
#18038 = STYLED_ITEM('color',(#18039),#2167);
#18039 = PRESENTATION_STYLE_ASSIGNMENT((#18040));
#18040 = SURFACE_STYLE_USAGE(.BOTH.,#18041);
#18041 = SURFACE_SIDE_STYLE('',(#18042,#18045));
#18042 = SURFACE_STYLE_FILL_AREA(#18043);
#18043 = FILL_AREA_STYLE('',(#18044));
#18044 = FILL_AREA_STYLE_COLOUR('',#17323);
#18045 = SURFACE_STYLE_RENDERING_WITH_PROPERTIES(.NORMAL_SHADING.,#17323
  ,(#18046));
#18046 = SURFACE_STYLE_TRANSPARENT(0.100000023842);
#18047 = STYLED_ITEM('color',(#18048),#2292);
#18048 = PRESENTATION_STYLE_ASSIGNMENT((#18049));
#18049 = SURFACE_STYLE_USAGE(.BOTH.,#18050);
#18050 = SURFACE_SIDE_STYLE('',(#18051,#18054));
#18051 = SURFACE_STYLE_FILL_AREA(#18052);
#18052 = FILL_AREA_STYLE('',(#18053));
#18053 = FILL_AREA_STYLE_COLOUR('',#17323);
#18054 = SURFACE_STYLE_RENDERING_WITH_PROPERTIES(.NORMAL_SHADING.,#17323
  ,(#18055));
#18055 = SURFACE_STYLE_TRANSPARENT(0.100000023842);
#18056 = STYLED_ITEM('color',(#18057),#2445);
#18057 = PRESENTATION_STYLE_ASSIGNMENT((#18058));
#18058 = SURFACE_STYLE_USAGE(.BOTH.,#18059);
#18059 = SURFACE_SIDE_STYLE('',(#18060,#18063));
#18060 = SURFACE_STYLE_FILL_AREA(#18061);
#18061 = FILL_AREA_STYLE('',(#18062));
#18062 = FILL_AREA_STYLE_COLOUR('',#17323);
#18063 = SURFACE_STYLE_RENDERING_WITH_PROPERTIES(.NORMAL_SHADING.,#17323
  ,(#18064));
#18064 = SURFACE_STYLE_TRANSPARENT(0.100000023842);
#18065 = STYLED_ITEM('color',(#18066),#2579);
#18066 = PRESENTATION_STYLE_ASSIGNMENT((#18067));
#18067 = SURFACE_STYLE_USAGE(.BOTH.,#18068);
#18068 = SURFACE_SIDE_STYLE('',(#18069,#18072));
#18069 = SURFACE_STYLE_FILL_AREA(#18070);
#18070 = FILL_AREA_STYLE('',(#18071));
#18071 = FILL_AREA_STYLE_COLOUR('',#17323);
#18072 = SURFACE_STYLE_RENDERING_WITH_PROPERTIES(.NORMAL_SHADING.,#17323
  ,(#18073));
#18073 = SURFACE_STYLE_TRANSPARENT(0.100000023842);
#18074 = STYLED_ITEM('color',(#18075),#2648);
#18075 = PRESENTATION_STYLE_ASSIGNMENT((#18076));
#18076 = SURFACE_STYLE_USAGE(.BOTH.,#18077);
#18077 = SURFACE_SIDE_STYLE('',(#18078,#18081));
#18078 = SURFACE_STYLE_FILL_AREA(#18079);
#18079 = FILL_AREA_STYLE('',(#18080));
#18080 = FILL_AREA_STYLE_COLOUR('',#17323);
#18081 = SURFACE_STYLE_RENDERING_WITH_PROPERTIES(.NORMAL_SHADING.,#17323
  ,(#18082));
#18082 = SURFACE_STYLE_TRANSPARENT(0.100000023842);
#18083 = STYLED_ITEM('color',(#18084),#2733);
#18084 = PRESENTATION_STYLE_ASSIGNMENT((#18085));
#18085 = SURFACE_STYLE_USAGE(.BOTH.,#18086);
#18086 = SURFACE_SIDE_STYLE('',(#18087,#18090));
#18087 = SURFACE_STYLE_FILL_AREA(#18088);
#18088 = FILL_AREA_STYLE('',(#18089));
#18089 = FILL_AREA_STYLE_COLOUR('',#17323);
#18090 = SURFACE_STYLE_RENDERING_WITH_PROPERTIES(.NORMAL_SHADING.,#17323
  ,(#18091));
#18091 = SURFACE_STYLE_TRANSPARENT(0.100000023842);
#18092 = STYLED_ITEM('color',(#18093),#2785);
#18093 = PRESENTATION_STYLE_ASSIGNMENT((#18094));
#18094 = SURFACE_STYLE_USAGE(.BOTH.,#18095);
#18095 = SURFACE_SIDE_STYLE('',(#18096,#18099));
#18096 = SURFACE_STYLE_FILL_AREA(#18097);
#18097 = FILL_AREA_STYLE('',(#18098));
#18098 = FILL_AREA_STYLE_COLOUR('',#17323);
#18099 = SURFACE_STYLE_RENDERING_WITH_PROPERTIES(.NORMAL_SHADING.,#17323
  ,(#18100));
#18100 = SURFACE_STYLE_TRANSPARENT(0.100000023842);
#18101 = STYLED_ITEM('color',(#18102),#2978);
#18102 = PRESENTATION_STYLE_ASSIGNMENT((#18103));
#18103 = SURFACE_STYLE_USAGE(.BOTH.,#18104);
#18104 = SURFACE_SIDE_STYLE('',(#18105,#18108));
#18105 = SURFACE_STYLE_FILL_AREA(#18106);
#18106 = FILL_AREA_STYLE('',(#18107));
#18107 = FILL_AREA_STYLE_COLOUR('',#17323);
#18108 = SURFACE_STYLE_RENDERING_WITH_PROPERTIES(.NORMAL_SHADING.,#17323
  ,(#18109));
#18109 = SURFACE_STYLE_TRANSPARENT(0.100000023842);
#18110 = STYLED_ITEM('color',(#18111),#3080);
#18111 = PRESENTATION_STYLE_ASSIGNMENT((#18112));
#18112 = SURFACE_STYLE_USAGE(.BOTH.,#18113);
#18113 = SURFACE_SIDE_STYLE('',(#18114,#18117));
#18114 = SURFACE_STYLE_FILL_AREA(#18115);
#18115 = FILL_AREA_STYLE('',(#18116));
#18116 = FILL_AREA_STYLE_COLOUR('',#17323);
#18117 = SURFACE_STYLE_RENDERING_WITH_PROPERTIES(.NORMAL_SHADING.,#17323
  ,(#18118));
#18118 = SURFACE_STYLE_TRANSPARENT(0.100000023842);
#18119 = STYLED_ITEM('color',(#18120),#3281);
#18120 = PRESENTATION_STYLE_ASSIGNMENT((#18121));
#18121 = SURFACE_STYLE_USAGE(.BOTH.,#18122);
#18122 = SURFACE_SIDE_STYLE('',(#18123,#18126));
#18123 = SURFACE_STYLE_FILL_AREA(#18124);
#18124 = FILL_AREA_STYLE('',(#18125));
#18125 = FILL_AREA_STYLE_COLOUR('',#17323);
#18126 = SURFACE_STYLE_RENDERING_WITH_PROPERTIES(.NORMAL_SHADING.,#17323
  ,(#18127));
#18127 = SURFACE_STYLE_TRANSPARENT(0.100000023842);
#18128 = STYLED_ITEM('color',(#18129),#3407);
#18129 = PRESENTATION_STYLE_ASSIGNMENT((#18130));
#18130 = SURFACE_STYLE_USAGE(.BOTH.,#18131);
#18131 = SURFACE_SIDE_STYLE('',(#18132,#18135));
#18132 = SURFACE_STYLE_FILL_AREA(#18133);
#18133 = FILL_AREA_STYLE('',(#18134));
#18134 = FILL_AREA_STYLE_COLOUR('',#17323);
#18135 = SURFACE_STYLE_RENDERING_WITH_PROPERTIES(.NORMAL_SHADING.,#17323
  ,(#18136));
#18136 = SURFACE_STYLE_TRANSPARENT(0.100000023842);
#18137 = STYLED_ITEM('color',(#18138),#3451);
#18138 = PRESENTATION_STYLE_ASSIGNMENT((#18139));
#18139 = SURFACE_STYLE_USAGE(.BOTH.,#18140);
#18140 = SURFACE_SIDE_STYLE('',(#18141,#18144));
#18141 = SURFACE_STYLE_FILL_AREA(#18142);
#18142 = FILL_AREA_STYLE('',(#18143));
#18143 = FILL_AREA_STYLE_COLOUR('',#17323);
#18144 = SURFACE_STYLE_RENDERING_WITH_PROPERTIES(.NORMAL_SHADING.,#17323
  ,(#18145));
#18145 = SURFACE_STYLE_TRANSPARENT(0.100000023842);
#18146 = STYLED_ITEM('color',(#18147),#3495);
#18147 = PRESENTATION_STYLE_ASSIGNMENT((#18148));
#18148 = SURFACE_STYLE_USAGE(.BOTH.,#18149);
#18149 = SURFACE_SIDE_STYLE('',(#18150,#18153));
#18150 = SURFACE_STYLE_FILL_AREA(#18151);
#18151 = FILL_AREA_STYLE('',(#18152));
#18152 = FILL_AREA_STYLE_COLOUR('',#17323);
#18153 = SURFACE_STYLE_RENDERING_WITH_PROPERTIES(.NORMAL_SHADING.,#17323
  ,(#18154));
#18154 = SURFACE_STYLE_TRANSPARENT(0.100000023842);
#18155 = STYLED_ITEM('color',(#18156),#3690);
#18156 = PRESENTATION_STYLE_ASSIGNMENT((#18157));
#18157 = SURFACE_STYLE_USAGE(.BOTH.,#18158);
#18158 = SURFACE_SIDE_STYLE('',(#18159,#18162));
#18159 = SURFACE_STYLE_FILL_AREA(#18160);
#18160 = FILL_AREA_STYLE('',(#18161));
#18161 = FILL_AREA_STYLE_COLOUR('',#17323);
#18162 = SURFACE_STYLE_RENDERING_WITH_PROPERTIES(.NORMAL_SHADING.,#17323
  ,(#18163));
#18163 = SURFACE_STYLE_TRANSPARENT(0.100000023842);
#18164 = STYLED_ITEM('color',(#18165),#3767);
#18165 = PRESENTATION_STYLE_ASSIGNMENT((#18166));
#18166 = SURFACE_STYLE_USAGE(.BOTH.,#18167);
#18167 = SURFACE_SIDE_STYLE('',(#18168,#18171));
#18168 = SURFACE_STYLE_FILL_AREA(#18169);
#18169 = FILL_AREA_STYLE('',(#18170));
#18170 = FILL_AREA_STYLE_COLOUR('',#17323);
#18171 = SURFACE_STYLE_RENDERING_WITH_PROPERTIES(.NORMAL_SHADING.,#17323
  ,(#18172));
#18172 = SURFACE_STYLE_TRANSPARENT(0.100000023842);
#18173 = STYLED_ITEM('color',(#18174),#3935);
#18174 = PRESENTATION_STYLE_ASSIGNMENT((#18175));
#18175 = SURFACE_STYLE_USAGE(.BOTH.,#18176);
#18176 = SURFACE_SIDE_STYLE('',(#18177,#18180));
#18177 = SURFACE_STYLE_FILL_AREA(#18178);
#18178 = FILL_AREA_STYLE('',(#18179));
#18179 = FILL_AREA_STYLE_COLOUR('',#17323);
#18180 = SURFACE_STYLE_RENDERING_WITH_PROPERTIES(.NORMAL_SHADING.,#17323
  ,(#18181));
#18181 = SURFACE_STYLE_TRANSPARENT(0.100000023842);
#18182 = STYLED_ITEM('color',(#18183),#4060);
#18183 = PRESENTATION_STYLE_ASSIGNMENT((#18184));
#18184 = SURFACE_STYLE_USAGE(.BOTH.,#18185);
#18185 = SURFACE_SIDE_STYLE('',(#18186,#18189));
#18186 = SURFACE_STYLE_FILL_AREA(#18187);
#18187 = FILL_AREA_STYLE('',(#18188));
#18188 = FILL_AREA_STYLE_COLOUR('',#17323);
#18189 = SURFACE_STYLE_RENDERING_WITH_PROPERTIES(.NORMAL_SHADING.,#17323
  ,(#18190));
#18190 = SURFACE_STYLE_TRANSPARENT(0.100000023842);
#18191 = STYLED_ITEM('color',(#18192),#4129);
#18192 = PRESENTATION_STYLE_ASSIGNMENT((#18193));
#18193 = SURFACE_STYLE_USAGE(.BOTH.,#18194);
#18194 = SURFACE_SIDE_STYLE('',(#18195,#18198));
#18195 = SURFACE_STYLE_FILL_AREA(#18196);
#18196 = FILL_AREA_STYLE('',(#18197));
#18197 = FILL_AREA_STYLE_COLOUR('',#17323);
#18198 = SURFACE_STYLE_RENDERING_WITH_PROPERTIES(.NORMAL_SHADING.,#17323
  ,(#18199));
#18199 = SURFACE_STYLE_TRANSPARENT(0.100000023842);
#18200 = STYLED_ITEM('color',(#18201),#4198);
#18201 = PRESENTATION_STYLE_ASSIGNMENT((#18202));
#18202 = SURFACE_STYLE_USAGE(.BOTH.,#18203);
#18203 = SURFACE_SIDE_STYLE('',(#18204,#18207));
#18204 = SURFACE_STYLE_FILL_AREA(#18205);
#18205 = FILL_AREA_STYLE('',(#18206));
#18206 = FILL_AREA_STYLE_COLOUR('',#17323);
#18207 = SURFACE_STYLE_RENDERING_WITH_PROPERTIES(.NORMAL_SHADING.,#17323
  ,(#18208));
#18208 = SURFACE_STYLE_TRANSPARENT(0.100000023842);
#18209 = STYLED_ITEM('color',(#18210),#4242);
#18210 = PRESENTATION_STYLE_ASSIGNMENT((#18211));
#18211 = SURFACE_STYLE_USAGE(.BOTH.,#18212);
#18212 = SURFACE_SIDE_STYLE('',(#18213,#18216));
#18213 = SURFACE_STYLE_FILL_AREA(#18214);
#18214 = FILL_AREA_STYLE('',(#18215));
#18215 = FILL_AREA_STYLE_COLOUR('',#17323);
#18216 = SURFACE_STYLE_RENDERING_WITH_PROPERTIES(.NORMAL_SHADING.,#17323
  ,(#18217));
#18217 = SURFACE_STYLE_TRANSPARENT(0.100000023842);
#18218 = STYLED_ITEM('color',(#18219),#4286);
#18219 = PRESENTATION_STYLE_ASSIGNMENT((#18220));
#18220 = SURFACE_STYLE_USAGE(.BOTH.,#18221);
#18221 = SURFACE_SIDE_STYLE('',(#18222,#18225));
#18222 = SURFACE_STYLE_FILL_AREA(#18223);
#18223 = FILL_AREA_STYLE('',(#18224));
#18224 = FILL_AREA_STYLE_COLOUR('',#17323);
#18225 = SURFACE_STYLE_RENDERING_WITH_PROPERTIES(.NORMAL_SHADING.,#17323
  ,(#18226));
#18226 = SURFACE_STYLE_TRANSPARENT(0.100000023842);
#18227 = STYLED_ITEM('color',(#18228),#4396);
#18228 = PRESENTATION_STYLE_ASSIGNMENT((#18229));
#18229 = SURFACE_STYLE_USAGE(.BOTH.,#18230);
#18230 = SURFACE_SIDE_STYLE('',(#18231,#18234));
#18231 = SURFACE_STYLE_FILL_AREA(#18232);
#18232 = FILL_AREA_STYLE('',(#18233));
#18233 = FILL_AREA_STYLE_COLOUR('',#17323);
#18234 = SURFACE_STYLE_RENDERING_WITH_PROPERTIES(.NORMAL_SHADING.,#17323
  ,(#18235));
#18235 = SURFACE_STYLE_TRANSPARENT(0.100000023842);
#18236 = STYLED_ITEM('color',(#18237),#4556);
#18237 = PRESENTATION_STYLE_ASSIGNMENT((#18238));
#18238 = SURFACE_STYLE_USAGE(.BOTH.,#18239);
#18239 = SURFACE_SIDE_STYLE('',(#18240,#18243));
#18240 = SURFACE_STYLE_FILL_AREA(#18241);
#18241 = FILL_AREA_STYLE('',(#18242));
#18242 = FILL_AREA_STYLE_COLOUR('',#17323);
#18243 = SURFACE_STYLE_RENDERING_WITH_PROPERTIES(.NORMAL_SHADING.,#17323
  ,(#18244));
#18244 = SURFACE_STYLE_TRANSPARENT(0.100000023842);
#18245 = STYLED_ITEM('color',(#18246),#4689);
#18246 = PRESENTATION_STYLE_ASSIGNMENT((#18247));
#18247 = SURFACE_STYLE_USAGE(.BOTH.,#18248);
#18248 = SURFACE_SIDE_STYLE('',(#18249,#18252));
#18249 = SURFACE_STYLE_FILL_AREA(#18250);
#18250 = FILL_AREA_STYLE('',(#18251));
#18251 = FILL_AREA_STYLE_COLOUR('',#17323);
#18252 = SURFACE_STYLE_RENDERING_WITH_PROPERTIES(.NORMAL_SHADING.,#17323
  ,(#18253));
#18253 = SURFACE_STYLE_TRANSPARENT(0.100000023842);
#18254 = STYLED_ITEM('color',(#18255),#4758);
#18255 = PRESENTATION_STYLE_ASSIGNMENT((#18256));
#18256 = SURFACE_STYLE_USAGE(.BOTH.,#18257);
#18257 = SURFACE_SIDE_STYLE('',(#18258,#18261));
#18258 = SURFACE_STYLE_FILL_AREA(#18259);
#18259 = FILL_AREA_STYLE('',(#18260));
#18260 = FILL_AREA_STYLE_COLOUR('',#17323);
#18261 = SURFACE_STYLE_RENDERING_WITH_PROPERTIES(.NORMAL_SHADING.,#17323
  ,(#18262));
#18262 = SURFACE_STYLE_TRANSPARENT(0.100000023842);
#18263 = STYLED_ITEM('color',(#18264),#4884);
#18264 = PRESENTATION_STYLE_ASSIGNMENT((#18265));
#18265 = SURFACE_STYLE_USAGE(.BOTH.,#18266);
#18266 = SURFACE_SIDE_STYLE('',(#18267,#18270));
#18267 = SURFACE_STYLE_FILL_AREA(#18268);
#18268 = FILL_AREA_STYLE('',(#18269));
#18269 = FILL_AREA_STYLE_COLOUR('',#17323);
#18270 = SURFACE_STYLE_RENDERING_WITH_PROPERTIES(.NORMAL_SHADING.,#17323
  ,(#18271));
#18271 = SURFACE_STYLE_TRANSPARENT(0.100000023842);
#18272 = STYLED_ITEM('color',(#18273),#4928);
#18273 = PRESENTATION_STYLE_ASSIGNMENT((#18274));
#18274 = SURFACE_STYLE_USAGE(.BOTH.,#18275);
#18275 = SURFACE_SIDE_STYLE('',(#18276,#18279));
#18276 = SURFACE_STYLE_FILL_AREA(#18277);
#18277 = FILL_AREA_STYLE('',(#18278));
#18278 = FILL_AREA_STYLE_COLOUR('',#17323);
#18279 = SURFACE_STYLE_RENDERING_WITH_PROPERTIES(.NORMAL_SHADING.,#17323
  ,(#18280));
#18280 = SURFACE_STYLE_TRANSPARENT(0.100000023842);
#18281 = STYLED_ITEM('color',(#18282),#4972);
#18282 = PRESENTATION_STYLE_ASSIGNMENT((#18283));
#18283 = SURFACE_STYLE_USAGE(.BOTH.,#18284);
#18284 = SURFACE_SIDE_STYLE('',(#18285,#18288));
#18285 = SURFACE_STYLE_FILL_AREA(#18286);
#18286 = FILL_AREA_STYLE('',(#18287));
#18287 = FILL_AREA_STYLE_COLOUR('',#17323);
#18288 = SURFACE_STYLE_RENDERING_WITH_PROPERTIES(.NORMAL_SHADING.,#17323
  ,(#18289));
#18289 = SURFACE_STYLE_TRANSPARENT(0.100000023842);
#18290 = STYLED_ITEM('color',(#18291),#5016);
#18291 = PRESENTATION_STYLE_ASSIGNMENT((#18292));
#18292 = SURFACE_STYLE_USAGE(.BOTH.,#18293);
#18293 = SURFACE_SIDE_STYLE('',(#18294,#18297));
#18294 = SURFACE_STYLE_FILL_AREA(#18295);
#18295 = FILL_AREA_STYLE('',(#18296));
#18296 = FILL_AREA_STYLE_COLOUR('',#17323);
#18297 = SURFACE_STYLE_RENDERING_WITH_PROPERTIES(.NORMAL_SHADING.,#17323
  ,(#18298));
#18298 = SURFACE_STYLE_TRANSPARENT(0.100000023842);
#18299 = STYLED_ITEM('color',(#18300),#5068);
#18300 = PRESENTATION_STYLE_ASSIGNMENT((#18301));
#18301 = SURFACE_STYLE_USAGE(.BOTH.,#18302);
#18302 = SURFACE_SIDE_STYLE('',(#18303,#18306));
#18303 = SURFACE_STYLE_FILL_AREA(#18304);
#18304 = FILL_AREA_STYLE('',(#18305));
#18305 = FILL_AREA_STYLE_COLOUR('',#17323);
#18306 = SURFACE_STYLE_RENDERING_WITH_PROPERTIES(.NORMAL_SHADING.,#17323
  ,(#18307));
#18307 = SURFACE_STYLE_TRANSPARENT(0.100000023842);
#18308 = STYLED_ITEM('color',(#18309),#5120);
#18309 = PRESENTATION_STYLE_ASSIGNMENT((#18310));
#18310 = SURFACE_STYLE_USAGE(.BOTH.,#18311);
#18311 = SURFACE_SIDE_STYLE('',(#18312,#18315));
#18312 = SURFACE_STYLE_FILL_AREA(#18313);
#18313 = FILL_AREA_STYLE('',(#18314));
#18314 = FILL_AREA_STYLE_COLOUR('',#17323);
#18315 = SURFACE_STYLE_RENDERING_WITH_PROPERTIES(.NORMAL_SHADING.,#17323
  ,(#18316));
#18316 = SURFACE_STYLE_TRANSPARENT(0.100000023842);
#18317 = STYLED_ITEM('color',(#18318),#5172);
#18318 = PRESENTATION_STYLE_ASSIGNMENT((#18319));
#18319 = SURFACE_STYLE_USAGE(.BOTH.,#18320);
#18320 = SURFACE_SIDE_STYLE('',(#18321,#18324));
#18321 = SURFACE_STYLE_FILL_AREA(#18322);
#18322 = FILL_AREA_STYLE('',(#18323));
#18323 = FILL_AREA_STYLE_COLOUR('',#17323);
#18324 = SURFACE_STYLE_RENDERING_WITH_PROPERTIES(.NORMAL_SHADING.,#17323
  ,(#18325));
#18325 = SURFACE_STYLE_TRANSPARENT(0.100000023842);
#18326 = STYLED_ITEM('color',(#18327),#5224);
#18327 = PRESENTATION_STYLE_ASSIGNMENT((#18328));
#18328 = SURFACE_STYLE_USAGE(.BOTH.,#18329);
#18329 = SURFACE_SIDE_STYLE('',(#18330,#18333));
#18330 = SURFACE_STYLE_FILL_AREA(#18331);
#18331 = FILL_AREA_STYLE('',(#18332));
#18332 = FILL_AREA_STYLE_COLOUR('',#17323);
#18333 = SURFACE_STYLE_RENDERING_WITH_PROPERTIES(.NORMAL_SHADING.,#17323
  ,(#18334));
#18334 = SURFACE_STYLE_TRANSPARENT(0.100000023842);
#18335 = STYLED_ITEM('color',(#18336),#5384);
#18336 = PRESENTATION_STYLE_ASSIGNMENT((#18337));
#18337 = SURFACE_STYLE_USAGE(.BOTH.,#18338);
#18338 = SURFACE_SIDE_STYLE('',(#18339,#18342));
#18339 = SURFACE_STYLE_FILL_AREA(#18340);
#18340 = FILL_AREA_STYLE('',(#18341));
#18341 = FILL_AREA_STYLE_COLOUR('',#17323);
#18342 = SURFACE_STYLE_RENDERING_WITH_PROPERTIES(.NORMAL_SHADING.,#17323
  ,(#18343));
#18343 = SURFACE_STYLE_TRANSPARENT(0.100000023842);
#18344 = STYLED_ITEM('color',(#18345),#5597);
#18345 = PRESENTATION_STYLE_ASSIGNMENT((#18346));
#18346 = SURFACE_STYLE_USAGE(.BOTH.,#18347);
#18347 = SURFACE_SIDE_STYLE('',(#18348,#18351));
#18348 = SURFACE_STYLE_FILL_AREA(#18349);
#18349 = FILL_AREA_STYLE('',(#18350));
#18350 = FILL_AREA_STYLE_COLOUR('',#17323);
#18351 = SURFACE_STYLE_RENDERING_WITH_PROPERTIES(.NORMAL_SHADING.,#17323
  ,(#18352));
#18352 = SURFACE_STYLE_TRANSPARENT(0.100000023842);
#18353 = STYLED_ITEM('color',(#18354),#5765);
#18354 = PRESENTATION_STYLE_ASSIGNMENT((#18355));
#18355 = SURFACE_STYLE_USAGE(.BOTH.,#18356);
#18356 = SURFACE_SIDE_STYLE('',(#18357,#18360));
#18357 = SURFACE_STYLE_FILL_AREA(#18358);
#18358 = FILL_AREA_STYLE('',(#18359));
#18359 = FILL_AREA_STYLE_COLOUR('',#17323);
#18360 = SURFACE_STYLE_RENDERING_WITH_PROPERTIES(.NORMAL_SHADING.,#17323
  ,(#18361));
#18361 = SURFACE_STYLE_TRANSPARENT(0.100000023842);
#18362 = STYLED_ITEM('color',(#18363),#5933);
#18363 = PRESENTATION_STYLE_ASSIGNMENT((#18364));
#18364 = SURFACE_STYLE_USAGE(.BOTH.,#18365);
#18365 = SURFACE_SIDE_STYLE('',(#18366,#18369));
#18366 = SURFACE_STYLE_FILL_AREA(#18367);
#18367 = FILL_AREA_STYLE('',(#18368));
#18368 = FILL_AREA_STYLE_COLOUR('',#17323);
#18369 = SURFACE_STYLE_RENDERING_WITH_PROPERTIES(.NORMAL_SHADING.,#17323
  ,(#18370));
#18370 = SURFACE_STYLE_TRANSPARENT(0.100000023842);
#18371 = STYLED_ITEM('color',(#18372),#6083);
#18372 = PRESENTATION_STYLE_ASSIGNMENT((#18373));
#18373 = SURFACE_STYLE_USAGE(.BOTH.,#18374);
#18374 = SURFACE_SIDE_STYLE('',(#18375,#18378));
#18375 = SURFACE_STYLE_FILL_AREA(#18376);
#18376 = FILL_AREA_STYLE('',(#18377));
#18377 = FILL_AREA_STYLE_COLOUR('',#17323);
#18378 = SURFACE_STYLE_RENDERING_WITH_PROPERTIES(.NORMAL_SHADING.,#17323
  ,(#18379));
#18379 = SURFACE_STYLE_TRANSPARENT(0.100000023842);
#18380 = STYLED_ITEM('color',(#18381),#6296);
#18381 = PRESENTATION_STYLE_ASSIGNMENT((#18382));
#18382 = SURFACE_STYLE_USAGE(.BOTH.,#18383);
#18383 = SURFACE_SIDE_STYLE('',(#18384,#18387));
#18384 = SURFACE_STYLE_FILL_AREA(#18385);
#18385 = FILL_AREA_STYLE('',(#18386));
#18386 = FILL_AREA_STYLE_COLOUR('',#17323);
#18387 = SURFACE_STYLE_RENDERING_WITH_PROPERTIES(.NORMAL_SHADING.,#17323
  ,(#18388));
#18388 = SURFACE_STYLE_TRANSPARENT(0.100000023842);
ENDSEC;
END-ISO-10303-21;
