ISO-10303-21;
HEADER;
FILE_DESCRIPTION(('KiCad electronic assembly'),'2;1');
FILE_NAME('main pcb.step','2026-08-22T17:35:05',('Pcbnew'),('Kicad'),
  'Open CASCADE STEP processor 7.9','KiCad to STEP converter','Unknown'
  );
FILE_SCHEMA(('AUTOMOTIVE_DESIGN { 1 0 10303 214 1 1 1 1 }'));
ENDSEC;
DATA;
#1 = APPLICATION_PROTOCOL_DEFINITION('international standard',
  'automotive_design',2000,#2);
#2 = APPLICATION_CONTEXT(
  'core data for automotive mechanical design processes');
#3 = SHAPE_DEFINITION_REPRESENTATION(#4,#10);
#4 = PRODUCT_DEFINITION_SHAPE('','',#5);
#5 = PRODUCT_DEFINITION('design','',#6,#9);
#6 = PRODUCT_DEFINITION_FORMATION('','',#7);
#7 = PRODUCT('main pcb 1','main pcb 1','',(#8));
#8 = PRODUCT_CONTEXT('',#2,'mechanical');
#9 = PRODUCT_DEFINITION_CONTEXT('part definition',#2,'design');
#10 = SHAPE_REPRESENTATION('',(#11,#15),#19);
#11 = AXIS2_PLACEMENT_3D('',#12,#13,#14);
#12 = CARTESIAN_POINT('',(0.,0.,0.));
#13 = DIRECTION('',(0.,0.,1.));
#14 = DIRECTION('',(1.,0.,-0.));
#15 = AXIS2_PLACEMENT_3D('',#16,#17,#18);
#16 = CARTESIAN_POINT('',(0.,0.,0.));
#17 = DIRECTION('',(0.,0.,1.));
#18 = DIRECTION('',(1.,0.,-0.));
#19 = ( GEOMETRIC_REPRESENTATION_CONTEXT(3) 
GLOBAL_UNCERTAINTY_ASSIGNED_CONTEXT((#23)) GLOBAL_UNIT_ASSIGNED_CONTEXT(
(#20,#21,#22)) REPRESENTATION_CONTEXT('Context #1',
  '3D Context with UNIT and UNCERTAINTY') );
#20 = ( LENGTH_UNIT() NAMED_UNIT(*) SI_UNIT(.MILLI.,.METRE.) );
#21 = ( NAMED_UNIT(*) PLANE_ANGLE_UNIT() SI_UNIT($,.RADIAN.) );
#22 = ( NAMED_UNIT(*) SI_UNIT($,.STERADIAN.) SOLID_ANGLE_UNIT() );
#23 = UNCERTAINTY_MEASURE_WITH_UNIT(LENGTH_MEASURE(1.E-07),#20,
  'distance_accuracy_value','confusion accuracy');
#24 = PRODUCT_RELATED_PRODUCT_CATEGORY('part',$,(#7));
#25 = SHAPE_DEFINITION_REPRESENTATION(#26,#32);
#26 = PRODUCT_DEFINITION_SHAPE('','',#27);
#27 = PRODUCT_DEFINITION('design','',#28,#31);
#28 = PRODUCT_DEFINITION_FORMATION('','',#29);
#29 = PRODUCT('main pcb_PCB','main pcb_PCB','',(#30));
#30 = PRODUCT_CONTEXT('',#2,'mechanical');
#31 = PRODUCT_DEFINITION_CONTEXT('part definition',#2,'design');
#32 = ADVANCED_BREP_SHAPE_REPRESENTATION('',(#11,#33),#7788);
#33 = MANIFOLD_SOLID_BREP('',#34);
#34 = CLOSED_SHELL('',(#35,#75,#106,#137,#2299,#4461,#4473,#4490,#4507,
    #4524,#4541,#4558,#4575,#4592,#4609,#4626,#4643,#4660,#4677,#4694,
    #4711,#4728,#4745,#4762,#4779,#4796,#4813,#4830,#4847,#4864,#4881,
    #4898,#4915,#4932,#4949,#4966,#4983,#5000,#5017,#5034,#5051,#5068,
    #5085,#5102,#5119,#5136,#5153,#5170,#5187,#5204,#5221,#5238,#5255,
    #5272,#5289,#5306,#5323,#5340,#5357,#5374,#5391,#5408,#5425,#5442,
    #5459,#5476,#5493,#5510,#5527,#5544,#5561,#5578,#5595,#5612,#5629,
    #5646,#5663,#5680,#5697,#5714,#5731,#5748,#5765,#5782,#5799,#5816,
    #5833,#5850,#5867,#5884,#5901,#5918,#5935,#5952,#5969,#5986,#6003,
    #6020,#6037,#6054,#6071,#6088,#6105,#6122,#6139,#6156,#6173,#6190,
    #6207,#6224,#6241,#6258,#6275,#6292,#6309,#6326,#6343,#6360,#6377,
    #6394,#6411,#6428,#6445,#6462,#6479,#6496,#6513,#6530,#6547,#6564,
    #6581,#6598,#6615,#6632,#6649,#6666,#6683,#6700,#6717,#6734,#6751,
    #6768,#6785,#6802,#6819,#6836,#6853,#6870,#6887,#6904,#6921,#6938,
    #6955,#6972,#6989,#7006,#7023,#7040,#7057,#7074,#7091,#7108,#7125,
    #7142,#7159,#7176,#7193,#7210,#7227,#7244,#7261,#7278,#7295,#7312,
    #7329,#7346,#7363,#7380,#7397,#7414,#7431,#7448,#7465,#7482,#7499,
    #7516,#7533,#7550,#7567,#7584,#7601,#7618,#7635,#7652,#7669,#7686,
    #7703,#7720,#7737,#7754,#7771));
#35 = ADVANCED_FACE('',(#36),#70,.T.);
#36 = FACE_BOUND('',#37,.T.);
#37 = EDGE_LOOP('',(#38,#48,#56,#64));
#38 = ORIENTED_EDGE('',*,*,#39,.T.);
#39 = EDGE_CURVE('',#40,#42,#44,.T.);
#40 = VERTEX_POINT('',#41);
#41 = CARTESIAN_POINT('',(177.6,-120.,0.));
#42 = VERTEX_POINT('',#43);
#43 = CARTESIAN_POINT('',(177.6,-120.,1.51));
#44 = LINE('',#45,#46);
#45 = CARTESIAN_POINT('',(177.6,-120.,0.));
#46 = VECTOR('',#47,1.);
#47 = DIRECTION('',(0.,0.,1.));
#48 = ORIENTED_EDGE('',*,*,#49,.T.);
#49 = EDGE_CURVE('',#42,#50,#52,.T.);
#50 = VERTEX_POINT('',#51);
#51 = CARTESIAN_POINT('',(63.8,-120.,1.51));
#52 = LINE('',#53,#54);
#53 = CARTESIAN_POINT('',(177.6,-120.,1.51));
#54 = VECTOR('',#55,1.);
#55 = DIRECTION('',(-1.,0.,0.));
#56 = ORIENTED_EDGE('',*,*,#57,.F.);
#57 = EDGE_CURVE('',#58,#50,#60,.T.);
#58 = VERTEX_POINT('',#59);
#59 = CARTESIAN_POINT('',(63.8,-120.,0.));
#60 = LINE('',#61,#62);
#61 = CARTESIAN_POINT('',(63.8,-120.,0.));
#62 = VECTOR('',#63,1.);
#63 = DIRECTION('',(0.,0.,1.));
#64 = ORIENTED_EDGE('',*,*,#65,.F.);
#65 = EDGE_CURVE('',#40,#58,#66,.T.);
#66 = LINE('',#67,#68);
#67 = CARTESIAN_POINT('',(177.6,-120.,0.));
#68 = VECTOR('',#69,1.);
#69 = DIRECTION('',(-1.,0.,0.));
#70 = PLANE('',#71);
#71 = AXIS2_PLACEMENT_3D('',#72,#73,#74);
#72 = CARTESIAN_POINT('',(177.6,-120.,0.));
#73 = DIRECTION('',(0.,-1.,0.));
#74 = DIRECTION('',(-1.,0.,0.));
#75 = ADVANCED_FACE('',(#76),#101,.T.);
#76 = FACE_BOUND('',#77,.T.);
#77 = EDGE_LOOP('',(#78,#88,#94,#95));
#78 = ORIENTED_EDGE('',*,*,#79,.T.);
#79 = EDGE_CURVE('',#80,#82,#84,.T.);
#80 = VERTEX_POINT('',#81);
#81 = CARTESIAN_POINT('',(177.6,-43.1,0.));
#82 = VERTEX_POINT('',#83);
#83 = CARTESIAN_POINT('',(177.6,-43.1,1.51));
#84 = LINE('',#85,#86);
#85 = CARTESIAN_POINT('',(177.6,-43.1,0.));
#86 = VECTOR('',#87,1.);
#87 = DIRECTION('',(0.,0.,1.));
#88 = ORIENTED_EDGE('',*,*,#89,.T.);
#89 = EDGE_CURVE('',#82,#42,#90,.T.);
#90 = LINE('',#91,#92);
#91 = CARTESIAN_POINT('',(177.6,-43.1,1.51));
#92 = VECTOR('',#93,1.);
#93 = DIRECTION('',(0.,-1.,0.));
#94 = ORIENTED_EDGE('',*,*,#39,.F.);
#95 = ORIENTED_EDGE('',*,*,#96,.F.);
#96 = EDGE_CURVE('',#80,#40,#97,.T.);
#97 = LINE('',#98,#99);
#98 = CARTESIAN_POINT('',(177.6,-43.1,0.));
#99 = VECTOR('',#100,1.);
#100 = DIRECTION('',(0.,-1.,0.));
#101 = PLANE('',#102);
#102 = AXIS2_PLACEMENT_3D('',#103,#104,#105);
#103 = CARTESIAN_POINT('',(177.6,-43.1,0.));
#104 = DIRECTION('',(1.,0.,-0.));
#105 = DIRECTION('',(0.,-1.,0.));
#106 = ADVANCED_FACE('',(#107),#132,.T.);
#107 = FACE_BOUND('',#108,.T.);
#108 = EDGE_LOOP('',(#109,#110,#118,#126));
#109 = ORIENTED_EDGE('',*,*,#57,.T.);
#110 = ORIENTED_EDGE('',*,*,#111,.T.);
#111 = EDGE_CURVE('',#50,#112,#114,.T.);
#112 = VERTEX_POINT('',#113);
#113 = CARTESIAN_POINT('',(63.8,-43.1,1.51));
#114 = LINE('',#115,#116);
#115 = CARTESIAN_POINT('',(63.8,-120.,1.51));
#116 = VECTOR('',#117,1.);
#117 = DIRECTION('',(0.,1.,0.));
#118 = ORIENTED_EDGE('',*,*,#119,.F.);
#119 = EDGE_CURVE('',#120,#112,#122,.T.);
#120 = VERTEX_POINT('',#121);
#121 = CARTESIAN_POINT('',(63.8,-43.1,0.));
#122 = LINE('',#123,#124);
#123 = CARTESIAN_POINT('',(63.8,-43.1,0.));
#124 = VECTOR('',#125,1.);
#125 = DIRECTION('',(0.,0.,1.));
#126 = ORIENTED_EDGE('',*,*,#127,.F.);
#127 = EDGE_CURVE('',#58,#120,#128,.T.);
#128 = LINE('',#129,#130);
#129 = CARTESIAN_POINT('',(63.8,-120.,0.));
#130 = VECTOR('',#131,1.);
#131 = DIRECTION('',(0.,1.,0.));
#132 = PLANE('',#133);
#133 = AXIS2_PLACEMENT_3D('',#134,#135,#136);
#134 = CARTESIAN_POINT('',(63.8,-120.,0.));
#135 = DIRECTION('',(-1.,0.,0.));
#136 = DIRECTION('',(0.,1.,0.));
#137 = ADVANCED_FACE('',(#138,#149,#160,#171,#182,#193,#204,#215,#226,
    #237,#248,#259,#270,#281,#292,#303,#314,#325,#336,#347,#358,#369,
    #380,#391,#402,#413,#424,#435,#446,#457,#468,#479,#490,#501,#512,
    #523,#534,#545,#556,#567,#578,#589,#600,#611,#622,#633,#644,#655,
    #666,#677,#688,#699,#710,#721,#732,#743,#754,#765,#776,#787,#798,
    #809,#820,#831,#842,#853,#864,#875,#886,#897,#908,#919,#930,#941,
    #952,#963,#974,#985,#996,#1007,#1018,#1029,#1040,#1051,#1062,#1073,
    #1084,#1095,#1106,#1117,#1128,#1139,#1150,#1161,#1172,#1183,#1194,
    #1205,#1216,#1227,#1238,#1249,#1260,#1271,#1282,#1293,#1304,#1315,
    #1326,#1337,#1348,#1359,#1370,#1381,#1392,#1403,#1414,#1425,#1436,
    #1447,#1458,#1469,#1480,#1491,#1502,#1513,#1524,#1535,#1546,#1557,
    #1568,#1579,#1590,#1601,#1612,#1623,#1634,#1645,#1656,#1667,#1678,
    #1689,#1700,#1711,#1722,#1733,#1744,#1755,#1766,#1777,#1788,#1799,
    #1810,#1821,#1832,#1843,#1854,#1865,#1876,#1887,#1898,#1909,#1920,
    #1931,#1942,#1953,#1964,#1975,#1986,#1997,#2008,#2019,#2030,#2041,
    #2052,#2063,#2074,#2085,#2096,#2107,#2118,#2129,#2140,#2151,#2162,
    #2173,#2184,#2195,#2206,#2217,#2228,#2239,#2250,#2261,#2272,#2283),
  #2294,.F.);
#138 = FACE_BOUND('',#139,.F.);
#139 = EDGE_LOOP('',(#140,#141,#142,#148));
#140 = ORIENTED_EDGE('',*,*,#65,.F.);
#141 = ORIENTED_EDGE('',*,*,#96,.F.);
#142 = ORIENTED_EDGE('',*,*,#143,.F.);
#143 = EDGE_CURVE('',#120,#80,#144,.T.);
#144 = LINE('',#145,#146);
#145 = CARTESIAN_POINT('',(63.8,-43.1,0.));
#146 = VECTOR('',#147,1.);
#147 = DIRECTION('',(1.,0.,0.));
#148 = ORIENTED_EDGE('',*,*,#127,.F.);
#149 = FACE_BOUND('',#150,.F.);
#150 = EDGE_LOOP('',(#151));
#151 = ORIENTED_EDGE('',*,*,#152,.T.);
#152 = EDGE_CURVE('',#153,#153,#155,.T.);
#153 = VERTEX_POINT('',#154);
#154 = CARTESIAN_POINT('',(73.7,-116.065,0.));
#155 = CIRCLE('',#156,0.5);
#156 = AXIS2_PLACEMENT_3D('',#157,#158,#159);
#157 = CARTESIAN_POINT('',(73.7,-115.565,0.));
#158 = DIRECTION('',(-0.,0.,-1.));
#159 = DIRECTION('',(-0.,-1.,0.));
#160 = FACE_BOUND('',#161,.F.);
#161 = EDGE_LOOP('',(#162));
#162 = ORIENTED_EDGE('',*,*,#163,.T.);
#163 = EDGE_CURVE('',#164,#164,#166,.T.);
#164 = VERTEX_POINT('',#165);
#165 = CARTESIAN_POINT('',(77.6,-116.065,0.));
#166 = CIRCLE('',#167,0.5);
#167 = AXIS2_PLACEMENT_3D('',#168,#169,#170);
#168 = CARTESIAN_POINT('',(77.6,-115.565,0.));
#169 = DIRECTION('',(-0.,0.,-1.));
#170 = DIRECTION('',(-0.,-1.,0.));
#171 = FACE_BOUND('',#172,.F.);
#172 = EDGE_LOOP('',(#173));
#173 = ORIENTED_EDGE('',*,*,#174,.T.);
#174 = EDGE_CURVE('',#175,#175,#177,.T.);
#175 = VERTEX_POINT('',#176);
#176 = CARTESIAN_POINT('',(73.7,-113.525,0.));
#177 = CIRCLE('',#178,0.5);
#178 = AXIS2_PLACEMENT_3D('',#179,#180,#181);
#179 = CARTESIAN_POINT('',(73.7,-113.025,0.));
#180 = DIRECTION('',(-0.,0.,-1.));
#181 = DIRECTION('',(-0.,-1.,0.));
#182 = FACE_BOUND('',#183,.F.);
#183 = EDGE_LOOP('',(#184));
#184 = ORIENTED_EDGE('',*,*,#185,.T.);
#185 = EDGE_CURVE('',#186,#186,#188,.T.);
#186 = VERTEX_POINT('',#187);
#187 = CARTESIAN_POINT('',(77.6,-113.525,0.));
#188 = CIRCLE('',#189,0.5);
#189 = AXIS2_PLACEMENT_3D('',#190,#191,#192);
#190 = CARTESIAN_POINT('',(77.6,-113.025,0.));
#191 = DIRECTION('',(-0.,0.,-1.));
#192 = DIRECTION('',(-0.,-1.,0.));
#193 = FACE_BOUND('',#194,.F.);
#194 = EDGE_LOOP('',(#195));
#195 = ORIENTED_EDGE('',*,*,#196,.T.);
#196 = EDGE_CURVE('',#197,#197,#199,.T.);
#197 = VERTEX_POINT('',#198);
#198 = CARTESIAN_POINT('',(73.6,-109.695001,0.));
#199 = CIRCLE('',#200,0.325);
#200 = AXIS2_PLACEMENT_3D('',#201,#202,#203);
#201 = CARTESIAN_POINT('',(73.6,-109.370001,0.));
#202 = DIRECTION('',(-0.,0.,-1.));
#203 = DIRECTION('',(-0.,-1.,0.));
#204 = FACE_BOUND('',#205,.F.);
#205 = EDGE_LOOP('',(#206));
#206 = ORIENTED_EDGE('',*,*,#207,.T.);
#207 = EDGE_CURVE('',#208,#208,#210,.T.);
#208 = VERTEX_POINT('',#209);
#209 = CARTESIAN_POINT('',(73.6,-108.425,0.));
#210 = CIRCLE('',#211,0.325);
#211 = AXIS2_PLACEMENT_3D('',#212,#213,#214);
#212 = CARTESIAN_POINT('',(73.6,-108.1,0.));
#213 = DIRECTION('',(-0.,0.,-1.));
#214 = DIRECTION('',(-0.,-1.,0.));
#215 = FACE_BOUND('',#216,.F.);
#216 = EDGE_LOOP('',(#217));
#217 = ORIENTED_EDGE('',*,*,#218,.T.);
#218 = EDGE_CURVE('',#219,#219,#221,.T.);
#219 = VERTEX_POINT('',#220);
#220 = CARTESIAN_POINT('',(77.6,-109.725,0.));
#221 = CIRCLE('',#222,0.325);
#222 = AXIS2_PLACEMENT_3D('',#223,#224,#225);
#223 = CARTESIAN_POINT('',(77.6,-109.4,0.));
#224 = DIRECTION('',(-0.,0.,-1.));
#225 = DIRECTION('',(-0.,-1.,0.));
#226 = FACE_BOUND('',#227,.F.);
#227 = EDGE_LOOP('',(#228));
#228 = ORIENTED_EDGE('',*,*,#229,.T.);
#229 = EDGE_CURVE('',#230,#230,#232,.T.);
#230 = VERTEX_POINT('',#231);
#231 = CARTESIAN_POINT('',(77.6,-108.455,0.));
#232 = CIRCLE('',#233,0.325);
#233 = AXIS2_PLACEMENT_3D('',#234,#235,#236);
#234 = CARTESIAN_POINT('',(77.6,-108.13,0.));
#235 = DIRECTION('',(-0.,0.,-1.));
#236 = DIRECTION('',(-0.,-1.,0.));
#237 = FACE_BOUND('',#238,.F.);
#238 = EDGE_LOOP('',(#239));
#239 = ORIENTED_EDGE('',*,*,#240,.T.);
#240 = EDGE_CURVE('',#241,#241,#243,.T.);
#241 = VERTEX_POINT('',#242);
#242 = CARTESIAN_POINT('',(81.5,-116.065,0.));
#243 = CIRCLE('',#244,0.5);
#244 = AXIS2_PLACEMENT_3D('',#245,#246,#247);
#245 = CARTESIAN_POINT('',(81.5,-115.565,0.));
#246 = DIRECTION('',(-0.,0.,-1.));
#247 = DIRECTION('',(-0.,-1.,0.));
#248 = FACE_BOUND('',#249,.F.);
#249 = EDGE_LOOP('',(#250));
#250 = ORIENTED_EDGE('',*,*,#251,.T.);
#251 = EDGE_CURVE('',#252,#252,#254,.T.);
#252 = VERTEX_POINT('',#253);
#253 = CARTESIAN_POINT('',(85.55,-116.1,0.));
#254 = CIRCLE('',#255,0.5);
#255 = AXIS2_PLACEMENT_3D('',#256,#257,#258);
#256 = CARTESIAN_POINT('',(85.55,-115.6,0.));
#257 = DIRECTION('',(-0.,0.,-1.));
#258 = DIRECTION('',(-0.,-1.,0.));
#259 = FACE_BOUND('',#260,.F.);
#260 = EDGE_LOOP('',(#261));
#261 = ORIENTED_EDGE('',*,*,#262,.T.);
#262 = EDGE_CURVE('',#263,#263,#265,.T.);
#263 = VERTEX_POINT('',#264);
#264 = CARTESIAN_POINT('',(81.5,-113.525,0.));
#265 = CIRCLE('',#266,0.5);
#266 = AXIS2_PLACEMENT_3D('',#267,#268,#269);
#267 = CARTESIAN_POINT('',(81.5,-113.025,0.));
#268 = DIRECTION('',(-0.,0.,-1.));
#269 = DIRECTION('',(-0.,-1.,0.));
#270 = FACE_BOUND('',#271,.F.);
#271 = EDGE_LOOP('',(#272));
#272 = ORIENTED_EDGE('',*,*,#273,.T.);
#273 = EDGE_CURVE('',#274,#274,#276,.T.);
#274 = VERTEX_POINT('',#275);
#275 = CARTESIAN_POINT('',(85.55,-113.56,0.));
#276 = CIRCLE('',#277,0.5);
#277 = AXIS2_PLACEMENT_3D('',#278,#279,#280);
#278 = CARTESIAN_POINT('',(85.55,-113.06,0.));
#279 = DIRECTION('',(-0.,0.,-1.));
#280 = DIRECTION('',(-0.,-1.,0.));
#281 = FACE_BOUND('',#282,.F.);
#282 = EDGE_LOOP('',(#283));
#283 = ORIENTED_EDGE('',*,*,#284,.T.);
#284 = EDGE_CURVE('',#285,#285,#287,.T.);
#285 = VERTEX_POINT('',#286);
#286 = CARTESIAN_POINT('',(89.7,-116.1,0.));
#287 = CIRCLE('',#288,0.5);
#288 = AXIS2_PLACEMENT_3D('',#289,#290,#291);
#289 = CARTESIAN_POINT('',(89.7,-115.6,0.));
#290 = DIRECTION('',(-0.,0.,-1.));
#291 = DIRECTION('',(-0.,-1.,0.));
#292 = FACE_BOUND('',#293,.F.);
#293 = EDGE_LOOP('',(#294));
#294 = ORIENTED_EDGE('',*,*,#295,.T.);
#295 = EDGE_CURVE('',#296,#296,#298,.T.);
#296 = VERTEX_POINT('',#297);
#297 = CARTESIAN_POINT('',(89.7,-113.56,0.));
#298 = CIRCLE('',#299,0.5);
#299 = AXIS2_PLACEMENT_3D('',#300,#301,#302);
#300 = CARTESIAN_POINT('',(89.7,-113.06,0.));
#301 = DIRECTION('',(-0.,0.,-1.));
#302 = DIRECTION('',(-0.,-1.,0.));
#303 = FACE_BOUND('',#304,.F.);
#304 = EDGE_LOOP('',(#305));
#305 = ORIENTED_EDGE('',*,*,#306,.T.);
#306 = EDGE_CURVE('',#307,#307,#309,.T.);
#307 = VERTEX_POINT('',#308);
#308 = CARTESIAN_POINT('',(81.5,-109.76,0.));
#309 = CIRCLE('',#310,0.325);
#310 = AXIS2_PLACEMENT_3D('',#311,#312,#313);
#311 = CARTESIAN_POINT('',(81.5,-109.435,0.));
#312 = DIRECTION('',(-0.,0.,-1.));
#313 = DIRECTION('',(-0.,-1.,0.));
#314 = FACE_BOUND('',#315,.F.);
#315 = EDGE_LOOP('',(#316));
#316 = ORIENTED_EDGE('',*,*,#317,.T.);
#317 = EDGE_CURVE('',#318,#318,#320,.T.);
#318 = VERTEX_POINT('',#319);
#319 = CARTESIAN_POINT('',(85.5,-109.76,0.));
#320 = CIRCLE('',#321,0.325);
#321 = AXIS2_PLACEMENT_3D('',#322,#323,#324);
#322 = CARTESIAN_POINT('',(85.5,-109.435,0.));
#323 = DIRECTION('',(-0.,0.,-1.));
#324 = DIRECTION('',(-0.,-1.,0.));
#325 = FACE_BOUND('',#326,.F.);
#326 = EDGE_LOOP('',(#327));
#327 = ORIENTED_EDGE('',*,*,#328,.T.);
#328 = EDGE_CURVE('',#329,#329,#331,.T.);
#329 = VERTEX_POINT('',#330);
#330 = CARTESIAN_POINT('',(81.5,-108.49,0.));
#331 = CIRCLE('',#332,0.325);
#332 = AXIS2_PLACEMENT_3D('',#333,#334,#335);
#333 = CARTESIAN_POINT('',(81.5,-108.165,0.));
#334 = DIRECTION('',(-0.,0.,-1.));
#335 = DIRECTION('',(-0.,-1.,0.));
#336 = FACE_BOUND('',#337,.F.);
#337 = EDGE_LOOP('',(#338));
#338 = ORIENTED_EDGE('',*,*,#339,.T.);
#339 = EDGE_CURVE('',#340,#340,#342,.T.);
#340 = VERTEX_POINT('',#341);
#341 = CARTESIAN_POINT('',(85.5,-108.49,0.));
#342 = CIRCLE('',#343,0.325);
#343 = AXIS2_PLACEMENT_3D('',#344,#345,#346);
#344 = CARTESIAN_POINT('',(85.5,-108.165,0.));
#345 = DIRECTION('',(-0.,0.,-1.));
#346 = DIRECTION('',(-0.,-1.,0.));
#347 = FACE_BOUND('',#348,.F.);
#348 = EDGE_LOOP('',(#349));
#349 = ORIENTED_EDGE('',*,*,#350,.T.);
#350 = EDGE_CURVE('',#351,#351,#353,.T.);
#351 = VERTEX_POINT('',#352);
#352 = CARTESIAN_POINT('',(89.688996,-109.765245,0.));
#353 = CIRCLE('',#354,0.325);
#354 = AXIS2_PLACEMENT_3D('',#355,#356,#357);
#355 = CARTESIAN_POINT('',(89.688996,-109.440245,0.));
#356 = DIRECTION('',(-0.,0.,-1.));
#357 = DIRECTION('',(-0.,-1.,0.));
#358 = FACE_BOUND('',#359,.F.);
#359 = EDGE_LOOP('',(#360));
#360 = ORIENTED_EDGE('',*,*,#361,.T.);
#361 = EDGE_CURVE('',#362,#362,#364,.T.);
#362 = VERTEX_POINT('',#363);
#363 = CARTESIAN_POINT('',(89.688996,-108.495245,0.));
#364 = CIRCLE('',#365,0.325);
#365 = AXIS2_PLACEMENT_3D('',#366,#367,#368);
#366 = CARTESIAN_POINT('',(89.688996,-108.170245,0.));
#367 = DIRECTION('',(-0.,0.,-1.));
#368 = DIRECTION('',(-0.,-1.,0.));
#369 = FACE_BOUND('',#370,.F.);
#370 = EDGE_LOOP('',(#371));
#371 = ORIENTED_EDGE('',*,*,#372,.F.);
#372 = EDGE_CURVE('',#373,#373,#375,.T.);
#373 = VERTEX_POINT('',#374);
#374 = CARTESIAN_POINT('',(68.064911,-106.9,0.));
#375 = CIRCLE('',#376,1.264911);
#376 = AXIS2_PLACEMENT_3D('',#377,#378,#379);
#377 = CARTESIAN_POINT('',(66.8,-106.9,0.));
#378 = DIRECTION('',(0.,0.,1.));
#379 = DIRECTION('',(1.,0.,-0.));
#380 = FACE_BOUND('',#381,.F.);
#381 = EDGE_LOOP('',(#382));
#382 = ORIENTED_EDGE('',*,*,#383,.T.);
#383 = EDGE_CURVE('',#384,#384,#386,.T.);
#384 = VERTEX_POINT('',#385);
#385 = CARTESIAN_POINT('',(93.85,-116.1,0.));
#386 = CIRCLE('',#387,0.5);
#387 = AXIS2_PLACEMENT_3D('',#388,#389,#390);
#388 = CARTESIAN_POINT('',(93.85,-115.6,0.));
#389 = DIRECTION('',(-0.,0.,-1.));
#390 = DIRECTION('',(-0.,-1.,0.));
#391 = FACE_BOUND('',#392,.F.);
#392 = EDGE_LOOP('',(#393));
#393 = ORIENTED_EDGE('',*,*,#394,.T.);
#394 = EDGE_CURVE('',#395,#395,#397,.T.);
#395 = VERTEX_POINT('',#396);
#396 = CARTESIAN_POINT('',(93.85,-113.56,0.));
#397 = CIRCLE('',#398,0.5);
#398 = AXIS2_PLACEMENT_3D('',#399,#400,#401);
#399 = CARTESIAN_POINT('',(93.85,-113.06,0.));
#400 = DIRECTION('',(-0.,0.,-1.));
#401 = DIRECTION('',(-0.,-1.,0.));
#402 = FACE_BOUND('',#403,.F.);
#403 = EDGE_LOOP('',(#404));
#404 = ORIENTED_EDGE('',*,*,#405,.T.);
#405 = EDGE_CURVE('',#406,#406,#408,.T.);
#406 = VERTEX_POINT('',#407);
#407 = CARTESIAN_POINT('',(93.8,-109.76,0.));
#408 = CIRCLE('',#409,0.325);
#409 = AXIS2_PLACEMENT_3D('',#410,#411,#412);
#410 = CARTESIAN_POINT('',(93.8,-109.435,0.));
#411 = DIRECTION('',(-0.,0.,-1.));
#412 = DIRECTION('',(-0.,-1.,0.));
#413 = FACE_BOUND('',#414,.F.);
#414 = EDGE_LOOP('',(#415));
#415 = ORIENTED_EDGE('',*,*,#416,.T.);
#416 = EDGE_CURVE('',#417,#417,#419,.T.);
#417 = VERTEX_POINT('',#418);
#418 = CARTESIAN_POINT('',(93.8,-108.49,0.));
#419 = CIRCLE('',#420,0.325);
#420 = AXIS2_PLACEMENT_3D('',#421,#422,#423);
#421 = CARTESIAN_POINT('',(93.8,-108.165,0.));
#422 = DIRECTION('',(-0.,0.,-1.));
#423 = DIRECTION('',(-0.,-1.,0.));
#424 = FACE_BOUND('',#425,.F.);
#425 = EDGE_LOOP('',(#426));
#426 = ORIENTED_EDGE('',*,*,#427,.T.);
#427 = EDGE_CURVE('',#428,#428,#430,.T.);
#428 = VERTEX_POINT('',#429);
#429 = CARTESIAN_POINT('',(102.1,-100.9,0.));
#430 = CIRCLE('',#431,0.4);
#431 = AXIS2_PLACEMENT_3D('',#432,#433,#434);
#432 = CARTESIAN_POINT('',(102.1,-100.5,0.));
#433 = DIRECTION('',(-0.,0.,-1.));
#434 = DIRECTION('',(-0.,-1.,0.));
#435 = FACE_BOUND('',#436,.F.);
#436 = EDGE_LOOP('',(#437));
#437 = ORIENTED_EDGE('',*,*,#438,.T.);
#438 = EDGE_CURVE('',#439,#439,#441,.T.);
#439 = VERTEX_POINT('',#440);
#440 = CARTESIAN_POINT('',(105.6,-100.9,0.));
#441 = CIRCLE('',#442,0.4);
#442 = AXIS2_PLACEMENT_3D('',#443,#444,#445);
#443 = CARTESIAN_POINT('',(105.6,-100.5,0.));
#444 = DIRECTION('',(-0.,0.,-1.));
#445 = DIRECTION('',(-0.,-1.,0.));
#446 = FACE_BOUND('',#447,.F.);
#447 = EDGE_LOOP('',(#448));
#448 = ORIENTED_EDGE('',*,*,#449,.T.);
#449 = EDGE_CURVE('',#450,#450,#452,.T.);
#450 = VERTEX_POINT('',#451);
#451 = CARTESIAN_POINT('',(119.8,-101.,0.));
#452 = CIRCLE('',#453,0.4);
#453 = AXIS2_PLACEMENT_3D('',#454,#455,#456);
#454 = CARTESIAN_POINT('',(119.8,-100.6,0.));
#455 = DIRECTION('',(-0.,0.,-1.));
#456 = DIRECTION('',(-3.552713678801E-14,-1.,0.));
#457 = FACE_BOUND('',#458,.F.);
#458 = EDGE_LOOP('',(#459));
#459 = ORIENTED_EDGE('',*,*,#460,.T.);
#460 = EDGE_CURVE('',#461,#461,#463,.T.);
#461 = VERTEX_POINT('',#462);
#462 = CARTESIAN_POINT('',(70.7,-93.18,0.));
#463 = CIRCLE('',#464,0.5);
#464 = AXIS2_PLACEMENT_3D('',#465,#466,#467);
#465 = CARTESIAN_POINT('',(70.7,-92.68,0.));
#466 = DIRECTION('',(-0.,0.,-1.));
#467 = DIRECTION('',(-0.,-1.,0.));
#468 = FACE_BOUND('',#469,.F.);
#469 = EDGE_LOOP('',(#470));
#470 = ORIENTED_EDGE('',*,*,#471,.T.);
#471 = EDGE_CURVE('',#472,#472,#474,.T.);
#472 = VERTEX_POINT('',#473);
#473 = CARTESIAN_POINT('',(70.7,-90.64,0.));
#474 = CIRCLE('',#475,0.5);
#475 = AXIS2_PLACEMENT_3D('',#476,#477,#478);
#476 = CARTESIAN_POINT('',(70.7,-90.14,0.));
#477 = DIRECTION('',(-0.,0.,-1.));
#478 = DIRECTION('',(-0.,-1.,0.));
#479 = FACE_BOUND('',#480,.F.);
#480 = EDGE_LOOP('',(#481));
#481 = ORIENTED_EDGE('',*,*,#482,.T.);
#482 = EDGE_CURVE('',#483,#483,#485,.T.);
#483 = VERTEX_POINT('',#484);
#484 = CARTESIAN_POINT('',(86.7,-93.18,0.));
#485 = CIRCLE('',#486,0.5);
#486 = AXIS2_PLACEMENT_3D('',#487,#488,#489);
#487 = CARTESIAN_POINT('',(86.7,-92.68,0.));
#488 = DIRECTION('',(-0.,0.,-1.));
#489 = DIRECTION('',(-0.,-1.,0.));
#490 = FACE_BOUND('',#491,.F.);
#491 = EDGE_LOOP('',(#492));
#492 = ORIENTED_EDGE('',*,*,#493,.T.);
#493 = EDGE_CURVE('',#494,#494,#496,.T.);
#494 = VERTEX_POINT('',#495);
#495 = CARTESIAN_POINT('',(86.7,-90.64,0.));
#496 = CIRCLE('',#497,0.5);
#497 = AXIS2_PLACEMENT_3D('',#498,#499,#500);
#498 = CARTESIAN_POINT('',(86.7,-90.14,0.));
#499 = DIRECTION('',(-0.,0.,-1.));
#500 = DIRECTION('',(-0.,-1.,0.));
#501 = FACE_BOUND('',#502,.F.);
#502 = EDGE_LOOP('',(#503));
#503 = ORIENTED_EDGE('',*,*,#504,.T.);
#504 = EDGE_CURVE('',#505,#505,#507,.T.);
#505 = VERTEX_POINT('',#506);
#506 = CARTESIAN_POINT('',(70.7,-88.1,0.));
#507 = CIRCLE('',#508,0.5);
#508 = AXIS2_PLACEMENT_3D('',#509,#510,#511);
#509 = CARTESIAN_POINT('',(70.7,-87.6,0.));
#510 = DIRECTION('',(-0.,0.,-1.));
#511 = DIRECTION('',(-0.,-1.,0.));
#512 = FACE_BOUND('',#513,.F.);
#513 = EDGE_LOOP('',(#514));
#514 = ORIENTED_EDGE('',*,*,#515,.T.);
#515 = EDGE_CURVE('',#516,#516,#518,.T.);
#516 = VERTEX_POINT('',#517);
#517 = CARTESIAN_POINT('',(70.7,-85.56,0.));
#518 = CIRCLE('',#519,0.5);
#519 = AXIS2_PLACEMENT_3D('',#520,#521,#522);
#520 = CARTESIAN_POINT('',(70.7,-85.06,0.));
#521 = DIRECTION('',(-0.,0.,-1.));
#522 = DIRECTION('',(-0.,-1.,0.));
#523 = FACE_BOUND('',#524,.F.);
#524 = EDGE_LOOP('',(#525));
#525 = ORIENTED_EDGE('',*,*,#526,.T.);
#526 = EDGE_CURVE('',#527,#527,#529,.T.);
#527 = VERTEX_POINT('',#528);
#528 = CARTESIAN_POINT('',(70.7,-83.02,0.));
#529 = CIRCLE('',#530,0.5);
#530 = AXIS2_PLACEMENT_3D('',#531,#532,#533);
#531 = CARTESIAN_POINT('',(70.7,-82.52,0.));
#532 = DIRECTION('',(-0.,0.,-1.));
#533 = DIRECTION('',(-0.,-1.,0.));
#534 = FACE_BOUND('',#535,.F.);
#535 = EDGE_LOOP('',(#536));
#536 = ORIENTED_EDGE('',*,*,#537,.T.);
#537 = EDGE_CURVE('',#538,#538,#540,.T.);
#538 = VERTEX_POINT('',#539);
#539 = CARTESIAN_POINT('',(86.7,-88.1,0.));
#540 = CIRCLE('',#541,0.5);
#541 = AXIS2_PLACEMENT_3D('',#542,#543,#544);
#542 = CARTESIAN_POINT('',(86.7,-87.6,0.));
#543 = DIRECTION('',(-0.,0.,-1.));
#544 = DIRECTION('',(-0.,-1.,0.));
#545 = FACE_BOUND('',#546,.F.);
#546 = EDGE_LOOP('',(#547));
#547 = ORIENTED_EDGE('',*,*,#548,.T.);
#548 = EDGE_CURVE('',#549,#549,#551,.T.);
#549 = VERTEX_POINT('',#550);
#550 = CARTESIAN_POINT('',(86.7,-85.56,0.));
#551 = CIRCLE('',#552,0.5);
#552 = AXIS2_PLACEMENT_3D('',#553,#554,#555);
#553 = CARTESIAN_POINT('',(86.7,-85.06,0.));
#554 = DIRECTION('',(-0.,0.,-1.));
#555 = DIRECTION('',(-0.,-1.,0.));
#556 = FACE_BOUND('',#557,.F.);
#557 = EDGE_LOOP('',(#558));
#558 = ORIENTED_EDGE('',*,*,#559,.T.);
#559 = EDGE_CURVE('',#560,#560,#562,.T.);
#560 = VERTEX_POINT('',#561);
#561 = CARTESIAN_POINT('',(86.7,-83.02,0.));
#562 = CIRCLE('',#563,0.5);
#563 = AXIS2_PLACEMENT_3D('',#564,#565,#566);
#564 = CARTESIAN_POINT('',(86.7,-82.52,0.));
#565 = DIRECTION('',(-0.,0.,-1.));
#566 = DIRECTION('',(-0.,-1.,0.));
#567 = FACE_BOUND('',#568,.F.);
#568 = EDGE_LOOP('',(#569));
#569 = ORIENTED_EDGE('',*,*,#570,.T.);
#570 = EDGE_CURVE('',#571,#571,#573,.T.);
#571 = VERTEX_POINT('',#572);
#572 = CARTESIAN_POINT('',(97.46,-97.79,0.));
#573 = CIRCLE('',#574,0.4);
#574 = AXIS2_PLACEMENT_3D('',#575,#576,#577);
#575 = CARTESIAN_POINT('',(97.46,-97.39,0.));
#576 = DIRECTION('',(-0.,0.,-1.));
#577 = DIRECTION('',(-3.552713678801E-14,-1.,0.));
#578 = FACE_BOUND('',#579,.F.);
#579 = EDGE_LOOP('',(#580));
#580 = ORIENTED_EDGE('',*,*,#581,.T.);
#581 = EDGE_CURVE('',#582,#582,#584,.T.);
#582 = VERTEX_POINT('',#583);
#583 = CARTESIAN_POINT('',(97.46,-95.25,0.));
#584 = CIRCLE('',#585,0.4);
#585 = AXIS2_PLACEMENT_3D('',#586,#587,#588);
#586 = CARTESIAN_POINT('',(97.46,-94.85,0.));
#587 = DIRECTION('',(-0.,0.,-1.));
#588 = DIRECTION('',(-3.552713678801E-14,-1.,0.));
#589 = FACE_BOUND('',#590,.F.);
#590 = EDGE_LOOP('',(#591));
#591 = ORIENTED_EDGE('',*,*,#592,.T.);
#592 = EDGE_CURVE('',#593,#593,#595,.T.);
#593 = VERTEX_POINT('',#594);
#594 = CARTESIAN_POINT('',(97.46,-92.71,0.));
#595 = CIRCLE('',#596,0.4);
#596 = AXIS2_PLACEMENT_3D('',#597,#598,#599);
#597 = CARTESIAN_POINT('',(97.46,-92.31,0.));
#598 = DIRECTION('',(-0.,0.,-1.));
#599 = DIRECTION('',(-3.552713678801E-14,-1.,0.));
#600 = FACE_BOUND('',#601,.F.);
#601 = EDGE_LOOP('',(#602));
#602 = ORIENTED_EDGE('',*,*,#603,.T.);
#603 = EDGE_CURVE('',#604,#604,#606,.T.);
#604 = VERTEX_POINT('',#605);
#605 = CARTESIAN_POINT('',(97.46,-90.17,0.));
#606 = CIRCLE('',#607,0.4);
#607 = AXIS2_PLACEMENT_3D('',#608,#609,#610);
#608 = CARTESIAN_POINT('',(97.46,-89.77,0.));
#609 = DIRECTION('',(-0.,0.,-1.));
#610 = DIRECTION('',(-3.552713678801E-14,-1.,0.));
#611 = FACE_BOUND('',#612,.F.);
#612 = EDGE_LOOP('',(#613));
#613 = ORIENTED_EDGE('',*,*,#614,.T.);
#614 = EDGE_CURVE('',#615,#615,#617,.T.);
#615 = VERTEX_POINT('',#616);
#616 = CARTESIAN_POINT('',(110.16,-97.79,0.));
#617 = CIRCLE('',#618,0.4);
#618 = AXIS2_PLACEMENT_3D('',#619,#620,#621);
#619 = CARTESIAN_POINT('',(110.16,-97.39,0.));
#620 = DIRECTION('',(-0.,0.,-1.));
#621 = DIRECTION('',(-0.,-1.,0.));
#622 = FACE_BOUND('',#623,.F.);
#623 = EDGE_LOOP('',(#624));
#624 = ORIENTED_EDGE('',*,*,#625,.T.);
#625 = EDGE_CURVE('',#626,#626,#628,.T.);
#626 = VERTEX_POINT('',#627);
#627 = CARTESIAN_POINT('',(110.16,-95.25,0.));
#628 = CIRCLE('',#629,0.4);
#629 = AXIS2_PLACEMENT_3D('',#630,#631,#632);
#630 = CARTESIAN_POINT('',(110.16,-94.85,0.));
#631 = DIRECTION('',(-0.,0.,-1.));
#632 = DIRECTION('',(-0.,-1.,0.));
#633 = FACE_BOUND('',#634,.F.);
#634 = EDGE_LOOP('',(#635));
#635 = ORIENTED_EDGE('',*,*,#636,.T.);
#636 = EDGE_CURVE('',#637,#637,#639,.T.);
#637 = VERTEX_POINT('',#638);
#638 = CARTESIAN_POINT('',(115.26,-97.69,0.));
#639 = CIRCLE('',#640,0.4);
#640 = AXIS2_PLACEMENT_3D('',#641,#642,#643);
#641 = CARTESIAN_POINT('',(115.26,-97.29,0.));
#642 = DIRECTION('',(-0.,0.,-1.));
#643 = DIRECTION('',(3.5527136788E-14,-1.,-0.));
#644 = FACE_BOUND('',#645,.F.);
#645 = EDGE_LOOP('',(#646));
#646 = ORIENTED_EDGE('',*,*,#647,.T.);
#647 = EDGE_CURVE('',#648,#648,#650,.T.);
#648 = VERTEX_POINT('',#649);
#649 = CARTESIAN_POINT('',(115.26,-95.15,0.));
#650 = CIRCLE('',#651,0.4);
#651 = AXIS2_PLACEMENT_3D('',#652,#653,#654);
#652 = CARTESIAN_POINT('',(115.26,-94.75,0.));
#653 = DIRECTION('',(-0.,0.,-1.));
#654 = DIRECTION('',(3.5527136788E-14,-1.,-0.));
#655 = FACE_BOUND('',#656,.F.);
#656 = EDGE_LOOP('',(#657));
#657 = ORIENTED_EDGE('',*,*,#658,.T.);
#658 = EDGE_CURVE('',#659,#659,#661,.T.);
#659 = VERTEX_POINT('',#660);
#660 = CARTESIAN_POINT('',(110.16,-92.71,0.));
#661 = CIRCLE('',#662,0.4);
#662 = AXIS2_PLACEMENT_3D('',#663,#664,#665);
#663 = CARTESIAN_POINT('',(110.16,-92.31,0.));
#664 = DIRECTION('',(-0.,0.,-1.));
#665 = DIRECTION('',(-0.,-1.,0.));
#666 = FACE_BOUND('',#667,.F.);
#667 = EDGE_LOOP('',(#668));
#668 = ORIENTED_EDGE('',*,*,#669,.T.);
#669 = EDGE_CURVE('',#670,#670,#672,.T.);
#670 = VERTEX_POINT('',#671);
#671 = CARTESIAN_POINT('',(110.16,-90.17,0.));
#672 = CIRCLE('',#673,0.4);
#673 = AXIS2_PLACEMENT_3D('',#674,#675,#676);
#674 = CARTESIAN_POINT('',(110.16,-89.77,0.));
#675 = DIRECTION('',(-0.,0.,-1.));
#676 = DIRECTION('',(-0.,-1.,0.));
#677 = FACE_BOUND('',#678,.F.);
#678 = EDGE_LOOP('',(#679));
#679 = ORIENTED_EDGE('',*,*,#680,.T.);
#680 = EDGE_CURVE('',#681,#681,#683,.T.);
#681 = VERTEX_POINT('',#682);
#682 = CARTESIAN_POINT('',(115.26,-92.61,0.));
#683 = CIRCLE('',#684,0.4);
#684 = AXIS2_PLACEMENT_3D('',#685,#686,#687);
#685 = CARTESIAN_POINT('',(115.26,-92.21,0.));
#686 = DIRECTION('',(-0.,0.,-1.));
#687 = DIRECTION('',(3.5527136788E-14,-1.,-0.));
#688 = FACE_BOUND('',#689,.F.);
#689 = EDGE_LOOP('',(#690));
#690 = ORIENTED_EDGE('',*,*,#691,.T.);
#691 = EDGE_CURVE('',#692,#692,#694,.T.);
#692 = VERTEX_POINT('',#693);
#693 = CARTESIAN_POINT('',(115.26,-90.07,0.));
#694 = CIRCLE('',#695,0.4);
#695 = AXIS2_PLACEMENT_3D('',#696,#697,#698);
#696 = CARTESIAN_POINT('',(115.26,-89.67,0.));
#697 = DIRECTION('',(-0.,0.,-1.));
#698 = DIRECTION('',(3.5527136788E-14,-1.,-0.));
#699 = FACE_BOUND('',#700,.F.);
#700 = EDGE_LOOP('',(#701));
#701 = ORIENTED_EDGE('',*,*,#702,.T.);
#702 = EDGE_CURVE('',#703,#703,#705,.T.);
#703 = VERTEX_POINT('',#704);
#704 = CARTESIAN_POINT('',(97.46,-87.63,0.));
#705 = CIRCLE('',#706,0.4);
#706 = AXIS2_PLACEMENT_3D('',#707,#708,#709);
#707 = CARTESIAN_POINT('',(97.46,-87.23,0.));
#708 = DIRECTION('',(-0.,0.,-1.));
#709 = DIRECTION('',(-3.552713678801E-14,-1.,0.));
#710 = FACE_BOUND('',#711,.F.);
#711 = EDGE_LOOP('',(#712));
#712 = ORIENTED_EDGE('',*,*,#713,.T.);
#713 = EDGE_CURVE('',#714,#714,#716,.T.);
#714 = VERTEX_POINT('',#715);
#715 = CARTESIAN_POINT('',(97.46,-85.09,0.));
#716 = CIRCLE('',#717,0.4);
#717 = AXIS2_PLACEMENT_3D('',#718,#719,#720);
#718 = CARTESIAN_POINT('',(97.46,-84.69,0.));
#719 = DIRECTION('',(-0.,0.,-1.));
#720 = DIRECTION('',(-3.552713678801E-14,-1.,0.));
#721 = FACE_BOUND('',#722,.F.);
#722 = EDGE_LOOP('',(#723));
#723 = ORIENTED_EDGE('',*,*,#724,.T.);
#724 = EDGE_CURVE('',#725,#725,#727,.T.);
#725 = VERTEX_POINT('',#726);
#726 = CARTESIAN_POINT('',(97.46,-82.55,0.));
#727 = CIRCLE('',#728,0.4);
#728 = AXIS2_PLACEMENT_3D('',#729,#730,#731);
#729 = CARTESIAN_POINT('',(97.46,-82.15,0.));
#730 = DIRECTION('',(-0.,0.,-1.));
#731 = DIRECTION('',(-3.552713678801E-14,-1.,0.));
#732 = FACE_BOUND('',#733,.F.);
#733 = EDGE_LOOP('',(#734));
#734 = ORIENTED_EDGE('',*,*,#735,.T.);
#735 = EDGE_CURVE('',#736,#736,#738,.T.);
#736 = VERTEX_POINT('',#737);
#737 = CARTESIAN_POINT('',(110.16,-87.63,0.));
#738 = CIRCLE('',#739,0.4);
#739 = AXIS2_PLACEMENT_3D('',#740,#741,#742);
#740 = CARTESIAN_POINT('',(110.16,-87.23,0.));
#741 = DIRECTION('',(-0.,0.,-1.));
#742 = DIRECTION('',(-0.,-1.,0.));
#743 = FACE_BOUND('',#744,.F.);
#744 = EDGE_LOOP('',(#745));
#745 = ORIENTED_EDGE('',*,*,#746,.T.);
#746 = EDGE_CURVE('',#747,#747,#749,.T.);
#747 = VERTEX_POINT('',#748);
#748 = CARTESIAN_POINT('',(115.26,-87.53,0.));
#749 = CIRCLE('',#750,0.4);
#750 = AXIS2_PLACEMENT_3D('',#751,#752,#753);
#751 = CARTESIAN_POINT('',(115.26,-87.13,0.));
#752 = DIRECTION('',(-0.,0.,-1.));
#753 = DIRECTION('',(3.5527136788E-14,-1.,-0.));
#754 = FACE_BOUND('',#755,.F.);
#755 = EDGE_LOOP('',(#756));
#756 = ORIENTED_EDGE('',*,*,#757,.T.);
#757 = EDGE_CURVE('',#758,#758,#760,.T.);
#758 = VERTEX_POINT('',#759);
#759 = CARTESIAN_POINT('',(110.16,-85.09,0.));
#760 = CIRCLE('',#761,0.4);
#761 = AXIS2_PLACEMENT_3D('',#762,#763,#764);
#762 = CARTESIAN_POINT('',(110.16,-84.69,0.));
#763 = DIRECTION('',(-0.,0.,-1.));
#764 = DIRECTION('',(-0.,-1.,0.));
#765 = FACE_BOUND('',#766,.F.);
#766 = EDGE_LOOP('',(#767));
#767 = ORIENTED_EDGE('',*,*,#768,.T.);
#768 = EDGE_CURVE('',#769,#769,#771,.T.);
#769 = VERTEX_POINT('',#770);
#770 = CARTESIAN_POINT('',(110.16,-82.55,0.));
#771 = CIRCLE('',#772,0.4);
#772 = AXIS2_PLACEMENT_3D('',#773,#774,#775);
#773 = CARTESIAN_POINT('',(110.16,-82.15,0.));
#774 = DIRECTION('',(-0.,0.,-1.));
#775 = DIRECTION('',(-0.,-1.,0.));
#776 = FACE_BOUND('',#777,.F.);
#777 = EDGE_LOOP('',(#778));
#778 = ORIENTED_EDGE('',*,*,#779,.T.);
#779 = EDGE_CURVE('',#780,#780,#782,.T.);
#780 = VERTEX_POINT('',#781);
#781 = CARTESIAN_POINT('',(115.26,-84.99,0.));
#782 = CIRCLE('',#783,0.4);
#783 = AXIS2_PLACEMENT_3D('',#784,#785,#786);
#784 = CARTESIAN_POINT('',(115.26,-84.59,0.));
#785 = DIRECTION('',(-0.,0.,-1.));
#786 = DIRECTION('',(3.5527136788E-14,-1.,-0.));
#787 = FACE_BOUND('',#788,.F.);
#788 = EDGE_LOOP('',(#789));
#789 = ORIENTED_EDGE('',*,*,#790,.T.);
#790 = EDGE_CURVE('',#791,#791,#793,.T.);
#791 = VERTEX_POINT('',#792);
#792 = CARTESIAN_POINT('',(115.26,-82.45,0.));
#793 = CIRCLE('',#794,0.4);
#794 = AXIS2_PLACEMENT_3D('',#795,#796,#797);
#795 = CARTESIAN_POINT('',(115.26,-82.05,0.));
#796 = DIRECTION('',(-0.,0.,-1.));
#797 = DIRECTION('',(3.5527136788E-14,-1.,-0.));
#798 = FACE_BOUND('',#799,.F.);
#799 = EDGE_LOOP('',(#800));
#800 = ORIENTED_EDGE('',*,*,#801,.T.);
#801 = EDGE_CURVE('',#802,#802,#804,.T.);
#802 = VERTEX_POINT('',#803);
#803 = CARTESIAN_POINT('',(123.3,-101.,0.));
#804 = CIRCLE('',#805,0.4);
#805 = AXIS2_PLACEMENT_3D('',#806,#807,#808);
#806 = CARTESIAN_POINT('',(123.3,-100.6,0.));
#807 = DIRECTION('',(-0.,0.,-1.));
#808 = DIRECTION('',(-3.552713678801E-14,-1.,0.));
#809 = FACE_BOUND('',#810,.F.);
#810 = EDGE_LOOP('',(#811));
#811 = ORIENTED_EDGE('',*,*,#812,.T.);
#812 = EDGE_CURVE('',#813,#813,#815,.T.);
#813 = VERTEX_POINT('',#814);
#814 = CARTESIAN_POINT('',(138.2,-101.,0.));
#815 = CIRCLE('',#816,0.4);
#816 = AXIS2_PLACEMENT_3D('',#817,#818,#819);
#817 = CARTESIAN_POINT('',(138.2,-100.6,0.));
#818 = DIRECTION('',(-0.,0.,-1.));
#819 = DIRECTION('',(-0.,-1.,0.));
#820 = FACE_BOUND('',#821,.F.);
#821 = EDGE_LOOP('',(#822));
#822 = ORIENTED_EDGE('',*,*,#823,.T.);
#823 = EDGE_CURVE('',#824,#824,#826,.T.);
#824 = VERTEX_POINT('',#825);
#825 = CARTESIAN_POINT('',(141.7,-101.,0.));
#826 = CIRCLE('',#827,0.4);
#827 = AXIS2_PLACEMENT_3D('',#828,#829,#830);
#828 = CARTESIAN_POINT('',(141.7,-100.6,0.));
#829 = DIRECTION('',(-0.,0.,-1.));
#830 = DIRECTION('',(-0.,-1.,0.));
#831 = FACE_BOUND('',#832,.F.);
#832 = EDGE_LOOP('',(#833));
#833 = ORIENTED_EDGE('',*,*,#834,.F.);
#834 = EDGE_CURVE('',#835,#835,#837,.T.);
#835 = VERTEX_POINT('',#836);
#836 = CARTESIAN_POINT('',(176.464911,-106.9,0.));
#837 = CIRCLE('',#838,1.264911);
#838 = AXIS2_PLACEMENT_3D('',#839,#840,#841);
#839 = CARTESIAN_POINT('',(175.2,-106.9,0.));
#840 = DIRECTION('',(0.,0.,1.));
#841 = DIRECTION('',(1.,0.,-0.));
#842 = FACE_BOUND('',#843,.F.);
#843 = EDGE_LOOP('',(#844));
#844 = ORIENTED_EDGE('',*,*,#845,.T.);
#845 = EDGE_CURVE('',#846,#846,#848,.T.);
#846 = VERTEX_POINT('',#847);
#847 = CARTESIAN_POINT('',(127.96,-97.69,0.));
#848 = CIRCLE('',#849,0.4);
#849 = AXIS2_PLACEMENT_3D('',#850,#851,#852);
#850 = CARTESIAN_POINT('',(127.96,-97.29,0.));
#851 = DIRECTION('',(-0.,0.,-1.));
#852 = DIRECTION('',(-3.552713678801E-14,-1.,0.));
#853 = FACE_BOUND('',#854,.F.);
#854 = EDGE_LOOP('',(#855));
#855 = ORIENTED_EDGE('',*,*,#856,.T.);
#856 = EDGE_CURVE('',#857,#857,#859,.T.);
#857 = VERTEX_POINT('',#858);
#858 = CARTESIAN_POINT('',(133.46,-97.79,0.));
#859 = CIRCLE('',#860,0.4);
#860 = AXIS2_PLACEMENT_3D('',#861,#862,#863);
#861 = CARTESIAN_POINT('',(133.46,-97.39,0.));
#862 = DIRECTION('',(-0.,0.,-1.));
#863 = DIRECTION('',(-0.,-1.,0.));
#864 = FACE_BOUND('',#865,.F.);
#865 = EDGE_LOOP('',(#866));
#866 = ORIENTED_EDGE('',*,*,#867,.T.);
#867 = EDGE_CURVE('',#868,#868,#870,.T.);
#868 = VERTEX_POINT('',#869);
#869 = CARTESIAN_POINT('',(127.96,-95.15,0.));
#870 = CIRCLE('',#871,0.4);
#871 = AXIS2_PLACEMENT_3D('',#872,#873,#874);
#872 = CARTESIAN_POINT('',(127.96,-94.75,0.));
#873 = DIRECTION('',(-0.,0.,-1.));
#874 = DIRECTION('',(-3.5527136788E-14,-1.,0.));
#875 = FACE_BOUND('',#876,.F.);
#876 = EDGE_LOOP('',(#877));
#877 = ORIENTED_EDGE('',*,*,#878,.T.);
#878 = EDGE_CURVE('',#879,#879,#881,.T.);
#879 = VERTEX_POINT('',#880);
#880 = CARTESIAN_POINT('',(133.46,-95.25,0.));
#881 = CIRCLE('',#882,0.4);
#882 = AXIS2_PLACEMENT_3D('',#883,#884,#885);
#883 = CARTESIAN_POINT('',(133.46,-94.85,0.));
#884 = DIRECTION('',(-0.,0.,-1.));
#885 = DIRECTION('',(-0.,-1.,0.));
#886 = FACE_BOUND('',#887,.F.);
#887 = EDGE_LOOP('',(#888));
#888 = ORIENTED_EDGE('',*,*,#889,.T.);
#889 = EDGE_CURVE('',#890,#890,#892,.T.);
#890 = VERTEX_POINT('',#891);
#891 = CARTESIAN_POINT('',(127.96,-92.61,0.));
#892 = CIRCLE('',#893,0.4);
#893 = AXIS2_PLACEMENT_3D('',#894,#895,#896);
#894 = CARTESIAN_POINT('',(127.96,-92.21,0.));
#895 = DIRECTION('',(-0.,0.,-1.));
#896 = DIRECTION('',(-3.5527136788E-14,-1.,0.));
#897 = FACE_BOUND('',#898,.F.);
#898 = EDGE_LOOP('',(#899));
#899 = ORIENTED_EDGE('',*,*,#900,.T.);
#900 = EDGE_CURVE('',#901,#901,#903,.T.);
#901 = VERTEX_POINT('',#902);
#902 = CARTESIAN_POINT('',(133.46,-92.71,0.));
#903 = CIRCLE('',#904,0.4);
#904 = AXIS2_PLACEMENT_3D('',#905,#906,#907);
#905 = CARTESIAN_POINT('',(133.46,-92.31,0.));
#906 = DIRECTION('',(-0.,0.,-1.));
#907 = DIRECTION('',(-0.,-1.,0.));
#908 = FACE_BOUND('',#909,.F.);
#909 = EDGE_LOOP('',(#910));
#910 = ORIENTED_EDGE('',*,*,#911,.T.);
#911 = EDGE_CURVE('',#912,#912,#914,.T.);
#912 = VERTEX_POINT('',#913);
#913 = CARTESIAN_POINT('',(127.96,-90.07,0.));
#914 = CIRCLE('',#915,0.4);
#915 = AXIS2_PLACEMENT_3D('',#916,#917,#918);
#916 = CARTESIAN_POINT('',(127.96,-89.67,0.));
#917 = DIRECTION('',(-0.,0.,-1.));
#918 = DIRECTION('',(-3.552713678801E-14,-1.,0.));
#919 = FACE_BOUND('',#920,.F.);
#920 = EDGE_LOOP('',(#921));
#921 = ORIENTED_EDGE('',*,*,#922,.T.);
#922 = EDGE_CURVE('',#923,#923,#925,.T.);
#923 = VERTEX_POINT('',#924);
#924 = CARTESIAN_POINT('',(133.46,-90.17,0.));
#925 = CIRCLE('',#926,0.4);
#926 = AXIS2_PLACEMENT_3D('',#927,#928,#929);
#927 = CARTESIAN_POINT('',(133.46,-89.77,0.));
#928 = DIRECTION('',(-0.,0.,-1.));
#929 = DIRECTION('',(-0.,-1.,0.));
#930 = FACE_BOUND('',#931,.F.);
#931 = EDGE_LOOP('',(#932));
#932 = ORIENTED_EDGE('',*,*,#933,.T.);
#933 = EDGE_CURVE('',#934,#934,#936,.T.);
#934 = VERTEX_POINT('',#935);
#935 = CARTESIAN_POINT('',(146.16,-97.79,0.));
#936 = CIRCLE('',#937,0.4);
#937 = AXIS2_PLACEMENT_3D('',#938,#939,#940);
#938 = CARTESIAN_POINT('',(146.16,-97.39,0.));
#939 = DIRECTION('',(-0.,0.,-1.));
#940 = DIRECTION('',(-0.,-1.,0.));
#941 = FACE_BOUND('',#942,.F.);
#942 = EDGE_LOOP('',(#943));
#943 = ORIENTED_EDGE('',*,*,#944,.T.);
#944 = EDGE_CURVE('',#945,#945,#947,.T.);
#945 = VERTEX_POINT('',#946);
#946 = CARTESIAN_POINT('',(146.16,-95.25,0.));
#947 = CIRCLE('',#948,0.4);
#948 = AXIS2_PLACEMENT_3D('',#949,#950,#951);
#949 = CARTESIAN_POINT('',(146.16,-94.85,0.));
#950 = DIRECTION('',(-0.,0.,-1.));
#951 = DIRECTION('',(-0.,-1.,0.));
#952 = FACE_BOUND('',#953,.F.);
#953 = EDGE_LOOP('',(#954));
#954 = ORIENTED_EDGE('',*,*,#955,.T.);
#955 = EDGE_CURVE('',#956,#956,#958,.T.);
#956 = VERTEX_POINT('',#957);
#957 = CARTESIAN_POINT('',(146.16,-92.71,0.));
#958 = CIRCLE('',#959,0.4);
#959 = AXIS2_PLACEMENT_3D('',#960,#961,#962);
#960 = CARTESIAN_POINT('',(146.16,-92.31,0.));
#961 = DIRECTION('',(-0.,0.,-1.));
#962 = DIRECTION('',(-0.,-1.,0.));
#963 = FACE_BOUND('',#964,.F.);
#964 = EDGE_LOOP('',(#965));
#965 = ORIENTED_EDGE('',*,*,#966,.T.);
#966 = EDGE_CURVE('',#967,#967,#969,.T.);
#967 = VERTEX_POINT('',#968);
#968 = CARTESIAN_POINT('',(146.16,-90.17,0.));
#969 = CIRCLE('',#970,0.4);
#970 = AXIS2_PLACEMENT_3D('',#971,#972,#973);
#971 = CARTESIAN_POINT('',(146.16,-89.77,0.));
#972 = DIRECTION('',(-0.,0.,-1.));
#973 = DIRECTION('',(-0.,-1.,0.));
#974 = FACE_BOUND('',#975,.F.);
#975 = EDGE_LOOP('',(#976));
#976 = ORIENTED_EDGE('',*,*,#977,.T.);
#977 = EDGE_CURVE('',#978,#978,#980,.T.);
#978 = VERTEX_POINT('',#979);
#979 = CARTESIAN_POINT('',(133.46,-87.63,0.));
#980 = CIRCLE('',#981,0.4);
#981 = AXIS2_PLACEMENT_3D('',#982,#983,#984);
#982 = CARTESIAN_POINT('',(133.46,-87.23,0.));
#983 = DIRECTION('',(-0.,0.,-1.));
#984 = DIRECTION('',(-0.,-1.,0.));
#985 = FACE_BOUND('',#986,.F.);
#986 = EDGE_LOOP('',(#987));
#987 = ORIENTED_EDGE('',*,*,#988,.T.);
#988 = EDGE_CURVE('',#989,#989,#991,.T.);
#989 = VERTEX_POINT('',#990);
#990 = CARTESIAN_POINT('',(127.96,-87.53,0.));
#991 = CIRCLE('',#992,0.4);
#992 = AXIS2_PLACEMENT_3D('',#993,#994,#995);
#993 = CARTESIAN_POINT('',(127.96,-87.13,0.));
#994 = DIRECTION('',(-0.,0.,-1.));
#995 = DIRECTION('',(-3.5527136788E-14,-1.,0.));
#996 = FACE_BOUND('',#997,.F.);
#997 = EDGE_LOOP('',(#998));
#998 = ORIENTED_EDGE('',*,*,#999,.T.);
#999 = EDGE_CURVE('',#1000,#1000,#1002,.T.);
#1000 = VERTEX_POINT('',#1001);
#1001 = CARTESIAN_POINT('',(127.96,-84.99,0.));
#1002 = CIRCLE('',#1003,0.4);
#1003 = AXIS2_PLACEMENT_3D('',#1004,#1005,#1006);
#1004 = CARTESIAN_POINT('',(127.96,-84.59,0.));
#1005 = DIRECTION('',(-0.,0.,-1.));
#1006 = DIRECTION('',(-3.5527136788E-14,-1.,0.));
#1007 = FACE_BOUND('',#1008,.F.);
#1008 = EDGE_LOOP('',(#1009));
#1009 = ORIENTED_EDGE('',*,*,#1010,.T.);
#1010 = EDGE_CURVE('',#1011,#1011,#1013,.T.);
#1011 = VERTEX_POINT('',#1012);
#1012 = CARTESIAN_POINT('',(133.46,-85.09,0.));
#1013 = CIRCLE('',#1014,0.4);
#1014 = AXIS2_PLACEMENT_3D('',#1015,#1016,#1017);
#1015 = CARTESIAN_POINT('',(133.46,-84.69,0.));
#1016 = DIRECTION('',(-0.,0.,-1.));
#1017 = DIRECTION('',(-0.,-1.,0.));
#1018 = FACE_BOUND('',#1019,.F.);
#1019 = EDGE_LOOP('',(#1020));
#1020 = ORIENTED_EDGE('',*,*,#1021,.T.);
#1021 = EDGE_CURVE('',#1022,#1022,#1024,.T.);
#1022 = VERTEX_POINT('',#1023);
#1023 = CARTESIAN_POINT('',(127.96,-82.45,0.));
#1024 = CIRCLE('',#1025,0.4);
#1025 = AXIS2_PLACEMENT_3D('',#1026,#1027,#1028);
#1026 = CARTESIAN_POINT('',(127.96,-82.05,0.));
#1027 = DIRECTION('',(-0.,0.,-1.));
#1028 = DIRECTION('',(-3.5527136788E-14,-1.,0.));
#1029 = FACE_BOUND('',#1030,.F.);
#1030 = EDGE_LOOP('',(#1031));
#1031 = ORIENTED_EDGE('',*,*,#1032,.T.);
#1032 = EDGE_CURVE('',#1033,#1033,#1035,.T.);
#1033 = VERTEX_POINT('',#1034);
#1034 = CARTESIAN_POINT('',(133.46,-82.55,0.));
#1035 = CIRCLE('',#1036,0.4);
#1036 = AXIS2_PLACEMENT_3D('',#1037,#1038,#1039);
#1037 = CARTESIAN_POINT('',(133.46,-82.15,0.));
#1038 = DIRECTION('',(-0.,0.,-1.));
#1039 = DIRECTION('',(-0.,-1.,0.));
#1040 = FACE_BOUND('',#1041,.F.);
#1041 = EDGE_LOOP('',(#1042));
#1042 = ORIENTED_EDGE('',*,*,#1043,.T.);
#1043 = EDGE_CURVE('',#1044,#1044,#1046,.T.);
#1044 = VERTEX_POINT('',#1045);
#1045 = CARTESIAN_POINT('',(146.16,-87.63,0.));
#1046 = CIRCLE('',#1047,0.4);
#1047 = AXIS2_PLACEMENT_3D('',#1048,#1049,#1050);
#1048 = CARTESIAN_POINT('',(146.16,-87.23,0.));
#1049 = DIRECTION('',(-0.,0.,-1.));
#1050 = DIRECTION('',(-0.,-1.,0.));
#1051 = FACE_BOUND('',#1052,.F.);
#1052 = EDGE_LOOP('',(#1053));
#1053 = ORIENTED_EDGE('',*,*,#1054,.T.);
#1054 = EDGE_CURVE('',#1055,#1055,#1057,.T.);
#1055 = VERTEX_POINT('',#1056);
#1056 = CARTESIAN_POINT('',(146.16,-85.09,0.));
#1057 = CIRCLE('',#1058,0.4);
#1058 = AXIS2_PLACEMENT_3D('',#1059,#1060,#1061);
#1059 = CARTESIAN_POINT('',(146.16,-84.69,0.));
#1060 = DIRECTION('',(-0.,0.,-1.));
#1061 = DIRECTION('',(-0.,-1.,0.));
#1062 = FACE_BOUND('',#1063,.F.);
#1063 = EDGE_LOOP('',(#1064));
#1064 = ORIENTED_EDGE('',*,*,#1065,.T.);
#1065 = EDGE_CURVE('',#1066,#1066,#1068,.T.);
#1066 = VERTEX_POINT('',#1067);
#1067 = CARTESIAN_POINT('',(146.16,-82.55,0.));
#1068 = CIRCLE('',#1069,0.4);
#1069 = AXIS2_PLACEMENT_3D('',#1070,#1071,#1072);
#1070 = CARTESIAN_POINT('',(146.16,-82.15,0.));
#1071 = DIRECTION('',(-0.,0.,-1.));
#1072 = DIRECTION('',(-0.,-1.,0.));
#1073 = FACE_BOUND('',#1074,.F.);
#1074 = EDGE_LOOP('',(#1075));
#1075 = ORIENTED_EDGE('',*,*,#1076,.T.);
#1076 = EDGE_CURVE('',#1077,#1077,#1079,.T.);
#1077 = VERTEX_POINT('',#1078);
#1078 = CARTESIAN_POINT('',(163.26,-98.7,0.));
#1079 = CIRCLE('',#1080,0.5);
#1080 = AXIS2_PLACEMENT_3D('',#1081,#1082,#1083);
#1081 = CARTESIAN_POINT('',(163.26,-98.2,0.));
#1082 = DIRECTION('',(-0.,0.,-1.));
#1083 = DIRECTION('',(-0.,-1.,0.));
#1084 = FACE_BOUND('',#1085,.F.);
#1085 = EDGE_LOOP('',(#1086));
#1086 = ORIENTED_EDGE('',*,*,#1087,.T.);
#1087 = EDGE_CURVE('',#1088,#1088,#1090,.T.);
#1088 = VERTEX_POINT('',#1089);
#1089 = CARTESIAN_POINT('',(165.8,-98.7,0.));
#1090 = CIRCLE('',#1091,0.5);
#1091 = AXIS2_PLACEMENT_3D('',#1092,#1093,#1094);
#1092 = CARTESIAN_POINT('',(165.8,-98.2,0.));
#1093 = DIRECTION('',(-0.,0.,-1.));
#1094 = DIRECTION('',(-0.,-1.,0.));
#1095 = FACE_BOUND('',#1096,.F.);
#1096 = EDGE_LOOP('',(#1097));
#1097 = ORIENTED_EDGE('',*,*,#1098,.T.);
#1098 = EDGE_CURVE('',#1099,#1099,#1101,.T.);
#1099 = VERTEX_POINT('',#1100);
#1100 = CARTESIAN_POINT('',(168.34,-98.7,0.));
#1101 = CIRCLE('',#1102,0.5);
#1102 = AXIS2_PLACEMENT_3D('',#1103,#1104,#1105);
#1103 = CARTESIAN_POINT('',(168.34,-98.2,0.));
#1104 = DIRECTION('',(-0.,0.,-1.));
#1105 = DIRECTION('',(-0.,-1.,0.));
#1106 = FACE_BOUND('',#1107,.F.);
#1107 = EDGE_LOOP('',(#1108));
#1108 = ORIENTED_EDGE('',*,*,#1109,.T.);
#1109 = EDGE_CURVE('',#1110,#1110,#1112,.T.);
#1110 = VERTEX_POINT('',#1111);
#1111 = CARTESIAN_POINT('',(162.7,-93.3,0.));
#1112 = CIRCLE('',#1113,0.4);
#1113 = AXIS2_PLACEMENT_3D('',#1114,#1115,#1116);
#1114 = CARTESIAN_POINT('',(162.7,-92.9,0.));
#1115 = DIRECTION('',(-0.,0.,-1.));
#1116 = DIRECTION('',(-0.,-1.,0.));
#1117 = FACE_BOUND('',#1118,.F.);
#1118 = EDGE_LOOP('',(#1119));
#1119 = ORIENTED_EDGE('',*,*,#1120,.T.);
#1120 = EDGE_CURVE('',#1121,#1121,#1123,.T.);
#1121 = VERTEX_POINT('',#1122);
#1122 = CARTESIAN_POINT('',(164.7,-93.3,0.));
#1123 = CIRCLE('',#1124,0.4);
#1124 = AXIS2_PLACEMENT_3D('',#1125,#1126,#1127);
#1125 = CARTESIAN_POINT('',(164.7,-92.9,0.));
#1126 = DIRECTION('',(-0.,0.,-1.));
#1127 = DIRECTION('',(-0.,-1.,0.));
#1128 = FACE_BOUND('',#1129,.F.);
#1129 = EDGE_LOOP('',(#1130));
#1130 = ORIENTED_EDGE('',*,*,#1131,.T.);
#1131 = EDGE_CURVE('',#1132,#1132,#1134,.T.);
#1132 = VERTEX_POINT('',#1133);
#1133 = CARTESIAN_POINT('',(166.7,-93.3,0.));
#1134 = CIRCLE('',#1135,0.4);
#1135 = AXIS2_PLACEMENT_3D('',#1136,#1137,#1138);
#1136 = CARTESIAN_POINT('',(166.7,-92.9,0.));
#1137 = DIRECTION('',(-0.,0.,-1.));
#1138 = DIRECTION('',(-0.,-1.,0.));
#1139 = FACE_BOUND('',#1140,.F.);
#1140 = EDGE_LOOP('',(#1141));
#1141 = ORIENTED_EDGE('',*,*,#1142,.T.);
#1142 = EDGE_CURVE('',#1143,#1143,#1145,.T.);
#1143 = VERTEX_POINT('',#1144);
#1144 = CARTESIAN_POINT('',(168.7,-93.3,0.));
#1145 = CIRCLE('',#1146,0.4);
#1146 = AXIS2_PLACEMENT_3D('',#1147,#1148,#1149);
#1147 = CARTESIAN_POINT('',(168.7,-92.9,0.));
#1148 = DIRECTION('',(-0.,0.,-1.));
#1149 = DIRECTION('',(-0.,-1.,0.));
#1150 = FACE_BOUND('',#1151,.F.);
#1151 = EDGE_LOOP('',(#1152));
#1152 = ORIENTED_EDGE('',*,*,#1153,.T.);
#1153 = EDGE_CURVE('',#1154,#1154,#1156,.T.);
#1154 = VERTEX_POINT('',#1155);
#1155 = CARTESIAN_POINT('',(162.7,-88.7,0.));
#1156 = CIRCLE('',#1157,0.4);
#1157 = AXIS2_PLACEMENT_3D('',#1158,#1159,#1160);
#1158 = CARTESIAN_POINT('',(162.7,-88.3,0.));
#1159 = DIRECTION('',(-0.,0.,-1.));
#1160 = DIRECTION('',(-0.,-1.,0.));
#1161 = FACE_BOUND('',#1162,.F.);
#1162 = EDGE_LOOP('',(#1163));
#1163 = ORIENTED_EDGE('',*,*,#1164,.T.);
#1164 = EDGE_CURVE('',#1165,#1165,#1167,.T.);
#1165 = VERTEX_POINT('',#1166);
#1166 = CARTESIAN_POINT('',(164.7,-88.7,0.));
#1167 = CIRCLE('',#1168,0.4);
#1168 = AXIS2_PLACEMENT_3D('',#1169,#1170,#1171);
#1169 = CARTESIAN_POINT('',(164.7,-88.3,0.));
#1170 = DIRECTION('',(-0.,0.,-1.));
#1171 = DIRECTION('',(-0.,-1.,0.));
#1172 = FACE_BOUND('',#1173,.F.);
#1173 = EDGE_LOOP('',(#1174));
#1174 = ORIENTED_EDGE('',*,*,#1175,.T.);
#1175 = EDGE_CURVE('',#1176,#1176,#1178,.T.);
#1176 = VERTEX_POINT('',#1177);
#1177 = CARTESIAN_POINT('',(166.7,-88.7,0.));
#1178 = CIRCLE('',#1179,0.4);
#1179 = AXIS2_PLACEMENT_3D('',#1180,#1181,#1182);
#1180 = CARTESIAN_POINT('',(166.7,-88.3,0.));
#1181 = DIRECTION('',(-0.,0.,-1.));
#1182 = DIRECTION('',(-0.,-1.,0.));
#1183 = FACE_BOUND('',#1184,.F.);
#1184 = EDGE_LOOP('',(#1185));
#1185 = ORIENTED_EDGE('',*,*,#1186,.T.);
#1186 = EDGE_CURVE('',#1187,#1187,#1189,.T.);
#1187 = VERTEX_POINT('',#1188);
#1188 = CARTESIAN_POINT('',(168.7,-88.7,0.));
#1189 = CIRCLE('',#1190,0.4);
#1190 = AXIS2_PLACEMENT_3D('',#1191,#1192,#1193);
#1191 = CARTESIAN_POINT('',(168.7,-88.3,0.));
#1192 = DIRECTION('',(-0.,0.,-1.));
#1193 = DIRECTION('',(-0.,-1.,0.));
#1194 = FACE_BOUND('',#1195,.F.);
#1195 = EDGE_LOOP('',(#1196));
#1196 = ORIENTED_EDGE('',*,*,#1197,.T.);
#1197 = EDGE_CURVE('',#1198,#1198,#1200,.T.);
#1198 = VERTEX_POINT('',#1199);
#1199 = CARTESIAN_POINT('',(162.8,-84.6,0.));
#1200 = CIRCLE('',#1201,0.4);
#1201 = AXIS2_PLACEMENT_3D('',#1202,#1203,#1204);
#1202 = CARTESIAN_POINT('',(162.8,-84.2,0.));
#1203 = DIRECTION('',(-0.,0.,-1.));
#1204 = DIRECTION('',(-0.,-1.,0.));
#1205 = FACE_BOUND('',#1206,.F.);
#1206 = EDGE_LOOP('',(#1207));
#1207 = ORIENTED_EDGE('',*,*,#1208,.T.);
#1208 = EDGE_CURVE('',#1209,#1209,#1211,.T.);
#1209 = VERTEX_POINT('',#1210);
#1210 = CARTESIAN_POINT('',(164.8,-84.6,0.));
#1211 = CIRCLE('',#1212,0.4);
#1212 = AXIS2_PLACEMENT_3D('',#1213,#1214,#1215);
#1213 = CARTESIAN_POINT('',(164.8,-84.2,0.));
#1214 = DIRECTION('',(-0.,0.,-1.));
#1215 = DIRECTION('',(-0.,-1.,0.));
#1216 = FACE_BOUND('',#1217,.F.);
#1217 = EDGE_LOOP('',(#1218));
#1218 = ORIENTED_EDGE('',*,*,#1219,.T.);
#1219 = EDGE_CURVE('',#1220,#1220,#1222,.T.);
#1220 = VERTEX_POINT('',#1221);
#1221 = CARTESIAN_POINT('',(166.8,-84.6,0.));
#1222 = CIRCLE('',#1223,0.4);
#1223 = AXIS2_PLACEMENT_3D('',#1224,#1225,#1226);
#1224 = CARTESIAN_POINT('',(166.8,-84.2,0.));
#1225 = DIRECTION('',(-0.,0.,-1.));
#1226 = DIRECTION('',(-0.,-1.,0.));
#1227 = FACE_BOUND('',#1228,.F.);
#1228 = EDGE_LOOP('',(#1229));
#1229 = ORIENTED_EDGE('',*,*,#1230,.T.);
#1230 = EDGE_CURVE('',#1231,#1231,#1233,.T.);
#1231 = VERTEX_POINT('',#1232);
#1232 = CARTESIAN_POINT('',(168.8,-84.6,0.));
#1233 = CIRCLE('',#1234,0.4);
#1234 = AXIS2_PLACEMENT_3D('',#1235,#1236,#1237);
#1235 = CARTESIAN_POINT('',(168.8,-84.2,0.));
#1236 = DIRECTION('',(-0.,0.,-1.));
#1237 = DIRECTION('',(-0.,-1.,0.));
#1238 = FACE_BOUND('',#1239,.F.);
#1239 = EDGE_LOOP('',(#1240));
#1240 = ORIENTED_EDGE('',*,*,#1241,.T.);
#1241 = EDGE_CURVE('',#1242,#1242,#1244,.T.);
#1242 = VERTEX_POINT('',#1243);
#1243 = CARTESIAN_POINT('',(70.7,-80.48,0.));
#1244 = CIRCLE('',#1245,0.5);
#1245 = AXIS2_PLACEMENT_3D('',#1246,#1247,#1248);
#1246 = CARTESIAN_POINT('',(70.7,-79.98,0.));
#1247 = DIRECTION('',(-0.,0.,-1.));
#1248 = DIRECTION('',(-0.,-1.,0.));
#1249 = FACE_BOUND('',#1250,.F.);
#1250 = EDGE_LOOP('',(#1251));
#1251 = ORIENTED_EDGE('',*,*,#1252,.T.);
#1252 = EDGE_CURVE('',#1253,#1253,#1255,.T.);
#1253 = VERTEX_POINT('',#1254);
#1254 = CARTESIAN_POINT('',(70.7,-77.94,0.));
#1255 = CIRCLE('',#1256,0.5);
#1256 = AXIS2_PLACEMENT_3D('',#1257,#1258,#1259);
#1257 = CARTESIAN_POINT('',(70.7,-77.44,0.));
#1258 = DIRECTION('',(-0.,0.,-1.));
#1259 = DIRECTION('',(-0.,-1.,0.));
#1260 = FACE_BOUND('',#1261,.F.);
#1261 = EDGE_LOOP('',(#1262));
#1262 = ORIENTED_EDGE('',*,*,#1263,.T.);
#1263 = EDGE_CURVE('',#1264,#1264,#1266,.T.);
#1264 = VERTEX_POINT('',#1265);
#1265 = CARTESIAN_POINT('',(70.7,-75.4,0.));
#1266 = CIRCLE('',#1267,0.5);
#1267 = AXIS2_PLACEMENT_3D('',#1268,#1269,#1270);
#1268 = CARTESIAN_POINT('',(70.7,-74.9,0.));
#1269 = DIRECTION('',(-0.,0.,-1.));
#1270 = DIRECTION('',(-0.,-1.,0.));
#1271 = FACE_BOUND('',#1272,.F.);
#1272 = EDGE_LOOP('',(#1273));
#1273 = ORIENTED_EDGE('',*,*,#1274,.T.);
#1274 = EDGE_CURVE('',#1275,#1275,#1277,.T.);
#1275 = VERTEX_POINT('',#1276);
#1276 = CARTESIAN_POINT('',(70.7,-72.86,0.));
#1277 = CIRCLE('',#1278,0.5);
#1278 = AXIS2_PLACEMENT_3D('',#1279,#1280,#1281);
#1279 = CARTESIAN_POINT('',(70.7,-72.36,0.));
#1280 = DIRECTION('',(-0.,0.,-1.));
#1281 = DIRECTION('',(-0.,-1.,0.));
#1282 = FACE_BOUND('',#1283,.F.);
#1283 = EDGE_LOOP('',(#1284));
#1284 = ORIENTED_EDGE('',*,*,#1285,.T.);
#1285 = EDGE_CURVE('',#1286,#1286,#1288,.T.);
#1286 = VERTEX_POINT('',#1287);
#1287 = CARTESIAN_POINT('',(86.7,-80.48,0.));
#1288 = CIRCLE('',#1289,0.5);
#1289 = AXIS2_PLACEMENT_3D('',#1290,#1291,#1292);
#1290 = CARTESIAN_POINT('',(86.7,-79.98,0.));
#1291 = DIRECTION('',(-0.,0.,-1.));
#1292 = DIRECTION('',(-0.,-1.,0.));
#1293 = FACE_BOUND('',#1294,.F.);
#1294 = EDGE_LOOP('',(#1295));
#1295 = ORIENTED_EDGE('',*,*,#1296,.T.);
#1296 = EDGE_CURVE('',#1297,#1297,#1299,.T.);
#1297 = VERTEX_POINT('',#1298);
#1298 = CARTESIAN_POINT('',(86.7,-77.94,0.));
#1299 = CIRCLE('',#1300,0.5);
#1300 = AXIS2_PLACEMENT_3D('',#1301,#1302,#1303);
#1301 = CARTESIAN_POINT('',(86.7,-77.44,0.));
#1302 = DIRECTION('',(-0.,0.,-1.));
#1303 = DIRECTION('',(-0.,-1.,0.));
#1304 = FACE_BOUND('',#1305,.F.);
#1305 = EDGE_LOOP('',(#1306));
#1306 = ORIENTED_EDGE('',*,*,#1307,.T.);
#1307 = EDGE_CURVE('',#1308,#1308,#1310,.T.);
#1308 = VERTEX_POINT('',#1309);
#1309 = CARTESIAN_POINT('',(86.7,-75.4,0.));
#1310 = CIRCLE('',#1311,0.5);
#1311 = AXIS2_PLACEMENT_3D('',#1312,#1313,#1314);
#1312 = CARTESIAN_POINT('',(86.7,-74.9,0.));
#1313 = DIRECTION('',(-0.,0.,-1.));
#1314 = DIRECTION('',(-0.,-1.,0.));
#1315 = FACE_BOUND('',#1316,.F.);
#1316 = EDGE_LOOP('',(#1317));
#1317 = ORIENTED_EDGE('',*,*,#1318,.T.);
#1318 = EDGE_CURVE('',#1319,#1319,#1321,.T.);
#1319 = VERTEX_POINT('',#1320);
#1320 = CARTESIAN_POINT('',(86.7,-72.86,0.));
#1321 = CIRCLE('',#1322,0.5);
#1322 = AXIS2_PLACEMENT_3D('',#1323,#1324,#1325);
#1323 = CARTESIAN_POINT('',(86.7,-72.36,0.));
#1324 = DIRECTION('',(-0.,0.,-1.));
#1325 = DIRECTION('',(-0.,-1.,0.));
#1326 = FACE_BOUND('',#1327,.F.);
#1327 = EDGE_LOOP('',(#1328));
#1328 = ORIENTED_EDGE('',*,*,#1329,.T.);
#1329 = EDGE_CURVE('',#1330,#1330,#1332,.T.);
#1330 = VERTEX_POINT('',#1331);
#1331 = CARTESIAN_POINT('',(70.7,-70.32,0.));
#1332 = CIRCLE('',#1333,0.5);
#1333 = AXIS2_PLACEMENT_3D('',#1334,#1335,#1336);
#1334 = CARTESIAN_POINT('',(70.7,-69.82,0.));
#1335 = DIRECTION('',(-0.,0.,-1.));
#1336 = DIRECTION('',(-0.,-1.,0.));
#1337 = FACE_BOUND('',#1338,.F.);
#1338 = EDGE_LOOP('',(#1339));
#1339 = ORIENTED_EDGE('',*,*,#1340,.T.);
#1340 = EDGE_CURVE('',#1341,#1341,#1343,.T.);
#1341 = VERTEX_POINT('',#1342);
#1342 = CARTESIAN_POINT('',(70.7,-67.78,0.));
#1343 = CIRCLE('',#1344,0.5);
#1344 = AXIS2_PLACEMENT_3D('',#1345,#1346,#1347);
#1345 = CARTESIAN_POINT('',(70.7,-67.28,0.));
#1346 = DIRECTION('',(-0.,0.,-1.));
#1347 = DIRECTION('',(-0.,-1.,0.));
#1348 = FACE_BOUND('',#1349,.F.);
#1349 = EDGE_LOOP('',(#1350));
#1350 = ORIENTED_EDGE('',*,*,#1351,.T.);
#1351 = EDGE_CURVE('',#1352,#1352,#1354,.T.);
#1352 = VERTEX_POINT('',#1353);
#1353 = CARTESIAN_POINT('',(70.7,-65.24,0.));
#1354 = CIRCLE('',#1355,0.5);
#1355 = AXIS2_PLACEMENT_3D('',#1356,#1357,#1358);
#1356 = CARTESIAN_POINT('',(70.7,-64.74,0.));
#1357 = DIRECTION('',(-0.,0.,-1.));
#1358 = DIRECTION('',(-0.,-1.,0.));
#1359 = FACE_BOUND('',#1360,.F.);
#1360 = EDGE_LOOP('',(#1361));
#1361 = ORIENTED_EDGE('',*,*,#1362,.T.);
#1362 = EDGE_CURVE('',#1363,#1363,#1365,.T.);
#1363 = VERTEX_POINT('',#1364);
#1364 = CARTESIAN_POINT('',(86.7,-70.32,0.));
#1365 = CIRCLE('',#1366,0.5);
#1366 = AXIS2_PLACEMENT_3D('',#1367,#1368,#1369);
#1367 = CARTESIAN_POINT('',(86.7,-69.82,0.));
#1368 = DIRECTION('',(-0.,0.,-1.));
#1369 = DIRECTION('',(-0.,-1.,0.));
#1370 = FACE_BOUND('',#1371,.F.);
#1371 = EDGE_LOOP('',(#1372));
#1372 = ORIENTED_EDGE('',*,*,#1373,.T.);
#1373 = EDGE_CURVE('',#1374,#1374,#1376,.T.);
#1374 = VERTEX_POINT('',#1375);
#1375 = CARTESIAN_POINT('',(86.7,-67.78,0.));
#1376 = CIRCLE('',#1377,0.5);
#1377 = AXIS2_PLACEMENT_3D('',#1378,#1379,#1380);
#1378 = CARTESIAN_POINT('',(86.7,-67.28,0.));
#1379 = DIRECTION('',(-0.,0.,-1.));
#1380 = DIRECTION('',(-0.,-1.,0.));
#1381 = FACE_BOUND('',#1382,.F.);
#1382 = EDGE_LOOP('',(#1383));
#1383 = ORIENTED_EDGE('',*,*,#1384,.T.);
#1384 = EDGE_CURVE('',#1385,#1385,#1387,.T.);
#1385 = VERTEX_POINT('',#1386);
#1386 = CARTESIAN_POINT('',(86.7,-65.24,0.));
#1387 = CIRCLE('',#1388,0.5);
#1388 = AXIS2_PLACEMENT_3D('',#1389,#1390,#1391);
#1389 = CARTESIAN_POINT('',(86.7,-64.74,0.));
#1390 = DIRECTION('',(-0.,0.,-1.));
#1391 = DIRECTION('',(-0.,-1.,0.));
#1392 = FACE_BOUND('',#1393,.F.);
#1393 = EDGE_LOOP('',(#1394));
#1394 = ORIENTED_EDGE('',*,*,#1395,.T.);
#1395 = EDGE_CURVE('',#1396,#1396,#1398,.T.);
#1396 = VERTEX_POINT('',#1397);
#1397 = CARTESIAN_POINT('',(97.46,-80.01,0.));
#1398 = CIRCLE('',#1399,0.4);
#1399 = AXIS2_PLACEMENT_3D('',#1400,#1401,#1402);
#1400 = CARTESIAN_POINT('',(97.46,-79.61,0.));
#1401 = DIRECTION('',(-0.,0.,-1.));
#1402 = DIRECTION('',(-3.552713678801E-14,-1.,0.));
#1403 = FACE_BOUND('',#1404,.F.);
#1404 = EDGE_LOOP('',(#1405));
#1405 = ORIENTED_EDGE('',*,*,#1406,.T.);
#1406 = EDGE_CURVE('',#1407,#1407,#1409,.T.);
#1407 = VERTEX_POINT('',#1408);
#1408 = CARTESIAN_POINT('',(102.37,-75.2,0.));
#1409 = CIRCLE('',#1410,0.4);
#1410 = AXIS2_PLACEMENT_3D('',#1411,#1412,#1413);
#1411 = CARTESIAN_POINT('',(102.37,-74.8,0.));
#1412 = DIRECTION('',(-0.,0.,-1.));
#1413 = DIRECTION('',(-0.,-1.,0.));
#1414 = FACE_BOUND('',#1415,.F.);
#1415 = EDGE_LOOP('',(#1416));
#1416 = ORIENTED_EDGE('',*,*,#1417,.T.);
#1417 = EDGE_CURVE('',#1418,#1418,#1420,.T.);
#1418 = VERTEX_POINT('',#1419);
#1419 = CARTESIAN_POINT('',(105.87,-75.2,0.));
#1420 = CIRCLE('',#1421,0.4);
#1421 = AXIS2_PLACEMENT_3D('',#1422,#1423,#1424);
#1422 = CARTESIAN_POINT('',(105.87,-74.8,0.));
#1423 = DIRECTION('',(-0.,0.,-1.));
#1424 = DIRECTION('',(-0.,-1.,0.));
#1425 = FACE_BOUND('',#1426,.F.);
#1426 = EDGE_LOOP('',(#1427));
#1427 = ORIENTED_EDGE('',*,*,#1428,.T.);
#1428 = EDGE_CURVE('',#1429,#1429,#1431,.T.);
#1429 = VERTEX_POINT('',#1430);
#1430 = CARTESIAN_POINT('',(110.16,-80.01,0.));
#1431 = CIRCLE('',#1432,0.4);
#1432 = AXIS2_PLACEMENT_3D('',#1433,#1434,#1435);
#1433 = CARTESIAN_POINT('',(110.16,-79.61,0.));
#1434 = DIRECTION('',(-0.,0.,-1.));
#1435 = DIRECTION('',(-0.,-1.,0.));
#1436 = FACE_BOUND('',#1437,.F.);
#1437 = EDGE_LOOP('',(#1438));
#1438 = ORIENTED_EDGE('',*,*,#1439,.T.);
#1439 = EDGE_CURVE('',#1440,#1440,#1442,.T.);
#1440 = VERTEX_POINT('',#1441);
#1441 = CARTESIAN_POINT('',(115.26,-79.91,0.));
#1442 = CIRCLE('',#1443,0.4);
#1443 = AXIS2_PLACEMENT_3D('',#1444,#1445,#1446);
#1444 = CARTESIAN_POINT('',(115.26,-79.51,0.));
#1445 = DIRECTION('',(-0.,0.,-1.));
#1446 = DIRECTION('',(3.5527136788E-14,-1.,-0.));
#1447 = FACE_BOUND('',#1448,.F.);
#1448 = EDGE_LOOP('',(#1449));
#1449 = ORIENTED_EDGE('',*,*,#1450,.T.);
#1450 = EDGE_CURVE('',#1451,#1451,#1453,.T.);
#1451 = VERTEX_POINT('',#1452);
#1452 = CARTESIAN_POINT('',(120.1,-74.8,0.));
#1453 = CIRCLE('',#1454,0.4);
#1454 = AXIS2_PLACEMENT_3D('',#1455,#1456,#1457);
#1455 = CARTESIAN_POINT('',(120.1,-74.4,0.));
#1456 = DIRECTION('',(-0.,0.,-1.));
#1457 = DIRECTION('',(-0.,-1.,0.));
#1458 = FACE_BOUND('',#1459,.F.);
#1459 = EDGE_LOOP('',(#1460));
#1460 = ORIENTED_EDGE('',*,*,#1461,.T.);
#1461 = EDGE_CURVE('',#1462,#1462,#1464,.T.);
#1462 = VERTEX_POINT('',#1463);
#1463 = CARTESIAN_POINT('',(97.4,-68.92,0.));
#1464 = CIRCLE('',#1465,0.4);
#1465 = AXIS2_PLACEMENT_3D('',#1466,#1467,#1468);
#1466 = CARTESIAN_POINT('',(97.4,-68.52,0.));
#1467 = DIRECTION('',(-0.,0.,-1.));
#1468 = DIRECTION('',(-0.,-1.,0.));
#1469 = FACE_BOUND('',#1470,.F.);
#1470 = EDGE_LOOP('',(#1471));
#1471 = ORIENTED_EDGE('',*,*,#1472,.T.);
#1472 = EDGE_CURVE('',#1473,#1473,#1475,.T.);
#1473 = VERTEX_POINT('',#1474);
#1474 = CARTESIAN_POINT('',(97.4,-66.38,0.));
#1475 = CIRCLE('',#1476,0.4);
#1476 = AXIS2_PLACEMENT_3D('',#1477,#1478,#1479);
#1477 = CARTESIAN_POINT('',(97.4,-65.98,0.));
#1478 = DIRECTION('',(-0.,0.,-1.));
#1479 = DIRECTION('',(-0.,-1.,0.));
#1480 = FACE_BOUND('',#1481,.F.);
#1481 = EDGE_LOOP('',(#1482));
#1482 = ORIENTED_EDGE('',*,*,#1483,.T.);
#1483 = EDGE_CURVE('',#1484,#1484,#1486,.T.);
#1484 = VERTEX_POINT('',#1485);
#1485 = CARTESIAN_POINT('',(97.4,-63.84,0.));
#1486 = CIRCLE('',#1487,0.4);
#1487 = AXIS2_PLACEMENT_3D('',#1488,#1489,#1490);
#1488 = CARTESIAN_POINT('',(97.4,-63.44,0.));
#1489 = DIRECTION('',(-0.,0.,-1.));
#1490 = DIRECTION('',(-0.,-1.,0.));
#1491 = FACE_BOUND('',#1492,.F.);
#1492 = EDGE_LOOP('',(#1493));
#1493 = ORIENTED_EDGE('',*,*,#1494,.T.);
#1494 = EDGE_CURVE('',#1495,#1495,#1497,.T.);
#1495 = VERTEX_POINT('',#1496);
#1496 = CARTESIAN_POINT('',(110.1,-68.92,0.));
#1497 = CIRCLE('',#1498,0.4);
#1498 = AXIS2_PLACEMENT_3D('',#1499,#1500,#1501);
#1499 = CARTESIAN_POINT('',(110.1,-68.52,0.));
#1500 = DIRECTION('',(-0.,0.,-1.));
#1501 = DIRECTION('',(-0.,-1.,0.));
#1502 = FACE_BOUND('',#1503,.F.);
#1503 = EDGE_LOOP('',(#1504));
#1504 = ORIENTED_EDGE('',*,*,#1505,.T.);
#1505 = EDGE_CURVE('',#1506,#1506,#1508,.T.);
#1506 = VERTEX_POINT('',#1507);
#1507 = CARTESIAN_POINT('',(115.74,-68.92,0.));
#1508 = CIRCLE('',#1509,0.4);
#1509 = AXIS2_PLACEMENT_3D('',#1510,#1511,#1512);
#1510 = CARTESIAN_POINT('',(115.74,-68.52,0.));
#1511 = DIRECTION('',(-0.,0.,-1.));
#1512 = DIRECTION('',(-3.552713678801E-14,-1.,0.));
#1513 = FACE_BOUND('',#1514,.F.);
#1514 = EDGE_LOOP('',(#1515));
#1515 = ORIENTED_EDGE('',*,*,#1516,.T.);
#1516 = EDGE_CURVE('',#1517,#1517,#1519,.T.);
#1517 = VERTEX_POINT('',#1518);
#1518 = CARTESIAN_POINT('',(110.1,-66.38,0.));
#1519 = CIRCLE('',#1520,0.4);
#1520 = AXIS2_PLACEMENT_3D('',#1521,#1522,#1523);
#1521 = CARTESIAN_POINT('',(110.1,-65.98,0.));
#1522 = DIRECTION('',(-0.,0.,-1.));
#1523 = DIRECTION('',(-0.,-1.,0.));
#1524 = FACE_BOUND('',#1525,.F.);
#1525 = EDGE_LOOP('',(#1526));
#1526 = ORIENTED_EDGE('',*,*,#1527,.T.);
#1527 = EDGE_CURVE('',#1528,#1528,#1530,.T.);
#1528 = VERTEX_POINT('',#1529);
#1529 = CARTESIAN_POINT('',(110.1,-63.84,0.));
#1530 = CIRCLE('',#1531,0.4);
#1531 = AXIS2_PLACEMENT_3D('',#1532,#1533,#1534);
#1532 = CARTESIAN_POINT('',(110.1,-63.44,0.));
#1533 = DIRECTION('',(-0.,0.,-1.));
#1534 = DIRECTION('',(-0.,-1.,0.));
#1535 = FACE_BOUND('',#1536,.F.);
#1536 = EDGE_LOOP('',(#1537));
#1537 = ORIENTED_EDGE('',*,*,#1538,.T.);
#1538 = EDGE_CURVE('',#1539,#1539,#1541,.T.);
#1539 = VERTEX_POINT('',#1540);
#1540 = CARTESIAN_POINT('',(115.74,-66.38,0.));
#1541 = CIRCLE('',#1542,0.4);
#1542 = AXIS2_PLACEMENT_3D('',#1543,#1544,#1545);
#1543 = CARTESIAN_POINT('',(115.74,-65.98,0.));
#1544 = DIRECTION('',(-0.,0.,-1.));
#1545 = DIRECTION('',(-3.552713678801E-14,-1.,0.));
#1546 = FACE_BOUND('',#1547,.F.);
#1547 = EDGE_LOOP('',(#1548));
#1548 = ORIENTED_EDGE('',*,*,#1549,.T.);
#1549 = EDGE_CURVE('',#1550,#1550,#1552,.T.);
#1550 = VERTEX_POINT('',#1551);
#1551 = CARTESIAN_POINT('',(115.74,-63.84,0.));
#1552 = CIRCLE('',#1553,0.4);
#1553 = AXIS2_PLACEMENT_3D('',#1554,#1555,#1556);
#1554 = CARTESIAN_POINT('',(115.74,-63.44,0.));
#1555 = DIRECTION('',(-0.,0.,-1.));
#1556 = DIRECTION('',(-3.552713678801E-14,-1.,0.));
#1557 = FACE_BOUND('',#1558,.F.);
#1558 = EDGE_LOOP('',(#1559));
#1559 = ORIENTED_EDGE('',*,*,#1560,.T.);
#1560 = EDGE_CURVE('',#1561,#1561,#1563,.T.);
#1561 = VERTEX_POINT('',#1562);
#1562 = CARTESIAN_POINT('',(70.7,-62.7,0.));
#1563 = CIRCLE('',#1564,0.5);
#1564 = AXIS2_PLACEMENT_3D('',#1565,#1566,#1567);
#1565 = CARTESIAN_POINT('',(70.7,-62.2,0.));
#1566 = DIRECTION('',(-0.,0.,-1.));
#1567 = DIRECTION('',(-0.,-1.,0.));
#1568 = FACE_BOUND('',#1569,.F.);
#1569 = EDGE_LOOP('',(#1570));
#1570 = ORIENTED_EDGE('',*,*,#1571,.T.);
#1571 = EDGE_CURVE('',#1572,#1572,#1574,.T.);
#1572 = VERTEX_POINT('',#1573);
#1573 = CARTESIAN_POINT('',(70.7,-60.16,0.));
#1574 = CIRCLE('',#1575,0.5);
#1575 = AXIS2_PLACEMENT_3D('',#1576,#1577,#1578);
#1576 = CARTESIAN_POINT('',(70.7,-59.66,0.));
#1577 = DIRECTION('',(-0.,0.,-1.));
#1578 = DIRECTION('',(-0.,-1.,0.));
#1579 = FACE_BOUND('',#1580,.F.);
#1580 = EDGE_LOOP('',(#1581));
#1581 = ORIENTED_EDGE('',*,*,#1582,.T.);
#1582 = EDGE_CURVE('',#1583,#1583,#1585,.T.);
#1583 = VERTEX_POINT('',#1584);
#1584 = CARTESIAN_POINT('',(70.7,-57.62,0.));
#1585 = CIRCLE('',#1586,0.5);
#1586 = AXIS2_PLACEMENT_3D('',#1587,#1588,#1589);
#1587 = CARTESIAN_POINT('',(70.7,-57.12,0.));
#1588 = DIRECTION('',(-0.,0.,-1.));
#1589 = DIRECTION('',(-0.,-1.,0.));
#1590 = FACE_BOUND('',#1591,.F.);
#1591 = EDGE_LOOP('',(#1592));
#1592 = ORIENTED_EDGE('',*,*,#1593,.T.);
#1593 = EDGE_CURVE('',#1594,#1594,#1596,.T.);
#1594 = VERTEX_POINT('',#1595);
#1595 = CARTESIAN_POINT('',(86.7,-62.7,0.));
#1596 = CIRCLE('',#1597,0.5);
#1597 = AXIS2_PLACEMENT_3D('',#1598,#1599,#1600);
#1598 = CARTESIAN_POINT('',(86.7,-62.2,0.));
#1599 = DIRECTION('',(-0.,0.,-1.));
#1600 = DIRECTION('',(-0.,-1.,0.));
#1601 = FACE_BOUND('',#1602,.F.);
#1602 = EDGE_LOOP('',(#1603));
#1603 = ORIENTED_EDGE('',*,*,#1604,.T.);
#1604 = EDGE_CURVE('',#1605,#1605,#1607,.T.);
#1605 = VERTEX_POINT('',#1606);
#1606 = CARTESIAN_POINT('',(86.7,-60.16,0.));
#1607 = CIRCLE('',#1608,0.5);
#1608 = AXIS2_PLACEMENT_3D('',#1609,#1610,#1611);
#1609 = CARTESIAN_POINT('',(86.7,-59.66,0.));
#1610 = DIRECTION('',(-0.,0.,-1.));
#1611 = DIRECTION('',(-0.,-1.,0.));
#1612 = FACE_BOUND('',#1613,.F.);
#1613 = EDGE_LOOP('',(#1614));
#1614 = ORIENTED_EDGE('',*,*,#1615,.T.);
#1615 = EDGE_CURVE('',#1616,#1616,#1618,.T.);
#1616 = VERTEX_POINT('',#1617);
#1617 = CARTESIAN_POINT('',(86.7,-57.62,0.));
#1618 = CIRCLE('',#1619,0.5);
#1619 = AXIS2_PLACEMENT_3D('',#1620,#1621,#1622);
#1620 = CARTESIAN_POINT('',(86.7,-57.12,0.));
#1621 = DIRECTION('',(-0.,0.,-1.));
#1622 = DIRECTION('',(-0.,-1.,0.));
#1623 = FACE_BOUND('',#1624,.F.);
#1624 = EDGE_LOOP('',(#1625));
#1625 = ORIENTED_EDGE('',*,*,#1626,.F.);
#1626 = EDGE_CURVE('',#1627,#1627,#1629,.T.);
#1627 = VERTEX_POINT('',#1628);
#1628 = CARTESIAN_POINT('',(68.164911,-47.4,0.));
#1629 = CIRCLE('',#1630,1.264911);
#1630 = AXIS2_PLACEMENT_3D('',#1631,#1632,#1633);
#1631 = CARTESIAN_POINT('',(66.9,-47.4,0.));
#1632 = DIRECTION('',(0.,0.,1.));
#1633 = DIRECTION('',(1.,0.,-0.));
#1634 = FACE_BOUND('',#1635,.F.);
#1635 = EDGE_LOOP('',(#1636));
#1636 = ORIENTED_EDGE('',*,*,#1637,.T.);
#1637 = EDGE_CURVE('',#1638,#1638,#1640,.T.);
#1638 = VERTEX_POINT('',#1639);
#1639 = CARTESIAN_POINT('',(97.4,-61.3,0.));
#1640 = CIRCLE('',#1641,0.4);
#1641 = AXIS2_PLACEMENT_3D('',#1642,#1643,#1644);
#1642 = CARTESIAN_POINT('',(97.4,-60.9,0.));
#1643 = DIRECTION('',(-0.,0.,-1.));
#1644 = DIRECTION('',(-0.,-1.,0.));
#1645 = FACE_BOUND('',#1646,.F.);
#1646 = EDGE_LOOP('',(#1647));
#1647 = ORIENTED_EDGE('',*,*,#1648,.T.);
#1648 = EDGE_CURVE('',#1649,#1649,#1651,.T.);
#1649 = VERTEX_POINT('',#1650);
#1650 = CARTESIAN_POINT('',(97.4,-58.76,0.));
#1651 = CIRCLE('',#1652,0.4);
#1652 = AXIS2_PLACEMENT_3D('',#1653,#1654,#1655);
#1653 = CARTESIAN_POINT('',(97.4,-58.36,0.));
#1654 = DIRECTION('',(-0.,0.,-1.));
#1655 = DIRECTION('',(-0.,-1.,0.));
#1656 = FACE_BOUND('',#1657,.F.);
#1657 = EDGE_LOOP('',(#1658));
#1658 = ORIENTED_EDGE('',*,*,#1659,.T.);
#1659 = EDGE_CURVE('',#1660,#1660,#1662,.T.);
#1660 = VERTEX_POINT('',#1661);
#1661 = CARTESIAN_POINT('',(97.4,-56.22,0.));
#1662 = CIRCLE('',#1663,0.4);
#1663 = AXIS2_PLACEMENT_3D('',#1664,#1665,#1666);
#1664 = CARTESIAN_POINT('',(97.4,-55.82,0.));
#1665 = DIRECTION('',(-0.,0.,-1.));
#1666 = DIRECTION('',(-0.,-1.,0.));
#1667 = FACE_BOUND('',#1668,.F.);
#1668 = EDGE_LOOP('',(#1669));
#1669 = ORIENTED_EDGE('',*,*,#1670,.T.);
#1670 = EDGE_CURVE('',#1671,#1671,#1673,.T.);
#1671 = VERTEX_POINT('',#1672);
#1672 = CARTESIAN_POINT('',(110.1,-61.3,0.));
#1673 = CIRCLE('',#1674,0.4);
#1674 = AXIS2_PLACEMENT_3D('',#1675,#1676,#1677);
#1675 = CARTESIAN_POINT('',(110.1,-60.9,0.));
#1676 = DIRECTION('',(-0.,0.,-1.));
#1677 = DIRECTION('',(-0.,-1.,0.));
#1678 = FACE_BOUND('',#1679,.F.);
#1679 = EDGE_LOOP('',(#1680));
#1680 = ORIENTED_EDGE('',*,*,#1681,.T.);
#1681 = EDGE_CURVE('',#1682,#1682,#1684,.T.);
#1682 = VERTEX_POINT('',#1683);
#1683 = CARTESIAN_POINT('',(110.1,-58.76,0.));
#1684 = CIRCLE('',#1685,0.4);
#1685 = AXIS2_PLACEMENT_3D('',#1686,#1687,#1688);
#1686 = CARTESIAN_POINT('',(110.1,-58.36,0.));
#1687 = DIRECTION('',(-0.,0.,-1.));
#1688 = DIRECTION('',(-0.,-1.,0.));
#1689 = FACE_BOUND('',#1690,.F.);
#1690 = EDGE_LOOP('',(#1691));
#1691 = ORIENTED_EDGE('',*,*,#1692,.T.);
#1692 = EDGE_CURVE('',#1693,#1693,#1695,.T.);
#1693 = VERTEX_POINT('',#1694);
#1694 = CARTESIAN_POINT('',(115.74,-61.3,0.));
#1695 = CIRCLE('',#1696,0.4);
#1696 = AXIS2_PLACEMENT_3D('',#1697,#1698,#1699);
#1697 = CARTESIAN_POINT('',(115.74,-60.9,0.));
#1698 = DIRECTION('',(-0.,0.,-1.));
#1699 = DIRECTION('',(-3.552713678801E-14,-1.,0.));
#1700 = FACE_BOUND('',#1701,.F.);
#1701 = EDGE_LOOP('',(#1702));
#1702 = ORIENTED_EDGE('',*,*,#1703,.T.);
#1703 = EDGE_CURVE('',#1704,#1704,#1706,.T.);
#1704 = VERTEX_POINT('',#1705);
#1705 = CARTESIAN_POINT('',(115.74,-58.76,0.));
#1706 = CIRCLE('',#1707,0.4);
#1707 = AXIS2_PLACEMENT_3D('',#1708,#1709,#1710);
#1708 = CARTESIAN_POINT('',(115.74,-58.36,0.));
#1709 = DIRECTION('',(-0.,0.,-1.));
#1710 = DIRECTION('',(-3.552713678801E-14,-1.,0.));
#1711 = FACE_BOUND('',#1712,.F.);
#1712 = EDGE_LOOP('',(#1713));
#1713 = ORIENTED_EDGE('',*,*,#1714,.T.);
#1714 = EDGE_CURVE('',#1715,#1715,#1717,.T.);
#1715 = VERTEX_POINT('',#1716);
#1716 = CARTESIAN_POINT('',(110.1,-56.22,0.));
#1717 = CIRCLE('',#1718,0.4);
#1718 = AXIS2_PLACEMENT_3D('',#1719,#1720,#1721);
#1719 = CARTESIAN_POINT('',(110.1,-55.82,0.));
#1720 = DIRECTION('',(-0.,0.,-1.));
#1721 = DIRECTION('',(-0.,-1.,0.));
#1722 = FACE_BOUND('',#1723,.F.);
#1723 = EDGE_LOOP('',(#1724));
#1724 = ORIENTED_EDGE('',*,*,#1725,.T.);
#1725 = EDGE_CURVE('',#1726,#1726,#1728,.T.);
#1726 = VERTEX_POINT('',#1727);
#1727 = CARTESIAN_POINT('',(115.74,-56.22,0.));
#1728 = CIRCLE('',#1729,0.4);
#1729 = AXIS2_PLACEMENT_3D('',#1730,#1731,#1732);
#1730 = CARTESIAN_POINT('',(115.74,-55.82,0.));
#1731 = DIRECTION('',(-0.,0.,-1.));
#1732 = DIRECTION('',(-3.552713678801E-14,-1.,0.));
#1733 = FACE_BOUND('',#1734,.F.);
#1734 = EDGE_LOOP('',(#1735));
#1735 = ORIENTED_EDGE('',*,*,#1736,.T.);
#1736 = EDGE_CURVE('',#1737,#1737,#1739,.T.);
#1737 = VERTEX_POINT('',#1738);
#1738 = CARTESIAN_POINT('',(97.4,-53.68,0.));
#1739 = CIRCLE('',#1740,0.4);
#1740 = AXIS2_PLACEMENT_3D('',#1741,#1742,#1743);
#1741 = CARTESIAN_POINT('',(97.4,-53.28,0.));
#1742 = DIRECTION('',(-0.,0.,-1.));
#1743 = DIRECTION('',(-0.,-1.,0.));
#1744 = FACE_BOUND('',#1745,.F.);
#1745 = EDGE_LOOP('',(#1746));
#1746 = ORIENTED_EDGE('',*,*,#1747,.T.);
#1747 = EDGE_CURVE('',#1748,#1748,#1750,.T.);
#1748 = VERTEX_POINT('',#1749);
#1749 = CARTESIAN_POINT('',(97.4,-51.14,0.));
#1750 = CIRCLE('',#1751,0.4);
#1751 = AXIS2_PLACEMENT_3D('',#1752,#1753,#1754);
#1752 = CARTESIAN_POINT('',(97.4,-50.74,0.));
#1753 = DIRECTION('',(-0.,0.,-1.));
#1754 = DIRECTION('',(-0.,-1.,0.));
#1755 = FACE_BOUND('',#1756,.F.);
#1756 = EDGE_LOOP('',(#1757));
#1757 = ORIENTED_EDGE('',*,*,#1758,.T.);
#1758 = EDGE_CURVE('',#1759,#1759,#1761,.T.);
#1759 = VERTEX_POINT('',#1760);
#1760 = CARTESIAN_POINT('',(110.1,-53.68,0.));
#1761 = CIRCLE('',#1762,0.4);
#1762 = AXIS2_PLACEMENT_3D('',#1763,#1764,#1765);
#1763 = CARTESIAN_POINT('',(110.1,-53.28,0.));
#1764 = DIRECTION('',(-0.,0.,-1.));
#1765 = DIRECTION('',(-0.,-1.,0.));
#1766 = FACE_BOUND('',#1767,.F.);
#1767 = EDGE_LOOP('',(#1768));
#1768 = ORIENTED_EDGE('',*,*,#1769,.T.);
#1769 = EDGE_CURVE('',#1770,#1770,#1772,.T.);
#1770 = VERTEX_POINT('',#1771);
#1771 = CARTESIAN_POINT('',(110.1,-51.14,0.));
#1772 = CIRCLE('',#1773,0.4);
#1773 = AXIS2_PLACEMENT_3D('',#1774,#1775,#1776);
#1774 = CARTESIAN_POINT('',(110.1,-50.74,0.));
#1775 = DIRECTION('',(-0.,0.,-1.));
#1776 = DIRECTION('',(-0.,-1.,0.));
#1777 = FACE_BOUND('',#1778,.F.);
#1778 = EDGE_LOOP('',(#1779));
#1779 = ORIENTED_EDGE('',*,*,#1780,.T.);
#1780 = EDGE_CURVE('',#1781,#1781,#1783,.T.);
#1781 = VERTEX_POINT('',#1782);
#1782 = CARTESIAN_POINT('',(115.74,-53.68,0.));
#1783 = CIRCLE('',#1784,0.4);
#1784 = AXIS2_PLACEMENT_3D('',#1785,#1786,#1787);
#1785 = CARTESIAN_POINT('',(115.74,-53.28,0.));
#1786 = DIRECTION('',(-0.,0.,-1.));
#1787 = DIRECTION('',(-3.552713678801E-14,-1.,0.));
#1788 = FACE_BOUND('',#1789,.F.);
#1789 = EDGE_LOOP('',(#1790));
#1790 = ORIENTED_EDGE('',*,*,#1791,.T.);
#1791 = EDGE_CURVE('',#1792,#1792,#1794,.T.);
#1792 = VERTEX_POINT('',#1793);
#1793 = CARTESIAN_POINT('',(115.74,-51.14,0.));
#1794 = CIRCLE('',#1795,0.4);
#1795 = AXIS2_PLACEMENT_3D('',#1796,#1797,#1798);
#1796 = CARTESIAN_POINT('',(115.74,-50.74,0.));
#1797 = DIRECTION('',(-0.,0.,-1.));
#1798 = DIRECTION('',(-3.552713678801E-14,-1.,0.));
#1799 = FACE_BOUND('',#1800,.F.);
#1800 = EDGE_LOOP('',(#1801));
#1801 = ORIENTED_EDGE('',*,*,#1802,.T.);
#1802 = EDGE_CURVE('',#1803,#1803,#1805,.T.);
#1803 = VERTEX_POINT('',#1804);
#1804 = CARTESIAN_POINT('',(127.96,-79.91,0.));
#1805 = CIRCLE('',#1806,0.4);
#1806 = AXIS2_PLACEMENT_3D('',#1807,#1808,#1809);
#1807 = CARTESIAN_POINT('',(127.96,-79.51,0.));
#1808 = DIRECTION('',(-0.,0.,-1.));
#1809 = DIRECTION('',(-3.552713678801E-14,-1.,0.));
#1810 = FACE_BOUND('',#1811,.F.);
#1811 = EDGE_LOOP('',(#1812));
#1812 = ORIENTED_EDGE('',*,*,#1813,.T.);
#1813 = EDGE_CURVE('',#1814,#1814,#1816,.T.);
#1814 = VERTEX_POINT('',#1815);
#1815 = CARTESIAN_POINT('',(133.46,-80.01,0.));
#1816 = CIRCLE('',#1817,0.4);
#1817 = AXIS2_PLACEMENT_3D('',#1818,#1819,#1820);
#1818 = CARTESIAN_POINT('',(133.46,-79.61,0.));
#1819 = DIRECTION('',(-0.,0.,-1.));
#1820 = DIRECTION('',(-0.,-1.,0.));
#1821 = FACE_BOUND('',#1822,.F.);
#1822 = EDGE_LOOP('',(#1823));
#1823 = ORIENTED_EDGE('',*,*,#1824,.T.);
#1824 = EDGE_CURVE('',#1825,#1825,#1827,.T.);
#1825 = VERTEX_POINT('',#1826);
#1826 = CARTESIAN_POINT('',(123.6,-74.8,0.));
#1827 = CIRCLE('',#1828,0.4);
#1828 = AXIS2_PLACEMENT_3D('',#1829,#1830,#1831);
#1829 = CARTESIAN_POINT('',(123.6,-74.4,0.));
#1830 = DIRECTION('',(-0.,0.,-1.));
#1831 = DIRECTION('',(-0.,-1.,0.));
#1832 = FACE_BOUND('',#1833,.F.);
#1833 = EDGE_LOOP('',(#1834));
#1834 = ORIENTED_EDGE('',*,*,#1835,.T.);
#1835 = EDGE_CURVE('',#1836,#1836,#1838,.T.);
#1836 = VERTEX_POINT('',#1837);
#1837 = CARTESIAN_POINT('',(146.16,-80.01,0.));
#1838 = CIRCLE('',#1839,0.4);
#1839 = AXIS2_PLACEMENT_3D('',#1840,#1841,#1842);
#1840 = CARTESIAN_POINT('',(146.16,-79.61,0.));
#1841 = DIRECTION('',(-0.,0.,-1.));
#1842 = DIRECTION('',(-0.,-1.,0.));
#1843 = FACE_BOUND('',#1844,.F.);
#1844 = EDGE_LOOP('',(#1845));
#1845 = ORIENTED_EDGE('',*,*,#1846,.T.);
#1846 = EDGE_CURVE('',#1847,#1847,#1849,.T.);
#1847 = VERTEX_POINT('',#1848);
#1848 = CARTESIAN_POINT('',(138.3,-75.,0.));
#1849 = CIRCLE('',#1850,0.4);
#1850 = AXIS2_PLACEMENT_3D('',#1851,#1852,#1853);
#1851 = CARTESIAN_POINT('',(138.3,-74.6,0.));
#1852 = DIRECTION('',(-0.,0.,-1.));
#1853 = DIRECTION('',(-0.,-1.,0.));
#1854 = FACE_BOUND('',#1855,.F.);
#1855 = EDGE_LOOP('',(#1856));
#1856 = ORIENTED_EDGE('',*,*,#1857,.T.);
#1857 = EDGE_CURVE('',#1858,#1858,#1860,.T.);
#1858 = VERTEX_POINT('',#1859);
#1859 = CARTESIAN_POINT('',(141.8,-75.,0.));
#1860 = CIRCLE('',#1861,0.4);
#1861 = AXIS2_PLACEMENT_3D('',#1862,#1863,#1864);
#1862 = CARTESIAN_POINT('',(141.8,-74.6,0.));
#1863 = DIRECTION('',(-0.,0.,-1.));
#1864 = DIRECTION('',(-0.,-1.,0.));
#1865 = FACE_BOUND('',#1866,.F.);
#1866 = EDGE_LOOP('',(#1867));
#1867 = ORIENTED_EDGE('',*,*,#1868,.T.);
#1868 = EDGE_CURVE('',#1869,#1869,#1871,.T.);
#1869 = VERTEX_POINT('',#1870);
#1870 = CARTESIAN_POINT('',(128.44,-68.92,0.));
#1871 = CIRCLE('',#1872,0.4);
#1872 = AXIS2_PLACEMENT_3D('',#1873,#1874,#1875);
#1873 = CARTESIAN_POINT('',(128.44,-68.52,0.));
#1874 = DIRECTION('',(-0.,0.,-1.));
#1875 = DIRECTION('',(-0.,-1.,0.));
#1876 = FACE_BOUND('',#1877,.F.);
#1877 = EDGE_LOOP('',(#1878));
#1878 = ORIENTED_EDGE('',*,*,#1879,.T.);
#1879 = EDGE_CURVE('',#1880,#1880,#1882,.T.);
#1880 = VERTEX_POINT('',#1881);
#1881 = CARTESIAN_POINT('',(133.43,-68.9,0.));
#1882 = CIRCLE('',#1883,0.4);
#1883 = AXIS2_PLACEMENT_3D('',#1884,#1885,#1886);
#1884 = CARTESIAN_POINT('',(133.43,-68.5,0.));
#1885 = DIRECTION('',(-0.,0.,-1.));
#1886 = DIRECTION('',(-0.,-1.,0.));
#1887 = FACE_BOUND('',#1888,.F.);
#1888 = EDGE_LOOP('',(#1889));
#1889 = ORIENTED_EDGE('',*,*,#1890,.T.);
#1890 = EDGE_CURVE('',#1891,#1891,#1893,.T.);
#1891 = VERTEX_POINT('',#1892);
#1892 = CARTESIAN_POINT('',(128.44,-66.38,0.));
#1893 = CIRCLE('',#1894,0.4);
#1894 = AXIS2_PLACEMENT_3D('',#1895,#1896,#1897);
#1895 = CARTESIAN_POINT('',(128.44,-65.98,0.));
#1896 = DIRECTION('',(-0.,0.,-1.));
#1897 = DIRECTION('',(-0.,-1.,0.));
#1898 = FACE_BOUND('',#1899,.F.);
#1899 = EDGE_LOOP('',(#1900));
#1900 = ORIENTED_EDGE('',*,*,#1901,.T.);
#1901 = EDGE_CURVE('',#1902,#1902,#1904,.T.);
#1902 = VERTEX_POINT('',#1903);
#1903 = CARTESIAN_POINT('',(133.43,-66.36,0.));
#1904 = CIRCLE('',#1905,0.4);
#1905 = AXIS2_PLACEMENT_3D('',#1906,#1907,#1908);
#1906 = CARTESIAN_POINT('',(133.43,-65.96,0.));
#1907 = DIRECTION('',(-0.,0.,-1.));
#1908 = DIRECTION('',(-0.,-1.,0.));
#1909 = FACE_BOUND('',#1910,.F.);
#1910 = EDGE_LOOP('',(#1911));
#1911 = ORIENTED_EDGE('',*,*,#1912,.T.);
#1912 = EDGE_CURVE('',#1913,#1913,#1915,.T.);
#1913 = VERTEX_POINT('',#1914);
#1914 = CARTESIAN_POINT('',(128.44,-63.84,0.));
#1915 = CIRCLE('',#1916,0.4);
#1916 = AXIS2_PLACEMENT_3D('',#1917,#1918,#1919);
#1917 = CARTESIAN_POINT('',(128.44,-63.44,0.));
#1918 = DIRECTION('',(-0.,0.,-1.));
#1919 = DIRECTION('',(-0.,-1.,0.));
#1920 = FACE_BOUND('',#1921,.F.);
#1921 = EDGE_LOOP('',(#1922));
#1922 = ORIENTED_EDGE('',*,*,#1923,.T.);
#1923 = EDGE_CURVE('',#1924,#1924,#1926,.T.);
#1924 = VERTEX_POINT('',#1925);
#1925 = CARTESIAN_POINT('',(133.43,-63.82,0.));
#1926 = CIRCLE('',#1927,0.4);
#1927 = AXIS2_PLACEMENT_3D('',#1928,#1929,#1930);
#1928 = CARTESIAN_POINT('',(133.43,-63.42,0.));
#1929 = DIRECTION('',(-0.,0.,-1.));
#1930 = DIRECTION('',(-0.,-1.,0.));
#1931 = FACE_BOUND('',#1932,.F.);
#1932 = EDGE_LOOP('',(#1933));
#1933 = ORIENTED_EDGE('',*,*,#1934,.T.);
#1934 = EDGE_CURVE('',#1935,#1935,#1937,.T.);
#1935 = VERTEX_POINT('',#1936);
#1936 = CARTESIAN_POINT('',(146.13,-68.9,0.));
#1937 = CIRCLE('',#1938,0.4);
#1938 = AXIS2_PLACEMENT_3D('',#1939,#1940,#1941);
#1939 = CARTESIAN_POINT('',(146.13,-68.5,0.));
#1940 = DIRECTION('',(-0.,0.,-1.));
#1941 = DIRECTION('',(-0.,-1.,0.));
#1942 = FACE_BOUND('',#1943,.F.);
#1943 = EDGE_LOOP('',(#1944));
#1944 = ORIENTED_EDGE('',*,*,#1945,.T.);
#1945 = EDGE_CURVE('',#1946,#1946,#1948,.T.);
#1946 = VERTEX_POINT('',#1947);
#1947 = CARTESIAN_POINT('',(146.13,-66.36,0.));
#1948 = CIRCLE('',#1949,0.4);
#1949 = AXIS2_PLACEMENT_3D('',#1950,#1951,#1952);
#1950 = CARTESIAN_POINT('',(146.13,-65.96,0.));
#1951 = DIRECTION('',(-0.,0.,-1.));
#1952 = DIRECTION('',(-0.,-1.,0.));
#1953 = FACE_BOUND('',#1954,.F.);
#1954 = EDGE_LOOP('',(#1955));
#1955 = ORIENTED_EDGE('',*,*,#1956,.T.);
#1956 = EDGE_CURVE('',#1957,#1957,#1959,.T.);
#1957 = VERTEX_POINT('',#1958);
#1958 = CARTESIAN_POINT('',(146.13,-63.82,0.));
#1959 = CIRCLE('',#1960,0.4);
#1960 = AXIS2_PLACEMENT_3D('',#1961,#1962,#1963);
#1961 = CARTESIAN_POINT('',(146.13,-63.42,0.));
#1962 = DIRECTION('',(-0.,0.,-1.));
#1963 = DIRECTION('',(-0.,-1.,0.));
#1964 = FACE_BOUND('',#1965,.F.);
#1965 = EDGE_LOOP('',(#1966));
#1966 = ORIENTED_EDGE('',*,*,#1967,.T.);
#1967 = EDGE_CURVE('',#1968,#1968,#1970,.T.);
#1968 = VERTEX_POINT('',#1969);
#1969 = CARTESIAN_POINT('',(162.8,-80.4,0.));
#1970 = CIRCLE('',#1971,0.4);
#1971 = AXIS2_PLACEMENT_3D('',#1972,#1973,#1974);
#1972 = CARTESIAN_POINT('',(162.8,-80.,0.));
#1973 = DIRECTION('',(-0.,0.,-1.));
#1974 = DIRECTION('',(-0.,-1.,0.));
#1975 = FACE_BOUND('',#1976,.F.);
#1976 = EDGE_LOOP('',(#1977));
#1977 = ORIENTED_EDGE('',*,*,#1978,.T.);
#1978 = EDGE_CURVE('',#1979,#1979,#1981,.T.);
#1979 = VERTEX_POINT('',#1980);
#1980 = CARTESIAN_POINT('',(164.8,-80.4,0.));
#1981 = CIRCLE('',#1982,0.4);
#1982 = AXIS2_PLACEMENT_3D('',#1983,#1984,#1985);
#1983 = CARTESIAN_POINT('',(164.8,-80.,0.));
#1984 = DIRECTION('',(-0.,0.,-1.));
#1985 = DIRECTION('',(-0.,-1.,0.));
#1986 = FACE_BOUND('',#1987,.F.);
#1987 = EDGE_LOOP('',(#1988));
#1988 = ORIENTED_EDGE('',*,*,#1989,.T.);
#1989 = EDGE_CURVE('',#1990,#1990,#1992,.T.);
#1990 = VERTEX_POINT('',#1991);
#1991 = CARTESIAN_POINT('',(166.8,-80.4,0.));
#1992 = CIRCLE('',#1993,0.4);
#1993 = AXIS2_PLACEMENT_3D('',#1994,#1995,#1996);
#1994 = CARTESIAN_POINT('',(166.8,-80.,0.));
#1995 = DIRECTION('',(-0.,0.,-1.));
#1996 = DIRECTION('',(-0.,-1.,0.));
#1997 = FACE_BOUND('',#1998,.F.);
#1998 = EDGE_LOOP('',(#1999));
#1999 = ORIENTED_EDGE('',*,*,#2000,.T.);
#2000 = EDGE_CURVE('',#2001,#2001,#2003,.T.);
#2001 = VERTEX_POINT('',#2002);
#2002 = CARTESIAN_POINT('',(168.8,-80.4,0.));
#2003 = CIRCLE('',#2004,0.4);
#2004 = AXIS2_PLACEMENT_3D('',#2005,#2006,#2007);
#2005 = CARTESIAN_POINT('',(168.8,-80.,0.));
#2006 = DIRECTION('',(-0.,0.,-1.));
#2007 = DIRECTION('',(-0.,-1.,0.));
#2008 = FACE_BOUND('',#2009,.F.);
#2009 = EDGE_LOOP('',(#2010));
#2010 = ORIENTED_EDGE('',*,*,#2011,.T.);
#2011 = EDGE_CURVE('',#2012,#2012,#2014,.T.);
#2012 = VERTEX_POINT('',#2013);
#2013 = CARTESIAN_POINT('',(162.8,-76.5,0.));
#2014 = CIRCLE('',#2015,0.4);
#2015 = AXIS2_PLACEMENT_3D('',#2016,#2017,#2018);
#2016 = CARTESIAN_POINT('',(162.8,-76.1,0.));
#2017 = DIRECTION('',(-0.,0.,-1.));
#2018 = DIRECTION('',(-0.,-1.,0.));
#2019 = FACE_BOUND('',#2020,.F.);
#2020 = EDGE_LOOP('',(#2021));
#2021 = ORIENTED_EDGE('',*,*,#2022,.T.);
#2022 = EDGE_CURVE('',#2023,#2023,#2025,.T.);
#2023 = VERTEX_POINT('',#2024);
#2024 = CARTESIAN_POINT('',(164.8,-76.5,0.));
#2025 = CIRCLE('',#2026,0.4);
#2026 = AXIS2_PLACEMENT_3D('',#2027,#2028,#2029);
#2027 = CARTESIAN_POINT('',(164.8,-76.1,0.));
#2028 = DIRECTION('',(-0.,0.,-1.));
#2029 = DIRECTION('',(-0.,-1.,0.));
#2030 = FACE_BOUND('',#2031,.F.);
#2031 = EDGE_LOOP('',(#2032));
#2032 = ORIENTED_EDGE('',*,*,#2033,.T.);
#2033 = EDGE_CURVE('',#2034,#2034,#2036,.T.);
#2034 = VERTEX_POINT('',#2035);
#2035 = CARTESIAN_POINT('',(166.8,-76.5,0.));
#2036 = CIRCLE('',#2037,0.4);
#2037 = AXIS2_PLACEMENT_3D('',#2038,#2039,#2040);
#2038 = CARTESIAN_POINT('',(166.8,-76.1,0.));
#2039 = DIRECTION('',(-0.,0.,-1.));
#2040 = DIRECTION('',(-0.,-1.,0.));
#2041 = FACE_BOUND('',#2042,.F.);
#2042 = EDGE_LOOP('',(#2043));
#2043 = ORIENTED_EDGE('',*,*,#2044,.T.);
#2044 = EDGE_CURVE('',#2045,#2045,#2047,.T.);
#2045 = VERTEX_POINT('',#2046);
#2046 = CARTESIAN_POINT('',(168.8,-76.5,0.));
#2047 = CIRCLE('',#2048,0.4);
#2048 = AXIS2_PLACEMENT_3D('',#2049,#2050,#2051);
#2049 = CARTESIAN_POINT('',(168.8,-76.1,0.));
#2050 = DIRECTION('',(-0.,0.,-1.));
#2051 = DIRECTION('',(-0.,-1.,0.));
#2052 = FACE_BOUND('',#2053,.F.);
#2053 = EDGE_LOOP('',(#2054));
#2054 = ORIENTED_EDGE('',*,*,#2055,.T.);
#2055 = EDGE_CURVE('',#2056,#2056,#2058,.T.);
#2056 = VERTEX_POINT('',#2057);
#2057 = CARTESIAN_POINT('',(162.8,-72.3,0.));
#2058 = CIRCLE('',#2059,0.4);
#2059 = AXIS2_PLACEMENT_3D('',#2060,#2061,#2062);
#2060 = CARTESIAN_POINT('',(162.8,-71.9,0.));
#2061 = DIRECTION('',(-0.,0.,-1.));
#2062 = DIRECTION('',(-0.,-1.,0.));
#2063 = FACE_BOUND('',#2064,.F.);
#2064 = EDGE_LOOP('',(#2065));
#2065 = ORIENTED_EDGE('',*,*,#2066,.T.);
#2066 = EDGE_CURVE('',#2067,#2067,#2069,.T.);
#2067 = VERTEX_POINT('',#2068);
#2068 = CARTESIAN_POINT('',(164.8,-72.3,0.));
#2069 = CIRCLE('',#2070,0.4);
#2070 = AXIS2_PLACEMENT_3D('',#2071,#2072,#2073);
#2071 = CARTESIAN_POINT('',(164.8,-71.9,0.));
#2072 = DIRECTION('',(-0.,0.,-1.));
#2073 = DIRECTION('',(-0.,-1.,0.));
#2074 = FACE_BOUND('',#2075,.F.);
#2075 = EDGE_LOOP('',(#2076));
#2076 = ORIENTED_EDGE('',*,*,#2077,.T.);
#2077 = EDGE_CURVE('',#2078,#2078,#2080,.T.);
#2078 = VERTEX_POINT('',#2079);
#2079 = CARTESIAN_POINT('',(166.8,-72.3,0.));
#2080 = CIRCLE('',#2081,0.4);
#2081 = AXIS2_PLACEMENT_3D('',#2082,#2083,#2084);
#2082 = CARTESIAN_POINT('',(166.8,-71.9,0.));
#2083 = DIRECTION('',(-0.,0.,-1.));
#2084 = DIRECTION('',(-0.,-1.,0.));
#2085 = FACE_BOUND('',#2086,.F.);
#2086 = EDGE_LOOP('',(#2087));
#2087 = ORIENTED_EDGE('',*,*,#2088,.T.);
#2088 = EDGE_CURVE('',#2089,#2089,#2091,.T.);
#2089 = VERTEX_POINT('',#2090);
#2090 = CARTESIAN_POINT('',(168.8,-72.3,0.));
#2091 = CIRCLE('',#2092,0.4);
#2092 = AXIS2_PLACEMENT_3D('',#2093,#2094,#2095);
#2093 = CARTESIAN_POINT('',(168.8,-71.9,0.));
#2094 = DIRECTION('',(-0.,0.,-1.));
#2095 = DIRECTION('',(-0.,-1.,0.));
#2096 = FACE_BOUND('',#2097,.F.);
#2097 = EDGE_LOOP('',(#2098));
#2098 = ORIENTED_EDGE('',*,*,#2099,.T.);
#2099 = EDGE_CURVE('',#2100,#2100,#2102,.T.);
#2100 = VERTEX_POINT('',#2101);
#2101 = CARTESIAN_POINT('',(128.44,-61.3,0.));
#2102 = CIRCLE('',#2103,0.4);
#2103 = AXIS2_PLACEMENT_3D('',#2104,#2105,#2106);
#2104 = CARTESIAN_POINT('',(128.44,-60.9,0.));
#2105 = DIRECTION('',(-0.,0.,-1.));
#2106 = DIRECTION('',(-0.,-1.,0.));
#2107 = FACE_BOUND('',#2108,.F.);
#2108 = EDGE_LOOP('',(#2109));
#2109 = ORIENTED_EDGE('',*,*,#2110,.T.);
#2110 = EDGE_CURVE('',#2111,#2111,#2113,.T.);
#2111 = VERTEX_POINT('',#2112);
#2112 = CARTESIAN_POINT('',(133.43,-61.28,0.));
#2113 = CIRCLE('',#2114,0.4);
#2114 = AXIS2_PLACEMENT_3D('',#2115,#2116,#2117);
#2115 = CARTESIAN_POINT('',(133.43,-60.88,0.));
#2116 = DIRECTION('',(-0.,0.,-1.));
#2117 = DIRECTION('',(-0.,-1.,0.));
#2118 = FACE_BOUND('',#2119,.F.);
#2119 = EDGE_LOOP('',(#2120));
#2120 = ORIENTED_EDGE('',*,*,#2121,.T.);
#2121 = EDGE_CURVE('',#2122,#2122,#2124,.T.);
#2122 = VERTEX_POINT('',#2123);
#2123 = CARTESIAN_POINT('',(128.44,-58.76,0.));
#2124 = CIRCLE('',#2125,0.4);
#2125 = AXIS2_PLACEMENT_3D('',#2126,#2127,#2128);
#2126 = CARTESIAN_POINT('',(128.44,-58.36,0.));
#2127 = DIRECTION('',(-0.,0.,-1.));
#2128 = DIRECTION('',(-0.,-1.,0.));
#2129 = FACE_BOUND('',#2130,.F.);
#2130 = EDGE_LOOP('',(#2131));
#2131 = ORIENTED_EDGE('',*,*,#2132,.T.);
#2132 = EDGE_CURVE('',#2133,#2133,#2135,.T.);
#2133 = VERTEX_POINT('',#2134);
#2134 = CARTESIAN_POINT('',(133.43,-58.74,0.));
#2135 = CIRCLE('',#2136,0.4);
#2136 = AXIS2_PLACEMENT_3D('',#2137,#2138,#2139);
#2137 = CARTESIAN_POINT('',(133.43,-58.34,0.));
#2138 = DIRECTION('',(-0.,0.,-1.));
#2139 = DIRECTION('',(-0.,-1.,0.));
#2140 = FACE_BOUND('',#2141,.F.);
#2141 = EDGE_LOOP('',(#2142));
#2142 = ORIENTED_EDGE('',*,*,#2143,.T.);
#2143 = EDGE_CURVE('',#2144,#2144,#2146,.T.);
#2144 = VERTEX_POINT('',#2145);
#2145 = CARTESIAN_POINT('',(128.44,-56.22,0.));
#2146 = CIRCLE('',#2147,0.4);
#2147 = AXIS2_PLACEMENT_3D('',#2148,#2149,#2150);
#2148 = CARTESIAN_POINT('',(128.44,-55.82,0.));
#2149 = DIRECTION('',(-0.,0.,-1.));
#2150 = DIRECTION('',(-0.,-1.,0.));
#2151 = FACE_BOUND('',#2152,.F.);
#2152 = EDGE_LOOP('',(#2153));
#2153 = ORIENTED_EDGE('',*,*,#2154,.T.);
#2154 = EDGE_CURVE('',#2155,#2155,#2157,.T.);
#2155 = VERTEX_POINT('',#2156);
#2156 = CARTESIAN_POINT('',(133.43,-56.2,0.));
#2157 = CIRCLE('',#2158,0.4);
#2158 = AXIS2_PLACEMENT_3D('',#2159,#2160,#2161);
#2159 = CARTESIAN_POINT('',(133.43,-55.8,0.));
#2160 = DIRECTION('',(-0.,0.,-1.));
#2161 = DIRECTION('',(-0.,-1.,0.));
#2162 = FACE_BOUND('',#2163,.F.);
#2163 = EDGE_LOOP('',(#2164));
#2164 = ORIENTED_EDGE('',*,*,#2165,.T.);
#2165 = EDGE_CURVE('',#2166,#2166,#2168,.T.);
#2166 = VERTEX_POINT('',#2167);
#2167 = CARTESIAN_POINT('',(146.13,-61.28,0.));
#2168 = CIRCLE('',#2169,0.4);
#2169 = AXIS2_PLACEMENT_3D('',#2170,#2171,#2172);
#2170 = CARTESIAN_POINT('',(146.13,-60.88,0.));
#2171 = DIRECTION('',(-0.,0.,-1.));
#2172 = DIRECTION('',(-0.,-1.,0.));
#2173 = FACE_BOUND('',#2174,.F.);
#2174 = EDGE_LOOP('',(#2175));
#2175 = ORIENTED_EDGE('',*,*,#2176,.T.);
#2176 = EDGE_CURVE('',#2177,#2177,#2179,.T.);
#2177 = VERTEX_POINT('',#2178);
#2178 = CARTESIAN_POINT('',(146.13,-58.74,0.));
#2179 = CIRCLE('',#2180,0.4);
#2180 = AXIS2_PLACEMENT_3D('',#2181,#2182,#2183);
#2181 = CARTESIAN_POINT('',(146.13,-58.34,0.));
#2182 = DIRECTION('',(-0.,0.,-1.));
#2183 = DIRECTION('',(-0.,-1.,0.));
#2184 = FACE_BOUND('',#2185,.F.);
#2185 = EDGE_LOOP('',(#2186));
#2186 = ORIENTED_EDGE('',*,*,#2187,.T.);
#2187 = EDGE_CURVE('',#2188,#2188,#2190,.T.);
#2188 = VERTEX_POINT('',#2189);
#2189 = CARTESIAN_POINT('',(146.13,-56.2,0.));
#2190 = CIRCLE('',#2191,0.4);
#2191 = AXIS2_PLACEMENT_3D('',#2192,#2193,#2194);
#2192 = CARTESIAN_POINT('',(146.13,-55.8,0.));
#2193 = DIRECTION('',(-0.,0.,-1.));
#2194 = DIRECTION('',(-0.,-1.,0.));
#2195 = FACE_BOUND('',#2196,.F.);
#2196 = EDGE_LOOP('',(#2197));
#2197 = ORIENTED_EDGE('',*,*,#2198,.T.);
#2198 = EDGE_CURVE('',#2199,#2199,#2201,.T.);
#2199 = VERTEX_POINT('',#2200);
#2200 = CARTESIAN_POINT('',(128.44,-53.68,0.));
#2201 = CIRCLE('',#2202,0.4);
#2202 = AXIS2_PLACEMENT_3D('',#2203,#2204,#2205);
#2203 = CARTESIAN_POINT('',(128.44,-53.28,0.));
#2204 = DIRECTION('',(-0.,0.,-1.));
#2205 = DIRECTION('',(-0.,-1.,0.));
#2206 = FACE_BOUND('',#2207,.F.);
#2207 = EDGE_LOOP('',(#2208));
#2208 = ORIENTED_EDGE('',*,*,#2209,.T.);
#2209 = EDGE_CURVE('',#2210,#2210,#2212,.T.);
#2210 = VERTEX_POINT('',#2211);
#2211 = CARTESIAN_POINT('',(133.43,-53.66,0.));
#2212 = CIRCLE('',#2213,0.4);
#2213 = AXIS2_PLACEMENT_3D('',#2214,#2215,#2216);
#2214 = CARTESIAN_POINT('',(133.43,-53.26,0.));
#2215 = DIRECTION('',(-0.,0.,-1.));
#2216 = DIRECTION('',(-0.,-1.,0.));
#2217 = FACE_BOUND('',#2218,.F.);
#2218 = EDGE_LOOP('',(#2219));
#2219 = ORIENTED_EDGE('',*,*,#2220,.T.);
#2220 = EDGE_CURVE('',#2221,#2221,#2223,.T.);
#2221 = VERTEX_POINT('',#2222);
#2222 = CARTESIAN_POINT('',(128.44,-51.14,0.));
#2223 = CIRCLE('',#2224,0.4);
#2224 = AXIS2_PLACEMENT_3D('',#2225,#2226,#2227);
#2225 = CARTESIAN_POINT('',(128.44,-50.74,0.));
#2226 = DIRECTION('',(-0.,0.,-1.));
#2227 = DIRECTION('',(-0.,-1.,0.));
#2228 = FACE_BOUND('',#2229,.F.);
#2229 = EDGE_LOOP('',(#2230));
#2230 = ORIENTED_EDGE('',*,*,#2231,.T.);
#2231 = EDGE_CURVE('',#2232,#2232,#2234,.T.);
#2232 = VERTEX_POINT('',#2233);
#2233 = CARTESIAN_POINT('',(133.43,-51.12,0.));
#2234 = CIRCLE('',#2235,0.4);
#2235 = AXIS2_PLACEMENT_3D('',#2236,#2237,#2238);
#2236 = CARTESIAN_POINT('',(133.43,-50.72,0.));
#2237 = DIRECTION('',(-0.,0.,-1.));
#2238 = DIRECTION('',(-0.,-1.,0.));
#2239 = FACE_BOUND('',#2240,.F.);
#2240 = EDGE_LOOP('',(#2241));
#2241 = ORIENTED_EDGE('',*,*,#2242,.T.);
#2242 = EDGE_CURVE('',#2243,#2243,#2245,.T.);
#2243 = VERTEX_POINT('',#2244);
#2244 = CARTESIAN_POINT('',(146.13,-53.66,0.));
#2245 = CIRCLE('',#2246,0.4);
#2246 = AXIS2_PLACEMENT_3D('',#2247,#2248,#2249);
#2247 = CARTESIAN_POINT('',(146.13,-53.26,0.));
#2248 = DIRECTION('',(-0.,0.,-1.));
#2249 = DIRECTION('',(-0.,-1.,0.));
#2250 = FACE_BOUND('',#2251,.F.);
#2251 = EDGE_LOOP('',(#2252));
#2252 = ORIENTED_EDGE('',*,*,#2253,.T.);
#2253 = EDGE_CURVE('',#2254,#2254,#2256,.T.);
#2254 = VERTEX_POINT('',#2255);
#2255 = CARTESIAN_POINT('',(146.13,-51.12,0.));
#2256 = CIRCLE('',#2257,0.4);
#2257 = AXIS2_PLACEMENT_3D('',#2258,#2259,#2260);
#2258 = CARTESIAN_POINT('',(146.13,-50.72,0.));
#2259 = DIRECTION('',(-0.,0.,-1.));
#2260 = DIRECTION('',(-0.,-1.,0.));
#2261 = FACE_BOUND('',#2262,.F.);
#2262 = EDGE_LOOP('',(#2263));
#2263 = ORIENTED_EDGE('',*,*,#2264,.T.);
#2264 = EDGE_CURVE('',#2265,#2265,#2267,.T.);
#2265 = VERTEX_POINT('',#2266);
#2266 = CARTESIAN_POINT('',(164.,-58.4,0.));
#2267 = CIRCLE('',#2268,0.5);
#2268 = AXIS2_PLACEMENT_3D('',#2269,#2270,#2271);
#2269 = CARTESIAN_POINT('',(164.,-57.9,0.));
#2270 = DIRECTION('',(-0.,0.,-1.));
#2271 = DIRECTION('',(-0.,-1.,0.));
#2272 = FACE_BOUND('',#2273,.F.);
#2273 = EDGE_LOOP('',(#2274));
#2274 = ORIENTED_EDGE('',*,*,#2275,.T.);
#2275 = EDGE_CURVE('',#2276,#2276,#2278,.T.);
#2276 = VERTEX_POINT('',#2277);
#2277 = CARTESIAN_POINT('',(166.54,-58.4,0.));
#2278 = CIRCLE('',#2279,0.5);
#2279 = AXIS2_PLACEMENT_3D('',#2280,#2281,#2282);
#2280 = CARTESIAN_POINT('',(166.54,-57.9,0.));
#2281 = DIRECTION('',(-0.,0.,-1.));
#2282 = DIRECTION('',(-0.,-1.,0.));
#2283 = FACE_BOUND('',#2284,.F.);
#2284 = EDGE_LOOP('',(#2285));
#2285 = ORIENTED_EDGE('',*,*,#2286,.F.);
#2286 = EDGE_CURVE('',#2287,#2287,#2289,.T.);
#2287 = VERTEX_POINT('',#2288);
#2288 = CARTESIAN_POINT('',(176.464911,-46.2,0.));
#2289 = CIRCLE('',#2290,1.264911);
#2290 = AXIS2_PLACEMENT_3D('',#2291,#2292,#2293);
#2291 = CARTESIAN_POINT('',(175.2,-46.2,0.));
#2292 = DIRECTION('',(0.,0.,1.));
#2293 = DIRECTION('',(1.,0.,-0.));
#2294 = PLANE('',#2295);
#2295 = AXIS2_PLACEMENT_3D('',#2296,#2297,#2298);
#2296 = CARTESIAN_POINT('',(0.,0.,0.));
#2297 = DIRECTION('',(0.,0.,1.));
#2298 = DIRECTION('',(1.,0.,-0.));
#2299 = ADVANCED_FACE('',(#2300,#2311,#2322,#2333,#2344,#2355,#2366,
    #2377,#2388,#2399,#2410,#2421,#2432,#2443,#2454,#2465,#2476,#2487,
    #2498,#2509,#2520,#2531,#2542,#2553,#2564,#2575,#2586,#2597,#2608,
    #2619,#2630,#2641,#2652,#2663,#2674,#2685,#2696,#2707,#2718,#2729,
    #2740,#2751,#2762,#2773,#2784,#2795,#2806,#2817,#2828,#2839,#2850,
    #2861,#2872,#2883,#2894,#2905,#2916,#2927,#2938,#2949,#2960,#2971,
    #2982,#2993,#3004,#3015,#3026,#3037,#3048,#3059,#3070,#3081,#3092,
    #3103,#3114,#3125,#3136,#3147,#3158,#3169,#3180,#3191,#3202,#3213,
    #3224,#3235,#3246,#3257,#3268,#3279,#3290,#3301,#3312,#3323,#3334,
    #3345,#3356,#3367,#3378,#3389,#3400,#3411,#3422,#3433,#3444,#3455,
    #3466,#3477,#3488,#3499,#3510,#3521,#3532,#3543,#3554,#3565,#3576,
    #3587,#3598,#3609,#3620,#3631,#3642,#3653,#3664,#3675,#3686,#3697,
    #3708,#3719,#3730,#3741,#3752,#3763,#3774,#3785,#3796,#3807,#3818,
    #3829,#3840,#3851,#3862,#3873,#3884,#3895,#3906,#3917,#3928,#3939,
    #3950,#3961,#3972,#3983,#3994,#4005,#4016,#4027,#4038,#4049,#4060,
    #4071,#4082,#4093,#4104,#4115,#4126,#4137,#4148,#4159,#4170,#4181,
    #4192,#4203,#4214,#4225,#4236,#4247,#4258,#4269,#4280,#4291,#4302,
    #4313,#4324,#4335,#4346,#4357,#4368,#4379,#4390,#4401,#4412,#4423,
    #4434,#4445),#4456,.T.);
#2300 = FACE_BOUND('',#2301,.T.);
#2301 = EDGE_LOOP('',(#2302,#2303,#2304,#2310));
#2302 = ORIENTED_EDGE('',*,*,#49,.F.);
#2303 = ORIENTED_EDGE('',*,*,#89,.F.);
#2304 = ORIENTED_EDGE('',*,*,#2305,.F.);
#2305 = EDGE_CURVE('',#112,#82,#2306,.T.);
#2306 = LINE('',#2307,#2308);
#2307 = CARTESIAN_POINT('',(63.8,-43.1,1.51));
#2308 = VECTOR('',#2309,1.);
#2309 = DIRECTION('',(1.,0.,0.));
#2310 = ORIENTED_EDGE('',*,*,#111,.F.);
#2311 = FACE_BOUND('',#2312,.T.);
#2312 = EDGE_LOOP('',(#2313));
#2313 = ORIENTED_EDGE('',*,*,#2314,.T.);
#2314 = EDGE_CURVE('',#2315,#2315,#2317,.T.);
#2315 = VERTEX_POINT('',#2316);
#2316 = CARTESIAN_POINT('',(73.7,-116.065,1.51));
#2317 = CIRCLE('',#2318,0.5);
#2318 = AXIS2_PLACEMENT_3D('',#2319,#2320,#2321);
#2319 = CARTESIAN_POINT('',(73.7,-115.565,1.51));
#2320 = DIRECTION('',(-0.,0.,-1.));
#2321 = DIRECTION('',(-0.,-1.,0.));
#2322 = FACE_BOUND('',#2323,.T.);
#2323 = EDGE_LOOP('',(#2324));
#2324 = ORIENTED_EDGE('',*,*,#2325,.T.);
#2325 = EDGE_CURVE('',#2326,#2326,#2328,.T.);
#2326 = VERTEX_POINT('',#2327);
#2327 = CARTESIAN_POINT('',(77.6,-116.065,1.51));
#2328 = CIRCLE('',#2329,0.5);
#2329 = AXIS2_PLACEMENT_3D('',#2330,#2331,#2332);
#2330 = CARTESIAN_POINT('',(77.6,-115.565,1.51));
#2331 = DIRECTION('',(-0.,0.,-1.));
#2332 = DIRECTION('',(-0.,-1.,0.));
#2333 = FACE_BOUND('',#2334,.T.);
#2334 = EDGE_LOOP('',(#2335));
#2335 = ORIENTED_EDGE('',*,*,#2336,.T.);
#2336 = EDGE_CURVE('',#2337,#2337,#2339,.T.);
#2337 = VERTEX_POINT('',#2338);
#2338 = CARTESIAN_POINT('',(73.7,-113.525,1.51));
#2339 = CIRCLE('',#2340,0.5);
#2340 = AXIS2_PLACEMENT_3D('',#2341,#2342,#2343);
#2341 = CARTESIAN_POINT('',(73.7,-113.025,1.51));
#2342 = DIRECTION('',(-0.,0.,-1.));
#2343 = DIRECTION('',(-0.,-1.,0.));
#2344 = FACE_BOUND('',#2345,.T.);
#2345 = EDGE_LOOP('',(#2346));
#2346 = ORIENTED_EDGE('',*,*,#2347,.T.);
#2347 = EDGE_CURVE('',#2348,#2348,#2350,.T.);
#2348 = VERTEX_POINT('',#2349);
#2349 = CARTESIAN_POINT('',(77.6,-113.525,1.51));
#2350 = CIRCLE('',#2351,0.5);
#2351 = AXIS2_PLACEMENT_3D('',#2352,#2353,#2354);
#2352 = CARTESIAN_POINT('',(77.6,-113.025,1.51));
#2353 = DIRECTION('',(-0.,0.,-1.));
#2354 = DIRECTION('',(-0.,-1.,0.));
#2355 = FACE_BOUND('',#2356,.T.);
#2356 = EDGE_LOOP('',(#2357));
#2357 = ORIENTED_EDGE('',*,*,#2358,.T.);
#2358 = EDGE_CURVE('',#2359,#2359,#2361,.T.);
#2359 = VERTEX_POINT('',#2360);
#2360 = CARTESIAN_POINT('',(73.6,-109.695001,1.51));
#2361 = CIRCLE('',#2362,0.325);
#2362 = AXIS2_PLACEMENT_3D('',#2363,#2364,#2365);
#2363 = CARTESIAN_POINT('',(73.6,-109.370001,1.51));
#2364 = DIRECTION('',(-0.,0.,-1.));
#2365 = DIRECTION('',(-0.,-1.,0.));
#2366 = FACE_BOUND('',#2367,.T.);
#2367 = EDGE_LOOP('',(#2368));
#2368 = ORIENTED_EDGE('',*,*,#2369,.T.);
#2369 = EDGE_CURVE('',#2370,#2370,#2372,.T.);
#2370 = VERTEX_POINT('',#2371);
#2371 = CARTESIAN_POINT('',(73.6,-108.425,1.51));
#2372 = CIRCLE('',#2373,0.325);
#2373 = AXIS2_PLACEMENT_3D('',#2374,#2375,#2376);
#2374 = CARTESIAN_POINT('',(73.6,-108.1,1.51));
#2375 = DIRECTION('',(-0.,0.,-1.));
#2376 = DIRECTION('',(-0.,-1.,0.));
#2377 = FACE_BOUND('',#2378,.T.);
#2378 = EDGE_LOOP('',(#2379));
#2379 = ORIENTED_EDGE('',*,*,#2380,.T.);
#2380 = EDGE_CURVE('',#2381,#2381,#2383,.T.);
#2381 = VERTEX_POINT('',#2382);
#2382 = CARTESIAN_POINT('',(77.6,-109.725,1.51));
#2383 = CIRCLE('',#2384,0.325);
#2384 = AXIS2_PLACEMENT_3D('',#2385,#2386,#2387);
#2385 = CARTESIAN_POINT('',(77.6,-109.4,1.51));
#2386 = DIRECTION('',(-0.,0.,-1.));
#2387 = DIRECTION('',(-0.,-1.,0.));
#2388 = FACE_BOUND('',#2389,.T.);
#2389 = EDGE_LOOP('',(#2390));
#2390 = ORIENTED_EDGE('',*,*,#2391,.T.);
#2391 = EDGE_CURVE('',#2392,#2392,#2394,.T.);
#2392 = VERTEX_POINT('',#2393);
#2393 = CARTESIAN_POINT('',(77.6,-108.455,1.51));
#2394 = CIRCLE('',#2395,0.325);
#2395 = AXIS2_PLACEMENT_3D('',#2396,#2397,#2398);
#2396 = CARTESIAN_POINT('',(77.6,-108.13,1.51));
#2397 = DIRECTION('',(-0.,0.,-1.));
#2398 = DIRECTION('',(-0.,-1.,0.));
#2399 = FACE_BOUND('',#2400,.T.);
#2400 = EDGE_LOOP('',(#2401));
#2401 = ORIENTED_EDGE('',*,*,#2402,.T.);
#2402 = EDGE_CURVE('',#2403,#2403,#2405,.T.);
#2403 = VERTEX_POINT('',#2404);
#2404 = CARTESIAN_POINT('',(81.5,-116.065,1.51));
#2405 = CIRCLE('',#2406,0.5);
#2406 = AXIS2_PLACEMENT_3D('',#2407,#2408,#2409);
#2407 = CARTESIAN_POINT('',(81.5,-115.565,1.51));
#2408 = DIRECTION('',(-0.,0.,-1.));
#2409 = DIRECTION('',(-0.,-1.,0.));
#2410 = FACE_BOUND('',#2411,.T.);
#2411 = EDGE_LOOP('',(#2412));
#2412 = ORIENTED_EDGE('',*,*,#2413,.T.);
#2413 = EDGE_CURVE('',#2414,#2414,#2416,.T.);
#2414 = VERTEX_POINT('',#2415);
#2415 = CARTESIAN_POINT('',(85.55,-116.1,1.51));
#2416 = CIRCLE('',#2417,0.5);
#2417 = AXIS2_PLACEMENT_3D('',#2418,#2419,#2420);
#2418 = CARTESIAN_POINT('',(85.55,-115.6,1.51));
#2419 = DIRECTION('',(-0.,0.,-1.));
#2420 = DIRECTION('',(-0.,-1.,0.));
#2421 = FACE_BOUND('',#2422,.T.);
#2422 = EDGE_LOOP('',(#2423));
#2423 = ORIENTED_EDGE('',*,*,#2424,.T.);
#2424 = EDGE_CURVE('',#2425,#2425,#2427,.T.);
#2425 = VERTEX_POINT('',#2426);
#2426 = CARTESIAN_POINT('',(81.5,-113.525,1.51));
#2427 = CIRCLE('',#2428,0.5);
#2428 = AXIS2_PLACEMENT_3D('',#2429,#2430,#2431);
#2429 = CARTESIAN_POINT('',(81.5,-113.025,1.51));
#2430 = DIRECTION('',(-0.,0.,-1.));
#2431 = DIRECTION('',(-0.,-1.,0.));
#2432 = FACE_BOUND('',#2433,.T.);
#2433 = EDGE_LOOP('',(#2434));
#2434 = ORIENTED_EDGE('',*,*,#2435,.T.);
#2435 = EDGE_CURVE('',#2436,#2436,#2438,.T.);
#2436 = VERTEX_POINT('',#2437);
#2437 = CARTESIAN_POINT('',(85.55,-113.56,1.51));
#2438 = CIRCLE('',#2439,0.5);
#2439 = AXIS2_PLACEMENT_3D('',#2440,#2441,#2442);
#2440 = CARTESIAN_POINT('',(85.55,-113.06,1.51));
#2441 = DIRECTION('',(-0.,0.,-1.));
#2442 = DIRECTION('',(-0.,-1.,0.));
#2443 = FACE_BOUND('',#2444,.T.);
#2444 = EDGE_LOOP('',(#2445));
#2445 = ORIENTED_EDGE('',*,*,#2446,.T.);
#2446 = EDGE_CURVE('',#2447,#2447,#2449,.T.);
#2447 = VERTEX_POINT('',#2448);
#2448 = CARTESIAN_POINT('',(89.7,-116.1,1.51));
#2449 = CIRCLE('',#2450,0.5);
#2450 = AXIS2_PLACEMENT_3D('',#2451,#2452,#2453);
#2451 = CARTESIAN_POINT('',(89.7,-115.6,1.51));
#2452 = DIRECTION('',(-0.,0.,-1.));
#2453 = DIRECTION('',(-0.,-1.,0.));
#2454 = FACE_BOUND('',#2455,.T.);
#2455 = EDGE_LOOP('',(#2456));
#2456 = ORIENTED_EDGE('',*,*,#2457,.T.);
#2457 = EDGE_CURVE('',#2458,#2458,#2460,.T.);
#2458 = VERTEX_POINT('',#2459);
#2459 = CARTESIAN_POINT('',(89.7,-113.56,1.51));
#2460 = CIRCLE('',#2461,0.5);
#2461 = AXIS2_PLACEMENT_3D('',#2462,#2463,#2464);
#2462 = CARTESIAN_POINT('',(89.7,-113.06,1.51));
#2463 = DIRECTION('',(-0.,0.,-1.));
#2464 = DIRECTION('',(-0.,-1.,0.));
#2465 = FACE_BOUND('',#2466,.T.);
#2466 = EDGE_LOOP('',(#2467));
#2467 = ORIENTED_EDGE('',*,*,#2468,.T.);
#2468 = EDGE_CURVE('',#2469,#2469,#2471,.T.);
#2469 = VERTEX_POINT('',#2470);
#2470 = CARTESIAN_POINT('',(81.5,-109.76,1.51));
#2471 = CIRCLE('',#2472,0.325);
#2472 = AXIS2_PLACEMENT_3D('',#2473,#2474,#2475);
#2473 = CARTESIAN_POINT('',(81.5,-109.435,1.51));
#2474 = DIRECTION('',(-0.,0.,-1.));
#2475 = DIRECTION('',(-0.,-1.,0.));
#2476 = FACE_BOUND('',#2477,.T.);
#2477 = EDGE_LOOP('',(#2478));
#2478 = ORIENTED_EDGE('',*,*,#2479,.T.);
#2479 = EDGE_CURVE('',#2480,#2480,#2482,.T.);
#2480 = VERTEX_POINT('',#2481);
#2481 = CARTESIAN_POINT('',(85.5,-109.76,1.51));
#2482 = CIRCLE('',#2483,0.325);
#2483 = AXIS2_PLACEMENT_3D('',#2484,#2485,#2486);
#2484 = CARTESIAN_POINT('',(85.5,-109.435,1.51));
#2485 = DIRECTION('',(-0.,0.,-1.));
#2486 = DIRECTION('',(-0.,-1.,0.));
#2487 = FACE_BOUND('',#2488,.T.);
#2488 = EDGE_LOOP('',(#2489));
#2489 = ORIENTED_EDGE('',*,*,#2490,.T.);
#2490 = EDGE_CURVE('',#2491,#2491,#2493,.T.);
#2491 = VERTEX_POINT('',#2492);
#2492 = CARTESIAN_POINT('',(81.5,-108.49,1.51));
#2493 = CIRCLE('',#2494,0.325);
#2494 = AXIS2_PLACEMENT_3D('',#2495,#2496,#2497);
#2495 = CARTESIAN_POINT('',(81.5,-108.165,1.51));
#2496 = DIRECTION('',(-0.,0.,-1.));
#2497 = DIRECTION('',(-0.,-1.,0.));
#2498 = FACE_BOUND('',#2499,.T.);
#2499 = EDGE_LOOP('',(#2500));
#2500 = ORIENTED_EDGE('',*,*,#2501,.T.);
#2501 = EDGE_CURVE('',#2502,#2502,#2504,.T.);
#2502 = VERTEX_POINT('',#2503);
#2503 = CARTESIAN_POINT('',(85.5,-108.49,1.51));
#2504 = CIRCLE('',#2505,0.325);
#2505 = AXIS2_PLACEMENT_3D('',#2506,#2507,#2508);
#2506 = CARTESIAN_POINT('',(85.5,-108.165,1.51));
#2507 = DIRECTION('',(-0.,0.,-1.));
#2508 = DIRECTION('',(-0.,-1.,0.));
#2509 = FACE_BOUND('',#2510,.T.);
#2510 = EDGE_LOOP('',(#2511));
#2511 = ORIENTED_EDGE('',*,*,#2512,.T.);
#2512 = EDGE_CURVE('',#2513,#2513,#2515,.T.);
#2513 = VERTEX_POINT('',#2514);
#2514 = CARTESIAN_POINT('',(89.688996,-109.765245,1.51));
#2515 = CIRCLE('',#2516,0.325);
#2516 = AXIS2_PLACEMENT_3D('',#2517,#2518,#2519);
#2517 = CARTESIAN_POINT('',(89.688996,-109.440245,1.51));
#2518 = DIRECTION('',(-0.,0.,-1.));
#2519 = DIRECTION('',(-0.,-1.,0.));
#2520 = FACE_BOUND('',#2521,.T.);
#2521 = EDGE_LOOP('',(#2522));
#2522 = ORIENTED_EDGE('',*,*,#2523,.T.);
#2523 = EDGE_CURVE('',#2524,#2524,#2526,.T.);
#2524 = VERTEX_POINT('',#2525);
#2525 = CARTESIAN_POINT('',(89.688996,-108.495245,1.51));
#2526 = CIRCLE('',#2527,0.325);
#2527 = AXIS2_PLACEMENT_3D('',#2528,#2529,#2530);
#2528 = CARTESIAN_POINT('',(89.688996,-108.170245,1.51));
#2529 = DIRECTION('',(-0.,0.,-1.));
#2530 = DIRECTION('',(-0.,-1.,0.));
#2531 = FACE_BOUND('',#2532,.T.);
#2532 = EDGE_LOOP('',(#2533));
#2533 = ORIENTED_EDGE('',*,*,#2534,.F.);
#2534 = EDGE_CURVE('',#2535,#2535,#2537,.T.);
#2535 = VERTEX_POINT('',#2536);
#2536 = CARTESIAN_POINT('',(68.064911,-106.9,1.51));
#2537 = CIRCLE('',#2538,1.264911);
#2538 = AXIS2_PLACEMENT_3D('',#2539,#2540,#2541);
#2539 = CARTESIAN_POINT('',(66.8,-106.9,1.51));
#2540 = DIRECTION('',(0.,0.,1.));
#2541 = DIRECTION('',(1.,0.,-0.));
#2542 = FACE_BOUND('',#2543,.T.);
#2543 = EDGE_LOOP('',(#2544));
#2544 = ORIENTED_EDGE('',*,*,#2545,.T.);
#2545 = EDGE_CURVE('',#2546,#2546,#2548,.T.);
#2546 = VERTEX_POINT('',#2547);
#2547 = CARTESIAN_POINT('',(93.85,-116.1,1.51));
#2548 = CIRCLE('',#2549,0.5);
#2549 = AXIS2_PLACEMENT_3D('',#2550,#2551,#2552);
#2550 = CARTESIAN_POINT('',(93.85,-115.6,1.51));
#2551 = DIRECTION('',(-0.,0.,-1.));
#2552 = DIRECTION('',(-0.,-1.,0.));
#2553 = FACE_BOUND('',#2554,.T.);
#2554 = EDGE_LOOP('',(#2555));
#2555 = ORIENTED_EDGE('',*,*,#2556,.T.);
#2556 = EDGE_CURVE('',#2557,#2557,#2559,.T.);
#2557 = VERTEX_POINT('',#2558);
#2558 = CARTESIAN_POINT('',(93.85,-113.56,1.51));
#2559 = CIRCLE('',#2560,0.5);
#2560 = AXIS2_PLACEMENT_3D('',#2561,#2562,#2563);
#2561 = CARTESIAN_POINT('',(93.85,-113.06,1.51));
#2562 = DIRECTION('',(-0.,0.,-1.));
#2563 = DIRECTION('',(-0.,-1.,0.));
#2564 = FACE_BOUND('',#2565,.T.);
#2565 = EDGE_LOOP('',(#2566));
#2566 = ORIENTED_EDGE('',*,*,#2567,.T.);
#2567 = EDGE_CURVE('',#2568,#2568,#2570,.T.);
#2568 = VERTEX_POINT('',#2569);
#2569 = CARTESIAN_POINT('',(93.8,-109.76,1.51));
#2570 = CIRCLE('',#2571,0.325);
#2571 = AXIS2_PLACEMENT_3D('',#2572,#2573,#2574);
#2572 = CARTESIAN_POINT('',(93.8,-109.435,1.51));
#2573 = DIRECTION('',(-0.,0.,-1.));
#2574 = DIRECTION('',(-0.,-1.,0.));
#2575 = FACE_BOUND('',#2576,.T.);
#2576 = EDGE_LOOP('',(#2577));
#2577 = ORIENTED_EDGE('',*,*,#2578,.T.);
#2578 = EDGE_CURVE('',#2579,#2579,#2581,.T.);
#2579 = VERTEX_POINT('',#2580);
#2580 = CARTESIAN_POINT('',(93.8,-108.49,1.51));
#2581 = CIRCLE('',#2582,0.325);
#2582 = AXIS2_PLACEMENT_3D('',#2583,#2584,#2585);
#2583 = CARTESIAN_POINT('',(93.8,-108.165,1.51));
#2584 = DIRECTION('',(-0.,0.,-1.));
#2585 = DIRECTION('',(-0.,-1.,0.));
#2586 = FACE_BOUND('',#2587,.T.);
#2587 = EDGE_LOOP('',(#2588));
#2588 = ORIENTED_EDGE('',*,*,#2589,.T.);
#2589 = EDGE_CURVE('',#2590,#2590,#2592,.T.);
#2590 = VERTEX_POINT('',#2591);
#2591 = CARTESIAN_POINT('',(102.1,-100.9,1.51));
#2592 = CIRCLE('',#2593,0.4);
#2593 = AXIS2_PLACEMENT_3D('',#2594,#2595,#2596);
#2594 = CARTESIAN_POINT('',(102.1,-100.5,1.51));
#2595 = DIRECTION('',(-0.,0.,-1.));
#2596 = DIRECTION('',(-0.,-1.,0.));
#2597 = FACE_BOUND('',#2598,.T.);
#2598 = EDGE_LOOP('',(#2599));
#2599 = ORIENTED_EDGE('',*,*,#2600,.T.);
#2600 = EDGE_CURVE('',#2601,#2601,#2603,.T.);
#2601 = VERTEX_POINT('',#2602);
#2602 = CARTESIAN_POINT('',(105.6,-100.9,1.51));
#2603 = CIRCLE('',#2604,0.4);
#2604 = AXIS2_PLACEMENT_3D('',#2605,#2606,#2607);
#2605 = CARTESIAN_POINT('',(105.6,-100.5,1.51));
#2606 = DIRECTION('',(-0.,0.,-1.));
#2607 = DIRECTION('',(-0.,-1.,0.));
#2608 = FACE_BOUND('',#2609,.T.);
#2609 = EDGE_LOOP('',(#2610));
#2610 = ORIENTED_EDGE('',*,*,#2611,.T.);
#2611 = EDGE_CURVE('',#2612,#2612,#2614,.T.);
#2612 = VERTEX_POINT('',#2613);
#2613 = CARTESIAN_POINT('',(119.8,-101.,1.51));
#2614 = CIRCLE('',#2615,0.4);
#2615 = AXIS2_PLACEMENT_3D('',#2616,#2617,#2618);
#2616 = CARTESIAN_POINT('',(119.8,-100.6,1.51));
#2617 = DIRECTION('',(-0.,0.,-1.));
#2618 = DIRECTION('',(-3.552713678801E-14,-1.,0.));
#2619 = FACE_BOUND('',#2620,.T.);
#2620 = EDGE_LOOP('',(#2621));
#2621 = ORIENTED_EDGE('',*,*,#2622,.T.);
#2622 = EDGE_CURVE('',#2623,#2623,#2625,.T.);
#2623 = VERTEX_POINT('',#2624);
#2624 = CARTESIAN_POINT('',(70.7,-93.18,1.51));
#2625 = CIRCLE('',#2626,0.5);
#2626 = AXIS2_PLACEMENT_3D('',#2627,#2628,#2629);
#2627 = CARTESIAN_POINT('',(70.7,-92.68,1.51));
#2628 = DIRECTION('',(-0.,0.,-1.));
#2629 = DIRECTION('',(-0.,-1.,0.));
#2630 = FACE_BOUND('',#2631,.T.);
#2631 = EDGE_LOOP('',(#2632));
#2632 = ORIENTED_EDGE('',*,*,#2633,.T.);
#2633 = EDGE_CURVE('',#2634,#2634,#2636,.T.);
#2634 = VERTEX_POINT('',#2635);
#2635 = CARTESIAN_POINT('',(70.7,-90.64,1.51));
#2636 = CIRCLE('',#2637,0.5);
#2637 = AXIS2_PLACEMENT_3D('',#2638,#2639,#2640);
#2638 = CARTESIAN_POINT('',(70.7,-90.14,1.51));
#2639 = DIRECTION('',(-0.,0.,-1.));
#2640 = DIRECTION('',(-0.,-1.,0.));
#2641 = FACE_BOUND('',#2642,.T.);
#2642 = EDGE_LOOP('',(#2643));
#2643 = ORIENTED_EDGE('',*,*,#2644,.T.);
#2644 = EDGE_CURVE('',#2645,#2645,#2647,.T.);
#2645 = VERTEX_POINT('',#2646);
#2646 = CARTESIAN_POINT('',(86.7,-93.18,1.51));
#2647 = CIRCLE('',#2648,0.5);
#2648 = AXIS2_PLACEMENT_3D('',#2649,#2650,#2651);
#2649 = CARTESIAN_POINT('',(86.7,-92.68,1.51));
#2650 = DIRECTION('',(-0.,0.,-1.));
#2651 = DIRECTION('',(-0.,-1.,0.));
#2652 = FACE_BOUND('',#2653,.T.);
#2653 = EDGE_LOOP('',(#2654));
#2654 = ORIENTED_EDGE('',*,*,#2655,.T.);
#2655 = EDGE_CURVE('',#2656,#2656,#2658,.T.);
#2656 = VERTEX_POINT('',#2657);
#2657 = CARTESIAN_POINT('',(86.7,-90.64,1.51));
#2658 = CIRCLE('',#2659,0.5);
#2659 = AXIS2_PLACEMENT_3D('',#2660,#2661,#2662);
#2660 = CARTESIAN_POINT('',(86.7,-90.14,1.51));
#2661 = DIRECTION('',(-0.,0.,-1.));
#2662 = DIRECTION('',(-0.,-1.,0.));
#2663 = FACE_BOUND('',#2664,.T.);
#2664 = EDGE_LOOP('',(#2665));
#2665 = ORIENTED_EDGE('',*,*,#2666,.T.);
#2666 = EDGE_CURVE('',#2667,#2667,#2669,.T.);
#2667 = VERTEX_POINT('',#2668);
#2668 = CARTESIAN_POINT('',(70.7,-88.1,1.51));
#2669 = CIRCLE('',#2670,0.5);
#2670 = AXIS2_PLACEMENT_3D('',#2671,#2672,#2673);
#2671 = CARTESIAN_POINT('',(70.7,-87.6,1.51));
#2672 = DIRECTION('',(-0.,0.,-1.));
#2673 = DIRECTION('',(-0.,-1.,0.));
#2674 = FACE_BOUND('',#2675,.T.);
#2675 = EDGE_LOOP('',(#2676));
#2676 = ORIENTED_EDGE('',*,*,#2677,.T.);
#2677 = EDGE_CURVE('',#2678,#2678,#2680,.T.);
#2678 = VERTEX_POINT('',#2679);
#2679 = CARTESIAN_POINT('',(70.7,-85.56,1.51));
#2680 = CIRCLE('',#2681,0.5);
#2681 = AXIS2_PLACEMENT_3D('',#2682,#2683,#2684);
#2682 = CARTESIAN_POINT('',(70.7,-85.06,1.51));
#2683 = DIRECTION('',(-0.,0.,-1.));
#2684 = DIRECTION('',(-0.,-1.,0.));
#2685 = FACE_BOUND('',#2686,.T.);
#2686 = EDGE_LOOP('',(#2687));
#2687 = ORIENTED_EDGE('',*,*,#2688,.T.);
#2688 = EDGE_CURVE('',#2689,#2689,#2691,.T.);
#2689 = VERTEX_POINT('',#2690);
#2690 = CARTESIAN_POINT('',(70.7,-83.02,1.51));
#2691 = CIRCLE('',#2692,0.5);
#2692 = AXIS2_PLACEMENT_3D('',#2693,#2694,#2695);
#2693 = CARTESIAN_POINT('',(70.7,-82.52,1.51));
#2694 = DIRECTION('',(-0.,0.,-1.));
#2695 = DIRECTION('',(-0.,-1.,0.));
#2696 = FACE_BOUND('',#2697,.T.);
#2697 = EDGE_LOOP('',(#2698));
#2698 = ORIENTED_EDGE('',*,*,#2699,.T.);
#2699 = EDGE_CURVE('',#2700,#2700,#2702,.T.);
#2700 = VERTEX_POINT('',#2701);
#2701 = CARTESIAN_POINT('',(86.7,-88.1,1.51));
#2702 = CIRCLE('',#2703,0.5);
#2703 = AXIS2_PLACEMENT_3D('',#2704,#2705,#2706);
#2704 = CARTESIAN_POINT('',(86.7,-87.6,1.51));
#2705 = DIRECTION('',(-0.,0.,-1.));
#2706 = DIRECTION('',(-0.,-1.,0.));
#2707 = FACE_BOUND('',#2708,.T.);
#2708 = EDGE_LOOP('',(#2709));
#2709 = ORIENTED_EDGE('',*,*,#2710,.T.);
#2710 = EDGE_CURVE('',#2711,#2711,#2713,.T.);
#2711 = VERTEX_POINT('',#2712);
#2712 = CARTESIAN_POINT('',(86.7,-85.56,1.51));
#2713 = CIRCLE('',#2714,0.5);
#2714 = AXIS2_PLACEMENT_3D('',#2715,#2716,#2717);
#2715 = CARTESIAN_POINT('',(86.7,-85.06,1.51));
#2716 = DIRECTION('',(-0.,0.,-1.));
#2717 = DIRECTION('',(-0.,-1.,0.));
#2718 = FACE_BOUND('',#2719,.T.);
#2719 = EDGE_LOOP('',(#2720));
#2720 = ORIENTED_EDGE('',*,*,#2721,.T.);
#2721 = EDGE_CURVE('',#2722,#2722,#2724,.T.);
#2722 = VERTEX_POINT('',#2723);
#2723 = CARTESIAN_POINT('',(86.7,-83.02,1.51));
#2724 = CIRCLE('',#2725,0.5);
#2725 = AXIS2_PLACEMENT_3D('',#2726,#2727,#2728);
#2726 = CARTESIAN_POINT('',(86.7,-82.52,1.51));
#2727 = DIRECTION('',(-0.,0.,-1.));
#2728 = DIRECTION('',(-0.,-1.,0.));
#2729 = FACE_BOUND('',#2730,.T.);
#2730 = EDGE_LOOP('',(#2731));
#2731 = ORIENTED_EDGE('',*,*,#2732,.T.);
#2732 = EDGE_CURVE('',#2733,#2733,#2735,.T.);
#2733 = VERTEX_POINT('',#2734);
#2734 = CARTESIAN_POINT('',(97.46,-97.79,1.51));
#2735 = CIRCLE('',#2736,0.4);
#2736 = AXIS2_PLACEMENT_3D('',#2737,#2738,#2739);
#2737 = CARTESIAN_POINT('',(97.46,-97.39,1.51));
#2738 = DIRECTION('',(-0.,0.,-1.));
#2739 = DIRECTION('',(-3.552713678801E-14,-1.,0.));
#2740 = FACE_BOUND('',#2741,.T.);
#2741 = EDGE_LOOP('',(#2742));
#2742 = ORIENTED_EDGE('',*,*,#2743,.T.);
#2743 = EDGE_CURVE('',#2744,#2744,#2746,.T.);
#2744 = VERTEX_POINT('',#2745);
#2745 = CARTESIAN_POINT('',(97.46,-95.25,1.51));
#2746 = CIRCLE('',#2747,0.4);
#2747 = AXIS2_PLACEMENT_3D('',#2748,#2749,#2750);
#2748 = CARTESIAN_POINT('',(97.46,-94.85,1.51));
#2749 = DIRECTION('',(-0.,0.,-1.));
#2750 = DIRECTION('',(-3.552713678801E-14,-1.,0.));
#2751 = FACE_BOUND('',#2752,.T.);
#2752 = EDGE_LOOP('',(#2753));
#2753 = ORIENTED_EDGE('',*,*,#2754,.T.);
#2754 = EDGE_CURVE('',#2755,#2755,#2757,.T.);
#2755 = VERTEX_POINT('',#2756);
#2756 = CARTESIAN_POINT('',(97.46,-92.71,1.51));
#2757 = CIRCLE('',#2758,0.4);
#2758 = AXIS2_PLACEMENT_3D('',#2759,#2760,#2761);
#2759 = CARTESIAN_POINT('',(97.46,-92.31,1.51));
#2760 = DIRECTION('',(-0.,0.,-1.));
#2761 = DIRECTION('',(-3.552713678801E-14,-1.,0.));
#2762 = FACE_BOUND('',#2763,.T.);
#2763 = EDGE_LOOP('',(#2764));
#2764 = ORIENTED_EDGE('',*,*,#2765,.T.);
#2765 = EDGE_CURVE('',#2766,#2766,#2768,.T.);
#2766 = VERTEX_POINT('',#2767);
#2767 = CARTESIAN_POINT('',(97.46,-90.17,1.51));
#2768 = CIRCLE('',#2769,0.4);
#2769 = AXIS2_PLACEMENT_3D('',#2770,#2771,#2772);
#2770 = CARTESIAN_POINT('',(97.46,-89.77,1.51));
#2771 = DIRECTION('',(-0.,0.,-1.));
#2772 = DIRECTION('',(-3.552713678801E-14,-1.,0.));
#2773 = FACE_BOUND('',#2774,.T.);
#2774 = EDGE_LOOP('',(#2775));
#2775 = ORIENTED_EDGE('',*,*,#2776,.T.);
#2776 = EDGE_CURVE('',#2777,#2777,#2779,.T.);
#2777 = VERTEX_POINT('',#2778);
#2778 = CARTESIAN_POINT('',(110.16,-97.79,1.51));
#2779 = CIRCLE('',#2780,0.4);
#2780 = AXIS2_PLACEMENT_3D('',#2781,#2782,#2783);
#2781 = CARTESIAN_POINT('',(110.16,-97.39,1.51));
#2782 = DIRECTION('',(-0.,0.,-1.));
#2783 = DIRECTION('',(-0.,-1.,0.));
#2784 = FACE_BOUND('',#2785,.T.);
#2785 = EDGE_LOOP('',(#2786));
#2786 = ORIENTED_EDGE('',*,*,#2787,.T.);
#2787 = EDGE_CURVE('',#2788,#2788,#2790,.T.);
#2788 = VERTEX_POINT('',#2789);
#2789 = CARTESIAN_POINT('',(110.16,-95.25,1.51));
#2790 = CIRCLE('',#2791,0.4);
#2791 = AXIS2_PLACEMENT_3D('',#2792,#2793,#2794);
#2792 = CARTESIAN_POINT('',(110.16,-94.85,1.51));
#2793 = DIRECTION('',(-0.,0.,-1.));
#2794 = DIRECTION('',(-0.,-1.,0.));
#2795 = FACE_BOUND('',#2796,.T.);
#2796 = EDGE_LOOP('',(#2797));
#2797 = ORIENTED_EDGE('',*,*,#2798,.T.);
#2798 = EDGE_CURVE('',#2799,#2799,#2801,.T.);
#2799 = VERTEX_POINT('',#2800);
#2800 = CARTESIAN_POINT('',(115.26,-97.69,1.51));
#2801 = CIRCLE('',#2802,0.4);
#2802 = AXIS2_PLACEMENT_3D('',#2803,#2804,#2805);
#2803 = CARTESIAN_POINT('',(115.26,-97.29,1.51));
#2804 = DIRECTION('',(-0.,0.,-1.));
#2805 = DIRECTION('',(3.5527136788E-14,-1.,-0.));
#2806 = FACE_BOUND('',#2807,.T.);
#2807 = EDGE_LOOP('',(#2808));
#2808 = ORIENTED_EDGE('',*,*,#2809,.T.);
#2809 = EDGE_CURVE('',#2810,#2810,#2812,.T.);
#2810 = VERTEX_POINT('',#2811);
#2811 = CARTESIAN_POINT('',(115.26,-95.15,1.51));
#2812 = CIRCLE('',#2813,0.4);
#2813 = AXIS2_PLACEMENT_3D('',#2814,#2815,#2816);
#2814 = CARTESIAN_POINT('',(115.26,-94.75,1.51));
#2815 = DIRECTION('',(-0.,0.,-1.));
#2816 = DIRECTION('',(3.5527136788E-14,-1.,-0.));
#2817 = FACE_BOUND('',#2818,.T.);
#2818 = EDGE_LOOP('',(#2819));
#2819 = ORIENTED_EDGE('',*,*,#2820,.T.);
#2820 = EDGE_CURVE('',#2821,#2821,#2823,.T.);
#2821 = VERTEX_POINT('',#2822);
#2822 = CARTESIAN_POINT('',(110.16,-92.71,1.51));
#2823 = CIRCLE('',#2824,0.4);
#2824 = AXIS2_PLACEMENT_3D('',#2825,#2826,#2827);
#2825 = CARTESIAN_POINT('',(110.16,-92.31,1.51));
#2826 = DIRECTION('',(-0.,0.,-1.));
#2827 = DIRECTION('',(-0.,-1.,0.));
#2828 = FACE_BOUND('',#2829,.T.);
#2829 = EDGE_LOOP('',(#2830));
#2830 = ORIENTED_EDGE('',*,*,#2831,.T.);
#2831 = EDGE_CURVE('',#2832,#2832,#2834,.T.);
#2832 = VERTEX_POINT('',#2833);
#2833 = CARTESIAN_POINT('',(110.16,-90.17,1.51));
#2834 = CIRCLE('',#2835,0.4);
#2835 = AXIS2_PLACEMENT_3D('',#2836,#2837,#2838);
#2836 = CARTESIAN_POINT('',(110.16,-89.77,1.51));
#2837 = DIRECTION('',(-0.,0.,-1.));
#2838 = DIRECTION('',(-0.,-1.,0.));
#2839 = FACE_BOUND('',#2840,.T.);
#2840 = EDGE_LOOP('',(#2841));
#2841 = ORIENTED_EDGE('',*,*,#2842,.T.);
#2842 = EDGE_CURVE('',#2843,#2843,#2845,.T.);
#2843 = VERTEX_POINT('',#2844);
#2844 = CARTESIAN_POINT('',(115.26,-92.61,1.51));
#2845 = CIRCLE('',#2846,0.4);
#2846 = AXIS2_PLACEMENT_3D('',#2847,#2848,#2849);
#2847 = CARTESIAN_POINT('',(115.26,-92.21,1.51));
#2848 = DIRECTION('',(-0.,0.,-1.));
#2849 = DIRECTION('',(3.5527136788E-14,-1.,-0.));
#2850 = FACE_BOUND('',#2851,.T.);
#2851 = EDGE_LOOP('',(#2852));
#2852 = ORIENTED_EDGE('',*,*,#2853,.T.);
#2853 = EDGE_CURVE('',#2854,#2854,#2856,.T.);
#2854 = VERTEX_POINT('',#2855);
#2855 = CARTESIAN_POINT('',(115.26,-90.07,1.51));
#2856 = CIRCLE('',#2857,0.4);
#2857 = AXIS2_PLACEMENT_3D('',#2858,#2859,#2860);
#2858 = CARTESIAN_POINT('',(115.26,-89.67,1.51));
#2859 = DIRECTION('',(-0.,0.,-1.));
#2860 = DIRECTION('',(3.5527136788E-14,-1.,-0.));
#2861 = FACE_BOUND('',#2862,.T.);
#2862 = EDGE_LOOP('',(#2863));
#2863 = ORIENTED_EDGE('',*,*,#2864,.T.);
#2864 = EDGE_CURVE('',#2865,#2865,#2867,.T.);
#2865 = VERTEX_POINT('',#2866);
#2866 = CARTESIAN_POINT('',(97.46,-87.63,1.51));
#2867 = CIRCLE('',#2868,0.4);
#2868 = AXIS2_PLACEMENT_3D('',#2869,#2870,#2871);
#2869 = CARTESIAN_POINT('',(97.46,-87.23,1.51));
#2870 = DIRECTION('',(-0.,0.,-1.));
#2871 = DIRECTION('',(-3.552713678801E-14,-1.,0.));
#2872 = FACE_BOUND('',#2873,.T.);
#2873 = EDGE_LOOP('',(#2874));
#2874 = ORIENTED_EDGE('',*,*,#2875,.T.);
#2875 = EDGE_CURVE('',#2876,#2876,#2878,.T.);
#2876 = VERTEX_POINT('',#2877);
#2877 = CARTESIAN_POINT('',(97.46,-85.09,1.51));
#2878 = CIRCLE('',#2879,0.4);
#2879 = AXIS2_PLACEMENT_3D('',#2880,#2881,#2882);
#2880 = CARTESIAN_POINT('',(97.46,-84.69,1.51));
#2881 = DIRECTION('',(-0.,0.,-1.));
#2882 = DIRECTION('',(-3.552713678801E-14,-1.,0.));
#2883 = FACE_BOUND('',#2884,.T.);
#2884 = EDGE_LOOP('',(#2885));
#2885 = ORIENTED_EDGE('',*,*,#2886,.T.);
#2886 = EDGE_CURVE('',#2887,#2887,#2889,.T.);
#2887 = VERTEX_POINT('',#2888);
#2888 = CARTESIAN_POINT('',(97.46,-82.55,1.51));
#2889 = CIRCLE('',#2890,0.4);
#2890 = AXIS2_PLACEMENT_3D('',#2891,#2892,#2893);
#2891 = CARTESIAN_POINT('',(97.46,-82.15,1.51));
#2892 = DIRECTION('',(-0.,0.,-1.));
#2893 = DIRECTION('',(-3.552713678801E-14,-1.,0.));
#2894 = FACE_BOUND('',#2895,.T.);
#2895 = EDGE_LOOP('',(#2896));
#2896 = ORIENTED_EDGE('',*,*,#2897,.T.);
#2897 = EDGE_CURVE('',#2898,#2898,#2900,.T.);
#2898 = VERTEX_POINT('',#2899);
#2899 = CARTESIAN_POINT('',(110.16,-87.63,1.51));
#2900 = CIRCLE('',#2901,0.4);
#2901 = AXIS2_PLACEMENT_3D('',#2902,#2903,#2904);
#2902 = CARTESIAN_POINT('',(110.16,-87.23,1.51));
#2903 = DIRECTION('',(-0.,0.,-1.));
#2904 = DIRECTION('',(-0.,-1.,0.));
#2905 = FACE_BOUND('',#2906,.T.);
#2906 = EDGE_LOOP('',(#2907));
#2907 = ORIENTED_EDGE('',*,*,#2908,.T.);
#2908 = EDGE_CURVE('',#2909,#2909,#2911,.T.);
#2909 = VERTEX_POINT('',#2910);
#2910 = CARTESIAN_POINT('',(115.26,-87.53,1.51));
#2911 = CIRCLE('',#2912,0.4);
#2912 = AXIS2_PLACEMENT_3D('',#2913,#2914,#2915);
#2913 = CARTESIAN_POINT('',(115.26,-87.13,1.51));
#2914 = DIRECTION('',(-0.,0.,-1.));
#2915 = DIRECTION('',(3.5527136788E-14,-1.,-0.));
#2916 = FACE_BOUND('',#2917,.T.);
#2917 = EDGE_LOOP('',(#2918));
#2918 = ORIENTED_EDGE('',*,*,#2919,.T.);
#2919 = EDGE_CURVE('',#2920,#2920,#2922,.T.);
#2920 = VERTEX_POINT('',#2921);
#2921 = CARTESIAN_POINT('',(110.16,-85.09,1.51));
#2922 = CIRCLE('',#2923,0.4);
#2923 = AXIS2_PLACEMENT_3D('',#2924,#2925,#2926);
#2924 = CARTESIAN_POINT('',(110.16,-84.69,1.51));
#2925 = DIRECTION('',(-0.,0.,-1.));
#2926 = DIRECTION('',(-0.,-1.,0.));
#2927 = FACE_BOUND('',#2928,.T.);
#2928 = EDGE_LOOP('',(#2929));
#2929 = ORIENTED_EDGE('',*,*,#2930,.T.);
#2930 = EDGE_CURVE('',#2931,#2931,#2933,.T.);
#2931 = VERTEX_POINT('',#2932);
#2932 = CARTESIAN_POINT('',(110.16,-82.55,1.51));
#2933 = CIRCLE('',#2934,0.4);
#2934 = AXIS2_PLACEMENT_3D('',#2935,#2936,#2937);
#2935 = CARTESIAN_POINT('',(110.16,-82.15,1.51));
#2936 = DIRECTION('',(-0.,0.,-1.));
#2937 = DIRECTION('',(-0.,-1.,0.));
#2938 = FACE_BOUND('',#2939,.T.);
#2939 = EDGE_LOOP('',(#2940));
#2940 = ORIENTED_EDGE('',*,*,#2941,.T.);
#2941 = EDGE_CURVE('',#2942,#2942,#2944,.T.);
#2942 = VERTEX_POINT('',#2943);
#2943 = CARTESIAN_POINT('',(115.26,-84.99,1.51));
#2944 = CIRCLE('',#2945,0.4);
#2945 = AXIS2_PLACEMENT_3D('',#2946,#2947,#2948);
#2946 = CARTESIAN_POINT('',(115.26,-84.59,1.51));
#2947 = DIRECTION('',(-0.,0.,-1.));
#2948 = DIRECTION('',(3.5527136788E-14,-1.,-0.));
#2949 = FACE_BOUND('',#2950,.T.);
#2950 = EDGE_LOOP('',(#2951));
#2951 = ORIENTED_EDGE('',*,*,#2952,.T.);
#2952 = EDGE_CURVE('',#2953,#2953,#2955,.T.);
#2953 = VERTEX_POINT('',#2954);
#2954 = CARTESIAN_POINT('',(115.26,-82.45,1.51));
#2955 = CIRCLE('',#2956,0.4);
#2956 = AXIS2_PLACEMENT_3D('',#2957,#2958,#2959);
#2957 = CARTESIAN_POINT('',(115.26,-82.05,1.51));
#2958 = DIRECTION('',(-0.,0.,-1.));
#2959 = DIRECTION('',(3.5527136788E-14,-1.,-0.));
#2960 = FACE_BOUND('',#2961,.T.);
#2961 = EDGE_LOOP('',(#2962));
#2962 = ORIENTED_EDGE('',*,*,#2963,.T.);
#2963 = EDGE_CURVE('',#2964,#2964,#2966,.T.);
#2964 = VERTEX_POINT('',#2965);
#2965 = CARTESIAN_POINT('',(123.3,-101.,1.51));
#2966 = CIRCLE('',#2967,0.4);
#2967 = AXIS2_PLACEMENT_3D('',#2968,#2969,#2970);
#2968 = CARTESIAN_POINT('',(123.3,-100.6,1.51));
#2969 = DIRECTION('',(-0.,0.,-1.));
#2970 = DIRECTION('',(-3.552713678801E-14,-1.,0.));
#2971 = FACE_BOUND('',#2972,.T.);
#2972 = EDGE_LOOP('',(#2973));
#2973 = ORIENTED_EDGE('',*,*,#2974,.T.);
#2974 = EDGE_CURVE('',#2975,#2975,#2977,.T.);
#2975 = VERTEX_POINT('',#2976);
#2976 = CARTESIAN_POINT('',(138.2,-101.,1.51));
#2977 = CIRCLE('',#2978,0.4);
#2978 = AXIS2_PLACEMENT_3D('',#2979,#2980,#2981);
#2979 = CARTESIAN_POINT('',(138.2,-100.6,1.51));
#2980 = DIRECTION('',(-0.,0.,-1.));
#2981 = DIRECTION('',(-0.,-1.,0.));
#2982 = FACE_BOUND('',#2983,.T.);
#2983 = EDGE_LOOP('',(#2984));
#2984 = ORIENTED_EDGE('',*,*,#2985,.T.);
#2985 = EDGE_CURVE('',#2986,#2986,#2988,.T.);
#2986 = VERTEX_POINT('',#2987);
#2987 = CARTESIAN_POINT('',(141.7,-101.,1.51));
#2988 = CIRCLE('',#2989,0.4);
#2989 = AXIS2_PLACEMENT_3D('',#2990,#2991,#2992);
#2990 = CARTESIAN_POINT('',(141.7,-100.6,1.51));
#2991 = DIRECTION('',(-0.,0.,-1.));
#2992 = DIRECTION('',(-0.,-1.,0.));
#2993 = FACE_BOUND('',#2994,.T.);
#2994 = EDGE_LOOP('',(#2995));
#2995 = ORIENTED_EDGE('',*,*,#2996,.F.);
#2996 = EDGE_CURVE('',#2997,#2997,#2999,.T.);
#2997 = VERTEX_POINT('',#2998);
#2998 = CARTESIAN_POINT('',(176.464911,-106.9,1.51));
#2999 = CIRCLE('',#3000,1.264911);
#3000 = AXIS2_PLACEMENT_3D('',#3001,#3002,#3003);
#3001 = CARTESIAN_POINT('',(175.2,-106.9,1.51));
#3002 = DIRECTION('',(0.,0.,1.));
#3003 = DIRECTION('',(1.,0.,-0.));
#3004 = FACE_BOUND('',#3005,.T.);
#3005 = EDGE_LOOP('',(#3006));
#3006 = ORIENTED_EDGE('',*,*,#3007,.T.);
#3007 = EDGE_CURVE('',#3008,#3008,#3010,.T.);
#3008 = VERTEX_POINT('',#3009);
#3009 = CARTESIAN_POINT('',(127.96,-97.69,1.51));
#3010 = CIRCLE('',#3011,0.4);
#3011 = AXIS2_PLACEMENT_3D('',#3012,#3013,#3014);
#3012 = CARTESIAN_POINT('',(127.96,-97.29,1.51));
#3013 = DIRECTION('',(-0.,0.,-1.));
#3014 = DIRECTION('',(-3.552713678801E-14,-1.,0.));
#3015 = FACE_BOUND('',#3016,.T.);
#3016 = EDGE_LOOP('',(#3017));
#3017 = ORIENTED_EDGE('',*,*,#3018,.T.);
#3018 = EDGE_CURVE('',#3019,#3019,#3021,.T.);
#3019 = VERTEX_POINT('',#3020);
#3020 = CARTESIAN_POINT('',(133.46,-97.79,1.51));
#3021 = CIRCLE('',#3022,0.4);
#3022 = AXIS2_PLACEMENT_3D('',#3023,#3024,#3025);
#3023 = CARTESIAN_POINT('',(133.46,-97.39,1.51));
#3024 = DIRECTION('',(-0.,0.,-1.));
#3025 = DIRECTION('',(-0.,-1.,0.));
#3026 = FACE_BOUND('',#3027,.T.);
#3027 = EDGE_LOOP('',(#3028));
#3028 = ORIENTED_EDGE('',*,*,#3029,.T.);
#3029 = EDGE_CURVE('',#3030,#3030,#3032,.T.);
#3030 = VERTEX_POINT('',#3031);
#3031 = CARTESIAN_POINT('',(127.96,-95.15,1.51));
#3032 = CIRCLE('',#3033,0.4);
#3033 = AXIS2_PLACEMENT_3D('',#3034,#3035,#3036);
#3034 = CARTESIAN_POINT('',(127.96,-94.75,1.51));
#3035 = DIRECTION('',(-0.,0.,-1.));
#3036 = DIRECTION('',(-3.5527136788E-14,-1.,0.));
#3037 = FACE_BOUND('',#3038,.T.);
#3038 = EDGE_LOOP('',(#3039));
#3039 = ORIENTED_EDGE('',*,*,#3040,.T.);
#3040 = EDGE_CURVE('',#3041,#3041,#3043,.T.);
#3041 = VERTEX_POINT('',#3042);
#3042 = CARTESIAN_POINT('',(133.46,-95.25,1.51));
#3043 = CIRCLE('',#3044,0.4);
#3044 = AXIS2_PLACEMENT_3D('',#3045,#3046,#3047);
#3045 = CARTESIAN_POINT('',(133.46,-94.85,1.51));
#3046 = DIRECTION('',(-0.,0.,-1.));
#3047 = DIRECTION('',(-0.,-1.,0.));
#3048 = FACE_BOUND('',#3049,.T.);
#3049 = EDGE_LOOP('',(#3050));
#3050 = ORIENTED_EDGE('',*,*,#3051,.T.);
#3051 = EDGE_CURVE('',#3052,#3052,#3054,.T.);
#3052 = VERTEX_POINT('',#3053);
#3053 = CARTESIAN_POINT('',(127.96,-92.61,1.51));
#3054 = CIRCLE('',#3055,0.4);
#3055 = AXIS2_PLACEMENT_3D('',#3056,#3057,#3058);
#3056 = CARTESIAN_POINT('',(127.96,-92.21,1.51));
#3057 = DIRECTION('',(-0.,0.,-1.));
#3058 = DIRECTION('',(-3.5527136788E-14,-1.,0.));
#3059 = FACE_BOUND('',#3060,.T.);
#3060 = EDGE_LOOP('',(#3061));
#3061 = ORIENTED_EDGE('',*,*,#3062,.T.);
#3062 = EDGE_CURVE('',#3063,#3063,#3065,.T.);
#3063 = VERTEX_POINT('',#3064);
#3064 = CARTESIAN_POINT('',(133.46,-92.71,1.51));
#3065 = CIRCLE('',#3066,0.4);
#3066 = AXIS2_PLACEMENT_3D('',#3067,#3068,#3069);
#3067 = CARTESIAN_POINT('',(133.46,-92.31,1.51));
#3068 = DIRECTION('',(-0.,0.,-1.));
#3069 = DIRECTION('',(-0.,-1.,0.));
#3070 = FACE_BOUND('',#3071,.T.);
#3071 = EDGE_LOOP('',(#3072));
#3072 = ORIENTED_EDGE('',*,*,#3073,.T.);
#3073 = EDGE_CURVE('',#3074,#3074,#3076,.T.);
#3074 = VERTEX_POINT('',#3075);
#3075 = CARTESIAN_POINT('',(127.96,-90.07,1.51));
#3076 = CIRCLE('',#3077,0.4);
#3077 = AXIS2_PLACEMENT_3D('',#3078,#3079,#3080);
#3078 = CARTESIAN_POINT('',(127.96,-89.67,1.51));
#3079 = DIRECTION('',(-0.,0.,-1.));
#3080 = DIRECTION('',(-3.552713678801E-14,-1.,0.));
#3081 = FACE_BOUND('',#3082,.T.);
#3082 = EDGE_LOOP('',(#3083));
#3083 = ORIENTED_EDGE('',*,*,#3084,.T.);
#3084 = EDGE_CURVE('',#3085,#3085,#3087,.T.);
#3085 = VERTEX_POINT('',#3086);
#3086 = CARTESIAN_POINT('',(133.46,-90.17,1.51));
#3087 = CIRCLE('',#3088,0.4);
#3088 = AXIS2_PLACEMENT_3D('',#3089,#3090,#3091);
#3089 = CARTESIAN_POINT('',(133.46,-89.77,1.51));
#3090 = DIRECTION('',(-0.,0.,-1.));
#3091 = DIRECTION('',(-0.,-1.,0.));
#3092 = FACE_BOUND('',#3093,.T.);
#3093 = EDGE_LOOP('',(#3094));
#3094 = ORIENTED_EDGE('',*,*,#3095,.T.);
#3095 = EDGE_CURVE('',#3096,#3096,#3098,.T.);
#3096 = VERTEX_POINT('',#3097);
#3097 = CARTESIAN_POINT('',(146.16,-97.79,1.51));
#3098 = CIRCLE('',#3099,0.4);
#3099 = AXIS2_PLACEMENT_3D('',#3100,#3101,#3102);
#3100 = CARTESIAN_POINT('',(146.16,-97.39,1.51));
#3101 = DIRECTION('',(-0.,0.,-1.));
#3102 = DIRECTION('',(-0.,-1.,0.));
#3103 = FACE_BOUND('',#3104,.T.);
#3104 = EDGE_LOOP('',(#3105));
#3105 = ORIENTED_EDGE('',*,*,#3106,.T.);
#3106 = EDGE_CURVE('',#3107,#3107,#3109,.T.);
#3107 = VERTEX_POINT('',#3108);
#3108 = CARTESIAN_POINT('',(146.16,-95.25,1.51));
#3109 = CIRCLE('',#3110,0.4);
#3110 = AXIS2_PLACEMENT_3D('',#3111,#3112,#3113);
#3111 = CARTESIAN_POINT('',(146.16,-94.85,1.51));
#3112 = DIRECTION('',(-0.,0.,-1.));
#3113 = DIRECTION('',(-0.,-1.,0.));
#3114 = FACE_BOUND('',#3115,.T.);
#3115 = EDGE_LOOP('',(#3116));
#3116 = ORIENTED_EDGE('',*,*,#3117,.T.);
#3117 = EDGE_CURVE('',#3118,#3118,#3120,.T.);
#3118 = VERTEX_POINT('',#3119);
#3119 = CARTESIAN_POINT('',(146.16,-92.71,1.51));
#3120 = CIRCLE('',#3121,0.4);
#3121 = AXIS2_PLACEMENT_3D('',#3122,#3123,#3124);
#3122 = CARTESIAN_POINT('',(146.16,-92.31,1.51));
#3123 = DIRECTION('',(-0.,0.,-1.));
#3124 = DIRECTION('',(-0.,-1.,0.));
#3125 = FACE_BOUND('',#3126,.T.);
#3126 = EDGE_LOOP('',(#3127));
#3127 = ORIENTED_EDGE('',*,*,#3128,.T.);
#3128 = EDGE_CURVE('',#3129,#3129,#3131,.T.);
#3129 = VERTEX_POINT('',#3130);
#3130 = CARTESIAN_POINT('',(146.16,-90.17,1.51));
#3131 = CIRCLE('',#3132,0.4);
#3132 = AXIS2_PLACEMENT_3D('',#3133,#3134,#3135);
#3133 = CARTESIAN_POINT('',(146.16,-89.77,1.51));
#3134 = DIRECTION('',(-0.,0.,-1.));
#3135 = DIRECTION('',(-0.,-1.,0.));
#3136 = FACE_BOUND('',#3137,.T.);
#3137 = EDGE_LOOP('',(#3138));
#3138 = ORIENTED_EDGE('',*,*,#3139,.T.);
#3139 = EDGE_CURVE('',#3140,#3140,#3142,.T.);
#3140 = VERTEX_POINT('',#3141);
#3141 = CARTESIAN_POINT('',(133.46,-87.63,1.51));
#3142 = CIRCLE('',#3143,0.4);
#3143 = AXIS2_PLACEMENT_3D('',#3144,#3145,#3146);
#3144 = CARTESIAN_POINT('',(133.46,-87.23,1.51));
#3145 = DIRECTION('',(-0.,0.,-1.));
#3146 = DIRECTION('',(-0.,-1.,0.));
#3147 = FACE_BOUND('',#3148,.T.);
#3148 = EDGE_LOOP('',(#3149));
#3149 = ORIENTED_EDGE('',*,*,#3150,.T.);
#3150 = EDGE_CURVE('',#3151,#3151,#3153,.T.);
#3151 = VERTEX_POINT('',#3152);
#3152 = CARTESIAN_POINT('',(127.96,-87.53,1.51));
#3153 = CIRCLE('',#3154,0.4);
#3154 = AXIS2_PLACEMENT_3D('',#3155,#3156,#3157);
#3155 = CARTESIAN_POINT('',(127.96,-87.13,1.51));
#3156 = DIRECTION('',(-0.,0.,-1.));
#3157 = DIRECTION('',(-3.5527136788E-14,-1.,0.));
#3158 = FACE_BOUND('',#3159,.T.);
#3159 = EDGE_LOOP('',(#3160));
#3160 = ORIENTED_EDGE('',*,*,#3161,.T.);
#3161 = EDGE_CURVE('',#3162,#3162,#3164,.T.);
#3162 = VERTEX_POINT('',#3163);
#3163 = CARTESIAN_POINT('',(127.96,-84.99,1.51));
#3164 = CIRCLE('',#3165,0.4);
#3165 = AXIS2_PLACEMENT_3D('',#3166,#3167,#3168);
#3166 = CARTESIAN_POINT('',(127.96,-84.59,1.51));
#3167 = DIRECTION('',(-0.,0.,-1.));
#3168 = DIRECTION('',(-3.5527136788E-14,-1.,0.));
#3169 = FACE_BOUND('',#3170,.T.);
#3170 = EDGE_LOOP('',(#3171));
#3171 = ORIENTED_EDGE('',*,*,#3172,.T.);
#3172 = EDGE_CURVE('',#3173,#3173,#3175,.T.);
#3173 = VERTEX_POINT('',#3174);
#3174 = CARTESIAN_POINT('',(133.46,-85.09,1.51));
#3175 = CIRCLE('',#3176,0.4);
#3176 = AXIS2_PLACEMENT_3D('',#3177,#3178,#3179);
#3177 = CARTESIAN_POINT('',(133.46,-84.69,1.51));
#3178 = DIRECTION('',(-0.,0.,-1.));
#3179 = DIRECTION('',(-0.,-1.,0.));
#3180 = FACE_BOUND('',#3181,.T.);
#3181 = EDGE_LOOP('',(#3182));
#3182 = ORIENTED_EDGE('',*,*,#3183,.T.);
#3183 = EDGE_CURVE('',#3184,#3184,#3186,.T.);
#3184 = VERTEX_POINT('',#3185);
#3185 = CARTESIAN_POINT('',(127.96,-82.45,1.51));
#3186 = CIRCLE('',#3187,0.4);
#3187 = AXIS2_PLACEMENT_3D('',#3188,#3189,#3190);
#3188 = CARTESIAN_POINT('',(127.96,-82.05,1.51));
#3189 = DIRECTION('',(-0.,0.,-1.));
#3190 = DIRECTION('',(-3.5527136788E-14,-1.,0.));
#3191 = FACE_BOUND('',#3192,.T.);
#3192 = EDGE_LOOP('',(#3193));
#3193 = ORIENTED_EDGE('',*,*,#3194,.T.);
#3194 = EDGE_CURVE('',#3195,#3195,#3197,.T.);
#3195 = VERTEX_POINT('',#3196);
#3196 = CARTESIAN_POINT('',(133.46,-82.55,1.51));
#3197 = CIRCLE('',#3198,0.4);
#3198 = AXIS2_PLACEMENT_3D('',#3199,#3200,#3201);
#3199 = CARTESIAN_POINT('',(133.46,-82.15,1.51));
#3200 = DIRECTION('',(-0.,0.,-1.));
#3201 = DIRECTION('',(-0.,-1.,0.));
#3202 = FACE_BOUND('',#3203,.T.);
#3203 = EDGE_LOOP('',(#3204));
#3204 = ORIENTED_EDGE('',*,*,#3205,.T.);
#3205 = EDGE_CURVE('',#3206,#3206,#3208,.T.);
#3206 = VERTEX_POINT('',#3207);
#3207 = CARTESIAN_POINT('',(146.16,-87.63,1.51));
#3208 = CIRCLE('',#3209,0.4);
#3209 = AXIS2_PLACEMENT_3D('',#3210,#3211,#3212);
#3210 = CARTESIAN_POINT('',(146.16,-87.23,1.51));
#3211 = DIRECTION('',(-0.,0.,-1.));
#3212 = DIRECTION('',(-0.,-1.,0.));
#3213 = FACE_BOUND('',#3214,.T.);
#3214 = EDGE_LOOP('',(#3215));
#3215 = ORIENTED_EDGE('',*,*,#3216,.T.);
#3216 = EDGE_CURVE('',#3217,#3217,#3219,.T.);
#3217 = VERTEX_POINT('',#3218);
#3218 = CARTESIAN_POINT('',(146.16,-85.09,1.51));
#3219 = CIRCLE('',#3220,0.4);
#3220 = AXIS2_PLACEMENT_3D('',#3221,#3222,#3223);
#3221 = CARTESIAN_POINT('',(146.16,-84.69,1.51));
#3222 = DIRECTION('',(-0.,0.,-1.));
#3223 = DIRECTION('',(-0.,-1.,0.));
#3224 = FACE_BOUND('',#3225,.T.);
#3225 = EDGE_LOOP('',(#3226));
#3226 = ORIENTED_EDGE('',*,*,#3227,.T.);
#3227 = EDGE_CURVE('',#3228,#3228,#3230,.T.);
#3228 = VERTEX_POINT('',#3229);
#3229 = CARTESIAN_POINT('',(146.16,-82.55,1.51));
#3230 = CIRCLE('',#3231,0.4);
#3231 = AXIS2_PLACEMENT_3D('',#3232,#3233,#3234);
#3232 = CARTESIAN_POINT('',(146.16,-82.15,1.51));
#3233 = DIRECTION('',(-0.,0.,-1.));
#3234 = DIRECTION('',(-0.,-1.,0.));
#3235 = FACE_BOUND('',#3236,.T.);
#3236 = EDGE_LOOP('',(#3237));
#3237 = ORIENTED_EDGE('',*,*,#3238,.T.);
#3238 = EDGE_CURVE('',#3239,#3239,#3241,.T.);
#3239 = VERTEX_POINT('',#3240);
#3240 = CARTESIAN_POINT('',(163.26,-98.7,1.51));
#3241 = CIRCLE('',#3242,0.5);
#3242 = AXIS2_PLACEMENT_3D('',#3243,#3244,#3245);
#3243 = CARTESIAN_POINT('',(163.26,-98.2,1.51));
#3244 = DIRECTION('',(-0.,0.,-1.));
#3245 = DIRECTION('',(-0.,-1.,0.));
#3246 = FACE_BOUND('',#3247,.T.);
#3247 = EDGE_LOOP('',(#3248));
#3248 = ORIENTED_EDGE('',*,*,#3249,.T.);
#3249 = EDGE_CURVE('',#3250,#3250,#3252,.T.);
#3250 = VERTEX_POINT('',#3251);
#3251 = CARTESIAN_POINT('',(165.8,-98.7,1.51));
#3252 = CIRCLE('',#3253,0.5);
#3253 = AXIS2_PLACEMENT_3D('',#3254,#3255,#3256);
#3254 = CARTESIAN_POINT('',(165.8,-98.2,1.51));
#3255 = DIRECTION('',(-0.,0.,-1.));
#3256 = DIRECTION('',(-0.,-1.,0.));
#3257 = FACE_BOUND('',#3258,.T.);
#3258 = EDGE_LOOP('',(#3259));
#3259 = ORIENTED_EDGE('',*,*,#3260,.T.);
#3260 = EDGE_CURVE('',#3261,#3261,#3263,.T.);
#3261 = VERTEX_POINT('',#3262);
#3262 = CARTESIAN_POINT('',(168.34,-98.7,1.51));
#3263 = CIRCLE('',#3264,0.5);
#3264 = AXIS2_PLACEMENT_3D('',#3265,#3266,#3267);
#3265 = CARTESIAN_POINT('',(168.34,-98.2,1.51));
#3266 = DIRECTION('',(-0.,0.,-1.));
#3267 = DIRECTION('',(-0.,-1.,0.));
#3268 = FACE_BOUND('',#3269,.T.);
#3269 = EDGE_LOOP('',(#3270));
#3270 = ORIENTED_EDGE('',*,*,#3271,.T.);
#3271 = EDGE_CURVE('',#3272,#3272,#3274,.T.);
#3272 = VERTEX_POINT('',#3273);
#3273 = CARTESIAN_POINT('',(162.7,-93.3,1.51));
#3274 = CIRCLE('',#3275,0.4);
#3275 = AXIS2_PLACEMENT_3D('',#3276,#3277,#3278);
#3276 = CARTESIAN_POINT('',(162.7,-92.9,1.51));
#3277 = DIRECTION('',(-0.,0.,-1.));
#3278 = DIRECTION('',(-0.,-1.,0.));
#3279 = FACE_BOUND('',#3280,.T.);
#3280 = EDGE_LOOP('',(#3281));
#3281 = ORIENTED_EDGE('',*,*,#3282,.T.);
#3282 = EDGE_CURVE('',#3283,#3283,#3285,.T.);
#3283 = VERTEX_POINT('',#3284);
#3284 = CARTESIAN_POINT('',(164.7,-93.3,1.51));
#3285 = CIRCLE('',#3286,0.4);
#3286 = AXIS2_PLACEMENT_3D('',#3287,#3288,#3289);
#3287 = CARTESIAN_POINT('',(164.7,-92.9,1.51));
#3288 = DIRECTION('',(-0.,0.,-1.));
#3289 = DIRECTION('',(-0.,-1.,0.));
#3290 = FACE_BOUND('',#3291,.T.);
#3291 = EDGE_LOOP('',(#3292));
#3292 = ORIENTED_EDGE('',*,*,#3293,.T.);
#3293 = EDGE_CURVE('',#3294,#3294,#3296,.T.);
#3294 = VERTEX_POINT('',#3295);
#3295 = CARTESIAN_POINT('',(166.7,-93.3,1.51));
#3296 = CIRCLE('',#3297,0.4);
#3297 = AXIS2_PLACEMENT_3D('',#3298,#3299,#3300);
#3298 = CARTESIAN_POINT('',(166.7,-92.9,1.51));
#3299 = DIRECTION('',(-0.,0.,-1.));
#3300 = DIRECTION('',(-0.,-1.,0.));
#3301 = FACE_BOUND('',#3302,.T.);
#3302 = EDGE_LOOP('',(#3303));
#3303 = ORIENTED_EDGE('',*,*,#3304,.T.);
#3304 = EDGE_CURVE('',#3305,#3305,#3307,.T.);
#3305 = VERTEX_POINT('',#3306);
#3306 = CARTESIAN_POINT('',(168.7,-93.3,1.51));
#3307 = CIRCLE('',#3308,0.4);
#3308 = AXIS2_PLACEMENT_3D('',#3309,#3310,#3311);
#3309 = CARTESIAN_POINT('',(168.7,-92.9,1.51));
#3310 = DIRECTION('',(-0.,0.,-1.));
#3311 = DIRECTION('',(-0.,-1.,0.));
#3312 = FACE_BOUND('',#3313,.T.);
#3313 = EDGE_LOOP('',(#3314));
#3314 = ORIENTED_EDGE('',*,*,#3315,.T.);
#3315 = EDGE_CURVE('',#3316,#3316,#3318,.T.);
#3316 = VERTEX_POINT('',#3317);
#3317 = CARTESIAN_POINT('',(162.7,-88.7,1.51));
#3318 = CIRCLE('',#3319,0.4);
#3319 = AXIS2_PLACEMENT_3D('',#3320,#3321,#3322);
#3320 = CARTESIAN_POINT('',(162.7,-88.3,1.51));
#3321 = DIRECTION('',(-0.,0.,-1.));
#3322 = DIRECTION('',(-0.,-1.,0.));
#3323 = FACE_BOUND('',#3324,.T.);
#3324 = EDGE_LOOP('',(#3325));
#3325 = ORIENTED_EDGE('',*,*,#3326,.T.);
#3326 = EDGE_CURVE('',#3327,#3327,#3329,.T.);
#3327 = VERTEX_POINT('',#3328);
#3328 = CARTESIAN_POINT('',(164.7,-88.7,1.51));
#3329 = CIRCLE('',#3330,0.4);
#3330 = AXIS2_PLACEMENT_3D('',#3331,#3332,#3333);
#3331 = CARTESIAN_POINT('',(164.7,-88.3,1.51));
#3332 = DIRECTION('',(-0.,0.,-1.));
#3333 = DIRECTION('',(-0.,-1.,0.));
#3334 = FACE_BOUND('',#3335,.T.);
#3335 = EDGE_LOOP('',(#3336));
#3336 = ORIENTED_EDGE('',*,*,#3337,.T.);
#3337 = EDGE_CURVE('',#3338,#3338,#3340,.T.);
#3338 = VERTEX_POINT('',#3339);
#3339 = CARTESIAN_POINT('',(166.7,-88.7,1.51));
#3340 = CIRCLE('',#3341,0.4);
#3341 = AXIS2_PLACEMENT_3D('',#3342,#3343,#3344);
#3342 = CARTESIAN_POINT('',(166.7,-88.3,1.51));
#3343 = DIRECTION('',(-0.,0.,-1.));
#3344 = DIRECTION('',(-0.,-1.,0.));
#3345 = FACE_BOUND('',#3346,.T.);
#3346 = EDGE_LOOP('',(#3347));
#3347 = ORIENTED_EDGE('',*,*,#3348,.T.);
#3348 = EDGE_CURVE('',#3349,#3349,#3351,.T.);
#3349 = VERTEX_POINT('',#3350);
#3350 = CARTESIAN_POINT('',(168.7,-88.7,1.51));
#3351 = CIRCLE('',#3352,0.4);
#3352 = AXIS2_PLACEMENT_3D('',#3353,#3354,#3355);
#3353 = CARTESIAN_POINT('',(168.7,-88.3,1.51));
#3354 = DIRECTION('',(-0.,0.,-1.));
#3355 = DIRECTION('',(-0.,-1.,0.));
#3356 = FACE_BOUND('',#3357,.T.);
#3357 = EDGE_LOOP('',(#3358));
#3358 = ORIENTED_EDGE('',*,*,#3359,.T.);
#3359 = EDGE_CURVE('',#3360,#3360,#3362,.T.);
#3360 = VERTEX_POINT('',#3361);
#3361 = CARTESIAN_POINT('',(162.8,-84.6,1.51));
#3362 = CIRCLE('',#3363,0.4);
#3363 = AXIS2_PLACEMENT_3D('',#3364,#3365,#3366);
#3364 = CARTESIAN_POINT('',(162.8,-84.2,1.51));
#3365 = DIRECTION('',(-0.,0.,-1.));
#3366 = DIRECTION('',(-0.,-1.,0.));
#3367 = FACE_BOUND('',#3368,.T.);
#3368 = EDGE_LOOP('',(#3369));
#3369 = ORIENTED_EDGE('',*,*,#3370,.T.);
#3370 = EDGE_CURVE('',#3371,#3371,#3373,.T.);
#3371 = VERTEX_POINT('',#3372);
#3372 = CARTESIAN_POINT('',(164.8,-84.6,1.51));
#3373 = CIRCLE('',#3374,0.4);
#3374 = AXIS2_PLACEMENT_3D('',#3375,#3376,#3377);
#3375 = CARTESIAN_POINT('',(164.8,-84.2,1.51));
#3376 = DIRECTION('',(-0.,0.,-1.));
#3377 = DIRECTION('',(-0.,-1.,0.));
#3378 = FACE_BOUND('',#3379,.T.);
#3379 = EDGE_LOOP('',(#3380));
#3380 = ORIENTED_EDGE('',*,*,#3381,.T.);
#3381 = EDGE_CURVE('',#3382,#3382,#3384,.T.);
#3382 = VERTEX_POINT('',#3383);
#3383 = CARTESIAN_POINT('',(166.8,-84.6,1.51));
#3384 = CIRCLE('',#3385,0.4);
#3385 = AXIS2_PLACEMENT_3D('',#3386,#3387,#3388);
#3386 = CARTESIAN_POINT('',(166.8,-84.2,1.51));
#3387 = DIRECTION('',(-0.,0.,-1.));
#3388 = DIRECTION('',(-0.,-1.,0.));
#3389 = FACE_BOUND('',#3390,.T.);
#3390 = EDGE_LOOP('',(#3391));
#3391 = ORIENTED_EDGE('',*,*,#3392,.T.);
#3392 = EDGE_CURVE('',#3393,#3393,#3395,.T.);
#3393 = VERTEX_POINT('',#3394);
#3394 = CARTESIAN_POINT('',(168.8,-84.6,1.51));
#3395 = CIRCLE('',#3396,0.4);
#3396 = AXIS2_PLACEMENT_3D('',#3397,#3398,#3399);
#3397 = CARTESIAN_POINT('',(168.8,-84.2,1.51));
#3398 = DIRECTION('',(-0.,0.,-1.));
#3399 = DIRECTION('',(-0.,-1.,0.));
#3400 = FACE_BOUND('',#3401,.T.);
#3401 = EDGE_LOOP('',(#3402));
#3402 = ORIENTED_EDGE('',*,*,#3403,.T.);
#3403 = EDGE_CURVE('',#3404,#3404,#3406,.T.);
#3404 = VERTEX_POINT('',#3405);
#3405 = CARTESIAN_POINT('',(70.7,-80.48,1.51));
#3406 = CIRCLE('',#3407,0.5);
#3407 = AXIS2_PLACEMENT_3D('',#3408,#3409,#3410);
#3408 = CARTESIAN_POINT('',(70.7,-79.98,1.51));
#3409 = DIRECTION('',(-0.,0.,-1.));
#3410 = DIRECTION('',(-0.,-1.,0.));
#3411 = FACE_BOUND('',#3412,.T.);
#3412 = EDGE_LOOP('',(#3413));
#3413 = ORIENTED_EDGE('',*,*,#3414,.T.);
#3414 = EDGE_CURVE('',#3415,#3415,#3417,.T.);
#3415 = VERTEX_POINT('',#3416);
#3416 = CARTESIAN_POINT('',(70.7,-77.94,1.51));
#3417 = CIRCLE('',#3418,0.5);
#3418 = AXIS2_PLACEMENT_3D('',#3419,#3420,#3421);
#3419 = CARTESIAN_POINT('',(70.7,-77.44,1.51));
#3420 = DIRECTION('',(-0.,0.,-1.));
#3421 = DIRECTION('',(-0.,-1.,0.));
#3422 = FACE_BOUND('',#3423,.T.);
#3423 = EDGE_LOOP('',(#3424));
#3424 = ORIENTED_EDGE('',*,*,#3425,.T.);
#3425 = EDGE_CURVE('',#3426,#3426,#3428,.T.);
#3426 = VERTEX_POINT('',#3427);
#3427 = CARTESIAN_POINT('',(70.7,-75.4,1.51));
#3428 = CIRCLE('',#3429,0.5);
#3429 = AXIS2_PLACEMENT_3D('',#3430,#3431,#3432);
#3430 = CARTESIAN_POINT('',(70.7,-74.9,1.51));
#3431 = DIRECTION('',(-0.,0.,-1.));
#3432 = DIRECTION('',(-0.,-1.,0.));
#3433 = FACE_BOUND('',#3434,.T.);
#3434 = EDGE_LOOP('',(#3435));
#3435 = ORIENTED_EDGE('',*,*,#3436,.T.);
#3436 = EDGE_CURVE('',#3437,#3437,#3439,.T.);
#3437 = VERTEX_POINT('',#3438);
#3438 = CARTESIAN_POINT('',(70.7,-72.86,1.51));
#3439 = CIRCLE('',#3440,0.5);
#3440 = AXIS2_PLACEMENT_3D('',#3441,#3442,#3443);
#3441 = CARTESIAN_POINT('',(70.7,-72.36,1.51));
#3442 = DIRECTION('',(-0.,0.,-1.));
#3443 = DIRECTION('',(-0.,-1.,0.));
#3444 = FACE_BOUND('',#3445,.T.);
#3445 = EDGE_LOOP('',(#3446));
#3446 = ORIENTED_EDGE('',*,*,#3447,.T.);
#3447 = EDGE_CURVE('',#3448,#3448,#3450,.T.);
#3448 = VERTEX_POINT('',#3449);
#3449 = CARTESIAN_POINT('',(86.7,-80.48,1.51));
#3450 = CIRCLE('',#3451,0.5);
#3451 = AXIS2_PLACEMENT_3D('',#3452,#3453,#3454);
#3452 = CARTESIAN_POINT('',(86.7,-79.98,1.51));
#3453 = DIRECTION('',(-0.,0.,-1.));
#3454 = DIRECTION('',(-0.,-1.,0.));
#3455 = FACE_BOUND('',#3456,.T.);
#3456 = EDGE_LOOP('',(#3457));
#3457 = ORIENTED_EDGE('',*,*,#3458,.T.);
#3458 = EDGE_CURVE('',#3459,#3459,#3461,.T.);
#3459 = VERTEX_POINT('',#3460);
#3460 = CARTESIAN_POINT('',(86.7,-77.94,1.51));
#3461 = CIRCLE('',#3462,0.5);
#3462 = AXIS2_PLACEMENT_3D('',#3463,#3464,#3465);
#3463 = CARTESIAN_POINT('',(86.7,-77.44,1.51));
#3464 = DIRECTION('',(-0.,0.,-1.));
#3465 = DIRECTION('',(-0.,-1.,0.));
#3466 = FACE_BOUND('',#3467,.T.);
#3467 = EDGE_LOOP('',(#3468));
#3468 = ORIENTED_EDGE('',*,*,#3469,.T.);
#3469 = EDGE_CURVE('',#3470,#3470,#3472,.T.);
#3470 = VERTEX_POINT('',#3471);
#3471 = CARTESIAN_POINT('',(86.7,-75.4,1.51));
#3472 = CIRCLE('',#3473,0.5);
#3473 = AXIS2_PLACEMENT_3D('',#3474,#3475,#3476);
#3474 = CARTESIAN_POINT('',(86.7,-74.9,1.51));
#3475 = DIRECTION('',(-0.,0.,-1.));
#3476 = DIRECTION('',(-0.,-1.,0.));
#3477 = FACE_BOUND('',#3478,.T.);
#3478 = EDGE_LOOP('',(#3479));
#3479 = ORIENTED_EDGE('',*,*,#3480,.T.);
#3480 = EDGE_CURVE('',#3481,#3481,#3483,.T.);
#3481 = VERTEX_POINT('',#3482);
#3482 = CARTESIAN_POINT('',(86.7,-72.86,1.51));
#3483 = CIRCLE('',#3484,0.5);
#3484 = AXIS2_PLACEMENT_3D('',#3485,#3486,#3487);
#3485 = CARTESIAN_POINT('',(86.7,-72.36,1.51));
#3486 = DIRECTION('',(-0.,0.,-1.));
#3487 = DIRECTION('',(-0.,-1.,0.));
#3488 = FACE_BOUND('',#3489,.T.);
#3489 = EDGE_LOOP('',(#3490));
#3490 = ORIENTED_EDGE('',*,*,#3491,.T.);
#3491 = EDGE_CURVE('',#3492,#3492,#3494,.T.);
#3492 = VERTEX_POINT('',#3493);
#3493 = CARTESIAN_POINT('',(70.7,-70.32,1.51));
#3494 = CIRCLE('',#3495,0.5);
#3495 = AXIS2_PLACEMENT_3D('',#3496,#3497,#3498);
#3496 = CARTESIAN_POINT('',(70.7,-69.82,1.51));
#3497 = DIRECTION('',(-0.,0.,-1.));
#3498 = DIRECTION('',(-0.,-1.,0.));
#3499 = FACE_BOUND('',#3500,.T.);
#3500 = EDGE_LOOP('',(#3501));
#3501 = ORIENTED_EDGE('',*,*,#3502,.T.);
#3502 = EDGE_CURVE('',#3503,#3503,#3505,.T.);
#3503 = VERTEX_POINT('',#3504);
#3504 = CARTESIAN_POINT('',(70.7,-67.78,1.51));
#3505 = CIRCLE('',#3506,0.5);
#3506 = AXIS2_PLACEMENT_3D('',#3507,#3508,#3509);
#3507 = CARTESIAN_POINT('',(70.7,-67.28,1.51));
#3508 = DIRECTION('',(-0.,0.,-1.));
#3509 = DIRECTION('',(-0.,-1.,0.));
#3510 = FACE_BOUND('',#3511,.T.);
#3511 = EDGE_LOOP('',(#3512));
#3512 = ORIENTED_EDGE('',*,*,#3513,.T.);
#3513 = EDGE_CURVE('',#3514,#3514,#3516,.T.);
#3514 = VERTEX_POINT('',#3515);
#3515 = CARTESIAN_POINT('',(70.7,-65.24,1.51));
#3516 = CIRCLE('',#3517,0.5);
#3517 = AXIS2_PLACEMENT_3D('',#3518,#3519,#3520);
#3518 = CARTESIAN_POINT('',(70.7,-64.74,1.51));
#3519 = DIRECTION('',(-0.,0.,-1.));
#3520 = DIRECTION('',(-0.,-1.,0.));
#3521 = FACE_BOUND('',#3522,.T.);
#3522 = EDGE_LOOP('',(#3523));
#3523 = ORIENTED_EDGE('',*,*,#3524,.T.);
#3524 = EDGE_CURVE('',#3525,#3525,#3527,.T.);
#3525 = VERTEX_POINT('',#3526);
#3526 = CARTESIAN_POINT('',(86.7,-70.32,1.51));
#3527 = CIRCLE('',#3528,0.5);
#3528 = AXIS2_PLACEMENT_3D('',#3529,#3530,#3531);
#3529 = CARTESIAN_POINT('',(86.7,-69.82,1.51));
#3530 = DIRECTION('',(-0.,0.,-1.));
#3531 = DIRECTION('',(-0.,-1.,0.));
#3532 = FACE_BOUND('',#3533,.T.);
#3533 = EDGE_LOOP('',(#3534));
#3534 = ORIENTED_EDGE('',*,*,#3535,.T.);
#3535 = EDGE_CURVE('',#3536,#3536,#3538,.T.);
#3536 = VERTEX_POINT('',#3537);
#3537 = CARTESIAN_POINT('',(86.7,-67.78,1.51));
#3538 = CIRCLE('',#3539,0.5);
#3539 = AXIS2_PLACEMENT_3D('',#3540,#3541,#3542);
#3540 = CARTESIAN_POINT('',(86.7,-67.28,1.51));
#3541 = DIRECTION('',(-0.,0.,-1.));
#3542 = DIRECTION('',(-0.,-1.,0.));
#3543 = FACE_BOUND('',#3544,.T.);
#3544 = EDGE_LOOP('',(#3545));
#3545 = ORIENTED_EDGE('',*,*,#3546,.T.);
#3546 = EDGE_CURVE('',#3547,#3547,#3549,.T.);
#3547 = VERTEX_POINT('',#3548);
#3548 = CARTESIAN_POINT('',(86.7,-65.24,1.51));
#3549 = CIRCLE('',#3550,0.5);
#3550 = AXIS2_PLACEMENT_3D('',#3551,#3552,#3553);
#3551 = CARTESIAN_POINT('',(86.7,-64.74,1.51));
#3552 = DIRECTION('',(-0.,0.,-1.));
#3553 = DIRECTION('',(-0.,-1.,0.));
#3554 = FACE_BOUND('',#3555,.T.);
#3555 = EDGE_LOOP('',(#3556));
#3556 = ORIENTED_EDGE('',*,*,#3557,.T.);
#3557 = EDGE_CURVE('',#3558,#3558,#3560,.T.);
#3558 = VERTEX_POINT('',#3559);
#3559 = CARTESIAN_POINT('',(97.46,-80.01,1.51));
#3560 = CIRCLE('',#3561,0.4);
#3561 = AXIS2_PLACEMENT_3D('',#3562,#3563,#3564);
#3562 = CARTESIAN_POINT('',(97.46,-79.61,1.51));
#3563 = DIRECTION('',(-0.,0.,-1.));
#3564 = DIRECTION('',(-3.552713678801E-14,-1.,0.));
#3565 = FACE_BOUND('',#3566,.T.);
#3566 = EDGE_LOOP('',(#3567));
#3567 = ORIENTED_EDGE('',*,*,#3568,.T.);
#3568 = EDGE_CURVE('',#3569,#3569,#3571,.T.);
#3569 = VERTEX_POINT('',#3570);
#3570 = CARTESIAN_POINT('',(102.37,-75.2,1.51));
#3571 = CIRCLE('',#3572,0.4);
#3572 = AXIS2_PLACEMENT_3D('',#3573,#3574,#3575);
#3573 = CARTESIAN_POINT('',(102.37,-74.8,1.51));
#3574 = DIRECTION('',(-0.,0.,-1.));
#3575 = DIRECTION('',(-0.,-1.,0.));
#3576 = FACE_BOUND('',#3577,.T.);
#3577 = EDGE_LOOP('',(#3578));
#3578 = ORIENTED_EDGE('',*,*,#3579,.T.);
#3579 = EDGE_CURVE('',#3580,#3580,#3582,.T.);
#3580 = VERTEX_POINT('',#3581);
#3581 = CARTESIAN_POINT('',(105.87,-75.2,1.51));
#3582 = CIRCLE('',#3583,0.4);
#3583 = AXIS2_PLACEMENT_3D('',#3584,#3585,#3586);
#3584 = CARTESIAN_POINT('',(105.87,-74.8,1.51));
#3585 = DIRECTION('',(-0.,0.,-1.));
#3586 = DIRECTION('',(-0.,-1.,0.));
#3587 = FACE_BOUND('',#3588,.T.);
#3588 = EDGE_LOOP('',(#3589));
#3589 = ORIENTED_EDGE('',*,*,#3590,.T.);
#3590 = EDGE_CURVE('',#3591,#3591,#3593,.T.);
#3591 = VERTEX_POINT('',#3592);
#3592 = CARTESIAN_POINT('',(110.16,-80.01,1.51));
#3593 = CIRCLE('',#3594,0.4);
#3594 = AXIS2_PLACEMENT_3D('',#3595,#3596,#3597);
#3595 = CARTESIAN_POINT('',(110.16,-79.61,1.51));
#3596 = DIRECTION('',(-0.,0.,-1.));
#3597 = DIRECTION('',(-0.,-1.,0.));
#3598 = FACE_BOUND('',#3599,.T.);
#3599 = EDGE_LOOP('',(#3600));
#3600 = ORIENTED_EDGE('',*,*,#3601,.T.);
#3601 = EDGE_CURVE('',#3602,#3602,#3604,.T.);
#3602 = VERTEX_POINT('',#3603);
#3603 = CARTESIAN_POINT('',(115.26,-79.91,1.51));
#3604 = CIRCLE('',#3605,0.4);
#3605 = AXIS2_PLACEMENT_3D('',#3606,#3607,#3608);
#3606 = CARTESIAN_POINT('',(115.26,-79.51,1.51));
#3607 = DIRECTION('',(-0.,0.,-1.));
#3608 = DIRECTION('',(3.5527136788E-14,-1.,-0.));
#3609 = FACE_BOUND('',#3610,.T.);
#3610 = EDGE_LOOP('',(#3611));
#3611 = ORIENTED_EDGE('',*,*,#3612,.T.);
#3612 = EDGE_CURVE('',#3613,#3613,#3615,.T.);
#3613 = VERTEX_POINT('',#3614);
#3614 = CARTESIAN_POINT('',(120.1,-74.8,1.51));
#3615 = CIRCLE('',#3616,0.4);
#3616 = AXIS2_PLACEMENT_3D('',#3617,#3618,#3619);
#3617 = CARTESIAN_POINT('',(120.1,-74.4,1.51));
#3618 = DIRECTION('',(-0.,0.,-1.));
#3619 = DIRECTION('',(-0.,-1.,0.));
#3620 = FACE_BOUND('',#3621,.T.);
#3621 = EDGE_LOOP('',(#3622));
#3622 = ORIENTED_EDGE('',*,*,#3623,.T.);
#3623 = EDGE_CURVE('',#3624,#3624,#3626,.T.);
#3624 = VERTEX_POINT('',#3625);
#3625 = CARTESIAN_POINT('',(97.4,-68.92,1.51));
#3626 = CIRCLE('',#3627,0.4);
#3627 = AXIS2_PLACEMENT_3D('',#3628,#3629,#3630);
#3628 = CARTESIAN_POINT('',(97.4,-68.52,1.51));
#3629 = DIRECTION('',(-0.,0.,-1.));
#3630 = DIRECTION('',(-0.,-1.,0.));
#3631 = FACE_BOUND('',#3632,.T.);
#3632 = EDGE_LOOP('',(#3633));
#3633 = ORIENTED_EDGE('',*,*,#3634,.T.);
#3634 = EDGE_CURVE('',#3635,#3635,#3637,.T.);
#3635 = VERTEX_POINT('',#3636);
#3636 = CARTESIAN_POINT('',(97.4,-66.38,1.51));
#3637 = CIRCLE('',#3638,0.4);
#3638 = AXIS2_PLACEMENT_3D('',#3639,#3640,#3641);
#3639 = CARTESIAN_POINT('',(97.4,-65.98,1.51));
#3640 = DIRECTION('',(-0.,0.,-1.));
#3641 = DIRECTION('',(-0.,-1.,0.));
#3642 = FACE_BOUND('',#3643,.T.);
#3643 = EDGE_LOOP('',(#3644));
#3644 = ORIENTED_EDGE('',*,*,#3645,.T.);
#3645 = EDGE_CURVE('',#3646,#3646,#3648,.T.);
#3646 = VERTEX_POINT('',#3647);
#3647 = CARTESIAN_POINT('',(97.4,-63.84,1.51));
#3648 = CIRCLE('',#3649,0.4);
#3649 = AXIS2_PLACEMENT_3D('',#3650,#3651,#3652);
#3650 = CARTESIAN_POINT('',(97.4,-63.44,1.51));
#3651 = DIRECTION('',(-0.,0.,-1.));
#3652 = DIRECTION('',(-0.,-1.,0.));
#3653 = FACE_BOUND('',#3654,.T.);
#3654 = EDGE_LOOP('',(#3655));
#3655 = ORIENTED_EDGE('',*,*,#3656,.T.);
#3656 = EDGE_CURVE('',#3657,#3657,#3659,.T.);
#3657 = VERTEX_POINT('',#3658);
#3658 = CARTESIAN_POINT('',(110.1,-68.92,1.51));
#3659 = CIRCLE('',#3660,0.4);
#3660 = AXIS2_PLACEMENT_3D('',#3661,#3662,#3663);
#3661 = CARTESIAN_POINT('',(110.1,-68.52,1.51));
#3662 = DIRECTION('',(-0.,0.,-1.));
#3663 = DIRECTION('',(-0.,-1.,0.));
#3664 = FACE_BOUND('',#3665,.T.);
#3665 = EDGE_LOOP('',(#3666));
#3666 = ORIENTED_EDGE('',*,*,#3667,.T.);
#3667 = EDGE_CURVE('',#3668,#3668,#3670,.T.);
#3668 = VERTEX_POINT('',#3669);
#3669 = CARTESIAN_POINT('',(115.74,-68.92,1.51));
#3670 = CIRCLE('',#3671,0.4);
#3671 = AXIS2_PLACEMENT_3D('',#3672,#3673,#3674);
#3672 = CARTESIAN_POINT('',(115.74,-68.52,1.51));
#3673 = DIRECTION('',(-0.,0.,-1.));
#3674 = DIRECTION('',(-3.552713678801E-14,-1.,0.));
#3675 = FACE_BOUND('',#3676,.T.);
#3676 = EDGE_LOOP('',(#3677));
#3677 = ORIENTED_EDGE('',*,*,#3678,.T.);
#3678 = EDGE_CURVE('',#3679,#3679,#3681,.T.);
#3679 = VERTEX_POINT('',#3680);
#3680 = CARTESIAN_POINT('',(110.1,-66.38,1.51));
#3681 = CIRCLE('',#3682,0.4);
#3682 = AXIS2_PLACEMENT_3D('',#3683,#3684,#3685);
#3683 = CARTESIAN_POINT('',(110.1,-65.98,1.51));
#3684 = DIRECTION('',(-0.,0.,-1.));
#3685 = DIRECTION('',(-0.,-1.,0.));
#3686 = FACE_BOUND('',#3687,.T.);
#3687 = EDGE_LOOP('',(#3688));
#3688 = ORIENTED_EDGE('',*,*,#3689,.T.);
#3689 = EDGE_CURVE('',#3690,#3690,#3692,.T.);
#3690 = VERTEX_POINT('',#3691);
#3691 = CARTESIAN_POINT('',(110.1,-63.84,1.51));
#3692 = CIRCLE('',#3693,0.4);
#3693 = AXIS2_PLACEMENT_3D('',#3694,#3695,#3696);
#3694 = CARTESIAN_POINT('',(110.1,-63.44,1.51));
#3695 = DIRECTION('',(-0.,0.,-1.));
#3696 = DIRECTION('',(-0.,-1.,0.));
#3697 = FACE_BOUND('',#3698,.T.);
#3698 = EDGE_LOOP('',(#3699));
#3699 = ORIENTED_EDGE('',*,*,#3700,.T.);
#3700 = EDGE_CURVE('',#3701,#3701,#3703,.T.);
#3701 = VERTEX_POINT('',#3702);
#3702 = CARTESIAN_POINT('',(115.74,-66.38,1.51));
#3703 = CIRCLE('',#3704,0.4);
#3704 = AXIS2_PLACEMENT_3D('',#3705,#3706,#3707);
#3705 = CARTESIAN_POINT('',(115.74,-65.98,1.51));
#3706 = DIRECTION('',(-0.,0.,-1.));
#3707 = DIRECTION('',(-3.552713678801E-14,-1.,0.));
#3708 = FACE_BOUND('',#3709,.T.);
#3709 = EDGE_LOOP('',(#3710));
#3710 = ORIENTED_EDGE('',*,*,#3711,.T.);
#3711 = EDGE_CURVE('',#3712,#3712,#3714,.T.);
#3712 = VERTEX_POINT('',#3713);
#3713 = CARTESIAN_POINT('',(115.74,-63.84,1.51));
#3714 = CIRCLE('',#3715,0.4);
#3715 = AXIS2_PLACEMENT_3D('',#3716,#3717,#3718);
#3716 = CARTESIAN_POINT('',(115.74,-63.44,1.51));
#3717 = DIRECTION('',(-0.,0.,-1.));
#3718 = DIRECTION('',(-3.552713678801E-14,-1.,0.));
#3719 = FACE_BOUND('',#3720,.T.);
#3720 = EDGE_LOOP('',(#3721));
#3721 = ORIENTED_EDGE('',*,*,#3722,.T.);
#3722 = EDGE_CURVE('',#3723,#3723,#3725,.T.);
#3723 = VERTEX_POINT('',#3724);
#3724 = CARTESIAN_POINT('',(70.7,-62.7,1.51));
#3725 = CIRCLE('',#3726,0.5);
#3726 = AXIS2_PLACEMENT_3D('',#3727,#3728,#3729);
#3727 = CARTESIAN_POINT('',(70.7,-62.2,1.51));
#3728 = DIRECTION('',(-0.,0.,-1.));
#3729 = DIRECTION('',(-0.,-1.,0.));
#3730 = FACE_BOUND('',#3731,.T.);
#3731 = EDGE_LOOP('',(#3732));
#3732 = ORIENTED_EDGE('',*,*,#3733,.T.);
#3733 = EDGE_CURVE('',#3734,#3734,#3736,.T.);
#3734 = VERTEX_POINT('',#3735);
#3735 = CARTESIAN_POINT('',(70.7,-60.16,1.51));
#3736 = CIRCLE('',#3737,0.5);
#3737 = AXIS2_PLACEMENT_3D('',#3738,#3739,#3740);
#3738 = CARTESIAN_POINT('',(70.7,-59.66,1.51));
#3739 = DIRECTION('',(-0.,0.,-1.));
#3740 = DIRECTION('',(-0.,-1.,0.));
#3741 = FACE_BOUND('',#3742,.T.);
#3742 = EDGE_LOOP('',(#3743));
#3743 = ORIENTED_EDGE('',*,*,#3744,.T.);
#3744 = EDGE_CURVE('',#3745,#3745,#3747,.T.);
#3745 = VERTEX_POINT('',#3746);
#3746 = CARTESIAN_POINT('',(70.7,-57.62,1.51));
#3747 = CIRCLE('',#3748,0.5);
#3748 = AXIS2_PLACEMENT_3D('',#3749,#3750,#3751);
#3749 = CARTESIAN_POINT('',(70.7,-57.12,1.51));
#3750 = DIRECTION('',(-0.,0.,-1.));
#3751 = DIRECTION('',(-0.,-1.,0.));
#3752 = FACE_BOUND('',#3753,.T.);
#3753 = EDGE_LOOP('',(#3754));
#3754 = ORIENTED_EDGE('',*,*,#3755,.T.);
#3755 = EDGE_CURVE('',#3756,#3756,#3758,.T.);
#3756 = VERTEX_POINT('',#3757);
#3757 = CARTESIAN_POINT('',(86.7,-62.7,1.51));
#3758 = CIRCLE('',#3759,0.5);
#3759 = AXIS2_PLACEMENT_3D('',#3760,#3761,#3762);
#3760 = CARTESIAN_POINT('',(86.7,-62.2,1.51));
#3761 = DIRECTION('',(-0.,0.,-1.));
#3762 = DIRECTION('',(-0.,-1.,0.));
#3763 = FACE_BOUND('',#3764,.T.);
#3764 = EDGE_LOOP('',(#3765));
#3765 = ORIENTED_EDGE('',*,*,#3766,.T.);
#3766 = EDGE_CURVE('',#3767,#3767,#3769,.T.);
#3767 = VERTEX_POINT('',#3768);
#3768 = CARTESIAN_POINT('',(86.7,-60.16,1.51));
#3769 = CIRCLE('',#3770,0.5);
#3770 = AXIS2_PLACEMENT_3D('',#3771,#3772,#3773);
#3771 = CARTESIAN_POINT('',(86.7,-59.66,1.51));
#3772 = DIRECTION('',(-0.,0.,-1.));
#3773 = DIRECTION('',(-0.,-1.,0.));
#3774 = FACE_BOUND('',#3775,.T.);
#3775 = EDGE_LOOP('',(#3776));
#3776 = ORIENTED_EDGE('',*,*,#3777,.T.);
#3777 = EDGE_CURVE('',#3778,#3778,#3780,.T.);
#3778 = VERTEX_POINT('',#3779);
#3779 = CARTESIAN_POINT('',(86.7,-57.62,1.51));
#3780 = CIRCLE('',#3781,0.5);
#3781 = AXIS2_PLACEMENT_3D('',#3782,#3783,#3784);
#3782 = CARTESIAN_POINT('',(86.7,-57.12,1.51));
#3783 = DIRECTION('',(-0.,0.,-1.));
#3784 = DIRECTION('',(-0.,-1.,0.));
#3785 = FACE_BOUND('',#3786,.T.);
#3786 = EDGE_LOOP('',(#3787));
#3787 = ORIENTED_EDGE('',*,*,#3788,.F.);
#3788 = EDGE_CURVE('',#3789,#3789,#3791,.T.);
#3789 = VERTEX_POINT('',#3790);
#3790 = CARTESIAN_POINT('',(68.164911,-47.4,1.51));
#3791 = CIRCLE('',#3792,1.264911);
#3792 = AXIS2_PLACEMENT_3D('',#3793,#3794,#3795);
#3793 = CARTESIAN_POINT('',(66.9,-47.4,1.51));
#3794 = DIRECTION('',(0.,0.,1.));
#3795 = DIRECTION('',(1.,0.,-0.));
#3796 = FACE_BOUND('',#3797,.T.);
#3797 = EDGE_LOOP('',(#3798));
#3798 = ORIENTED_EDGE('',*,*,#3799,.T.);
#3799 = EDGE_CURVE('',#3800,#3800,#3802,.T.);
#3800 = VERTEX_POINT('',#3801);
#3801 = CARTESIAN_POINT('',(97.4,-61.3,1.51));
#3802 = CIRCLE('',#3803,0.4);
#3803 = AXIS2_PLACEMENT_3D('',#3804,#3805,#3806);
#3804 = CARTESIAN_POINT('',(97.4,-60.9,1.51));
#3805 = DIRECTION('',(-0.,0.,-1.));
#3806 = DIRECTION('',(-0.,-1.,0.));
#3807 = FACE_BOUND('',#3808,.T.);
#3808 = EDGE_LOOP('',(#3809));
#3809 = ORIENTED_EDGE('',*,*,#3810,.T.);
#3810 = EDGE_CURVE('',#3811,#3811,#3813,.T.);
#3811 = VERTEX_POINT('',#3812);
#3812 = CARTESIAN_POINT('',(97.4,-58.76,1.51));
#3813 = CIRCLE('',#3814,0.4);
#3814 = AXIS2_PLACEMENT_3D('',#3815,#3816,#3817);
#3815 = CARTESIAN_POINT('',(97.4,-58.36,1.51));
#3816 = DIRECTION('',(-0.,0.,-1.));
#3817 = DIRECTION('',(-0.,-1.,0.));
#3818 = FACE_BOUND('',#3819,.T.);
#3819 = EDGE_LOOP('',(#3820));
#3820 = ORIENTED_EDGE('',*,*,#3821,.T.);
#3821 = EDGE_CURVE('',#3822,#3822,#3824,.T.);
#3822 = VERTEX_POINT('',#3823);
#3823 = CARTESIAN_POINT('',(97.4,-56.22,1.51));
#3824 = CIRCLE('',#3825,0.4);
#3825 = AXIS2_PLACEMENT_3D('',#3826,#3827,#3828);
#3826 = CARTESIAN_POINT('',(97.4,-55.82,1.51));
#3827 = DIRECTION('',(-0.,0.,-1.));
#3828 = DIRECTION('',(-0.,-1.,0.));
#3829 = FACE_BOUND('',#3830,.T.);
#3830 = EDGE_LOOP('',(#3831));
#3831 = ORIENTED_EDGE('',*,*,#3832,.T.);
#3832 = EDGE_CURVE('',#3833,#3833,#3835,.T.);
#3833 = VERTEX_POINT('',#3834);
#3834 = CARTESIAN_POINT('',(110.1,-61.3,1.51));
#3835 = CIRCLE('',#3836,0.4);
#3836 = AXIS2_PLACEMENT_3D('',#3837,#3838,#3839);
#3837 = CARTESIAN_POINT('',(110.1,-60.9,1.51));
#3838 = DIRECTION('',(-0.,0.,-1.));
#3839 = DIRECTION('',(-0.,-1.,0.));
#3840 = FACE_BOUND('',#3841,.T.);
#3841 = EDGE_LOOP('',(#3842));
#3842 = ORIENTED_EDGE('',*,*,#3843,.T.);
#3843 = EDGE_CURVE('',#3844,#3844,#3846,.T.);
#3844 = VERTEX_POINT('',#3845);
#3845 = CARTESIAN_POINT('',(110.1,-58.76,1.51));
#3846 = CIRCLE('',#3847,0.4);
#3847 = AXIS2_PLACEMENT_3D('',#3848,#3849,#3850);
#3848 = CARTESIAN_POINT('',(110.1,-58.36,1.51));
#3849 = DIRECTION('',(-0.,0.,-1.));
#3850 = DIRECTION('',(-0.,-1.,0.));
#3851 = FACE_BOUND('',#3852,.T.);
#3852 = EDGE_LOOP('',(#3853));
#3853 = ORIENTED_EDGE('',*,*,#3854,.T.);
#3854 = EDGE_CURVE('',#3855,#3855,#3857,.T.);
#3855 = VERTEX_POINT('',#3856);
#3856 = CARTESIAN_POINT('',(115.74,-61.3,1.51));
#3857 = CIRCLE('',#3858,0.4);
#3858 = AXIS2_PLACEMENT_3D('',#3859,#3860,#3861);
#3859 = CARTESIAN_POINT('',(115.74,-60.9,1.51));
#3860 = DIRECTION('',(-0.,0.,-1.));
#3861 = DIRECTION('',(-3.552713678801E-14,-1.,0.));
#3862 = FACE_BOUND('',#3863,.T.);
#3863 = EDGE_LOOP('',(#3864));
#3864 = ORIENTED_EDGE('',*,*,#3865,.T.);
#3865 = EDGE_CURVE('',#3866,#3866,#3868,.T.);
#3866 = VERTEX_POINT('',#3867);
#3867 = CARTESIAN_POINT('',(115.74,-58.76,1.51));
#3868 = CIRCLE('',#3869,0.4);
#3869 = AXIS2_PLACEMENT_3D('',#3870,#3871,#3872);
#3870 = CARTESIAN_POINT('',(115.74,-58.36,1.51));
#3871 = DIRECTION('',(-0.,0.,-1.));
#3872 = DIRECTION('',(-3.552713678801E-14,-1.,0.));
#3873 = FACE_BOUND('',#3874,.T.);
#3874 = EDGE_LOOP('',(#3875));
#3875 = ORIENTED_EDGE('',*,*,#3876,.T.);
#3876 = EDGE_CURVE('',#3877,#3877,#3879,.T.);
#3877 = VERTEX_POINT('',#3878);
#3878 = CARTESIAN_POINT('',(110.1,-56.22,1.51));
#3879 = CIRCLE('',#3880,0.4);
#3880 = AXIS2_PLACEMENT_3D('',#3881,#3882,#3883);
#3881 = CARTESIAN_POINT('',(110.1,-55.82,1.51));
#3882 = DIRECTION('',(-0.,0.,-1.));
#3883 = DIRECTION('',(-0.,-1.,0.));
#3884 = FACE_BOUND('',#3885,.T.);
#3885 = EDGE_LOOP('',(#3886));
#3886 = ORIENTED_EDGE('',*,*,#3887,.T.);
#3887 = EDGE_CURVE('',#3888,#3888,#3890,.T.);
#3888 = VERTEX_POINT('',#3889);
#3889 = CARTESIAN_POINT('',(115.74,-56.22,1.51));
#3890 = CIRCLE('',#3891,0.4);
#3891 = AXIS2_PLACEMENT_3D('',#3892,#3893,#3894);
#3892 = CARTESIAN_POINT('',(115.74,-55.82,1.51));
#3893 = DIRECTION('',(-0.,0.,-1.));
#3894 = DIRECTION('',(-3.552713678801E-14,-1.,0.));
#3895 = FACE_BOUND('',#3896,.T.);
#3896 = EDGE_LOOP('',(#3897));
#3897 = ORIENTED_EDGE('',*,*,#3898,.T.);
#3898 = EDGE_CURVE('',#3899,#3899,#3901,.T.);
#3899 = VERTEX_POINT('',#3900);
#3900 = CARTESIAN_POINT('',(97.4,-53.68,1.51));
#3901 = CIRCLE('',#3902,0.4);
#3902 = AXIS2_PLACEMENT_3D('',#3903,#3904,#3905);
#3903 = CARTESIAN_POINT('',(97.4,-53.28,1.51));
#3904 = DIRECTION('',(-0.,0.,-1.));
#3905 = DIRECTION('',(-0.,-1.,0.));
#3906 = FACE_BOUND('',#3907,.T.);
#3907 = EDGE_LOOP('',(#3908));
#3908 = ORIENTED_EDGE('',*,*,#3909,.T.);
#3909 = EDGE_CURVE('',#3910,#3910,#3912,.T.);
#3910 = VERTEX_POINT('',#3911);
#3911 = CARTESIAN_POINT('',(97.4,-51.14,1.51));
#3912 = CIRCLE('',#3913,0.4);
#3913 = AXIS2_PLACEMENT_3D('',#3914,#3915,#3916);
#3914 = CARTESIAN_POINT('',(97.4,-50.74,1.51));
#3915 = DIRECTION('',(-0.,0.,-1.));
#3916 = DIRECTION('',(-0.,-1.,0.));
#3917 = FACE_BOUND('',#3918,.T.);
#3918 = EDGE_LOOP('',(#3919));
#3919 = ORIENTED_EDGE('',*,*,#3920,.T.);
#3920 = EDGE_CURVE('',#3921,#3921,#3923,.T.);
#3921 = VERTEX_POINT('',#3922);
#3922 = CARTESIAN_POINT('',(110.1,-53.68,1.51));
#3923 = CIRCLE('',#3924,0.4);
#3924 = AXIS2_PLACEMENT_3D('',#3925,#3926,#3927);
#3925 = CARTESIAN_POINT('',(110.1,-53.28,1.51));
#3926 = DIRECTION('',(-0.,0.,-1.));
#3927 = DIRECTION('',(-0.,-1.,0.));
#3928 = FACE_BOUND('',#3929,.T.);
#3929 = EDGE_LOOP('',(#3930));
#3930 = ORIENTED_EDGE('',*,*,#3931,.T.);
#3931 = EDGE_CURVE('',#3932,#3932,#3934,.T.);
#3932 = VERTEX_POINT('',#3933);
#3933 = CARTESIAN_POINT('',(110.1,-51.14,1.51));
#3934 = CIRCLE('',#3935,0.4);
#3935 = AXIS2_PLACEMENT_3D('',#3936,#3937,#3938);
#3936 = CARTESIAN_POINT('',(110.1,-50.74,1.51));
#3937 = DIRECTION('',(-0.,0.,-1.));
#3938 = DIRECTION('',(-0.,-1.,0.));
#3939 = FACE_BOUND('',#3940,.T.);
#3940 = EDGE_LOOP('',(#3941));
#3941 = ORIENTED_EDGE('',*,*,#3942,.T.);
#3942 = EDGE_CURVE('',#3943,#3943,#3945,.T.);
#3943 = VERTEX_POINT('',#3944);
#3944 = CARTESIAN_POINT('',(115.74,-53.68,1.51));
#3945 = CIRCLE('',#3946,0.4);
#3946 = AXIS2_PLACEMENT_3D('',#3947,#3948,#3949);
#3947 = CARTESIAN_POINT('',(115.74,-53.28,1.51));
#3948 = DIRECTION('',(-0.,0.,-1.));
#3949 = DIRECTION('',(-3.552713678801E-14,-1.,0.));
#3950 = FACE_BOUND('',#3951,.T.);
#3951 = EDGE_LOOP('',(#3952));
#3952 = ORIENTED_EDGE('',*,*,#3953,.T.);
#3953 = EDGE_CURVE('',#3954,#3954,#3956,.T.);
#3954 = VERTEX_POINT('',#3955);
#3955 = CARTESIAN_POINT('',(115.74,-51.14,1.51));
#3956 = CIRCLE('',#3957,0.4);
#3957 = AXIS2_PLACEMENT_3D('',#3958,#3959,#3960);
#3958 = CARTESIAN_POINT('',(115.74,-50.74,1.51));
#3959 = DIRECTION('',(-0.,0.,-1.));
#3960 = DIRECTION('',(-3.552713678801E-14,-1.,0.));
#3961 = FACE_BOUND('',#3962,.T.);
#3962 = EDGE_LOOP('',(#3963));
#3963 = ORIENTED_EDGE('',*,*,#3964,.T.);
#3964 = EDGE_CURVE('',#3965,#3965,#3967,.T.);
#3965 = VERTEX_POINT('',#3966);
#3966 = CARTESIAN_POINT('',(127.96,-79.91,1.51));
#3967 = CIRCLE('',#3968,0.4);
#3968 = AXIS2_PLACEMENT_3D('',#3969,#3970,#3971);
#3969 = CARTESIAN_POINT('',(127.96,-79.51,1.51));
#3970 = DIRECTION('',(-0.,0.,-1.));
#3971 = DIRECTION('',(-3.552713678801E-14,-1.,0.));
#3972 = FACE_BOUND('',#3973,.T.);
#3973 = EDGE_LOOP('',(#3974));
#3974 = ORIENTED_EDGE('',*,*,#3975,.T.);
#3975 = EDGE_CURVE('',#3976,#3976,#3978,.T.);
#3976 = VERTEX_POINT('',#3977);
#3977 = CARTESIAN_POINT('',(133.46,-80.01,1.51));
#3978 = CIRCLE('',#3979,0.4);
#3979 = AXIS2_PLACEMENT_3D('',#3980,#3981,#3982);
#3980 = CARTESIAN_POINT('',(133.46,-79.61,1.51));
#3981 = DIRECTION('',(-0.,0.,-1.));
#3982 = DIRECTION('',(-0.,-1.,0.));
#3983 = FACE_BOUND('',#3984,.T.);
#3984 = EDGE_LOOP('',(#3985));
#3985 = ORIENTED_EDGE('',*,*,#3986,.T.);
#3986 = EDGE_CURVE('',#3987,#3987,#3989,.T.);
#3987 = VERTEX_POINT('',#3988);
#3988 = CARTESIAN_POINT('',(123.6,-74.8,1.51));
#3989 = CIRCLE('',#3990,0.4);
#3990 = AXIS2_PLACEMENT_3D('',#3991,#3992,#3993);
#3991 = CARTESIAN_POINT('',(123.6,-74.4,1.51));
#3992 = DIRECTION('',(-0.,0.,-1.));
#3993 = DIRECTION('',(-0.,-1.,0.));
#3994 = FACE_BOUND('',#3995,.T.);
#3995 = EDGE_LOOP('',(#3996));
#3996 = ORIENTED_EDGE('',*,*,#3997,.T.);
#3997 = EDGE_CURVE('',#3998,#3998,#4000,.T.);
#3998 = VERTEX_POINT('',#3999);
#3999 = CARTESIAN_POINT('',(146.16,-80.01,1.51));
#4000 = CIRCLE('',#4001,0.4);
#4001 = AXIS2_PLACEMENT_3D('',#4002,#4003,#4004);
#4002 = CARTESIAN_POINT('',(146.16,-79.61,1.51));
#4003 = DIRECTION('',(-0.,0.,-1.));
#4004 = DIRECTION('',(-0.,-1.,0.));
#4005 = FACE_BOUND('',#4006,.T.);
#4006 = EDGE_LOOP('',(#4007));
#4007 = ORIENTED_EDGE('',*,*,#4008,.T.);
#4008 = EDGE_CURVE('',#4009,#4009,#4011,.T.);
#4009 = VERTEX_POINT('',#4010);
#4010 = CARTESIAN_POINT('',(138.3,-75.,1.51));
#4011 = CIRCLE('',#4012,0.4);
#4012 = AXIS2_PLACEMENT_3D('',#4013,#4014,#4015);
#4013 = CARTESIAN_POINT('',(138.3,-74.6,1.51));
#4014 = DIRECTION('',(-0.,0.,-1.));
#4015 = DIRECTION('',(-0.,-1.,0.));
#4016 = FACE_BOUND('',#4017,.T.);
#4017 = EDGE_LOOP('',(#4018));
#4018 = ORIENTED_EDGE('',*,*,#4019,.T.);
#4019 = EDGE_CURVE('',#4020,#4020,#4022,.T.);
#4020 = VERTEX_POINT('',#4021);
#4021 = CARTESIAN_POINT('',(141.8,-75.,1.51));
#4022 = CIRCLE('',#4023,0.4);
#4023 = AXIS2_PLACEMENT_3D('',#4024,#4025,#4026);
#4024 = CARTESIAN_POINT('',(141.8,-74.6,1.51));
#4025 = DIRECTION('',(-0.,0.,-1.));
#4026 = DIRECTION('',(-0.,-1.,0.));
#4027 = FACE_BOUND('',#4028,.T.);
#4028 = EDGE_LOOP('',(#4029));
#4029 = ORIENTED_EDGE('',*,*,#4030,.T.);
#4030 = EDGE_CURVE('',#4031,#4031,#4033,.T.);
#4031 = VERTEX_POINT('',#4032);
#4032 = CARTESIAN_POINT('',(128.44,-68.92,1.51));
#4033 = CIRCLE('',#4034,0.4);
#4034 = AXIS2_PLACEMENT_3D('',#4035,#4036,#4037);
#4035 = CARTESIAN_POINT('',(128.44,-68.52,1.51));
#4036 = DIRECTION('',(-0.,0.,-1.));
#4037 = DIRECTION('',(-0.,-1.,0.));
#4038 = FACE_BOUND('',#4039,.T.);
#4039 = EDGE_LOOP('',(#4040));
#4040 = ORIENTED_EDGE('',*,*,#4041,.T.);
#4041 = EDGE_CURVE('',#4042,#4042,#4044,.T.);
#4042 = VERTEX_POINT('',#4043);
#4043 = CARTESIAN_POINT('',(133.43,-68.9,1.51));
#4044 = CIRCLE('',#4045,0.4);
#4045 = AXIS2_PLACEMENT_3D('',#4046,#4047,#4048);
#4046 = CARTESIAN_POINT('',(133.43,-68.5,1.51));
#4047 = DIRECTION('',(-0.,0.,-1.));
#4048 = DIRECTION('',(-0.,-1.,0.));
#4049 = FACE_BOUND('',#4050,.T.);
#4050 = EDGE_LOOP('',(#4051));
#4051 = ORIENTED_EDGE('',*,*,#4052,.T.);
#4052 = EDGE_CURVE('',#4053,#4053,#4055,.T.);
#4053 = VERTEX_POINT('',#4054);
#4054 = CARTESIAN_POINT('',(128.44,-66.38,1.51));
#4055 = CIRCLE('',#4056,0.4);
#4056 = AXIS2_PLACEMENT_3D('',#4057,#4058,#4059);
#4057 = CARTESIAN_POINT('',(128.44,-65.98,1.51));
#4058 = DIRECTION('',(-0.,0.,-1.));
#4059 = DIRECTION('',(-0.,-1.,0.));
#4060 = FACE_BOUND('',#4061,.T.);
#4061 = EDGE_LOOP('',(#4062));
#4062 = ORIENTED_EDGE('',*,*,#4063,.T.);
#4063 = EDGE_CURVE('',#4064,#4064,#4066,.T.);
#4064 = VERTEX_POINT('',#4065);
#4065 = CARTESIAN_POINT('',(133.43,-66.36,1.51));
#4066 = CIRCLE('',#4067,0.4);
#4067 = AXIS2_PLACEMENT_3D('',#4068,#4069,#4070);
#4068 = CARTESIAN_POINT('',(133.43,-65.96,1.51));
#4069 = DIRECTION('',(-0.,0.,-1.));
#4070 = DIRECTION('',(-0.,-1.,0.));
#4071 = FACE_BOUND('',#4072,.T.);
#4072 = EDGE_LOOP('',(#4073));
#4073 = ORIENTED_EDGE('',*,*,#4074,.T.);
#4074 = EDGE_CURVE('',#4075,#4075,#4077,.T.);
#4075 = VERTEX_POINT('',#4076);
#4076 = CARTESIAN_POINT('',(128.44,-63.84,1.51));
#4077 = CIRCLE('',#4078,0.4);
#4078 = AXIS2_PLACEMENT_3D('',#4079,#4080,#4081);
#4079 = CARTESIAN_POINT('',(128.44,-63.44,1.51));
#4080 = DIRECTION('',(-0.,0.,-1.));
#4081 = DIRECTION('',(-0.,-1.,0.));
#4082 = FACE_BOUND('',#4083,.T.);
#4083 = EDGE_LOOP('',(#4084));
#4084 = ORIENTED_EDGE('',*,*,#4085,.T.);
#4085 = EDGE_CURVE('',#4086,#4086,#4088,.T.);
#4086 = VERTEX_POINT('',#4087);
#4087 = CARTESIAN_POINT('',(133.43,-63.82,1.51));
#4088 = CIRCLE('',#4089,0.4);
#4089 = AXIS2_PLACEMENT_3D('',#4090,#4091,#4092);
#4090 = CARTESIAN_POINT('',(133.43,-63.42,1.51));
#4091 = DIRECTION('',(-0.,0.,-1.));
#4092 = DIRECTION('',(-0.,-1.,0.));
#4093 = FACE_BOUND('',#4094,.T.);
#4094 = EDGE_LOOP('',(#4095));
#4095 = ORIENTED_EDGE('',*,*,#4096,.T.);
#4096 = EDGE_CURVE('',#4097,#4097,#4099,.T.);
#4097 = VERTEX_POINT('',#4098);
#4098 = CARTESIAN_POINT('',(146.13,-68.9,1.51));
#4099 = CIRCLE('',#4100,0.4);
#4100 = AXIS2_PLACEMENT_3D('',#4101,#4102,#4103);
#4101 = CARTESIAN_POINT('',(146.13,-68.5,1.51));
#4102 = DIRECTION('',(-0.,0.,-1.));
#4103 = DIRECTION('',(-0.,-1.,0.));
#4104 = FACE_BOUND('',#4105,.T.);
#4105 = EDGE_LOOP('',(#4106));
#4106 = ORIENTED_EDGE('',*,*,#4107,.T.);
#4107 = EDGE_CURVE('',#4108,#4108,#4110,.T.);
#4108 = VERTEX_POINT('',#4109);
#4109 = CARTESIAN_POINT('',(146.13,-66.36,1.51));
#4110 = CIRCLE('',#4111,0.4);
#4111 = AXIS2_PLACEMENT_3D('',#4112,#4113,#4114);
#4112 = CARTESIAN_POINT('',(146.13,-65.96,1.51));
#4113 = DIRECTION('',(-0.,0.,-1.));
#4114 = DIRECTION('',(-0.,-1.,0.));
#4115 = FACE_BOUND('',#4116,.T.);
#4116 = EDGE_LOOP('',(#4117));
#4117 = ORIENTED_EDGE('',*,*,#4118,.T.);
#4118 = EDGE_CURVE('',#4119,#4119,#4121,.T.);
#4119 = VERTEX_POINT('',#4120);
#4120 = CARTESIAN_POINT('',(146.13,-63.82,1.51));
#4121 = CIRCLE('',#4122,0.4);
#4122 = AXIS2_PLACEMENT_3D('',#4123,#4124,#4125);
#4123 = CARTESIAN_POINT('',(146.13,-63.42,1.51));
#4124 = DIRECTION('',(-0.,0.,-1.));
#4125 = DIRECTION('',(-0.,-1.,0.));
#4126 = FACE_BOUND('',#4127,.T.);
#4127 = EDGE_LOOP('',(#4128));
#4128 = ORIENTED_EDGE('',*,*,#4129,.T.);
#4129 = EDGE_CURVE('',#4130,#4130,#4132,.T.);
#4130 = VERTEX_POINT('',#4131);
#4131 = CARTESIAN_POINT('',(162.8,-80.4,1.51));
#4132 = CIRCLE('',#4133,0.4);
#4133 = AXIS2_PLACEMENT_3D('',#4134,#4135,#4136);
#4134 = CARTESIAN_POINT('',(162.8,-80.,1.51));
#4135 = DIRECTION('',(-0.,0.,-1.));
#4136 = DIRECTION('',(-0.,-1.,0.));
#4137 = FACE_BOUND('',#4138,.T.);
#4138 = EDGE_LOOP('',(#4139));
#4139 = ORIENTED_EDGE('',*,*,#4140,.T.);
#4140 = EDGE_CURVE('',#4141,#4141,#4143,.T.);
#4141 = VERTEX_POINT('',#4142);
#4142 = CARTESIAN_POINT('',(164.8,-80.4,1.51));
#4143 = CIRCLE('',#4144,0.4);
#4144 = AXIS2_PLACEMENT_3D('',#4145,#4146,#4147);
#4145 = CARTESIAN_POINT('',(164.8,-80.,1.51));
#4146 = DIRECTION('',(-0.,0.,-1.));
#4147 = DIRECTION('',(-0.,-1.,0.));
#4148 = FACE_BOUND('',#4149,.T.);
#4149 = EDGE_LOOP('',(#4150));
#4150 = ORIENTED_EDGE('',*,*,#4151,.T.);
#4151 = EDGE_CURVE('',#4152,#4152,#4154,.T.);
#4152 = VERTEX_POINT('',#4153);
#4153 = CARTESIAN_POINT('',(166.8,-80.4,1.51));
#4154 = CIRCLE('',#4155,0.4);
#4155 = AXIS2_PLACEMENT_3D('',#4156,#4157,#4158);
#4156 = CARTESIAN_POINT('',(166.8,-80.,1.51));
#4157 = DIRECTION('',(-0.,0.,-1.));
#4158 = DIRECTION('',(-0.,-1.,0.));
#4159 = FACE_BOUND('',#4160,.T.);
#4160 = EDGE_LOOP('',(#4161));
#4161 = ORIENTED_EDGE('',*,*,#4162,.T.);
#4162 = EDGE_CURVE('',#4163,#4163,#4165,.T.);
#4163 = VERTEX_POINT('',#4164);
#4164 = CARTESIAN_POINT('',(168.8,-80.4,1.51));
#4165 = CIRCLE('',#4166,0.4);
#4166 = AXIS2_PLACEMENT_3D('',#4167,#4168,#4169);
#4167 = CARTESIAN_POINT('',(168.8,-80.,1.51));
#4168 = DIRECTION('',(-0.,0.,-1.));
#4169 = DIRECTION('',(-0.,-1.,0.));
#4170 = FACE_BOUND('',#4171,.T.);
#4171 = EDGE_LOOP('',(#4172));
#4172 = ORIENTED_EDGE('',*,*,#4173,.T.);
#4173 = EDGE_CURVE('',#4174,#4174,#4176,.T.);
#4174 = VERTEX_POINT('',#4175);
#4175 = CARTESIAN_POINT('',(162.8,-76.5,1.51));
#4176 = CIRCLE('',#4177,0.4);
#4177 = AXIS2_PLACEMENT_3D('',#4178,#4179,#4180);
#4178 = CARTESIAN_POINT('',(162.8,-76.1,1.51));
#4179 = DIRECTION('',(-0.,0.,-1.));
#4180 = DIRECTION('',(-0.,-1.,0.));
#4181 = FACE_BOUND('',#4182,.T.);
#4182 = EDGE_LOOP('',(#4183));
#4183 = ORIENTED_EDGE('',*,*,#4184,.T.);
#4184 = EDGE_CURVE('',#4185,#4185,#4187,.T.);
#4185 = VERTEX_POINT('',#4186);
#4186 = CARTESIAN_POINT('',(164.8,-76.5,1.51));
#4187 = CIRCLE('',#4188,0.4);
#4188 = AXIS2_PLACEMENT_3D('',#4189,#4190,#4191);
#4189 = CARTESIAN_POINT('',(164.8,-76.1,1.51));
#4190 = DIRECTION('',(-0.,0.,-1.));
#4191 = DIRECTION('',(-0.,-1.,0.));
#4192 = FACE_BOUND('',#4193,.T.);
#4193 = EDGE_LOOP('',(#4194));
#4194 = ORIENTED_EDGE('',*,*,#4195,.T.);
#4195 = EDGE_CURVE('',#4196,#4196,#4198,.T.);
#4196 = VERTEX_POINT('',#4197);
#4197 = CARTESIAN_POINT('',(166.8,-76.5,1.51));
#4198 = CIRCLE('',#4199,0.4);
#4199 = AXIS2_PLACEMENT_3D('',#4200,#4201,#4202);
#4200 = CARTESIAN_POINT('',(166.8,-76.1,1.51));
#4201 = DIRECTION('',(-0.,0.,-1.));
#4202 = DIRECTION('',(-0.,-1.,0.));
#4203 = FACE_BOUND('',#4204,.T.);
#4204 = EDGE_LOOP('',(#4205));
#4205 = ORIENTED_EDGE('',*,*,#4206,.T.);
#4206 = EDGE_CURVE('',#4207,#4207,#4209,.T.);
#4207 = VERTEX_POINT('',#4208);
#4208 = CARTESIAN_POINT('',(168.8,-76.5,1.51));
#4209 = CIRCLE('',#4210,0.4);
#4210 = AXIS2_PLACEMENT_3D('',#4211,#4212,#4213);
#4211 = CARTESIAN_POINT('',(168.8,-76.1,1.51));
#4212 = DIRECTION('',(-0.,0.,-1.));
#4213 = DIRECTION('',(-0.,-1.,0.));
#4214 = FACE_BOUND('',#4215,.T.);
#4215 = EDGE_LOOP('',(#4216));
#4216 = ORIENTED_EDGE('',*,*,#4217,.T.);
#4217 = EDGE_CURVE('',#4218,#4218,#4220,.T.);
#4218 = VERTEX_POINT('',#4219);
#4219 = CARTESIAN_POINT('',(162.8,-72.3,1.51));
#4220 = CIRCLE('',#4221,0.4);
#4221 = AXIS2_PLACEMENT_3D('',#4222,#4223,#4224);
#4222 = CARTESIAN_POINT('',(162.8,-71.9,1.51));
#4223 = DIRECTION('',(-0.,0.,-1.));
#4224 = DIRECTION('',(-0.,-1.,0.));
#4225 = FACE_BOUND('',#4226,.T.);
#4226 = EDGE_LOOP('',(#4227));
#4227 = ORIENTED_EDGE('',*,*,#4228,.T.);
#4228 = EDGE_CURVE('',#4229,#4229,#4231,.T.);
#4229 = VERTEX_POINT('',#4230);
#4230 = CARTESIAN_POINT('',(164.8,-72.3,1.51));
#4231 = CIRCLE('',#4232,0.4);
#4232 = AXIS2_PLACEMENT_3D('',#4233,#4234,#4235);
#4233 = CARTESIAN_POINT('',(164.8,-71.9,1.51));
#4234 = DIRECTION('',(-0.,0.,-1.));
#4235 = DIRECTION('',(-0.,-1.,0.));
#4236 = FACE_BOUND('',#4237,.T.);
#4237 = EDGE_LOOP('',(#4238));
#4238 = ORIENTED_EDGE('',*,*,#4239,.T.);
#4239 = EDGE_CURVE('',#4240,#4240,#4242,.T.);
#4240 = VERTEX_POINT('',#4241);
#4241 = CARTESIAN_POINT('',(166.8,-72.3,1.51));
#4242 = CIRCLE('',#4243,0.4);
#4243 = AXIS2_PLACEMENT_3D('',#4244,#4245,#4246);
#4244 = CARTESIAN_POINT('',(166.8,-71.9,1.51));
#4245 = DIRECTION('',(-0.,0.,-1.));
#4246 = DIRECTION('',(-0.,-1.,0.));
#4247 = FACE_BOUND('',#4248,.T.);
#4248 = EDGE_LOOP('',(#4249));
#4249 = ORIENTED_EDGE('',*,*,#4250,.T.);
#4250 = EDGE_CURVE('',#4251,#4251,#4253,.T.);
#4251 = VERTEX_POINT('',#4252);
#4252 = CARTESIAN_POINT('',(168.8,-72.3,1.51));
#4253 = CIRCLE('',#4254,0.4);
#4254 = AXIS2_PLACEMENT_3D('',#4255,#4256,#4257);
#4255 = CARTESIAN_POINT('',(168.8,-71.9,1.51));
#4256 = DIRECTION('',(-0.,0.,-1.));
#4257 = DIRECTION('',(-0.,-1.,0.));
#4258 = FACE_BOUND('',#4259,.T.);
#4259 = EDGE_LOOP('',(#4260));
#4260 = ORIENTED_EDGE('',*,*,#4261,.T.);
#4261 = EDGE_CURVE('',#4262,#4262,#4264,.T.);
#4262 = VERTEX_POINT('',#4263);
#4263 = CARTESIAN_POINT('',(128.44,-61.3,1.51));
#4264 = CIRCLE('',#4265,0.4);
#4265 = AXIS2_PLACEMENT_3D('',#4266,#4267,#4268);
#4266 = CARTESIAN_POINT('',(128.44,-60.9,1.51));
#4267 = DIRECTION('',(-0.,0.,-1.));
#4268 = DIRECTION('',(-0.,-1.,0.));
#4269 = FACE_BOUND('',#4270,.T.);
#4270 = EDGE_LOOP('',(#4271));
#4271 = ORIENTED_EDGE('',*,*,#4272,.T.);
#4272 = EDGE_CURVE('',#4273,#4273,#4275,.T.);
#4273 = VERTEX_POINT('',#4274);
#4274 = CARTESIAN_POINT('',(133.43,-61.28,1.51));
#4275 = CIRCLE('',#4276,0.4);
#4276 = AXIS2_PLACEMENT_3D('',#4277,#4278,#4279);
#4277 = CARTESIAN_POINT('',(133.43,-60.88,1.51));
#4278 = DIRECTION('',(-0.,0.,-1.));
#4279 = DIRECTION('',(-0.,-1.,0.));
#4280 = FACE_BOUND('',#4281,.T.);
#4281 = EDGE_LOOP('',(#4282));
#4282 = ORIENTED_EDGE('',*,*,#4283,.T.);
#4283 = EDGE_CURVE('',#4284,#4284,#4286,.T.);
#4284 = VERTEX_POINT('',#4285);
#4285 = CARTESIAN_POINT('',(128.44,-58.76,1.51));
#4286 = CIRCLE('',#4287,0.4);
#4287 = AXIS2_PLACEMENT_3D('',#4288,#4289,#4290);
#4288 = CARTESIAN_POINT('',(128.44,-58.36,1.51));
#4289 = DIRECTION('',(-0.,0.,-1.));
#4290 = DIRECTION('',(-0.,-1.,0.));
#4291 = FACE_BOUND('',#4292,.T.);
#4292 = EDGE_LOOP('',(#4293));
#4293 = ORIENTED_EDGE('',*,*,#4294,.T.);
#4294 = EDGE_CURVE('',#4295,#4295,#4297,.T.);
#4295 = VERTEX_POINT('',#4296);
#4296 = CARTESIAN_POINT('',(133.43,-58.74,1.51));
#4297 = CIRCLE('',#4298,0.4);
#4298 = AXIS2_PLACEMENT_3D('',#4299,#4300,#4301);
#4299 = CARTESIAN_POINT('',(133.43,-58.34,1.51));
#4300 = DIRECTION('',(-0.,0.,-1.));
#4301 = DIRECTION('',(-0.,-1.,0.));
#4302 = FACE_BOUND('',#4303,.T.);
#4303 = EDGE_LOOP('',(#4304));
#4304 = ORIENTED_EDGE('',*,*,#4305,.T.);
#4305 = EDGE_CURVE('',#4306,#4306,#4308,.T.);
#4306 = VERTEX_POINT('',#4307);
#4307 = CARTESIAN_POINT('',(128.44,-56.22,1.51));
#4308 = CIRCLE('',#4309,0.4);
#4309 = AXIS2_PLACEMENT_3D('',#4310,#4311,#4312);
#4310 = CARTESIAN_POINT('',(128.44,-55.82,1.51));
#4311 = DIRECTION('',(-0.,0.,-1.));
#4312 = DIRECTION('',(-0.,-1.,0.));
#4313 = FACE_BOUND('',#4314,.T.);
#4314 = EDGE_LOOP('',(#4315));
#4315 = ORIENTED_EDGE('',*,*,#4316,.T.);
#4316 = EDGE_CURVE('',#4317,#4317,#4319,.T.);
#4317 = VERTEX_POINT('',#4318);
#4318 = CARTESIAN_POINT('',(133.43,-56.2,1.51));
#4319 = CIRCLE('',#4320,0.4);
#4320 = AXIS2_PLACEMENT_3D('',#4321,#4322,#4323);
#4321 = CARTESIAN_POINT('',(133.43,-55.8,1.51));
#4322 = DIRECTION('',(-0.,0.,-1.));
#4323 = DIRECTION('',(-0.,-1.,0.));
#4324 = FACE_BOUND('',#4325,.T.);
#4325 = EDGE_LOOP('',(#4326));
#4326 = ORIENTED_EDGE('',*,*,#4327,.T.);
#4327 = EDGE_CURVE('',#4328,#4328,#4330,.T.);
#4328 = VERTEX_POINT('',#4329);
#4329 = CARTESIAN_POINT('',(146.13,-61.28,1.51));
#4330 = CIRCLE('',#4331,0.4);
#4331 = AXIS2_PLACEMENT_3D('',#4332,#4333,#4334);
#4332 = CARTESIAN_POINT('',(146.13,-60.88,1.51));
#4333 = DIRECTION('',(-0.,0.,-1.));
#4334 = DIRECTION('',(-0.,-1.,0.));
#4335 = FACE_BOUND('',#4336,.T.);
#4336 = EDGE_LOOP('',(#4337));
#4337 = ORIENTED_EDGE('',*,*,#4338,.T.);
#4338 = EDGE_CURVE('',#4339,#4339,#4341,.T.);
#4339 = VERTEX_POINT('',#4340);
#4340 = CARTESIAN_POINT('',(146.13,-58.74,1.51));
#4341 = CIRCLE('',#4342,0.4);
#4342 = AXIS2_PLACEMENT_3D('',#4343,#4344,#4345);
#4343 = CARTESIAN_POINT('',(146.13,-58.34,1.51));
#4344 = DIRECTION('',(-0.,0.,-1.));
#4345 = DIRECTION('',(-0.,-1.,0.));
#4346 = FACE_BOUND('',#4347,.T.);
#4347 = EDGE_LOOP('',(#4348));
#4348 = ORIENTED_EDGE('',*,*,#4349,.T.);
#4349 = EDGE_CURVE('',#4350,#4350,#4352,.T.);
#4350 = VERTEX_POINT('',#4351);
#4351 = CARTESIAN_POINT('',(146.13,-56.2,1.51));
#4352 = CIRCLE('',#4353,0.4);
#4353 = AXIS2_PLACEMENT_3D('',#4354,#4355,#4356);
#4354 = CARTESIAN_POINT('',(146.13,-55.8,1.51));
#4355 = DIRECTION('',(-0.,0.,-1.));
#4356 = DIRECTION('',(-0.,-1.,0.));
#4357 = FACE_BOUND('',#4358,.T.);
#4358 = EDGE_LOOP('',(#4359));
#4359 = ORIENTED_EDGE('',*,*,#4360,.T.);
#4360 = EDGE_CURVE('',#4361,#4361,#4363,.T.);
#4361 = VERTEX_POINT('',#4362);
#4362 = CARTESIAN_POINT('',(128.44,-53.68,1.51));
#4363 = CIRCLE('',#4364,0.4);
#4364 = AXIS2_PLACEMENT_3D('',#4365,#4366,#4367);
#4365 = CARTESIAN_POINT('',(128.44,-53.28,1.51));
#4366 = DIRECTION('',(-0.,0.,-1.));
#4367 = DIRECTION('',(-0.,-1.,0.));
#4368 = FACE_BOUND('',#4369,.T.);
#4369 = EDGE_LOOP('',(#4370));
#4370 = ORIENTED_EDGE('',*,*,#4371,.T.);
#4371 = EDGE_CURVE('',#4372,#4372,#4374,.T.);
#4372 = VERTEX_POINT('',#4373);
#4373 = CARTESIAN_POINT('',(133.43,-53.66,1.51));
#4374 = CIRCLE('',#4375,0.4);
#4375 = AXIS2_PLACEMENT_3D('',#4376,#4377,#4378);
#4376 = CARTESIAN_POINT('',(133.43,-53.26,1.51));
#4377 = DIRECTION('',(-0.,0.,-1.));
#4378 = DIRECTION('',(-0.,-1.,0.));
#4379 = FACE_BOUND('',#4380,.T.);
#4380 = EDGE_LOOP('',(#4381));
#4381 = ORIENTED_EDGE('',*,*,#4382,.T.);
#4382 = EDGE_CURVE('',#4383,#4383,#4385,.T.);
#4383 = VERTEX_POINT('',#4384);
#4384 = CARTESIAN_POINT('',(128.44,-51.14,1.51));
#4385 = CIRCLE('',#4386,0.4);
#4386 = AXIS2_PLACEMENT_3D('',#4387,#4388,#4389);
#4387 = CARTESIAN_POINT('',(128.44,-50.74,1.51));
#4388 = DIRECTION('',(-0.,0.,-1.));
#4389 = DIRECTION('',(-0.,-1.,0.));
#4390 = FACE_BOUND('',#4391,.T.);
#4391 = EDGE_LOOP('',(#4392));
#4392 = ORIENTED_EDGE('',*,*,#4393,.T.);
#4393 = EDGE_CURVE('',#4394,#4394,#4396,.T.);
#4394 = VERTEX_POINT('',#4395);
#4395 = CARTESIAN_POINT('',(133.43,-51.12,1.51));
#4396 = CIRCLE('',#4397,0.4);
#4397 = AXIS2_PLACEMENT_3D('',#4398,#4399,#4400);
#4398 = CARTESIAN_POINT('',(133.43,-50.72,1.51));
#4399 = DIRECTION('',(-0.,0.,-1.));
#4400 = DIRECTION('',(-0.,-1.,0.));
#4401 = FACE_BOUND('',#4402,.T.);
#4402 = EDGE_LOOP('',(#4403));
#4403 = ORIENTED_EDGE('',*,*,#4404,.T.);
#4404 = EDGE_CURVE('',#4405,#4405,#4407,.T.);
#4405 = VERTEX_POINT('',#4406);
#4406 = CARTESIAN_POINT('',(146.13,-53.66,1.51));
#4407 = CIRCLE('',#4408,0.4);
#4408 = AXIS2_PLACEMENT_3D('',#4409,#4410,#4411);
#4409 = CARTESIAN_POINT('',(146.13,-53.26,1.51));
#4410 = DIRECTION('',(-0.,0.,-1.));
#4411 = DIRECTION('',(-0.,-1.,0.));
#4412 = FACE_BOUND('',#4413,.T.);
#4413 = EDGE_LOOP('',(#4414));
#4414 = ORIENTED_EDGE('',*,*,#4415,.T.);
#4415 = EDGE_CURVE('',#4416,#4416,#4418,.T.);
#4416 = VERTEX_POINT('',#4417);
#4417 = CARTESIAN_POINT('',(146.13,-51.12,1.51));
#4418 = CIRCLE('',#4419,0.4);
#4419 = AXIS2_PLACEMENT_3D('',#4420,#4421,#4422);
#4420 = CARTESIAN_POINT('',(146.13,-50.72,1.51));
#4421 = DIRECTION('',(-0.,0.,-1.));
#4422 = DIRECTION('',(-0.,-1.,0.));
#4423 = FACE_BOUND('',#4424,.T.);
#4424 = EDGE_LOOP('',(#4425));
#4425 = ORIENTED_EDGE('',*,*,#4426,.T.);
#4426 = EDGE_CURVE('',#4427,#4427,#4429,.T.);
#4427 = VERTEX_POINT('',#4428);
#4428 = CARTESIAN_POINT('',(164.,-58.4,1.51));
#4429 = CIRCLE('',#4430,0.5);
#4430 = AXIS2_PLACEMENT_3D('',#4431,#4432,#4433);
#4431 = CARTESIAN_POINT('',(164.,-57.9,1.51));
#4432 = DIRECTION('',(-0.,0.,-1.));
#4433 = DIRECTION('',(-0.,-1.,0.));
#4434 = FACE_BOUND('',#4435,.T.);
#4435 = EDGE_LOOP('',(#4436));
#4436 = ORIENTED_EDGE('',*,*,#4437,.T.);
#4437 = EDGE_CURVE('',#4438,#4438,#4440,.T.);
#4438 = VERTEX_POINT('',#4439);
#4439 = CARTESIAN_POINT('',(166.54,-58.4,1.51));
#4440 = CIRCLE('',#4441,0.5);
#4441 = AXIS2_PLACEMENT_3D('',#4442,#4443,#4444);
#4442 = CARTESIAN_POINT('',(166.54,-57.9,1.51));
#4443 = DIRECTION('',(-0.,0.,-1.));
#4444 = DIRECTION('',(-0.,-1.,0.));
#4445 = FACE_BOUND('',#4446,.T.);
#4446 = EDGE_LOOP('',(#4447));
#4447 = ORIENTED_EDGE('',*,*,#4448,.F.);
#4448 = EDGE_CURVE('',#4449,#4449,#4451,.T.);
#4449 = VERTEX_POINT('',#4450);
#4450 = CARTESIAN_POINT('',(176.464911,-46.2,1.51));
#4451 = CIRCLE('',#4452,1.264911);
#4452 = AXIS2_PLACEMENT_3D('',#4453,#4454,#4455);
#4453 = CARTESIAN_POINT('',(175.2,-46.2,1.51));
#4454 = DIRECTION('',(0.,0.,1.));
#4455 = DIRECTION('',(1.,0.,-0.));
#4456 = PLANE('',#4457);
#4457 = AXIS2_PLACEMENT_3D('',#4458,#4459,#4460);
#4458 = CARTESIAN_POINT('',(0.,0.,1.51));
#4459 = DIRECTION('',(0.,0.,1.));
#4460 = DIRECTION('',(1.,0.,-0.));
#4461 = ADVANCED_FACE('',(#4462),#4468,.T.);
#4462 = FACE_BOUND('',#4463,.T.);
#4463 = EDGE_LOOP('',(#4464,#4465,#4466,#4467));
#4464 = ORIENTED_EDGE('',*,*,#119,.T.);
#4465 = ORIENTED_EDGE('',*,*,#2305,.T.);
#4466 = ORIENTED_EDGE('',*,*,#79,.F.);
#4467 = ORIENTED_EDGE('',*,*,#143,.F.);
#4468 = PLANE('',#4469);
#4469 = AXIS2_PLACEMENT_3D('',#4470,#4471,#4472);
#4470 = CARTESIAN_POINT('',(63.8,-43.1,0.));
#4471 = DIRECTION('',(0.,1.,0.));
#4472 = DIRECTION('',(1.,0.,0.));
#4473 = ADVANCED_FACE('',(#4474),#4485,.F.);
#4474 = FACE_BOUND('',#4475,.T.);
#4475 = EDGE_LOOP('',(#4476,#4477,#4483,#4484));
#4476 = ORIENTED_EDGE('',*,*,#152,.T.);
#4477 = ORIENTED_EDGE('',*,*,#4478,.T.);
#4478 = EDGE_CURVE('',#153,#2315,#4479,.T.);
#4479 = LINE('',#4480,#4481);
#4480 = CARTESIAN_POINT('',(73.7,-116.065,-4.6E-02));
#4481 = VECTOR('',#4482,1.);
#4482 = DIRECTION('',(0.,0.,1.));
#4483 = ORIENTED_EDGE('',*,*,#2314,.F.);
#4484 = ORIENTED_EDGE('',*,*,#4478,.F.);
#4485 = CYLINDRICAL_SURFACE('',#4486,0.5);
#4486 = AXIS2_PLACEMENT_3D('',#4487,#4488,#4489);
#4487 = CARTESIAN_POINT('',(73.7,-115.565,-4.6E-02));
#4488 = DIRECTION('',(-0.,-0.,-1.));
#4489 = DIRECTION('',(-0.,-1.,0.));
#4490 = ADVANCED_FACE('',(#4491),#4502,.F.);
#4491 = FACE_BOUND('',#4492,.T.);
#4492 = EDGE_LOOP('',(#4493,#4494,#4500,#4501));
#4493 = ORIENTED_EDGE('',*,*,#163,.T.);
#4494 = ORIENTED_EDGE('',*,*,#4495,.T.);
#4495 = EDGE_CURVE('',#164,#2326,#4496,.T.);
#4496 = LINE('',#4497,#4498);
#4497 = CARTESIAN_POINT('',(77.6,-116.065,-4.6E-02));
#4498 = VECTOR('',#4499,1.);
#4499 = DIRECTION('',(0.,0.,1.));
#4500 = ORIENTED_EDGE('',*,*,#2325,.F.);
#4501 = ORIENTED_EDGE('',*,*,#4495,.F.);
#4502 = CYLINDRICAL_SURFACE('',#4503,0.5);
#4503 = AXIS2_PLACEMENT_3D('',#4504,#4505,#4506);
#4504 = CARTESIAN_POINT('',(77.6,-115.565,-4.6E-02));
#4505 = DIRECTION('',(-0.,-0.,-1.));
#4506 = DIRECTION('',(-0.,-1.,0.));
#4507 = ADVANCED_FACE('',(#4508),#4519,.F.);
#4508 = FACE_BOUND('',#4509,.T.);
#4509 = EDGE_LOOP('',(#4510,#4511,#4517,#4518));
#4510 = ORIENTED_EDGE('',*,*,#174,.T.);
#4511 = ORIENTED_EDGE('',*,*,#4512,.T.);
#4512 = EDGE_CURVE('',#175,#2337,#4513,.T.);
#4513 = LINE('',#4514,#4515);
#4514 = CARTESIAN_POINT('',(73.7,-113.525,-4.6E-02));
#4515 = VECTOR('',#4516,1.);
#4516 = DIRECTION('',(0.,0.,1.));
#4517 = ORIENTED_EDGE('',*,*,#2336,.F.);
#4518 = ORIENTED_EDGE('',*,*,#4512,.F.);
#4519 = CYLINDRICAL_SURFACE('',#4520,0.5);
#4520 = AXIS2_PLACEMENT_3D('',#4521,#4522,#4523);
#4521 = CARTESIAN_POINT('',(73.7,-113.025,-4.6E-02));
#4522 = DIRECTION('',(-0.,-0.,-1.));
#4523 = DIRECTION('',(-0.,-1.,0.));
#4524 = ADVANCED_FACE('',(#4525),#4536,.F.);
#4525 = FACE_BOUND('',#4526,.T.);
#4526 = EDGE_LOOP('',(#4527,#4528,#4534,#4535));
#4527 = ORIENTED_EDGE('',*,*,#185,.T.);
#4528 = ORIENTED_EDGE('',*,*,#4529,.T.);
#4529 = EDGE_CURVE('',#186,#2348,#4530,.T.);
#4530 = LINE('',#4531,#4532);
#4531 = CARTESIAN_POINT('',(77.6,-113.525,-4.6E-02));
#4532 = VECTOR('',#4533,1.);
#4533 = DIRECTION('',(0.,0.,1.));
#4534 = ORIENTED_EDGE('',*,*,#2347,.F.);
#4535 = ORIENTED_EDGE('',*,*,#4529,.F.);
#4536 = CYLINDRICAL_SURFACE('',#4537,0.5);
#4537 = AXIS2_PLACEMENT_3D('',#4538,#4539,#4540);
#4538 = CARTESIAN_POINT('',(77.6,-113.025,-4.6E-02));
#4539 = DIRECTION('',(-0.,-0.,-1.));
#4540 = DIRECTION('',(-0.,-1.,0.));
#4541 = ADVANCED_FACE('',(#4542),#4553,.F.);
#4542 = FACE_BOUND('',#4543,.T.);
#4543 = EDGE_LOOP('',(#4544,#4545,#4551,#4552));
#4544 = ORIENTED_EDGE('',*,*,#196,.T.);
#4545 = ORIENTED_EDGE('',*,*,#4546,.T.);
#4546 = EDGE_CURVE('',#197,#2359,#4547,.T.);
#4547 = LINE('',#4548,#4549);
#4548 = CARTESIAN_POINT('',(73.6,-109.695001,-4.6E-02));
#4549 = VECTOR('',#4550,1.);
#4550 = DIRECTION('',(0.,0.,1.));
#4551 = ORIENTED_EDGE('',*,*,#2358,.F.);
#4552 = ORIENTED_EDGE('',*,*,#4546,.F.);
#4553 = CYLINDRICAL_SURFACE('',#4554,0.325);
#4554 = AXIS2_PLACEMENT_3D('',#4555,#4556,#4557);
#4555 = CARTESIAN_POINT('',(73.6,-109.370001,-4.6E-02));
#4556 = DIRECTION('',(-0.,-0.,-1.));
#4557 = DIRECTION('',(-0.,-1.,0.));
#4558 = ADVANCED_FACE('',(#4559),#4570,.F.);
#4559 = FACE_BOUND('',#4560,.T.);
#4560 = EDGE_LOOP('',(#4561,#4562,#4568,#4569));
#4561 = ORIENTED_EDGE('',*,*,#207,.T.);
#4562 = ORIENTED_EDGE('',*,*,#4563,.T.);
#4563 = EDGE_CURVE('',#208,#2370,#4564,.T.);
#4564 = LINE('',#4565,#4566);
#4565 = CARTESIAN_POINT('',(73.6,-108.425,-4.6E-02));
#4566 = VECTOR('',#4567,1.);
#4567 = DIRECTION('',(0.,0.,1.));
#4568 = ORIENTED_EDGE('',*,*,#2369,.F.);
#4569 = ORIENTED_EDGE('',*,*,#4563,.F.);
#4570 = CYLINDRICAL_SURFACE('',#4571,0.325);
#4571 = AXIS2_PLACEMENT_3D('',#4572,#4573,#4574);
#4572 = CARTESIAN_POINT('',(73.6,-108.1,-4.6E-02));
#4573 = DIRECTION('',(-0.,-0.,-1.));
#4574 = DIRECTION('',(-0.,-1.,0.));
#4575 = ADVANCED_FACE('',(#4576),#4587,.F.);
#4576 = FACE_BOUND('',#4577,.T.);
#4577 = EDGE_LOOP('',(#4578,#4579,#4585,#4586));
#4578 = ORIENTED_EDGE('',*,*,#218,.T.);
#4579 = ORIENTED_EDGE('',*,*,#4580,.T.);
#4580 = EDGE_CURVE('',#219,#2381,#4581,.T.);
#4581 = LINE('',#4582,#4583);
#4582 = CARTESIAN_POINT('',(77.6,-109.725,-4.6E-02));
#4583 = VECTOR('',#4584,1.);
#4584 = DIRECTION('',(0.,0.,1.));
#4585 = ORIENTED_EDGE('',*,*,#2380,.F.);
#4586 = ORIENTED_EDGE('',*,*,#4580,.F.);
#4587 = CYLINDRICAL_SURFACE('',#4588,0.325);
#4588 = AXIS2_PLACEMENT_3D('',#4589,#4590,#4591);
#4589 = CARTESIAN_POINT('',(77.6,-109.4,-4.6E-02));
#4590 = DIRECTION('',(-0.,-0.,-1.));
#4591 = DIRECTION('',(-0.,-1.,0.));
#4592 = ADVANCED_FACE('',(#4593),#4604,.F.);
#4593 = FACE_BOUND('',#4594,.T.);
#4594 = EDGE_LOOP('',(#4595,#4596,#4602,#4603));
#4595 = ORIENTED_EDGE('',*,*,#229,.T.);
#4596 = ORIENTED_EDGE('',*,*,#4597,.T.);
#4597 = EDGE_CURVE('',#230,#2392,#4598,.T.);
#4598 = LINE('',#4599,#4600);
#4599 = CARTESIAN_POINT('',(77.6,-108.455,-4.6E-02));
#4600 = VECTOR('',#4601,1.);
#4601 = DIRECTION('',(0.,0.,1.));
#4602 = ORIENTED_EDGE('',*,*,#2391,.F.);
#4603 = ORIENTED_EDGE('',*,*,#4597,.F.);
#4604 = CYLINDRICAL_SURFACE('',#4605,0.325);
#4605 = AXIS2_PLACEMENT_3D('',#4606,#4607,#4608);
#4606 = CARTESIAN_POINT('',(77.6,-108.13,-4.6E-02));
#4607 = DIRECTION('',(-0.,-0.,-1.));
#4608 = DIRECTION('',(-0.,-1.,0.));
#4609 = ADVANCED_FACE('',(#4610),#4621,.F.);
#4610 = FACE_BOUND('',#4611,.T.);
#4611 = EDGE_LOOP('',(#4612,#4613,#4619,#4620));
#4612 = ORIENTED_EDGE('',*,*,#240,.T.);
#4613 = ORIENTED_EDGE('',*,*,#4614,.T.);
#4614 = EDGE_CURVE('',#241,#2403,#4615,.T.);
#4615 = LINE('',#4616,#4617);
#4616 = CARTESIAN_POINT('',(81.5,-116.065,-4.6E-02));
#4617 = VECTOR('',#4618,1.);
#4618 = DIRECTION('',(0.,0.,1.));
#4619 = ORIENTED_EDGE('',*,*,#2402,.F.);
#4620 = ORIENTED_EDGE('',*,*,#4614,.F.);
#4621 = CYLINDRICAL_SURFACE('',#4622,0.5);
#4622 = AXIS2_PLACEMENT_3D('',#4623,#4624,#4625);
#4623 = CARTESIAN_POINT('',(81.5,-115.565,-4.6E-02));
#4624 = DIRECTION('',(-0.,-0.,-1.));
#4625 = DIRECTION('',(-0.,-1.,0.));
#4626 = ADVANCED_FACE('',(#4627),#4638,.F.);
#4627 = FACE_BOUND('',#4628,.T.);
#4628 = EDGE_LOOP('',(#4629,#4630,#4636,#4637));
#4629 = ORIENTED_EDGE('',*,*,#251,.T.);
#4630 = ORIENTED_EDGE('',*,*,#4631,.T.);
#4631 = EDGE_CURVE('',#252,#2414,#4632,.T.);
#4632 = LINE('',#4633,#4634);
#4633 = CARTESIAN_POINT('',(85.55,-116.1,-4.6E-02));
#4634 = VECTOR('',#4635,1.);
#4635 = DIRECTION('',(0.,0.,1.));
#4636 = ORIENTED_EDGE('',*,*,#2413,.F.);
#4637 = ORIENTED_EDGE('',*,*,#4631,.F.);
#4638 = CYLINDRICAL_SURFACE('',#4639,0.5);
#4639 = AXIS2_PLACEMENT_3D('',#4640,#4641,#4642);
#4640 = CARTESIAN_POINT('',(85.55,-115.6,-4.6E-02));
#4641 = DIRECTION('',(-0.,-0.,-1.));
#4642 = DIRECTION('',(-0.,-1.,0.));
#4643 = ADVANCED_FACE('',(#4644),#4655,.F.);
#4644 = FACE_BOUND('',#4645,.T.);
#4645 = EDGE_LOOP('',(#4646,#4647,#4653,#4654));
#4646 = ORIENTED_EDGE('',*,*,#262,.T.);
#4647 = ORIENTED_EDGE('',*,*,#4648,.T.);
#4648 = EDGE_CURVE('',#263,#2425,#4649,.T.);
#4649 = LINE('',#4650,#4651);
#4650 = CARTESIAN_POINT('',(81.5,-113.525,-4.6E-02));
#4651 = VECTOR('',#4652,1.);
#4652 = DIRECTION('',(0.,0.,1.));
#4653 = ORIENTED_EDGE('',*,*,#2424,.F.);
#4654 = ORIENTED_EDGE('',*,*,#4648,.F.);
#4655 = CYLINDRICAL_SURFACE('',#4656,0.5);
#4656 = AXIS2_PLACEMENT_3D('',#4657,#4658,#4659);
#4657 = CARTESIAN_POINT('',(81.5,-113.025,-4.6E-02));
#4658 = DIRECTION('',(-0.,-0.,-1.));
#4659 = DIRECTION('',(-0.,-1.,0.));
#4660 = ADVANCED_FACE('',(#4661),#4672,.F.);
#4661 = FACE_BOUND('',#4662,.T.);
#4662 = EDGE_LOOP('',(#4663,#4664,#4670,#4671));
#4663 = ORIENTED_EDGE('',*,*,#273,.T.);
#4664 = ORIENTED_EDGE('',*,*,#4665,.T.);
#4665 = EDGE_CURVE('',#274,#2436,#4666,.T.);
#4666 = LINE('',#4667,#4668);
#4667 = CARTESIAN_POINT('',(85.55,-113.56,-4.6E-02));
#4668 = VECTOR('',#4669,1.);
#4669 = DIRECTION('',(0.,0.,1.));
#4670 = ORIENTED_EDGE('',*,*,#2435,.F.);
#4671 = ORIENTED_EDGE('',*,*,#4665,.F.);
#4672 = CYLINDRICAL_SURFACE('',#4673,0.5);
#4673 = AXIS2_PLACEMENT_3D('',#4674,#4675,#4676);
#4674 = CARTESIAN_POINT('',(85.55,-113.06,-4.6E-02));
#4675 = DIRECTION('',(-0.,-0.,-1.));
#4676 = DIRECTION('',(-0.,-1.,0.));
#4677 = ADVANCED_FACE('',(#4678),#4689,.F.);
#4678 = FACE_BOUND('',#4679,.T.);
#4679 = EDGE_LOOP('',(#4680,#4681,#4687,#4688));
#4680 = ORIENTED_EDGE('',*,*,#284,.T.);
#4681 = ORIENTED_EDGE('',*,*,#4682,.T.);
#4682 = EDGE_CURVE('',#285,#2447,#4683,.T.);
#4683 = LINE('',#4684,#4685);
#4684 = CARTESIAN_POINT('',(89.7,-116.1,-4.6E-02));
#4685 = VECTOR('',#4686,1.);
#4686 = DIRECTION('',(0.,0.,1.));
#4687 = ORIENTED_EDGE('',*,*,#2446,.F.);
#4688 = ORIENTED_EDGE('',*,*,#4682,.F.);
#4689 = CYLINDRICAL_SURFACE('',#4690,0.5);
#4690 = AXIS2_PLACEMENT_3D('',#4691,#4692,#4693);
#4691 = CARTESIAN_POINT('',(89.7,-115.6,-4.6E-02));
#4692 = DIRECTION('',(-0.,-0.,-1.));
#4693 = DIRECTION('',(-0.,-1.,0.));
#4694 = ADVANCED_FACE('',(#4695),#4706,.F.);
#4695 = FACE_BOUND('',#4696,.T.);
#4696 = EDGE_LOOP('',(#4697,#4698,#4704,#4705));
#4697 = ORIENTED_EDGE('',*,*,#295,.T.);
#4698 = ORIENTED_EDGE('',*,*,#4699,.T.);
#4699 = EDGE_CURVE('',#296,#2458,#4700,.T.);
#4700 = LINE('',#4701,#4702);
#4701 = CARTESIAN_POINT('',(89.7,-113.56,-4.6E-02));
#4702 = VECTOR('',#4703,1.);
#4703 = DIRECTION('',(0.,0.,1.));
#4704 = ORIENTED_EDGE('',*,*,#2457,.F.);
#4705 = ORIENTED_EDGE('',*,*,#4699,.F.);
#4706 = CYLINDRICAL_SURFACE('',#4707,0.5);
#4707 = AXIS2_PLACEMENT_3D('',#4708,#4709,#4710);
#4708 = CARTESIAN_POINT('',(89.7,-113.06,-4.6E-02));
#4709 = DIRECTION('',(-0.,-0.,-1.));
#4710 = DIRECTION('',(-0.,-1.,0.));
#4711 = ADVANCED_FACE('',(#4712),#4723,.F.);
#4712 = FACE_BOUND('',#4713,.T.);
#4713 = EDGE_LOOP('',(#4714,#4715,#4721,#4722));
#4714 = ORIENTED_EDGE('',*,*,#306,.T.);
#4715 = ORIENTED_EDGE('',*,*,#4716,.T.);
#4716 = EDGE_CURVE('',#307,#2469,#4717,.T.);
#4717 = LINE('',#4718,#4719);
#4718 = CARTESIAN_POINT('',(81.5,-109.76,-4.6E-02));
#4719 = VECTOR('',#4720,1.);
#4720 = DIRECTION('',(0.,0.,1.));
#4721 = ORIENTED_EDGE('',*,*,#2468,.F.);
#4722 = ORIENTED_EDGE('',*,*,#4716,.F.);
#4723 = CYLINDRICAL_SURFACE('',#4724,0.325);
#4724 = AXIS2_PLACEMENT_3D('',#4725,#4726,#4727);
#4725 = CARTESIAN_POINT('',(81.5,-109.435,-4.6E-02));
#4726 = DIRECTION('',(-0.,-0.,-1.));
#4727 = DIRECTION('',(-0.,-1.,0.));
#4728 = ADVANCED_FACE('',(#4729),#4740,.F.);
#4729 = FACE_BOUND('',#4730,.T.);
#4730 = EDGE_LOOP('',(#4731,#4732,#4738,#4739));
#4731 = ORIENTED_EDGE('',*,*,#317,.T.);
#4732 = ORIENTED_EDGE('',*,*,#4733,.T.);
#4733 = EDGE_CURVE('',#318,#2480,#4734,.T.);
#4734 = LINE('',#4735,#4736);
#4735 = CARTESIAN_POINT('',(85.5,-109.76,-4.6E-02));
#4736 = VECTOR('',#4737,1.);
#4737 = DIRECTION('',(0.,0.,1.));
#4738 = ORIENTED_EDGE('',*,*,#2479,.F.);
#4739 = ORIENTED_EDGE('',*,*,#4733,.F.);
#4740 = CYLINDRICAL_SURFACE('',#4741,0.325);
#4741 = AXIS2_PLACEMENT_3D('',#4742,#4743,#4744);
#4742 = CARTESIAN_POINT('',(85.5,-109.435,-4.6E-02));
#4743 = DIRECTION('',(-0.,-0.,-1.));
#4744 = DIRECTION('',(-0.,-1.,0.));
#4745 = ADVANCED_FACE('',(#4746),#4757,.F.);
#4746 = FACE_BOUND('',#4747,.T.);
#4747 = EDGE_LOOP('',(#4748,#4749,#4755,#4756));
#4748 = ORIENTED_EDGE('',*,*,#328,.T.);
#4749 = ORIENTED_EDGE('',*,*,#4750,.T.);
#4750 = EDGE_CURVE('',#329,#2491,#4751,.T.);
#4751 = LINE('',#4752,#4753);
#4752 = CARTESIAN_POINT('',(81.5,-108.49,-4.6E-02));
#4753 = VECTOR('',#4754,1.);
#4754 = DIRECTION('',(0.,0.,1.));
#4755 = ORIENTED_EDGE('',*,*,#2490,.F.);
#4756 = ORIENTED_EDGE('',*,*,#4750,.F.);
#4757 = CYLINDRICAL_SURFACE('',#4758,0.325);
#4758 = AXIS2_PLACEMENT_3D('',#4759,#4760,#4761);
#4759 = CARTESIAN_POINT('',(81.5,-108.165,-4.6E-02));
#4760 = DIRECTION('',(-0.,-0.,-1.));
#4761 = DIRECTION('',(-0.,-1.,0.));
#4762 = ADVANCED_FACE('',(#4763),#4774,.F.);
#4763 = FACE_BOUND('',#4764,.T.);
#4764 = EDGE_LOOP('',(#4765,#4766,#4772,#4773));
#4765 = ORIENTED_EDGE('',*,*,#339,.T.);
#4766 = ORIENTED_EDGE('',*,*,#4767,.T.);
#4767 = EDGE_CURVE('',#340,#2502,#4768,.T.);
#4768 = LINE('',#4769,#4770);
#4769 = CARTESIAN_POINT('',(85.5,-108.49,-4.6E-02));
#4770 = VECTOR('',#4771,1.);
#4771 = DIRECTION('',(0.,0.,1.));
#4772 = ORIENTED_EDGE('',*,*,#2501,.F.);
#4773 = ORIENTED_EDGE('',*,*,#4767,.F.);
#4774 = CYLINDRICAL_SURFACE('',#4775,0.325);
#4775 = AXIS2_PLACEMENT_3D('',#4776,#4777,#4778);
#4776 = CARTESIAN_POINT('',(85.5,-108.165,-4.6E-02));
#4777 = DIRECTION('',(-0.,-0.,-1.));
#4778 = DIRECTION('',(-0.,-1.,0.));
#4779 = ADVANCED_FACE('',(#4780),#4791,.F.);
#4780 = FACE_BOUND('',#4781,.T.);
#4781 = EDGE_LOOP('',(#4782,#4783,#4789,#4790));
#4782 = ORIENTED_EDGE('',*,*,#350,.T.);
#4783 = ORIENTED_EDGE('',*,*,#4784,.T.);
#4784 = EDGE_CURVE('',#351,#2513,#4785,.T.);
#4785 = LINE('',#4786,#4787);
#4786 = CARTESIAN_POINT('',(89.688996,-109.765245,-4.6E-02));
#4787 = VECTOR('',#4788,1.);
#4788 = DIRECTION('',(0.,0.,1.));
#4789 = ORIENTED_EDGE('',*,*,#2512,.F.);
#4790 = ORIENTED_EDGE('',*,*,#4784,.F.);
#4791 = CYLINDRICAL_SURFACE('',#4792,0.325);
#4792 = AXIS2_PLACEMENT_3D('',#4793,#4794,#4795);
#4793 = CARTESIAN_POINT('',(89.688996,-109.440245,-4.6E-02));
#4794 = DIRECTION('',(-0.,-0.,-1.));
#4795 = DIRECTION('',(-0.,-1.,0.));
#4796 = ADVANCED_FACE('',(#4797),#4808,.F.);
#4797 = FACE_BOUND('',#4798,.T.);
#4798 = EDGE_LOOP('',(#4799,#4800,#4806,#4807));
#4799 = ORIENTED_EDGE('',*,*,#361,.T.);
#4800 = ORIENTED_EDGE('',*,*,#4801,.T.);
#4801 = EDGE_CURVE('',#362,#2524,#4802,.T.);
#4802 = LINE('',#4803,#4804);
#4803 = CARTESIAN_POINT('',(89.688996,-108.495245,-4.6E-02));
#4804 = VECTOR('',#4805,1.);
#4805 = DIRECTION('',(0.,0.,1.));
#4806 = ORIENTED_EDGE('',*,*,#2523,.F.);
#4807 = ORIENTED_EDGE('',*,*,#4801,.F.);
#4808 = CYLINDRICAL_SURFACE('',#4809,0.325);
#4809 = AXIS2_PLACEMENT_3D('',#4810,#4811,#4812);
#4810 = CARTESIAN_POINT('',(89.688996,-108.170245,-4.6E-02));
#4811 = DIRECTION('',(-0.,-0.,-1.));
#4812 = DIRECTION('',(-0.,-1.,0.));
#4813 = ADVANCED_FACE('',(#4814),#4825,.F.);
#4814 = FACE_BOUND('',#4815,.T.);
#4815 = EDGE_LOOP('',(#4816,#4822,#4823,#4824));
#4816 = ORIENTED_EDGE('',*,*,#4817,.T.);
#4817 = EDGE_CURVE('',#373,#2535,#4818,.T.);
#4818 = LINE('',#4819,#4820);
#4819 = CARTESIAN_POINT('',(68.064911,-106.9,0.));
#4820 = VECTOR('',#4821,1.);
#4821 = DIRECTION('',(0.,0.,1.));
#4822 = ORIENTED_EDGE('',*,*,#2534,.T.);
#4823 = ORIENTED_EDGE('',*,*,#4817,.F.);
#4824 = ORIENTED_EDGE('',*,*,#372,.F.);
#4825 = CYLINDRICAL_SURFACE('',#4826,1.264911);
#4826 = AXIS2_PLACEMENT_3D('',#4827,#4828,#4829);
#4827 = CARTESIAN_POINT('',(66.8,-106.9,0.));
#4828 = DIRECTION('',(-0.,-0.,-1.));
#4829 = DIRECTION('',(1.,0.,-0.));
#4830 = ADVANCED_FACE('',(#4831),#4842,.F.);
#4831 = FACE_BOUND('',#4832,.T.);
#4832 = EDGE_LOOP('',(#4833,#4834,#4840,#4841));
#4833 = ORIENTED_EDGE('',*,*,#383,.T.);
#4834 = ORIENTED_EDGE('',*,*,#4835,.T.);
#4835 = EDGE_CURVE('',#384,#2546,#4836,.T.);
#4836 = LINE('',#4837,#4838);
#4837 = CARTESIAN_POINT('',(93.85,-116.1,-4.6E-02));
#4838 = VECTOR('',#4839,1.);
#4839 = DIRECTION('',(0.,0.,1.));
#4840 = ORIENTED_EDGE('',*,*,#2545,.F.);
#4841 = ORIENTED_EDGE('',*,*,#4835,.F.);
#4842 = CYLINDRICAL_SURFACE('',#4843,0.5);
#4843 = AXIS2_PLACEMENT_3D('',#4844,#4845,#4846);
#4844 = CARTESIAN_POINT('',(93.85,-115.6,-4.6E-02));
#4845 = DIRECTION('',(-0.,-0.,-1.));
#4846 = DIRECTION('',(-0.,-1.,0.));
#4847 = ADVANCED_FACE('',(#4848),#4859,.F.);
#4848 = FACE_BOUND('',#4849,.T.);
#4849 = EDGE_LOOP('',(#4850,#4851,#4857,#4858));
#4850 = ORIENTED_EDGE('',*,*,#394,.T.);
#4851 = ORIENTED_EDGE('',*,*,#4852,.T.);
#4852 = EDGE_CURVE('',#395,#2557,#4853,.T.);
#4853 = LINE('',#4854,#4855);
#4854 = CARTESIAN_POINT('',(93.85,-113.56,-4.6E-02));
#4855 = VECTOR('',#4856,1.);
#4856 = DIRECTION('',(0.,0.,1.));
#4857 = ORIENTED_EDGE('',*,*,#2556,.F.);
#4858 = ORIENTED_EDGE('',*,*,#4852,.F.);
#4859 = CYLINDRICAL_SURFACE('',#4860,0.5);
#4860 = AXIS2_PLACEMENT_3D('',#4861,#4862,#4863);
#4861 = CARTESIAN_POINT('',(93.85,-113.06,-4.6E-02));
#4862 = DIRECTION('',(-0.,-0.,-1.));
#4863 = DIRECTION('',(-0.,-1.,0.));
#4864 = ADVANCED_FACE('',(#4865),#4876,.F.);
#4865 = FACE_BOUND('',#4866,.T.);
#4866 = EDGE_LOOP('',(#4867,#4868,#4874,#4875));
#4867 = ORIENTED_EDGE('',*,*,#405,.T.);
#4868 = ORIENTED_EDGE('',*,*,#4869,.T.);
#4869 = EDGE_CURVE('',#406,#2568,#4870,.T.);
#4870 = LINE('',#4871,#4872);
#4871 = CARTESIAN_POINT('',(93.8,-109.76,-4.6E-02));
#4872 = VECTOR('',#4873,1.);
#4873 = DIRECTION('',(0.,0.,1.));
#4874 = ORIENTED_EDGE('',*,*,#2567,.F.);
#4875 = ORIENTED_EDGE('',*,*,#4869,.F.);
#4876 = CYLINDRICAL_SURFACE('',#4877,0.325);
#4877 = AXIS2_PLACEMENT_3D('',#4878,#4879,#4880);
#4878 = CARTESIAN_POINT('',(93.8,-109.435,-4.6E-02));
#4879 = DIRECTION('',(-0.,-0.,-1.));
#4880 = DIRECTION('',(-0.,-1.,0.));
#4881 = ADVANCED_FACE('',(#4882),#4893,.F.);
#4882 = FACE_BOUND('',#4883,.T.);
#4883 = EDGE_LOOP('',(#4884,#4885,#4891,#4892));
#4884 = ORIENTED_EDGE('',*,*,#416,.T.);
#4885 = ORIENTED_EDGE('',*,*,#4886,.T.);
#4886 = EDGE_CURVE('',#417,#2579,#4887,.T.);
#4887 = LINE('',#4888,#4889);
#4888 = CARTESIAN_POINT('',(93.8,-108.49,-4.6E-02));
#4889 = VECTOR('',#4890,1.);
#4890 = DIRECTION('',(0.,0.,1.));
#4891 = ORIENTED_EDGE('',*,*,#2578,.F.);
#4892 = ORIENTED_EDGE('',*,*,#4886,.F.);
#4893 = CYLINDRICAL_SURFACE('',#4894,0.325);
#4894 = AXIS2_PLACEMENT_3D('',#4895,#4896,#4897);
#4895 = CARTESIAN_POINT('',(93.8,-108.165,-4.6E-02));
#4896 = DIRECTION('',(-0.,-0.,-1.));
#4897 = DIRECTION('',(-0.,-1.,0.));
#4898 = ADVANCED_FACE('',(#4899),#4910,.F.);
#4899 = FACE_BOUND('',#4900,.T.);
#4900 = EDGE_LOOP('',(#4901,#4902,#4908,#4909));
#4901 = ORIENTED_EDGE('',*,*,#427,.T.);
#4902 = ORIENTED_EDGE('',*,*,#4903,.T.);
#4903 = EDGE_CURVE('',#428,#2590,#4904,.T.);
#4904 = LINE('',#4905,#4906);
#4905 = CARTESIAN_POINT('',(102.1,-100.9,-4.6E-02));
#4906 = VECTOR('',#4907,1.);
#4907 = DIRECTION('',(0.,0.,1.));
#4908 = ORIENTED_EDGE('',*,*,#2589,.F.);
#4909 = ORIENTED_EDGE('',*,*,#4903,.F.);
#4910 = CYLINDRICAL_SURFACE('',#4911,0.4);
#4911 = AXIS2_PLACEMENT_3D('',#4912,#4913,#4914);
#4912 = CARTESIAN_POINT('',(102.1,-100.5,-4.6E-02));
#4913 = DIRECTION('',(-0.,-0.,-1.));
#4914 = DIRECTION('',(-0.,-1.,0.));
#4915 = ADVANCED_FACE('',(#4916),#4927,.F.);
#4916 = FACE_BOUND('',#4917,.T.);
#4917 = EDGE_LOOP('',(#4918,#4919,#4925,#4926));
#4918 = ORIENTED_EDGE('',*,*,#438,.T.);
#4919 = ORIENTED_EDGE('',*,*,#4920,.T.);
#4920 = EDGE_CURVE('',#439,#2601,#4921,.T.);
#4921 = LINE('',#4922,#4923);
#4922 = CARTESIAN_POINT('',(105.6,-100.9,-4.6E-02));
#4923 = VECTOR('',#4924,1.);
#4924 = DIRECTION('',(0.,0.,1.));
#4925 = ORIENTED_EDGE('',*,*,#2600,.F.);
#4926 = ORIENTED_EDGE('',*,*,#4920,.F.);
#4927 = CYLINDRICAL_SURFACE('',#4928,0.4);
#4928 = AXIS2_PLACEMENT_3D('',#4929,#4930,#4931);
#4929 = CARTESIAN_POINT('',(105.6,-100.5,-4.6E-02));
#4930 = DIRECTION('',(-0.,-0.,-1.));
#4931 = DIRECTION('',(-0.,-1.,0.));
#4932 = ADVANCED_FACE('',(#4933),#4944,.F.);
#4933 = FACE_BOUND('',#4934,.T.);
#4934 = EDGE_LOOP('',(#4935,#4936,#4942,#4943));
#4935 = ORIENTED_EDGE('',*,*,#449,.T.);
#4936 = ORIENTED_EDGE('',*,*,#4937,.T.);
#4937 = EDGE_CURVE('',#450,#2612,#4938,.T.);
#4938 = LINE('',#4939,#4940);
#4939 = CARTESIAN_POINT('',(119.8,-101.,-4.6E-02));
#4940 = VECTOR('',#4941,1.);
#4941 = DIRECTION('',(0.,0.,1.));
#4942 = ORIENTED_EDGE('',*,*,#2611,.F.);
#4943 = ORIENTED_EDGE('',*,*,#4937,.F.);
#4944 = CYLINDRICAL_SURFACE('',#4945,0.4);
#4945 = AXIS2_PLACEMENT_3D('',#4946,#4947,#4948);
#4946 = CARTESIAN_POINT('',(119.8,-100.6,-4.6E-02));
#4947 = DIRECTION('',(-0.,-0.,-1.));
#4948 = DIRECTION('',(-3.552713678801E-14,-1.,0.));
#4949 = ADVANCED_FACE('',(#4950),#4961,.F.);
#4950 = FACE_BOUND('',#4951,.T.);
#4951 = EDGE_LOOP('',(#4952,#4953,#4959,#4960));
#4952 = ORIENTED_EDGE('',*,*,#460,.T.);
#4953 = ORIENTED_EDGE('',*,*,#4954,.T.);
#4954 = EDGE_CURVE('',#461,#2623,#4955,.T.);
#4955 = LINE('',#4956,#4957);
#4956 = CARTESIAN_POINT('',(70.7,-93.18,-4.6E-02));
#4957 = VECTOR('',#4958,1.);
#4958 = DIRECTION('',(0.,0.,1.));
#4959 = ORIENTED_EDGE('',*,*,#2622,.F.);
#4960 = ORIENTED_EDGE('',*,*,#4954,.F.);
#4961 = CYLINDRICAL_SURFACE('',#4962,0.5);
#4962 = AXIS2_PLACEMENT_3D('',#4963,#4964,#4965);
#4963 = CARTESIAN_POINT('',(70.7,-92.68,-4.6E-02));
#4964 = DIRECTION('',(-0.,-0.,-1.));
#4965 = DIRECTION('',(-0.,-1.,0.));
#4966 = ADVANCED_FACE('',(#4967),#4978,.F.);
#4967 = FACE_BOUND('',#4968,.T.);
#4968 = EDGE_LOOP('',(#4969,#4970,#4976,#4977));
#4969 = ORIENTED_EDGE('',*,*,#471,.T.);
#4970 = ORIENTED_EDGE('',*,*,#4971,.T.);
#4971 = EDGE_CURVE('',#472,#2634,#4972,.T.);
#4972 = LINE('',#4973,#4974);
#4973 = CARTESIAN_POINT('',(70.7,-90.64,-4.6E-02));
#4974 = VECTOR('',#4975,1.);
#4975 = DIRECTION('',(0.,0.,1.));
#4976 = ORIENTED_EDGE('',*,*,#2633,.F.);
#4977 = ORIENTED_EDGE('',*,*,#4971,.F.);
#4978 = CYLINDRICAL_SURFACE('',#4979,0.5);
#4979 = AXIS2_PLACEMENT_3D('',#4980,#4981,#4982);
#4980 = CARTESIAN_POINT('',(70.7,-90.14,-4.6E-02));
#4981 = DIRECTION('',(-0.,-0.,-1.));
#4982 = DIRECTION('',(-0.,-1.,0.));
#4983 = ADVANCED_FACE('',(#4984),#4995,.F.);
#4984 = FACE_BOUND('',#4985,.T.);
#4985 = EDGE_LOOP('',(#4986,#4987,#4993,#4994));
#4986 = ORIENTED_EDGE('',*,*,#482,.T.);
#4987 = ORIENTED_EDGE('',*,*,#4988,.T.);
#4988 = EDGE_CURVE('',#483,#2645,#4989,.T.);
#4989 = LINE('',#4990,#4991);
#4990 = CARTESIAN_POINT('',(86.7,-93.18,-4.6E-02));
#4991 = VECTOR('',#4992,1.);
#4992 = DIRECTION('',(0.,0.,1.));
#4993 = ORIENTED_EDGE('',*,*,#2644,.F.);
#4994 = ORIENTED_EDGE('',*,*,#4988,.F.);
#4995 = CYLINDRICAL_SURFACE('',#4996,0.5);
#4996 = AXIS2_PLACEMENT_3D('',#4997,#4998,#4999);
#4997 = CARTESIAN_POINT('',(86.7,-92.68,-4.6E-02));
#4998 = DIRECTION('',(-0.,-0.,-1.));
#4999 = DIRECTION('',(-0.,-1.,0.));
#5000 = ADVANCED_FACE('',(#5001),#5012,.F.);
#5001 = FACE_BOUND('',#5002,.T.);
#5002 = EDGE_LOOP('',(#5003,#5004,#5010,#5011));
#5003 = ORIENTED_EDGE('',*,*,#493,.T.);
#5004 = ORIENTED_EDGE('',*,*,#5005,.T.);
#5005 = EDGE_CURVE('',#494,#2656,#5006,.T.);
#5006 = LINE('',#5007,#5008);
#5007 = CARTESIAN_POINT('',(86.7,-90.64,-4.6E-02));
#5008 = VECTOR('',#5009,1.);
#5009 = DIRECTION('',(0.,0.,1.));
#5010 = ORIENTED_EDGE('',*,*,#2655,.F.);
#5011 = ORIENTED_EDGE('',*,*,#5005,.F.);
#5012 = CYLINDRICAL_SURFACE('',#5013,0.5);
#5013 = AXIS2_PLACEMENT_3D('',#5014,#5015,#5016);
#5014 = CARTESIAN_POINT('',(86.7,-90.14,-4.6E-02));
#5015 = DIRECTION('',(-0.,-0.,-1.));
#5016 = DIRECTION('',(-0.,-1.,0.));
#5017 = ADVANCED_FACE('',(#5018),#5029,.F.);
#5018 = FACE_BOUND('',#5019,.T.);
#5019 = EDGE_LOOP('',(#5020,#5021,#5027,#5028));
#5020 = ORIENTED_EDGE('',*,*,#504,.T.);
#5021 = ORIENTED_EDGE('',*,*,#5022,.T.);
#5022 = EDGE_CURVE('',#505,#2667,#5023,.T.);
#5023 = LINE('',#5024,#5025);
#5024 = CARTESIAN_POINT('',(70.7,-88.1,-4.6E-02));
#5025 = VECTOR('',#5026,1.);
#5026 = DIRECTION('',(0.,0.,1.));
#5027 = ORIENTED_EDGE('',*,*,#2666,.F.);
#5028 = ORIENTED_EDGE('',*,*,#5022,.F.);
#5029 = CYLINDRICAL_SURFACE('',#5030,0.5);
#5030 = AXIS2_PLACEMENT_3D('',#5031,#5032,#5033);
#5031 = CARTESIAN_POINT('',(70.7,-87.6,-4.6E-02));
#5032 = DIRECTION('',(-0.,-0.,-1.));
#5033 = DIRECTION('',(-0.,-1.,0.));
#5034 = ADVANCED_FACE('',(#5035),#5046,.F.);
#5035 = FACE_BOUND('',#5036,.T.);
#5036 = EDGE_LOOP('',(#5037,#5038,#5044,#5045));
#5037 = ORIENTED_EDGE('',*,*,#515,.T.);
#5038 = ORIENTED_EDGE('',*,*,#5039,.T.);
#5039 = EDGE_CURVE('',#516,#2678,#5040,.T.);
#5040 = LINE('',#5041,#5042);
#5041 = CARTESIAN_POINT('',(70.7,-85.56,-4.6E-02));
#5042 = VECTOR('',#5043,1.);
#5043 = DIRECTION('',(0.,0.,1.));
#5044 = ORIENTED_EDGE('',*,*,#2677,.F.);
#5045 = ORIENTED_EDGE('',*,*,#5039,.F.);
#5046 = CYLINDRICAL_SURFACE('',#5047,0.5);
#5047 = AXIS2_PLACEMENT_3D('',#5048,#5049,#5050);
#5048 = CARTESIAN_POINT('',(70.7,-85.06,-4.6E-02));
#5049 = DIRECTION('',(-0.,-0.,-1.));
#5050 = DIRECTION('',(-0.,-1.,0.));
#5051 = ADVANCED_FACE('',(#5052),#5063,.F.);
#5052 = FACE_BOUND('',#5053,.T.);
#5053 = EDGE_LOOP('',(#5054,#5055,#5061,#5062));
#5054 = ORIENTED_EDGE('',*,*,#526,.T.);
#5055 = ORIENTED_EDGE('',*,*,#5056,.T.);
#5056 = EDGE_CURVE('',#527,#2689,#5057,.T.);
#5057 = LINE('',#5058,#5059);
#5058 = CARTESIAN_POINT('',(70.7,-83.02,-4.6E-02));
#5059 = VECTOR('',#5060,1.);
#5060 = DIRECTION('',(0.,0.,1.));
#5061 = ORIENTED_EDGE('',*,*,#2688,.F.);
#5062 = ORIENTED_EDGE('',*,*,#5056,.F.);
#5063 = CYLINDRICAL_SURFACE('',#5064,0.5);
#5064 = AXIS2_PLACEMENT_3D('',#5065,#5066,#5067);
#5065 = CARTESIAN_POINT('',(70.7,-82.52,-4.6E-02));
#5066 = DIRECTION('',(-0.,-0.,-1.));
#5067 = DIRECTION('',(-0.,-1.,0.));
#5068 = ADVANCED_FACE('',(#5069),#5080,.F.);
#5069 = FACE_BOUND('',#5070,.T.);
#5070 = EDGE_LOOP('',(#5071,#5072,#5078,#5079));
#5071 = ORIENTED_EDGE('',*,*,#537,.T.);
#5072 = ORIENTED_EDGE('',*,*,#5073,.T.);
#5073 = EDGE_CURVE('',#538,#2700,#5074,.T.);
#5074 = LINE('',#5075,#5076);
#5075 = CARTESIAN_POINT('',(86.7,-88.1,-4.6E-02));
#5076 = VECTOR('',#5077,1.);
#5077 = DIRECTION('',(0.,0.,1.));
#5078 = ORIENTED_EDGE('',*,*,#2699,.F.);
#5079 = ORIENTED_EDGE('',*,*,#5073,.F.);
#5080 = CYLINDRICAL_SURFACE('',#5081,0.5);
#5081 = AXIS2_PLACEMENT_3D('',#5082,#5083,#5084);
#5082 = CARTESIAN_POINT('',(86.7,-87.6,-4.6E-02));
#5083 = DIRECTION('',(-0.,-0.,-1.));
#5084 = DIRECTION('',(-0.,-1.,0.));
#5085 = ADVANCED_FACE('',(#5086),#5097,.F.);
#5086 = FACE_BOUND('',#5087,.T.);
#5087 = EDGE_LOOP('',(#5088,#5089,#5095,#5096));
#5088 = ORIENTED_EDGE('',*,*,#548,.T.);
#5089 = ORIENTED_EDGE('',*,*,#5090,.T.);
#5090 = EDGE_CURVE('',#549,#2711,#5091,.T.);
#5091 = LINE('',#5092,#5093);
#5092 = CARTESIAN_POINT('',(86.7,-85.56,-4.6E-02));
#5093 = VECTOR('',#5094,1.);
#5094 = DIRECTION('',(0.,0.,1.));
#5095 = ORIENTED_EDGE('',*,*,#2710,.F.);
#5096 = ORIENTED_EDGE('',*,*,#5090,.F.);
#5097 = CYLINDRICAL_SURFACE('',#5098,0.5);
#5098 = AXIS2_PLACEMENT_3D('',#5099,#5100,#5101);
#5099 = CARTESIAN_POINT('',(86.7,-85.06,-4.6E-02));
#5100 = DIRECTION('',(-0.,-0.,-1.));
#5101 = DIRECTION('',(-0.,-1.,0.));
#5102 = ADVANCED_FACE('',(#5103),#5114,.F.);
#5103 = FACE_BOUND('',#5104,.T.);
#5104 = EDGE_LOOP('',(#5105,#5106,#5112,#5113));
#5105 = ORIENTED_EDGE('',*,*,#559,.T.);
#5106 = ORIENTED_EDGE('',*,*,#5107,.T.);
#5107 = EDGE_CURVE('',#560,#2722,#5108,.T.);
#5108 = LINE('',#5109,#5110);
#5109 = CARTESIAN_POINT('',(86.7,-83.02,-4.6E-02));
#5110 = VECTOR('',#5111,1.);
#5111 = DIRECTION('',(0.,0.,1.));
#5112 = ORIENTED_EDGE('',*,*,#2721,.F.);
#5113 = ORIENTED_EDGE('',*,*,#5107,.F.);
#5114 = CYLINDRICAL_SURFACE('',#5115,0.5);
#5115 = AXIS2_PLACEMENT_3D('',#5116,#5117,#5118);
#5116 = CARTESIAN_POINT('',(86.7,-82.52,-4.6E-02));
#5117 = DIRECTION('',(-0.,-0.,-1.));
#5118 = DIRECTION('',(-0.,-1.,0.));
#5119 = ADVANCED_FACE('',(#5120),#5131,.F.);
#5120 = FACE_BOUND('',#5121,.T.);
#5121 = EDGE_LOOP('',(#5122,#5123,#5129,#5130));
#5122 = ORIENTED_EDGE('',*,*,#570,.T.);
#5123 = ORIENTED_EDGE('',*,*,#5124,.T.);
#5124 = EDGE_CURVE('',#571,#2733,#5125,.T.);
#5125 = LINE('',#5126,#5127);
#5126 = CARTESIAN_POINT('',(97.46,-97.79,-4.6E-02));
#5127 = VECTOR('',#5128,1.);
#5128 = DIRECTION('',(0.,0.,1.));
#5129 = ORIENTED_EDGE('',*,*,#2732,.F.);
#5130 = ORIENTED_EDGE('',*,*,#5124,.F.);
#5131 = CYLINDRICAL_SURFACE('',#5132,0.4);
#5132 = AXIS2_PLACEMENT_3D('',#5133,#5134,#5135);
#5133 = CARTESIAN_POINT('',(97.46,-97.39,-4.6E-02));
#5134 = DIRECTION('',(-0.,-0.,-1.));
#5135 = DIRECTION('',(-3.552713678801E-14,-1.,0.));
#5136 = ADVANCED_FACE('',(#5137),#5148,.F.);
#5137 = FACE_BOUND('',#5138,.T.);
#5138 = EDGE_LOOP('',(#5139,#5140,#5146,#5147));
#5139 = ORIENTED_EDGE('',*,*,#581,.T.);
#5140 = ORIENTED_EDGE('',*,*,#5141,.T.);
#5141 = EDGE_CURVE('',#582,#2744,#5142,.T.);
#5142 = LINE('',#5143,#5144);
#5143 = CARTESIAN_POINT('',(97.46,-95.25,-4.6E-02));
#5144 = VECTOR('',#5145,1.);
#5145 = DIRECTION('',(0.,0.,1.));
#5146 = ORIENTED_EDGE('',*,*,#2743,.F.);
#5147 = ORIENTED_EDGE('',*,*,#5141,.F.);
#5148 = CYLINDRICAL_SURFACE('',#5149,0.4);
#5149 = AXIS2_PLACEMENT_3D('',#5150,#5151,#5152);
#5150 = CARTESIAN_POINT('',(97.46,-94.85,-4.6E-02));
#5151 = DIRECTION('',(-0.,-0.,-1.));
#5152 = DIRECTION('',(-3.552713678801E-14,-1.,0.));
#5153 = ADVANCED_FACE('',(#5154),#5165,.F.);
#5154 = FACE_BOUND('',#5155,.T.);
#5155 = EDGE_LOOP('',(#5156,#5157,#5163,#5164));
#5156 = ORIENTED_EDGE('',*,*,#592,.T.);
#5157 = ORIENTED_EDGE('',*,*,#5158,.T.);
#5158 = EDGE_CURVE('',#593,#2755,#5159,.T.);
#5159 = LINE('',#5160,#5161);
#5160 = CARTESIAN_POINT('',(97.46,-92.71,-4.6E-02));
#5161 = VECTOR('',#5162,1.);
#5162 = DIRECTION('',(0.,0.,1.));
#5163 = ORIENTED_EDGE('',*,*,#2754,.F.);
#5164 = ORIENTED_EDGE('',*,*,#5158,.F.);
#5165 = CYLINDRICAL_SURFACE('',#5166,0.4);
#5166 = AXIS2_PLACEMENT_3D('',#5167,#5168,#5169);
#5167 = CARTESIAN_POINT('',(97.46,-92.31,-4.6E-02));
#5168 = DIRECTION('',(-0.,-0.,-1.));
#5169 = DIRECTION('',(-3.552713678801E-14,-1.,0.));
#5170 = ADVANCED_FACE('',(#5171),#5182,.F.);
#5171 = FACE_BOUND('',#5172,.T.);
#5172 = EDGE_LOOP('',(#5173,#5174,#5180,#5181));
#5173 = ORIENTED_EDGE('',*,*,#603,.T.);
#5174 = ORIENTED_EDGE('',*,*,#5175,.T.);
#5175 = EDGE_CURVE('',#604,#2766,#5176,.T.);
#5176 = LINE('',#5177,#5178);
#5177 = CARTESIAN_POINT('',(97.46,-90.17,-4.6E-02));
#5178 = VECTOR('',#5179,1.);
#5179 = DIRECTION('',(0.,0.,1.));
#5180 = ORIENTED_EDGE('',*,*,#2765,.F.);
#5181 = ORIENTED_EDGE('',*,*,#5175,.F.);
#5182 = CYLINDRICAL_SURFACE('',#5183,0.4);
#5183 = AXIS2_PLACEMENT_3D('',#5184,#5185,#5186);
#5184 = CARTESIAN_POINT('',(97.46,-89.77,-4.6E-02));
#5185 = DIRECTION('',(-0.,-0.,-1.));
#5186 = DIRECTION('',(-3.552713678801E-14,-1.,0.));
#5187 = ADVANCED_FACE('',(#5188),#5199,.F.);
#5188 = FACE_BOUND('',#5189,.T.);
#5189 = EDGE_LOOP('',(#5190,#5191,#5197,#5198));
#5190 = ORIENTED_EDGE('',*,*,#614,.T.);
#5191 = ORIENTED_EDGE('',*,*,#5192,.T.);
#5192 = EDGE_CURVE('',#615,#2777,#5193,.T.);
#5193 = LINE('',#5194,#5195);
#5194 = CARTESIAN_POINT('',(110.16,-97.79,-4.6E-02));
#5195 = VECTOR('',#5196,1.);
#5196 = DIRECTION('',(0.,0.,1.));
#5197 = ORIENTED_EDGE('',*,*,#2776,.F.);
#5198 = ORIENTED_EDGE('',*,*,#5192,.F.);
#5199 = CYLINDRICAL_SURFACE('',#5200,0.4);
#5200 = AXIS2_PLACEMENT_3D('',#5201,#5202,#5203);
#5201 = CARTESIAN_POINT('',(110.16,-97.39,-4.6E-02));
#5202 = DIRECTION('',(-0.,-0.,-1.));
#5203 = DIRECTION('',(-0.,-1.,0.));
#5204 = ADVANCED_FACE('',(#5205),#5216,.F.);
#5205 = FACE_BOUND('',#5206,.T.);
#5206 = EDGE_LOOP('',(#5207,#5208,#5214,#5215));
#5207 = ORIENTED_EDGE('',*,*,#625,.T.);
#5208 = ORIENTED_EDGE('',*,*,#5209,.T.);
#5209 = EDGE_CURVE('',#626,#2788,#5210,.T.);
#5210 = LINE('',#5211,#5212);
#5211 = CARTESIAN_POINT('',(110.16,-95.25,-4.6E-02));
#5212 = VECTOR('',#5213,1.);
#5213 = DIRECTION('',(0.,0.,1.));
#5214 = ORIENTED_EDGE('',*,*,#2787,.F.);
#5215 = ORIENTED_EDGE('',*,*,#5209,.F.);
#5216 = CYLINDRICAL_SURFACE('',#5217,0.4);
#5217 = AXIS2_PLACEMENT_3D('',#5218,#5219,#5220);
#5218 = CARTESIAN_POINT('',(110.16,-94.85,-4.6E-02));
#5219 = DIRECTION('',(-0.,-0.,-1.));
#5220 = DIRECTION('',(-0.,-1.,0.));
#5221 = ADVANCED_FACE('',(#5222),#5233,.F.);
#5222 = FACE_BOUND('',#5223,.T.);
#5223 = EDGE_LOOP('',(#5224,#5225,#5231,#5232));
#5224 = ORIENTED_EDGE('',*,*,#636,.T.);
#5225 = ORIENTED_EDGE('',*,*,#5226,.T.);
#5226 = EDGE_CURVE('',#637,#2799,#5227,.T.);
#5227 = LINE('',#5228,#5229);
#5228 = CARTESIAN_POINT('',(115.26,-97.69,-4.6E-02));
#5229 = VECTOR('',#5230,1.);
#5230 = DIRECTION('',(0.,0.,1.));
#5231 = ORIENTED_EDGE('',*,*,#2798,.F.);
#5232 = ORIENTED_EDGE('',*,*,#5226,.F.);
#5233 = CYLINDRICAL_SURFACE('',#5234,0.4);
#5234 = AXIS2_PLACEMENT_3D('',#5235,#5236,#5237);
#5235 = CARTESIAN_POINT('',(115.26,-97.29,-4.6E-02));
#5236 = DIRECTION('',(-0.,0.,-1.));
#5237 = DIRECTION('',(3.5527136788E-14,-1.,-0.));
#5238 = ADVANCED_FACE('',(#5239),#5250,.F.);
#5239 = FACE_BOUND('',#5240,.T.);
#5240 = EDGE_LOOP('',(#5241,#5242,#5248,#5249));
#5241 = ORIENTED_EDGE('',*,*,#647,.T.);
#5242 = ORIENTED_EDGE('',*,*,#5243,.T.);
#5243 = EDGE_CURVE('',#648,#2810,#5244,.T.);
#5244 = LINE('',#5245,#5246);
#5245 = CARTESIAN_POINT('',(115.26,-95.15,-4.6E-02));
#5246 = VECTOR('',#5247,1.);
#5247 = DIRECTION('',(0.,0.,1.));
#5248 = ORIENTED_EDGE('',*,*,#2809,.F.);
#5249 = ORIENTED_EDGE('',*,*,#5243,.F.);
#5250 = CYLINDRICAL_SURFACE('',#5251,0.4);
#5251 = AXIS2_PLACEMENT_3D('',#5252,#5253,#5254);
#5252 = CARTESIAN_POINT('',(115.26,-94.75,-4.6E-02));
#5253 = DIRECTION('',(-0.,0.,-1.));
#5254 = DIRECTION('',(3.5527136788E-14,-1.,-0.));
#5255 = ADVANCED_FACE('',(#5256),#5267,.F.);
#5256 = FACE_BOUND('',#5257,.T.);
#5257 = EDGE_LOOP('',(#5258,#5259,#5265,#5266));
#5258 = ORIENTED_EDGE('',*,*,#658,.T.);
#5259 = ORIENTED_EDGE('',*,*,#5260,.T.);
#5260 = EDGE_CURVE('',#659,#2821,#5261,.T.);
#5261 = LINE('',#5262,#5263);
#5262 = CARTESIAN_POINT('',(110.16,-92.71,-4.6E-02));
#5263 = VECTOR('',#5264,1.);
#5264 = DIRECTION('',(0.,0.,1.));
#5265 = ORIENTED_EDGE('',*,*,#2820,.F.);
#5266 = ORIENTED_EDGE('',*,*,#5260,.F.);
#5267 = CYLINDRICAL_SURFACE('',#5268,0.4);
#5268 = AXIS2_PLACEMENT_3D('',#5269,#5270,#5271);
#5269 = CARTESIAN_POINT('',(110.16,-92.31,-4.6E-02));
#5270 = DIRECTION('',(-0.,-0.,-1.));
#5271 = DIRECTION('',(-0.,-1.,0.));
#5272 = ADVANCED_FACE('',(#5273),#5284,.F.);
#5273 = FACE_BOUND('',#5274,.T.);
#5274 = EDGE_LOOP('',(#5275,#5276,#5282,#5283));
#5275 = ORIENTED_EDGE('',*,*,#669,.T.);
#5276 = ORIENTED_EDGE('',*,*,#5277,.T.);
#5277 = EDGE_CURVE('',#670,#2832,#5278,.T.);
#5278 = LINE('',#5279,#5280);
#5279 = CARTESIAN_POINT('',(110.16,-90.17,-4.6E-02));
#5280 = VECTOR('',#5281,1.);
#5281 = DIRECTION('',(0.,0.,1.));
#5282 = ORIENTED_EDGE('',*,*,#2831,.F.);
#5283 = ORIENTED_EDGE('',*,*,#5277,.F.);
#5284 = CYLINDRICAL_SURFACE('',#5285,0.4);
#5285 = AXIS2_PLACEMENT_3D('',#5286,#5287,#5288);
#5286 = CARTESIAN_POINT('',(110.16,-89.77,-4.6E-02));
#5287 = DIRECTION('',(-0.,-0.,-1.));
#5288 = DIRECTION('',(-0.,-1.,0.));
#5289 = ADVANCED_FACE('',(#5290),#5301,.F.);
#5290 = FACE_BOUND('',#5291,.T.);
#5291 = EDGE_LOOP('',(#5292,#5293,#5299,#5300));
#5292 = ORIENTED_EDGE('',*,*,#680,.T.);
#5293 = ORIENTED_EDGE('',*,*,#5294,.T.);
#5294 = EDGE_CURVE('',#681,#2843,#5295,.T.);
#5295 = LINE('',#5296,#5297);
#5296 = CARTESIAN_POINT('',(115.26,-92.61,-4.6E-02));
#5297 = VECTOR('',#5298,1.);
#5298 = DIRECTION('',(0.,0.,1.));
#5299 = ORIENTED_EDGE('',*,*,#2842,.F.);
#5300 = ORIENTED_EDGE('',*,*,#5294,.F.);
#5301 = CYLINDRICAL_SURFACE('',#5302,0.4);
#5302 = AXIS2_PLACEMENT_3D('',#5303,#5304,#5305);
#5303 = CARTESIAN_POINT('',(115.26,-92.21,-4.6E-02));
#5304 = DIRECTION('',(-0.,0.,-1.));
#5305 = DIRECTION('',(3.5527136788E-14,-1.,-0.));
#5306 = ADVANCED_FACE('',(#5307),#5318,.F.);
#5307 = FACE_BOUND('',#5308,.T.);
#5308 = EDGE_LOOP('',(#5309,#5310,#5316,#5317));
#5309 = ORIENTED_EDGE('',*,*,#691,.T.);
#5310 = ORIENTED_EDGE('',*,*,#5311,.T.);
#5311 = EDGE_CURVE('',#692,#2854,#5312,.T.);
#5312 = LINE('',#5313,#5314);
#5313 = CARTESIAN_POINT('',(115.26,-90.07,-4.6E-02));
#5314 = VECTOR('',#5315,1.);
#5315 = DIRECTION('',(0.,0.,1.));
#5316 = ORIENTED_EDGE('',*,*,#2853,.F.);
#5317 = ORIENTED_EDGE('',*,*,#5311,.F.);
#5318 = CYLINDRICAL_SURFACE('',#5319,0.4);
#5319 = AXIS2_PLACEMENT_3D('',#5320,#5321,#5322);
#5320 = CARTESIAN_POINT('',(115.26,-89.67,-4.6E-02));
#5321 = DIRECTION('',(-0.,0.,-1.));
#5322 = DIRECTION('',(3.5527136788E-14,-1.,-0.));
#5323 = ADVANCED_FACE('',(#5324),#5335,.F.);
#5324 = FACE_BOUND('',#5325,.T.);
#5325 = EDGE_LOOP('',(#5326,#5327,#5333,#5334));
#5326 = ORIENTED_EDGE('',*,*,#702,.T.);
#5327 = ORIENTED_EDGE('',*,*,#5328,.T.);
#5328 = EDGE_CURVE('',#703,#2865,#5329,.T.);
#5329 = LINE('',#5330,#5331);
#5330 = CARTESIAN_POINT('',(97.46,-87.63,-4.6E-02));
#5331 = VECTOR('',#5332,1.);
#5332 = DIRECTION('',(0.,0.,1.));
#5333 = ORIENTED_EDGE('',*,*,#2864,.F.);
#5334 = ORIENTED_EDGE('',*,*,#5328,.F.);
#5335 = CYLINDRICAL_SURFACE('',#5336,0.4);
#5336 = AXIS2_PLACEMENT_3D('',#5337,#5338,#5339);
#5337 = CARTESIAN_POINT('',(97.46,-87.23,-4.6E-02));
#5338 = DIRECTION('',(-0.,-0.,-1.));
#5339 = DIRECTION('',(-3.552713678801E-14,-1.,0.));
#5340 = ADVANCED_FACE('',(#5341),#5352,.F.);
#5341 = FACE_BOUND('',#5342,.T.);
#5342 = EDGE_LOOP('',(#5343,#5344,#5350,#5351));
#5343 = ORIENTED_EDGE('',*,*,#713,.T.);
#5344 = ORIENTED_EDGE('',*,*,#5345,.T.);
#5345 = EDGE_CURVE('',#714,#2876,#5346,.T.);
#5346 = LINE('',#5347,#5348);
#5347 = CARTESIAN_POINT('',(97.46,-85.09,-4.6E-02));
#5348 = VECTOR('',#5349,1.);
#5349 = DIRECTION('',(0.,0.,1.));
#5350 = ORIENTED_EDGE('',*,*,#2875,.F.);
#5351 = ORIENTED_EDGE('',*,*,#5345,.F.);
#5352 = CYLINDRICAL_SURFACE('',#5353,0.4);
#5353 = AXIS2_PLACEMENT_3D('',#5354,#5355,#5356);
#5354 = CARTESIAN_POINT('',(97.46,-84.69,-4.6E-02));
#5355 = DIRECTION('',(-0.,-0.,-1.));
#5356 = DIRECTION('',(-3.552713678801E-14,-1.,0.));
#5357 = ADVANCED_FACE('',(#5358),#5369,.F.);
#5358 = FACE_BOUND('',#5359,.T.);
#5359 = EDGE_LOOP('',(#5360,#5361,#5367,#5368));
#5360 = ORIENTED_EDGE('',*,*,#724,.T.);
#5361 = ORIENTED_EDGE('',*,*,#5362,.T.);
#5362 = EDGE_CURVE('',#725,#2887,#5363,.T.);
#5363 = LINE('',#5364,#5365);
#5364 = CARTESIAN_POINT('',(97.46,-82.55,-4.6E-02));
#5365 = VECTOR('',#5366,1.);
#5366 = DIRECTION('',(0.,0.,1.));
#5367 = ORIENTED_EDGE('',*,*,#2886,.F.);
#5368 = ORIENTED_EDGE('',*,*,#5362,.F.);
#5369 = CYLINDRICAL_SURFACE('',#5370,0.4);
#5370 = AXIS2_PLACEMENT_3D('',#5371,#5372,#5373);
#5371 = CARTESIAN_POINT('',(97.46,-82.15,-4.6E-02));
#5372 = DIRECTION('',(-0.,-0.,-1.));
#5373 = DIRECTION('',(-3.552713678801E-14,-1.,0.));
#5374 = ADVANCED_FACE('',(#5375),#5386,.F.);
#5375 = FACE_BOUND('',#5376,.T.);
#5376 = EDGE_LOOP('',(#5377,#5378,#5384,#5385));
#5377 = ORIENTED_EDGE('',*,*,#735,.T.);
#5378 = ORIENTED_EDGE('',*,*,#5379,.T.);
#5379 = EDGE_CURVE('',#736,#2898,#5380,.T.);
#5380 = LINE('',#5381,#5382);
#5381 = CARTESIAN_POINT('',(110.16,-87.63,-4.6E-02));
#5382 = VECTOR('',#5383,1.);
#5383 = DIRECTION('',(0.,0.,1.));
#5384 = ORIENTED_EDGE('',*,*,#2897,.F.);
#5385 = ORIENTED_EDGE('',*,*,#5379,.F.);
#5386 = CYLINDRICAL_SURFACE('',#5387,0.4);
#5387 = AXIS2_PLACEMENT_3D('',#5388,#5389,#5390);
#5388 = CARTESIAN_POINT('',(110.16,-87.23,-4.6E-02));
#5389 = DIRECTION('',(-0.,-0.,-1.));
#5390 = DIRECTION('',(-0.,-1.,0.));
#5391 = ADVANCED_FACE('',(#5392),#5403,.F.);
#5392 = FACE_BOUND('',#5393,.T.);
#5393 = EDGE_LOOP('',(#5394,#5395,#5401,#5402));
#5394 = ORIENTED_EDGE('',*,*,#746,.T.);
#5395 = ORIENTED_EDGE('',*,*,#5396,.T.);
#5396 = EDGE_CURVE('',#747,#2909,#5397,.T.);
#5397 = LINE('',#5398,#5399);
#5398 = CARTESIAN_POINT('',(115.26,-87.53,-4.6E-02));
#5399 = VECTOR('',#5400,1.);
#5400 = DIRECTION('',(0.,0.,1.));
#5401 = ORIENTED_EDGE('',*,*,#2908,.F.);
#5402 = ORIENTED_EDGE('',*,*,#5396,.F.);
#5403 = CYLINDRICAL_SURFACE('',#5404,0.4);
#5404 = AXIS2_PLACEMENT_3D('',#5405,#5406,#5407);
#5405 = CARTESIAN_POINT('',(115.26,-87.13,-4.6E-02));
#5406 = DIRECTION('',(-0.,0.,-1.));
#5407 = DIRECTION('',(3.5527136788E-14,-1.,-0.));
#5408 = ADVANCED_FACE('',(#5409),#5420,.F.);
#5409 = FACE_BOUND('',#5410,.T.);
#5410 = EDGE_LOOP('',(#5411,#5412,#5418,#5419));
#5411 = ORIENTED_EDGE('',*,*,#757,.T.);
#5412 = ORIENTED_EDGE('',*,*,#5413,.T.);
#5413 = EDGE_CURVE('',#758,#2920,#5414,.T.);
#5414 = LINE('',#5415,#5416);
#5415 = CARTESIAN_POINT('',(110.16,-85.09,-4.6E-02));
#5416 = VECTOR('',#5417,1.);
#5417 = DIRECTION('',(0.,0.,1.));
#5418 = ORIENTED_EDGE('',*,*,#2919,.F.);
#5419 = ORIENTED_EDGE('',*,*,#5413,.F.);
#5420 = CYLINDRICAL_SURFACE('',#5421,0.4);
#5421 = AXIS2_PLACEMENT_3D('',#5422,#5423,#5424);
#5422 = CARTESIAN_POINT('',(110.16,-84.69,-4.6E-02));
#5423 = DIRECTION('',(-0.,-0.,-1.));
#5424 = DIRECTION('',(-0.,-1.,0.));
#5425 = ADVANCED_FACE('',(#5426),#5437,.F.);
#5426 = FACE_BOUND('',#5427,.T.);
#5427 = EDGE_LOOP('',(#5428,#5429,#5435,#5436));
#5428 = ORIENTED_EDGE('',*,*,#768,.T.);
#5429 = ORIENTED_EDGE('',*,*,#5430,.T.);
#5430 = EDGE_CURVE('',#769,#2931,#5431,.T.);
#5431 = LINE('',#5432,#5433);
#5432 = CARTESIAN_POINT('',(110.16,-82.55,-4.6E-02));
#5433 = VECTOR('',#5434,1.);
#5434 = DIRECTION('',(0.,0.,1.));
#5435 = ORIENTED_EDGE('',*,*,#2930,.F.);
#5436 = ORIENTED_EDGE('',*,*,#5430,.F.);
#5437 = CYLINDRICAL_SURFACE('',#5438,0.4);
#5438 = AXIS2_PLACEMENT_3D('',#5439,#5440,#5441);
#5439 = CARTESIAN_POINT('',(110.16,-82.15,-4.6E-02));
#5440 = DIRECTION('',(-0.,-0.,-1.));
#5441 = DIRECTION('',(-0.,-1.,0.));
#5442 = ADVANCED_FACE('',(#5443),#5454,.F.);
#5443 = FACE_BOUND('',#5444,.T.);
#5444 = EDGE_LOOP('',(#5445,#5446,#5452,#5453));
#5445 = ORIENTED_EDGE('',*,*,#779,.T.);
#5446 = ORIENTED_EDGE('',*,*,#5447,.T.);
#5447 = EDGE_CURVE('',#780,#2942,#5448,.T.);
#5448 = LINE('',#5449,#5450);
#5449 = CARTESIAN_POINT('',(115.26,-84.99,-4.6E-02));
#5450 = VECTOR('',#5451,1.);
#5451 = DIRECTION('',(0.,0.,1.));
#5452 = ORIENTED_EDGE('',*,*,#2941,.F.);
#5453 = ORIENTED_EDGE('',*,*,#5447,.F.);
#5454 = CYLINDRICAL_SURFACE('',#5455,0.4);
#5455 = AXIS2_PLACEMENT_3D('',#5456,#5457,#5458);
#5456 = CARTESIAN_POINT('',(115.26,-84.59,-4.6E-02));
#5457 = DIRECTION('',(-0.,0.,-1.));
#5458 = DIRECTION('',(3.5527136788E-14,-1.,-0.));
#5459 = ADVANCED_FACE('',(#5460),#5471,.F.);
#5460 = FACE_BOUND('',#5461,.T.);
#5461 = EDGE_LOOP('',(#5462,#5463,#5469,#5470));
#5462 = ORIENTED_EDGE('',*,*,#790,.T.);
#5463 = ORIENTED_EDGE('',*,*,#5464,.T.);
#5464 = EDGE_CURVE('',#791,#2953,#5465,.T.);
#5465 = LINE('',#5466,#5467);
#5466 = CARTESIAN_POINT('',(115.26,-82.45,-4.6E-02));
#5467 = VECTOR('',#5468,1.);
#5468 = DIRECTION('',(0.,0.,1.));
#5469 = ORIENTED_EDGE('',*,*,#2952,.F.);
#5470 = ORIENTED_EDGE('',*,*,#5464,.F.);
#5471 = CYLINDRICAL_SURFACE('',#5472,0.4);
#5472 = AXIS2_PLACEMENT_3D('',#5473,#5474,#5475);
#5473 = CARTESIAN_POINT('',(115.26,-82.05,-4.6E-02));
#5474 = DIRECTION('',(-0.,0.,-1.));
#5475 = DIRECTION('',(3.5527136788E-14,-1.,-0.));
#5476 = ADVANCED_FACE('',(#5477),#5488,.F.);
#5477 = FACE_BOUND('',#5478,.T.);
#5478 = EDGE_LOOP('',(#5479,#5480,#5486,#5487));
#5479 = ORIENTED_EDGE('',*,*,#801,.T.);
#5480 = ORIENTED_EDGE('',*,*,#5481,.T.);
#5481 = EDGE_CURVE('',#802,#2964,#5482,.T.);
#5482 = LINE('',#5483,#5484);
#5483 = CARTESIAN_POINT('',(123.3,-101.,-4.6E-02));
#5484 = VECTOR('',#5485,1.);
#5485 = DIRECTION('',(0.,0.,1.));
#5486 = ORIENTED_EDGE('',*,*,#2963,.F.);
#5487 = ORIENTED_EDGE('',*,*,#5481,.F.);
#5488 = CYLINDRICAL_SURFACE('',#5489,0.4);
#5489 = AXIS2_PLACEMENT_3D('',#5490,#5491,#5492);
#5490 = CARTESIAN_POINT('',(123.3,-100.6,-4.6E-02));
#5491 = DIRECTION('',(-0.,-0.,-1.));
#5492 = DIRECTION('',(-3.552713678801E-14,-1.,0.));
#5493 = ADVANCED_FACE('',(#5494),#5505,.F.);
#5494 = FACE_BOUND('',#5495,.T.);
#5495 = EDGE_LOOP('',(#5496,#5497,#5503,#5504));
#5496 = ORIENTED_EDGE('',*,*,#812,.T.);
#5497 = ORIENTED_EDGE('',*,*,#5498,.T.);
#5498 = EDGE_CURVE('',#813,#2975,#5499,.T.);
#5499 = LINE('',#5500,#5501);
#5500 = CARTESIAN_POINT('',(138.2,-101.,-4.6E-02));
#5501 = VECTOR('',#5502,1.);
#5502 = DIRECTION('',(0.,0.,1.));
#5503 = ORIENTED_EDGE('',*,*,#2974,.F.);
#5504 = ORIENTED_EDGE('',*,*,#5498,.F.);
#5505 = CYLINDRICAL_SURFACE('',#5506,0.4);
#5506 = AXIS2_PLACEMENT_3D('',#5507,#5508,#5509);
#5507 = CARTESIAN_POINT('',(138.2,-100.6,-4.6E-02));
#5508 = DIRECTION('',(-0.,-0.,-1.));
#5509 = DIRECTION('',(-0.,-1.,0.));
#5510 = ADVANCED_FACE('',(#5511),#5522,.F.);
#5511 = FACE_BOUND('',#5512,.T.);
#5512 = EDGE_LOOP('',(#5513,#5514,#5520,#5521));
#5513 = ORIENTED_EDGE('',*,*,#823,.T.);
#5514 = ORIENTED_EDGE('',*,*,#5515,.T.);
#5515 = EDGE_CURVE('',#824,#2986,#5516,.T.);
#5516 = LINE('',#5517,#5518);
#5517 = CARTESIAN_POINT('',(141.7,-101.,-4.6E-02));
#5518 = VECTOR('',#5519,1.);
#5519 = DIRECTION('',(0.,0.,1.));
#5520 = ORIENTED_EDGE('',*,*,#2985,.F.);
#5521 = ORIENTED_EDGE('',*,*,#5515,.F.);
#5522 = CYLINDRICAL_SURFACE('',#5523,0.4);
#5523 = AXIS2_PLACEMENT_3D('',#5524,#5525,#5526);
#5524 = CARTESIAN_POINT('',(141.7,-100.6,-4.6E-02));
#5525 = DIRECTION('',(-0.,-0.,-1.));
#5526 = DIRECTION('',(-0.,-1.,0.));
#5527 = ADVANCED_FACE('',(#5528),#5539,.F.);
#5528 = FACE_BOUND('',#5529,.T.);
#5529 = EDGE_LOOP('',(#5530,#5536,#5537,#5538));
#5530 = ORIENTED_EDGE('',*,*,#5531,.T.);
#5531 = EDGE_CURVE('',#835,#2997,#5532,.T.);
#5532 = LINE('',#5533,#5534);
#5533 = CARTESIAN_POINT('',(176.464911,-106.9,0.));
#5534 = VECTOR('',#5535,1.);
#5535 = DIRECTION('',(0.,0.,1.));
#5536 = ORIENTED_EDGE('',*,*,#2996,.T.);
#5537 = ORIENTED_EDGE('',*,*,#5531,.F.);
#5538 = ORIENTED_EDGE('',*,*,#834,.F.);
#5539 = CYLINDRICAL_SURFACE('',#5540,1.264911);
#5540 = AXIS2_PLACEMENT_3D('',#5541,#5542,#5543);
#5541 = CARTESIAN_POINT('',(175.2,-106.9,0.));
#5542 = DIRECTION('',(-0.,-0.,-1.));
#5543 = DIRECTION('',(1.,0.,-0.));
#5544 = ADVANCED_FACE('',(#5545),#5556,.F.);
#5545 = FACE_BOUND('',#5546,.T.);
#5546 = EDGE_LOOP('',(#5547,#5548,#5554,#5555));
#5547 = ORIENTED_EDGE('',*,*,#845,.T.);
#5548 = ORIENTED_EDGE('',*,*,#5549,.T.);
#5549 = EDGE_CURVE('',#846,#3008,#5550,.T.);
#5550 = LINE('',#5551,#5552);
#5551 = CARTESIAN_POINT('',(127.96,-97.69,-4.6E-02));
#5552 = VECTOR('',#5553,1.);
#5553 = DIRECTION('',(0.,0.,1.));
#5554 = ORIENTED_EDGE('',*,*,#3007,.F.);
#5555 = ORIENTED_EDGE('',*,*,#5549,.F.);
#5556 = CYLINDRICAL_SURFACE('',#5557,0.4);
#5557 = AXIS2_PLACEMENT_3D('',#5558,#5559,#5560);
#5558 = CARTESIAN_POINT('',(127.96,-97.29,-4.6E-02));
#5559 = DIRECTION('',(-0.,-0.,-1.));
#5560 = DIRECTION('',(-3.552713678801E-14,-1.,0.));
#5561 = ADVANCED_FACE('',(#5562),#5573,.F.);
#5562 = FACE_BOUND('',#5563,.T.);
#5563 = EDGE_LOOP('',(#5564,#5565,#5571,#5572));
#5564 = ORIENTED_EDGE('',*,*,#856,.T.);
#5565 = ORIENTED_EDGE('',*,*,#5566,.T.);
#5566 = EDGE_CURVE('',#857,#3019,#5567,.T.);
#5567 = LINE('',#5568,#5569);
#5568 = CARTESIAN_POINT('',(133.46,-97.79,-4.6E-02));
#5569 = VECTOR('',#5570,1.);
#5570 = DIRECTION('',(0.,0.,1.));
#5571 = ORIENTED_EDGE('',*,*,#3018,.F.);
#5572 = ORIENTED_EDGE('',*,*,#5566,.F.);
#5573 = CYLINDRICAL_SURFACE('',#5574,0.4);
#5574 = AXIS2_PLACEMENT_3D('',#5575,#5576,#5577);
#5575 = CARTESIAN_POINT('',(133.46,-97.39,-4.6E-02));
#5576 = DIRECTION('',(-0.,-0.,-1.));
#5577 = DIRECTION('',(-0.,-1.,0.));
#5578 = ADVANCED_FACE('',(#5579),#5590,.F.);
#5579 = FACE_BOUND('',#5580,.T.);
#5580 = EDGE_LOOP('',(#5581,#5582,#5588,#5589));
#5581 = ORIENTED_EDGE('',*,*,#867,.T.);
#5582 = ORIENTED_EDGE('',*,*,#5583,.T.);
#5583 = EDGE_CURVE('',#868,#3030,#5584,.T.);
#5584 = LINE('',#5585,#5586);
#5585 = CARTESIAN_POINT('',(127.96,-95.15,-4.6E-02));
#5586 = VECTOR('',#5587,1.);
#5587 = DIRECTION('',(0.,0.,1.));
#5588 = ORIENTED_EDGE('',*,*,#3029,.F.);
#5589 = ORIENTED_EDGE('',*,*,#5583,.F.);
#5590 = CYLINDRICAL_SURFACE('',#5591,0.4);
#5591 = AXIS2_PLACEMENT_3D('',#5592,#5593,#5594);
#5592 = CARTESIAN_POINT('',(127.96,-94.75,-4.6E-02));
#5593 = DIRECTION('',(-0.,-0.,-1.));
#5594 = DIRECTION('',(-3.5527136788E-14,-1.,0.));
#5595 = ADVANCED_FACE('',(#5596),#5607,.F.);
#5596 = FACE_BOUND('',#5597,.T.);
#5597 = EDGE_LOOP('',(#5598,#5599,#5605,#5606));
#5598 = ORIENTED_EDGE('',*,*,#878,.T.);
#5599 = ORIENTED_EDGE('',*,*,#5600,.T.);
#5600 = EDGE_CURVE('',#879,#3041,#5601,.T.);
#5601 = LINE('',#5602,#5603);
#5602 = CARTESIAN_POINT('',(133.46,-95.25,-4.6E-02));
#5603 = VECTOR('',#5604,1.);
#5604 = DIRECTION('',(0.,0.,1.));
#5605 = ORIENTED_EDGE('',*,*,#3040,.F.);
#5606 = ORIENTED_EDGE('',*,*,#5600,.F.);
#5607 = CYLINDRICAL_SURFACE('',#5608,0.4);
#5608 = AXIS2_PLACEMENT_3D('',#5609,#5610,#5611);
#5609 = CARTESIAN_POINT('',(133.46,-94.85,-4.6E-02));
#5610 = DIRECTION('',(-0.,-0.,-1.));
#5611 = DIRECTION('',(-0.,-1.,0.));
#5612 = ADVANCED_FACE('',(#5613),#5624,.F.);
#5613 = FACE_BOUND('',#5614,.T.);
#5614 = EDGE_LOOP('',(#5615,#5616,#5622,#5623));
#5615 = ORIENTED_EDGE('',*,*,#889,.T.);
#5616 = ORIENTED_EDGE('',*,*,#5617,.T.);
#5617 = EDGE_CURVE('',#890,#3052,#5618,.T.);
#5618 = LINE('',#5619,#5620);
#5619 = CARTESIAN_POINT('',(127.96,-92.61,-4.6E-02));
#5620 = VECTOR('',#5621,1.);
#5621 = DIRECTION('',(0.,0.,1.));
#5622 = ORIENTED_EDGE('',*,*,#3051,.F.);
#5623 = ORIENTED_EDGE('',*,*,#5617,.F.);
#5624 = CYLINDRICAL_SURFACE('',#5625,0.4);
#5625 = AXIS2_PLACEMENT_3D('',#5626,#5627,#5628);
#5626 = CARTESIAN_POINT('',(127.96,-92.21,-4.6E-02));
#5627 = DIRECTION('',(-0.,-0.,-1.));
#5628 = DIRECTION('',(-3.5527136788E-14,-1.,0.));
#5629 = ADVANCED_FACE('',(#5630),#5641,.F.);
#5630 = FACE_BOUND('',#5631,.T.);
#5631 = EDGE_LOOP('',(#5632,#5633,#5639,#5640));
#5632 = ORIENTED_EDGE('',*,*,#900,.T.);
#5633 = ORIENTED_EDGE('',*,*,#5634,.T.);
#5634 = EDGE_CURVE('',#901,#3063,#5635,.T.);
#5635 = LINE('',#5636,#5637);
#5636 = CARTESIAN_POINT('',(133.46,-92.71,-4.6E-02));
#5637 = VECTOR('',#5638,1.);
#5638 = DIRECTION('',(0.,0.,1.));
#5639 = ORIENTED_EDGE('',*,*,#3062,.F.);
#5640 = ORIENTED_EDGE('',*,*,#5634,.F.);
#5641 = CYLINDRICAL_SURFACE('',#5642,0.4);
#5642 = AXIS2_PLACEMENT_3D('',#5643,#5644,#5645);
#5643 = CARTESIAN_POINT('',(133.46,-92.31,-4.6E-02));
#5644 = DIRECTION('',(-0.,-0.,-1.));
#5645 = DIRECTION('',(-0.,-1.,0.));
#5646 = ADVANCED_FACE('',(#5647),#5658,.F.);
#5647 = FACE_BOUND('',#5648,.T.);
#5648 = EDGE_LOOP('',(#5649,#5650,#5656,#5657));
#5649 = ORIENTED_EDGE('',*,*,#911,.T.);
#5650 = ORIENTED_EDGE('',*,*,#5651,.T.);
#5651 = EDGE_CURVE('',#912,#3074,#5652,.T.);
#5652 = LINE('',#5653,#5654);
#5653 = CARTESIAN_POINT('',(127.96,-90.07,-4.6E-02));
#5654 = VECTOR('',#5655,1.);
#5655 = DIRECTION('',(0.,0.,1.));
#5656 = ORIENTED_EDGE('',*,*,#3073,.F.);
#5657 = ORIENTED_EDGE('',*,*,#5651,.F.);
#5658 = CYLINDRICAL_SURFACE('',#5659,0.4);
#5659 = AXIS2_PLACEMENT_3D('',#5660,#5661,#5662);
#5660 = CARTESIAN_POINT('',(127.96,-89.67,-4.6E-02));
#5661 = DIRECTION('',(-0.,-0.,-1.));
#5662 = DIRECTION('',(-3.552713678801E-14,-1.,0.));
#5663 = ADVANCED_FACE('',(#5664),#5675,.F.);
#5664 = FACE_BOUND('',#5665,.T.);
#5665 = EDGE_LOOP('',(#5666,#5667,#5673,#5674));
#5666 = ORIENTED_EDGE('',*,*,#922,.T.);
#5667 = ORIENTED_EDGE('',*,*,#5668,.T.);
#5668 = EDGE_CURVE('',#923,#3085,#5669,.T.);
#5669 = LINE('',#5670,#5671);
#5670 = CARTESIAN_POINT('',(133.46,-90.17,-4.6E-02));
#5671 = VECTOR('',#5672,1.);
#5672 = DIRECTION('',(0.,0.,1.));
#5673 = ORIENTED_EDGE('',*,*,#3084,.F.);
#5674 = ORIENTED_EDGE('',*,*,#5668,.F.);
#5675 = CYLINDRICAL_SURFACE('',#5676,0.4);
#5676 = AXIS2_PLACEMENT_3D('',#5677,#5678,#5679);
#5677 = CARTESIAN_POINT('',(133.46,-89.77,-4.6E-02));
#5678 = DIRECTION('',(-0.,-0.,-1.));
#5679 = DIRECTION('',(-0.,-1.,0.));
#5680 = ADVANCED_FACE('',(#5681),#5692,.F.);
#5681 = FACE_BOUND('',#5682,.T.);
#5682 = EDGE_LOOP('',(#5683,#5684,#5690,#5691));
#5683 = ORIENTED_EDGE('',*,*,#933,.T.);
#5684 = ORIENTED_EDGE('',*,*,#5685,.T.);
#5685 = EDGE_CURVE('',#934,#3096,#5686,.T.);
#5686 = LINE('',#5687,#5688);
#5687 = CARTESIAN_POINT('',(146.16,-97.79,-4.6E-02));
#5688 = VECTOR('',#5689,1.);
#5689 = DIRECTION('',(0.,0.,1.));
#5690 = ORIENTED_EDGE('',*,*,#3095,.F.);
#5691 = ORIENTED_EDGE('',*,*,#5685,.F.);
#5692 = CYLINDRICAL_SURFACE('',#5693,0.4);
#5693 = AXIS2_PLACEMENT_3D('',#5694,#5695,#5696);
#5694 = CARTESIAN_POINT('',(146.16,-97.39,-4.6E-02));
#5695 = DIRECTION('',(-0.,-0.,-1.));
#5696 = DIRECTION('',(-0.,-1.,0.));
#5697 = ADVANCED_FACE('',(#5698),#5709,.F.);
#5698 = FACE_BOUND('',#5699,.T.);
#5699 = EDGE_LOOP('',(#5700,#5701,#5707,#5708));
#5700 = ORIENTED_EDGE('',*,*,#944,.T.);
#5701 = ORIENTED_EDGE('',*,*,#5702,.T.);
#5702 = EDGE_CURVE('',#945,#3107,#5703,.T.);
#5703 = LINE('',#5704,#5705);
#5704 = CARTESIAN_POINT('',(146.16,-95.25,-4.6E-02));
#5705 = VECTOR('',#5706,1.);
#5706 = DIRECTION('',(0.,0.,1.));
#5707 = ORIENTED_EDGE('',*,*,#3106,.F.);
#5708 = ORIENTED_EDGE('',*,*,#5702,.F.);
#5709 = CYLINDRICAL_SURFACE('',#5710,0.4);
#5710 = AXIS2_PLACEMENT_3D('',#5711,#5712,#5713);
#5711 = CARTESIAN_POINT('',(146.16,-94.85,-4.6E-02));
#5712 = DIRECTION('',(-0.,-0.,-1.));
#5713 = DIRECTION('',(-0.,-1.,0.));
#5714 = ADVANCED_FACE('',(#5715),#5726,.F.);
#5715 = FACE_BOUND('',#5716,.T.);
#5716 = EDGE_LOOP('',(#5717,#5718,#5724,#5725));
#5717 = ORIENTED_EDGE('',*,*,#955,.T.);
#5718 = ORIENTED_EDGE('',*,*,#5719,.T.);
#5719 = EDGE_CURVE('',#956,#3118,#5720,.T.);
#5720 = LINE('',#5721,#5722);
#5721 = CARTESIAN_POINT('',(146.16,-92.71,-4.6E-02));
#5722 = VECTOR('',#5723,1.);
#5723 = DIRECTION('',(0.,0.,1.));
#5724 = ORIENTED_EDGE('',*,*,#3117,.F.);
#5725 = ORIENTED_EDGE('',*,*,#5719,.F.);
#5726 = CYLINDRICAL_SURFACE('',#5727,0.4);
#5727 = AXIS2_PLACEMENT_3D('',#5728,#5729,#5730);
#5728 = CARTESIAN_POINT('',(146.16,-92.31,-4.6E-02));
#5729 = DIRECTION('',(-0.,-0.,-1.));
#5730 = DIRECTION('',(-0.,-1.,0.));
#5731 = ADVANCED_FACE('',(#5732),#5743,.F.);
#5732 = FACE_BOUND('',#5733,.T.);
#5733 = EDGE_LOOP('',(#5734,#5735,#5741,#5742));
#5734 = ORIENTED_EDGE('',*,*,#966,.T.);
#5735 = ORIENTED_EDGE('',*,*,#5736,.T.);
#5736 = EDGE_CURVE('',#967,#3129,#5737,.T.);
#5737 = LINE('',#5738,#5739);
#5738 = CARTESIAN_POINT('',(146.16,-90.17,-4.6E-02));
#5739 = VECTOR('',#5740,1.);
#5740 = DIRECTION('',(0.,0.,1.));
#5741 = ORIENTED_EDGE('',*,*,#3128,.F.);
#5742 = ORIENTED_EDGE('',*,*,#5736,.F.);
#5743 = CYLINDRICAL_SURFACE('',#5744,0.4);
#5744 = AXIS2_PLACEMENT_3D('',#5745,#5746,#5747);
#5745 = CARTESIAN_POINT('',(146.16,-89.77,-4.6E-02));
#5746 = DIRECTION('',(-0.,-0.,-1.));
#5747 = DIRECTION('',(-0.,-1.,0.));
#5748 = ADVANCED_FACE('',(#5749),#5760,.F.);
#5749 = FACE_BOUND('',#5750,.T.);
#5750 = EDGE_LOOP('',(#5751,#5752,#5758,#5759));
#5751 = ORIENTED_EDGE('',*,*,#977,.T.);
#5752 = ORIENTED_EDGE('',*,*,#5753,.T.);
#5753 = EDGE_CURVE('',#978,#3140,#5754,.T.);
#5754 = LINE('',#5755,#5756);
#5755 = CARTESIAN_POINT('',(133.46,-87.63,-4.6E-02));
#5756 = VECTOR('',#5757,1.);
#5757 = DIRECTION('',(0.,0.,1.));
#5758 = ORIENTED_EDGE('',*,*,#3139,.F.);
#5759 = ORIENTED_EDGE('',*,*,#5753,.F.);
#5760 = CYLINDRICAL_SURFACE('',#5761,0.4);
#5761 = AXIS2_PLACEMENT_3D('',#5762,#5763,#5764);
#5762 = CARTESIAN_POINT('',(133.46,-87.23,-4.6E-02));
#5763 = DIRECTION('',(-0.,-0.,-1.));
#5764 = DIRECTION('',(-0.,-1.,0.));
#5765 = ADVANCED_FACE('',(#5766),#5777,.F.);
#5766 = FACE_BOUND('',#5767,.T.);
#5767 = EDGE_LOOP('',(#5768,#5769,#5775,#5776));
#5768 = ORIENTED_EDGE('',*,*,#988,.T.);
#5769 = ORIENTED_EDGE('',*,*,#5770,.T.);
#5770 = EDGE_CURVE('',#989,#3151,#5771,.T.);
#5771 = LINE('',#5772,#5773);
#5772 = CARTESIAN_POINT('',(127.96,-87.53,-4.6E-02));
#5773 = VECTOR('',#5774,1.);
#5774 = DIRECTION('',(0.,0.,1.));
#5775 = ORIENTED_EDGE('',*,*,#3150,.F.);
#5776 = ORIENTED_EDGE('',*,*,#5770,.F.);
#5777 = CYLINDRICAL_SURFACE('',#5778,0.4);
#5778 = AXIS2_PLACEMENT_3D('',#5779,#5780,#5781);
#5779 = CARTESIAN_POINT('',(127.96,-87.13,-4.6E-02));
#5780 = DIRECTION('',(-0.,-0.,-1.));
#5781 = DIRECTION('',(-3.5527136788E-14,-1.,0.));
#5782 = ADVANCED_FACE('',(#5783),#5794,.F.);
#5783 = FACE_BOUND('',#5784,.T.);
#5784 = EDGE_LOOP('',(#5785,#5786,#5792,#5793));
#5785 = ORIENTED_EDGE('',*,*,#999,.T.);
#5786 = ORIENTED_EDGE('',*,*,#5787,.T.);
#5787 = EDGE_CURVE('',#1000,#3162,#5788,.T.);
#5788 = LINE('',#5789,#5790);
#5789 = CARTESIAN_POINT('',(127.96,-84.99,-4.6E-02));
#5790 = VECTOR('',#5791,1.);
#5791 = DIRECTION('',(0.,0.,1.));
#5792 = ORIENTED_EDGE('',*,*,#3161,.F.);
#5793 = ORIENTED_EDGE('',*,*,#5787,.F.);
#5794 = CYLINDRICAL_SURFACE('',#5795,0.4);
#5795 = AXIS2_PLACEMENT_3D('',#5796,#5797,#5798);
#5796 = CARTESIAN_POINT('',(127.96,-84.59,-4.6E-02));
#5797 = DIRECTION('',(-0.,-0.,-1.));
#5798 = DIRECTION('',(-3.5527136788E-14,-1.,0.));
#5799 = ADVANCED_FACE('',(#5800),#5811,.F.);
#5800 = FACE_BOUND('',#5801,.T.);
#5801 = EDGE_LOOP('',(#5802,#5803,#5809,#5810));
#5802 = ORIENTED_EDGE('',*,*,#1010,.T.);
#5803 = ORIENTED_EDGE('',*,*,#5804,.T.);
#5804 = EDGE_CURVE('',#1011,#3173,#5805,.T.);
#5805 = LINE('',#5806,#5807);
#5806 = CARTESIAN_POINT('',(133.46,-85.09,-4.6E-02));
#5807 = VECTOR('',#5808,1.);
#5808 = DIRECTION('',(0.,0.,1.));
#5809 = ORIENTED_EDGE('',*,*,#3172,.F.);
#5810 = ORIENTED_EDGE('',*,*,#5804,.F.);
#5811 = CYLINDRICAL_SURFACE('',#5812,0.4);
#5812 = AXIS2_PLACEMENT_3D('',#5813,#5814,#5815);
#5813 = CARTESIAN_POINT('',(133.46,-84.69,-4.6E-02));
#5814 = DIRECTION('',(-0.,-0.,-1.));
#5815 = DIRECTION('',(-0.,-1.,0.));
#5816 = ADVANCED_FACE('',(#5817),#5828,.F.);
#5817 = FACE_BOUND('',#5818,.T.);
#5818 = EDGE_LOOP('',(#5819,#5820,#5826,#5827));
#5819 = ORIENTED_EDGE('',*,*,#1021,.T.);
#5820 = ORIENTED_EDGE('',*,*,#5821,.T.);
#5821 = EDGE_CURVE('',#1022,#3184,#5822,.T.);
#5822 = LINE('',#5823,#5824);
#5823 = CARTESIAN_POINT('',(127.96,-82.45,-4.6E-02));
#5824 = VECTOR('',#5825,1.);
#5825 = DIRECTION('',(0.,0.,1.));
#5826 = ORIENTED_EDGE('',*,*,#3183,.F.);
#5827 = ORIENTED_EDGE('',*,*,#5821,.F.);
#5828 = CYLINDRICAL_SURFACE('',#5829,0.4);
#5829 = AXIS2_PLACEMENT_3D('',#5830,#5831,#5832);
#5830 = CARTESIAN_POINT('',(127.96,-82.05,-4.6E-02));
#5831 = DIRECTION('',(-0.,-0.,-1.));
#5832 = DIRECTION('',(-3.5527136788E-14,-1.,0.));
#5833 = ADVANCED_FACE('',(#5834),#5845,.F.);
#5834 = FACE_BOUND('',#5835,.T.);
#5835 = EDGE_LOOP('',(#5836,#5837,#5843,#5844));
#5836 = ORIENTED_EDGE('',*,*,#1032,.T.);
#5837 = ORIENTED_EDGE('',*,*,#5838,.T.);
#5838 = EDGE_CURVE('',#1033,#3195,#5839,.T.);
#5839 = LINE('',#5840,#5841);
#5840 = CARTESIAN_POINT('',(133.46,-82.55,-4.6E-02));
#5841 = VECTOR('',#5842,1.);
#5842 = DIRECTION('',(0.,0.,1.));
#5843 = ORIENTED_EDGE('',*,*,#3194,.F.);
#5844 = ORIENTED_EDGE('',*,*,#5838,.F.);
#5845 = CYLINDRICAL_SURFACE('',#5846,0.4);
#5846 = AXIS2_PLACEMENT_3D('',#5847,#5848,#5849);
#5847 = CARTESIAN_POINT('',(133.46,-82.15,-4.6E-02));
#5848 = DIRECTION('',(-0.,-0.,-1.));
#5849 = DIRECTION('',(-0.,-1.,0.));
#5850 = ADVANCED_FACE('',(#5851),#5862,.F.);
#5851 = FACE_BOUND('',#5852,.T.);
#5852 = EDGE_LOOP('',(#5853,#5854,#5860,#5861));
#5853 = ORIENTED_EDGE('',*,*,#1043,.T.);
#5854 = ORIENTED_EDGE('',*,*,#5855,.T.);
#5855 = EDGE_CURVE('',#1044,#3206,#5856,.T.);
#5856 = LINE('',#5857,#5858);
#5857 = CARTESIAN_POINT('',(146.16,-87.63,-4.6E-02));
#5858 = VECTOR('',#5859,1.);
#5859 = DIRECTION('',(0.,0.,1.));
#5860 = ORIENTED_EDGE('',*,*,#3205,.F.);
#5861 = ORIENTED_EDGE('',*,*,#5855,.F.);
#5862 = CYLINDRICAL_SURFACE('',#5863,0.4);
#5863 = AXIS2_PLACEMENT_3D('',#5864,#5865,#5866);
#5864 = CARTESIAN_POINT('',(146.16,-87.23,-4.6E-02));
#5865 = DIRECTION('',(-0.,-0.,-1.));
#5866 = DIRECTION('',(-0.,-1.,0.));
#5867 = ADVANCED_FACE('',(#5868),#5879,.F.);
#5868 = FACE_BOUND('',#5869,.T.);
#5869 = EDGE_LOOP('',(#5870,#5871,#5877,#5878));
#5870 = ORIENTED_EDGE('',*,*,#1054,.T.);
#5871 = ORIENTED_EDGE('',*,*,#5872,.T.);
#5872 = EDGE_CURVE('',#1055,#3217,#5873,.T.);
#5873 = LINE('',#5874,#5875);
#5874 = CARTESIAN_POINT('',(146.16,-85.09,-4.6E-02));
#5875 = VECTOR('',#5876,1.);
#5876 = DIRECTION('',(0.,0.,1.));
#5877 = ORIENTED_EDGE('',*,*,#3216,.F.);
#5878 = ORIENTED_EDGE('',*,*,#5872,.F.);
#5879 = CYLINDRICAL_SURFACE('',#5880,0.4);
#5880 = AXIS2_PLACEMENT_3D('',#5881,#5882,#5883);
#5881 = CARTESIAN_POINT('',(146.16,-84.69,-4.6E-02));
#5882 = DIRECTION('',(-0.,-0.,-1.));
#5883 = DIRECTION('',(-0.,-1.,0.));
#5884 = ADVANCED_FACE('',(#5885),#5896,.F.);
#5885 = FACE_BOUND('',#5886,.T.);
#5886 = EDGE_LOOP('',(#5887,#5888,#5894,#5895));
#5887 = ORIENTED_EDGE('',*,*,#1065,.T.);
#5888 = ORIENTED_EDGE('',*,*,#5889,.T.);
#5889 = EDGE_CURVE('',#1066,#3228,#5890,.T.);
#5890 = LINE('',#5891,#5892);
#5891 = CARTESIAN_POINT('',(146.16,-82.55,-4.6E-02));
#5892 = VECTOR('',#5893,1.);
#5893 = DIRECTION('',(0.,0.,1.));
#5894 = ORIENTED_EDGE('',*,*,#3227,.F.);
#5895 = ORIENTED_EDGE('',*,*,#5889,.F.);
#5896 = CYLINDRICAL_SURFACE('',#5897,0.4);
#5897 = AXIS2_PLACEMENT_3D('',#5898,#5899,#5900);
#5898 = CARTESIAN_POINT('',(146.16,-82.15,-4.6E-02));
#5899 = DIRECTION('',(-0.,-0.,-1.));
#5900 = DIRECTION('',(-0.,-1.,0.));
#5901 = ADVANCED_FACE('',(#5902),#5913,.F.);
#5902 = FACE_BOUND('',#5903,.T.);
#5903 = EDGE_LOOP('',(#5904,#5905,#5911,#5912));
#5904 = ORIENTED_EDGE('',*,*,#1076,.T.);
#5905 = ORIENTED_EDGE('',*,*,#5906,.T.);
#5906 = EDGE_CURVE('',#1077,#3239,#5907,.T.);
#5907 = LINE('',#5908,#5909);
#5908 = CARTESIAN_POINT('',(163.26,-98.7,-4.6E-02));
#5909 = VECTOR('',#5910,1.);
#5910 = DIRECTION('',(0.,0.,1.));
#5911 = ORIENTED_EDGE('',*,*,#3238,.F.);
#5912 = ORIENTED_EDGE('',*,*,#5906,.F.);
#5913 = CYLINDRICAL_SURFACE('',#5914,0.5);
#5914 = AXIS2_PLACEMENT_3D('',#5915,#5916,#5917);
#5915 = CARTESIAN_POINT('',(163.26,-98.2,-4.6E-02));
#5916 = DIRECTION('',(-0.,-0.,-1.));
#5917 = DIRECTION('',(-0.,-1.,0.));
#5918 = ADVANCED_FACE('',(#5919),#5930,.F.);
#5919 = FACE_BOUND('',#5920,.T.);
#5920 = EDGE_LOOP('',(#5921,#5922,#5928,#5929));
#5921 = ORIENTED_EDGE('',*,*,#1087,.T.);
#5922 = ORIENTED_EDGE('',*,*,#5923,.T.);
#5923 = EDGE_CURVE('',#1088,#3250,#5924,.T.);
#5924 = LINE('',#5925,#5926);
#5925 = CARTESIAN_POINT('',(165.8,-98.7,-4.6E-02));
#5926 = VECTOR('',#5927,1.);
#5927 = DIRECTION('',(0.,0.,1.));
#5928 = ORIENTED_EDGE('',*,*,#3249,.F.);
#5929 = ORIENTED_EDGE('',*,*,#5923,.F.);
#5930 = CYLINDRICAL_SURFACE('',#5931,0.5);
#5931 = AXIS2_PLACEMENT_3D('',#5932,#5933,#5934);
#5932 = CARTESIAN_POINT('',(165.8,-98.2,-4.6E-02));
#5933 = DIRECTION('',(-0.,-0.,-1.));
#5934 = DIRECTION('',(-0.,-1.,0.));
#5935 = ADVANCED_FACE('',(#5936),#5947,.F.);
#5936 = FACE_BOUND('',#5937,.T.);
#5937 = EDGE_LOOP('',(#5938,#5939,#5945,#5946));
#5938 = ORIENTED_EDGE('',*,*,#1098,.T.);
#5939 = ORIENTED_EDGE('',*,*,#5940,.T.);
#5940 = EDGE_CURVE('',#1099,#3261,#5941,.T.);
#5941 = LINE('',#5942,#5943);
#5942 = CARTESIAN_POINT('',(168.34,-98.7,-4.6E-02));
#5943 = VECTOR('',#5944,1.);
#5944 = DIRECTION('',(0.,0.,1.));
#5945 = ORIENTED_EDGE('',*,*,#3260,.F.);
#5946 = ORIENTED_EDGE('',*,*,#5940,.F.);
#5947 = CYLINDRICAL_SURFACE('',#5948,0.5);
#5948 = AXIS2_PLACEMENT_3D('',#5949,#5950,#5951);
#5949 = CARTESIAN_POINT('',(168.34,-98.2,-4.6E-02));
#5950 = DIRECTION('',(-0.,-0.,-1.));
#5951 = DIRECTION('',(-0.,-1.,0.));
#5952 = ADVANCED_FACE('',(#5953),#5964,.F.);
#5953 = FACE_BOUND('',#5954,.T.);
#5954 = EDGE_LOOP('',(#5955,#5956,#5962,#5963));
#5955 = ORIENTED_EDGE('',*,*,#1109,.T.);
#5956 = ORIENTED_EDGE('',*,*,#5957,.T.);
#5957 = EDGE_CURVE('',#1110,#3272,#5958,.T.);
#5958 = LINE('',#5959,#5960);
#5959 = CARTESIAN_POINT('',(162.7,-93.3,-4.6E-02));
#5960 = VECTOR('',#5961,1.);
#5961 = DIRECTION('',(0.,0.,1.));
#5962 = ORIENTED_EDGE('',*,*,#3271,.F.);
#5963 = ORIENTED_EDGE('',*,*,#5957,.F.);
#5964 = CYLINDRICAL_SURFACE('',#5965,0.4);
#5965 = AXIS2_PLACEMENT_3D('',#5966,#5967,#5968);
#5966 = CARTESIAN_POINT('',(162.7,-92.9,-4.6E-02));
#5967 = DIRECTION('',(-0.,-0.,-1.));
#5968 = DIRECTION('',(-0.,-1.,0.));
#5969 = ADVANCED_FACE('',(#5970),#5981,.F.);
#5970 = FACE_BOUND('',#5971,.T.);
#5971 = EDGE_LOOP('',(#5972,#5973,#5979,#5980));
#5972 = ORIENTED_EDGE('',*,*,#1120,.T.);
#5973 = ORIENTED_EDGE('',*,*,#5974,.T.);
#5974 = EDGE_CURVE('',#1121,#3283,#5975,.T.);
#5975 = LINE('',#5976,#5977);
#5976 = CARTESIAN_POINT('',(164.7,-93.3,-4.6E-02));
#5977 = VECTOR('',#5978,1.);
#5978 = DIRECTION('',(0.,0.,1.));
#5979 = ORIENTED_EDGE('',*,*,#3282,.F.);
#5980 = ORIENTED_EDGE('',*,*,#5974,.F.);
#5981 = CYLINDRICAL_SURFACE('',#5982,0.4);
#5982 = AXIS2_PLACEMENT_3D('',#5983,#5984,#5985);
#5983 = CARTESIAN_POINT('',(164.7,-92.9,-4.6E-02));
#5984 = DIRECTION('',(-0.,-0.,-1.));
#5985 = DIRECTION('',(-0.,-1.,0.));
#5986 = ADVANCED_FACE('',(#5987),#5998,.F.);
#5987 = FACE_BOUND('',#5988,.T.);
#5988 = EDGE_LOOP('',(#5989,#5990,#5996,#5997));
#5989 = ORIENTED_EDGE('',*,*,#1131,.T.);
#5990 = ORIENTED_EDGE('',*,*,#5991,.T.);
#5991 = EDGE_CURVE('',#1132,#3294,#5992,.T.);
#5992 = LINE('',#5993,#5994);
#5993 = CARTESIAN_POINT('',(166.7,-93.3,-4.6E-02));
#5994 = VECTOR('',#5995,1.);
#5995 = DIRECTION('',(0.,0.,1.));
#5996 = ORIENTED_EDGE('',*,*,#3293,.F.);
#5997 = ORIENTED_EDGE('',*,*,#5991,.F.);
#5998 = CYLINDRICAL_SURFACE('',#5999,0.4);
#5999 = AXIS2_PLACEMENT_3D('',#6000,#6001,#6002);
#6000 = CARTESIAN_POINT('',(166.7,-92.9,-4.6E-02));
#6001 = DIRECTION('',(-0.,-0.,-1.));
#6002 = DIRECTION('',(-0.,-1.,0.));
#6003 = ADVANCED_FACE('',(#6004),#6015,.F.);
#6004 = FACE_BOUND('',#6005,.T.);
#6005 = EDGE_LOOP('',(#6006,#6007,#6013,#6014));
#6006 = ORIENTED_EDGE('',*,*,#1142,.T.);
#6007 = ORIENTED_EDGE('',*,*,#6008,.T.);
#6008 = EDGE_CURVE('',#1143,#3305,#6009,.T.);
#6009 = LINE('',#6010,#6011);
#6010 = CARTESIAN_POINT('',(168.7,-93.3,-4.6E-02));
#6011 = VECTOR('',#6012,1.);
#6012 = DIRECTION('',(0.,0.,1.));
#6013 = ORIENTED_EDGE('',*,*,#3304,.F.);
#6014 = ORIENTED_EDGE('',*,*,#6008,.F.);
#6015 = CYLINDRICAL_SURFACE('',#6016,0.4);
#6016 = AXIS2_PLACEMENT_3D('',#6017,#6018,#6019);
#6017 = CARTESIAN_POINT('',(168.7,-92.9,-4.6E-02));
#6018 = DIRECTION('',(-0.,-0.,-1.));
#6019 = DIRECTION('',(-0.,-1.,0.));
#6020 = ADVANCED_FACE('',(#6021),#6032,.F.);
#6021 = FACE_BOUND('',#6022,.T.);
#6022 = EDGE_LOOP('',(#6023,#6024,#6030,#6031));
#6023 = ORIENTED_EDGE('',*,*,#1153,.T.);
#6024 = ORIENTED_EDGE('',*,*,#6025,.T.);
#6025 = EDGE_CURVE('',#1154,#3316,#6026,.T.);
#6026 = LINE('',#6027,#6028);
#6027 = CARTESIAN_POINT('',(162.7,-88.7,-4.6E-02));
#6028 = VECTOR('',#6029,1.);
#6029 = DIRECTION('',(0.,0.,1.));
#6030 = ORIENTED_EDGE('',*,*,#3315,.F.);
#6031 = ORIENTED_EDGE('',*,*,#6025,.F.);
#6032 = CYLINDRICAL_SURFACE('',#6033,0.4);
#6033 = AXIS2_PLACEMENT_3D('',#6034,#6035,#6036);
#6034 = CARTESIAN_POINT('',(162.7,-88.3,-4.6E-02));
#6035 = DIRECTION('',(-0.,-0.,-1.));
#6036 = DIRECTION('',(-0.,-1.,0.));
#6037 = ADVANCED_FACE('',(#6038),#6049,.F.);
#6038 = FACE_BOUND('',#6039,.T.);
#6039 = EDGE_LOOP('',(#6040,#6041,#6047,#6048));
#6040 = ORIENTED_EDGE('',*,*,#1164,.T.);
#6041 = ORIENTED_EDGE('',*,*,#6042,.T.);
#6042 = EDGE_CURVE('',#1165,#3327,#6043,.T.);
#6043 = LINE('',#6044,#6045);
#6044 = CARTESIAN_POINT('',(164.7,-88.7,-4.6E-02));
#6045 = VECTOR('',#6046,1.);
#6046 = DIRECTION('',(0.,0.,1.));
#6047 = ORIENTED_EDGE('',*,*,#3326,.F.);
#6048 = ORIENTED_EDGE('',*,*,#6042,.F.);
#6049 = CYLINDRICAL_SURFACE('',#6050,0.4);
#6050 = AXIS2_PLACEMENT_3D('',#6051,#6052,#6053);
#6051 = CARTESIAN_POINT('',(164.7,-88.3,-4.6E-02));
#6052 = DIRECTION('',(-0.,-0.,-1.));
#6053 = DIRECTION('',(-0.,-1.,0.));
#6054 = ADVANCED_FACE('',(#6055),#6066,.F.);
#6055 = FACE_BOUND('',#6056,.T.);
#6056 = EDGE_LOOP('',(#6057,#6058,#6064,#6065));
#6057 = ORIENTED_EDGE('',*,*,#1175,.T.);
#6058 = ORIENTED_EDGE('',*,*,#6059,.T.);
#6059 = EDGE_CURVE('',#1176,#3338,#6060,.T.);
#6060 = LINE('',#6061,#6062);
#6061 = CARTESIAN_POINT('',(166.7,-88.7,-4.6E-02));
#6062 = VECTOR('',#6063,1.);
#6063 = DIRECTION('',(0.,0.,1.));
#6064 = ORIENTED_EDGE('',*,*,#3337,.F.);
#6065 = ORIENTED_EDGE('',*,*,#6059,.F.);
#6066 = CYLINDRICAL_SURFACE('',#6067,0.4);
#6067 = AXIS2_PLACEMENT_3D('',#6068,#6069,#6070);
#6068 = CARTESIAN_POINT('',(166.7,-88.3,-4.6E-02));
#6069 = DIRECTION('',(-0.,-0.,-1.));
#6070 = DIRECTION('',(-0.,-1.,0.));
#6071 = ADVANCED_FACE('',(#6072),#6083,.F.);
#6072 = FACE_BOUND('',#6073,.T.);
#6073 = EDGE_LOOP('',(#6074,#6075,#6081,#6082));
#6074 = ORIENTED_EDGE('',*,*,#1186,.T.);
#6075 = ORIENTED_EDGE('',*,*,#6076,.T.);
#6076 = EDGE_CURVE('',#1187,#3349,#6077,.T.);
#6077 = LINE('',#6078,#6079);
#6078 = CARTESIAN_POINT('',(168.7,-88.7,-4.6E-02));
#6079 = VECTOR('',#6080,1.);
#6080 = DIRECTION('',(0.,0.,1.));
#6081 = ORIENTED_EDGE('',*,*,#3348,.F.);
#6082 = ORIENTED_EDGE('',*,*,#6076,.F.);
#6083 = CYLINDRICAL_SURFACE('',#6084,0.4);
#6084 = AXIS2_PLACEMENT_3D('',#6085,#6086,#6087);
#6085 = CARTESIAN_POINT('',(168.7,-88.3,-4.6E-02));
#6086 = DIRECTION('',(-0.,-0.,-1.));
#6087 = DIRECTION('',(-0.,-1.,0.));
#6088 = ADVANCED_FACE('',(#6089),#6100,.F.);
#6089 = FACE_BOUND('',#6090,.T.);
#6090 = EDGE_LOOP('',(#6091,#6092,#6098,#6099));
#6091 = ORIENTED_EDGE('',*,*,#1197,.T.);
#6092 = ORIENTED_EDGE('',*,*,#6093,.T.);
#6093 = EDGE_CURVE('',#1198,#3360,#6094,.T.);
#6094 = LINE('',#6095,#6096);
#6095 = CARTESIAN_POINT('',(162.8,-84.6,-4.6E-02));
#6096 = VECTOR('',#6097,1.);
#6097 = DIRECTION('',(0.,0.,1.));
#6098 = ORIENTED_EDGE('',*,*,#3359,.F.);
#6099 = ORIENTED_EDGE('',*,*,#6093,.F.);
#6100 = CYLINDRICAL_SURFACE('',#6101,0.4);
#6101 = AXIS2_PLACEMENT_3D('',#6102,#6103,#6104);
#6102 = CARTESIAN_POINT('',(162.8,-84.2,-4.6E-02));
#6103 = DIRECTION('',(-0.,-0.,-1.));
#6104 = DIRECTION('',(-0.,-1.,0.));
#6105 = ADVANCED_FACE('',(#6106),#6117,.F.);
#6106 = FACE_BOUND('',#6107,.T.);
#6107 = EDGE_LOOP('',(#6108,#6109,#6115,#6116));
#6108 = ORIENTED_EDGE('',*,*,#1208,.T.);
#6109 = ORIENTED_EDGE('',*,*,#6110,.T.);
#6110 = EDGE_CURVE('',#1209,#3371,#6111,.T.);
#6111 = LINE('',#6112,#6113);
#6112 = CARTESIAN_POINT('',(164.8,-84.6,-4.6E-02));
#6113 = VECTOR('',#6114,1.);
#6114 = DIRECTION('',(0.,0.,1.));
#6115 = ORIENTED_EDGE('',*,*,#3370,.F.);
#6116 = ORIENTED_EDGE('',*,*,#6110,.F.);
#6117 = CYLINDRICAL_SURFACE('',#6118,0.4);
#6118 = AXIS2_PLACEMENT_3D('',#6119,#6120,#6121);
#6119 = CARTESIAN_POINT('',(164.8,-84.2,-4.6E-02));
#6120 = DIRECTION('',(-0.,-0.,-1.));
#6121 = DIRECTION('',(-0.,-1.,0.));
#6122 = ADVANCED_FACE('',(#6123),#6134,.F.);
#6123 = FACE_BOUND('',#6124,.T.);
#6124 = EDGE_LOOP('',(#6125,#6126,#6132,#6133));
#6125 = ORIENTED_EDGE('',*,*,#1219,.T.);
#6126 = ORIENTED_EDGE('',*,*,#6127,.T.);
#6127 = EDGE_CURVE('',#1220,#3382,#6128,.T.);
#6128 = LINE('',#6129,#6130);
#6129 = CARTESIAN_POINT('',(166.8,-84.6,-4.6E-02));
#6130 = VECTOR('',#6131,1.);
#6131 = DIRECTION('',(0.,0.,1.));
#6132 = ORIENTED_EDGE('',*,*,#3381,.F.);
#6133 = ORIENTED_EDGE('',*,*,#6127,.F.);
#6134 = CYLINDRICAL_SURFACE('',#6135,0.4);
#6135 = AXIS2_PLACEMENT_3D('',#6136,#6137,#6138);
#6136 = CARTESIAN_POINT('',(166.8,-84.2,-4.6E-02));
#6137 = DIRECTION('',(-0.,-0.,-1.));
#6138 = DIRECTION('',(-0.,-1.,0.));
#6139 = ADVANCED_FACE('',(#6140),#6151,.F.);
#6140 = FACE_BOUND('',#6141,.T.);
#6141 = EDGE_LOOP('',(#6142,#6143,#6149,#6150));
#6142 = ORIENTED_EDGE('',*,*,#1230,.T.);
#6143 = ORIENTED_EDGE('',*,*,#6144,.T.);
#6144 = EDGE_CURVE('',#1231,#3393,#6145,.T.);
#6145 = LINE('',#6146,#6147);
#6146 = CARTESIAN_POINT('',(168.8,-84.6,-4.6E-02));
#6147 = VECTOR('',#6148,1.);
#6148 = DIRECTION('',(0.,0.,1.));
#6149 = ORIENTED_EDGE('',*,*,#3392,.F.);
#6150 = ORIENTED_EDGE('',*,*,#6144,.F.);
#6151 = CYLINDRICAL_SURFACE('',#6152,0.4);
#6152 = AXIS2_PLACEMENT_3D('',#6153,#6154,#6155);
#6153 = CARTESIAN_POINT('',(168.8,-84.2,-4.6E-02));
#6154 = DIRECTION('',(-0.,-0.,-1.));
#6155 = DIRECTION('',(-0.,-1.,0.));
#6156 = ADVANCED_FACE('',(#6157),#6168,.F.);
#6157 = FACE_BOUND('',#6158,.T.);
#6158 = EDGE_LOOP('',(#6159,#6160,#6166,#6167));
#6159 = ORIENTED_EDGE('',*,*,#1241,.T.);
#6160 = ORIENTED_EDGE('',*,*,#6161,.T.);
#6161 = EDGE_CURVE('',#1242,#3404,#6162,.T.);
#6162 = LINE('',#6163,#6164);
#6163 = CARTESIAN_POINT('',(70.7,-80.48,-4.6E-02));
#6164 = VECTOR('',#6165,1.);
#6165 = DIRECTION('',(0.,0.,1.));
#6166 = ORIENTED_EDGE('',*,*,#3403,.F.);
#6167 = ORIENTED_EDGE('',*,*,#6161,.F.);
#6168 = CYLINDRICAL_SURFACE('',#6169,0.5);
#6169 = AXIS2_PLACEMENT_3D('',#6170,#6171,#6172);
#6170 = CARTESIAN_POINT('',(70.7,-79.98,-4.6E-02));
#6171 = DIRECTION('',(-0.,-0.,-1.));
#6172 = DIRECTION('',(-0.,-1.,0.));
#6173 = ADVANCED_FACE('',(#6174),#6185,.F.);
#6174 = FACE_BOUND('',#6175,.T.);
#6175 = EDGE_LOOP('',(#6176,#6177,#6183,#6184));
#6176 = ORIENTED_EDGE('',*,*,#1252,.T.);
#6177 = ORIENTED_EDGE('',*,*,#6178,.T.);
#6178 = EDGE_CURVE('',#1253,#3415,#6179,.T.);
#6179 = LINE('',#6180,#6181);
#6180 = CARTESIAN_POINT('',(70.7,-77.94,-4.6E-02));
#6181 = VECTOR('',#6182,1.);
#6182 = DIRECTION('',(0.,0.,1.));
#6183 = ORIENTED_EDGE('',*,*,#3414,.F.);
#6184 = ORIENTED_EDGE('',*,*,#6178,.F.);
#6185 = CYLINDRICAL_SURFACE('',#6186,0.5);
#6186 = AXIS2_PLACEMENT_3D('',#6187,#6188,#6189);
#6187 = CARTESIAN_POINT('',(70.7,-77.44,-4.6E-02));
#6188 = DIRECTION('',(-0.,-0.,-1.));
#6189 = DIRECTION('',(-0.,-1.,0.));
#6190 = ADVANCED_FACE('',(#6191),#6202,.F.);
#6191 = FACE_BOUND('',#6192,.T.);
#6192 = EDGE_LOOP('',(#6193,#6194,#6200,#6201));
#6193 = ORIENTED_EDGE('',*,*,#1263,.T.);
#6194 = ORIENTED_EDGE('',*,*,#6195,.T.);
#6195 = EDGE_CURVE('',#1264,#3426,#6196,.T.);
#6196 = LINE('',#6197,#6198);
#6197 = CARTESIAN_POINT('',(70.7,-75.4,-4.6E-02));
#6198 = VECTOR('',#6199,1.);
#6199 = DIRECTION('',(0.,0.,1.));
#6200 = ORIENTED_EDGE('',*,*,#3425,.F.);
#6201 = ORIENTED_EDGE('',*,*,#6195,.F.);
#6202 = CYLINDRICAL_SURFACE('',#6203,0.5);
#6203 = AXIS2_PLACEMENT_3D('',#6204,#6205,#6206);
#6204 = CARTESIAN_POINT('',(70.7,-74.9,-4.6E-02));
#6205 = DIRECTION('',(-0.,-0.,-1.));
#6206 = DIRECTION('',(-0.,-1.,0.));
#6207 = ADVANCED_FACE('',(#6208),#6219,.F.);
#6208 = FACE_BOUND('',#6209,.T.);
#6209 = EDGE_LOOP('',(#6210,#6211,#6217,#6218));
#6210 = ORIENTED_EDGE('',*,*,#1274,.T.);
#6211 = ORIENTED_EDGE('',*,*,#6212,.T.);
#6212 = EDGE_CURVE('',#1275,#3437,#6213,.T.);
#6213 = LINE('',#6214,#6215);
#6214 = CARTESIAN_POINT('',(70.7,-72.86,-4.6E-02));
#6215 = VECTOR('',#6216,1.);
#6216 = DIRECTION('',(0.,0.,1.));
#6217 = ORIENTED_EDGE('',*,*,#3436,.F.);
#6218 = ORIENTED_EDGE('',*,*,#6212,.F.);
#6219 = CYLINDRICAL_SURFACE('',#6220,0.5);
#6220 = AXIS2_PLACEMENT_3D('',#6221,#6222,#6223);
#6221 = CARTESIAN_POINT('',(70.7,-72.36,-4.6E-02));
#6222 = DIRECTION('',(-0.,-0.,-1.));
#6223 = DIRECTION('',(-0.,-1.,0.));
#6224 = ADVANCED_FACE('',(#6225),#6236,.F.);
#6225 = FACE_BOUND('',#6226,.T.);
#6226 = EDGE_LOOP('',(#6227,#6228,#6234,#6235));
#6227 = ORIENTED_EDGE('',*,*,#1285,.T.);
#6228 = ORIENTED_EDGE('',*,*,#6229,.T.);
#6229 = EDGE_CURVE('',#1286,#3448,#6230,.T.);
#6230 = LINE('',#6231,#6232);
#6231 = CARTESIAN_POINT('',(86.7,-80.48,-4.6E-02));
#6232 = VECTOR('',#6233,1.);
#6233 = DIRECTION('',(0.,0.,1.));
#6234 = ORIENTED_EDGE('',*,*,#3447,.F.);
#6235 = ORIENTED_EDGE('',*,*,#6229,.F.);
#6236 = CYLINDRICAL_SURFACE('',#6237,0.5);
#6237 = AXIS2_PLACEMENT_3D('',#6238,#6239,#6240);
#6238 = CARTESIAN_POINT('',(86.7,-79.98,-4.6E-02));
#6239 = DIRECTION('',(-0.,-0.,-1.));
#6240 = DIRECTION('',(-0.,-1.,0.));
#6241 = ADVANCED_FACE('',(#6242),#6253,.F.);
#6242 = FACE_BOUND('',#6243,.T.);
#6243 = EDGE_LOOP('',(#6244,#6245,#6251,#6252));
#6244 = ORIENTED_EDGE('',*,*,#1296,.T.);
#6245 = ORIENTED_EDGE('',*,*,#6246,.T.);
#6246 = EDGE_CURVE('',#1297,#3459,#6247,.T.);
#6247 = LINE('',#6248,#6249);
#6248 = CARTESIAN_POINT('',(86.7,-77.94,-4.6E-02));
#6249 = VECTOR('',#6250,1.);
#6250 = DIRECTION('',(0.,0.,1.));
#6251 = ORIENTED_EDGE('',*,*,#3458,.F.);
#6252 = ORIENTED_EDGE('',*,*,#6246,.F.);
#6253 = CYLINDRICAL_SURFACE('',#6254,0.5);
#6254 = AXIS2_PLACEMENT_3D('',#6255,#6256,#6257);
#6255 = CARTESIAN_POINT('',(86.7,-77.44,-4.6E-02));
#6256 = DIRECTION('',(-0.,-0.,-1.));
#6257 = DIRECTION('',(-0.,-1.,0.));
#6258 = ADVANCED_FACE('',(#6259),#6270,.F.);
#6259 = FACE_BOUND('',#6260,.T.);
#6260 = EDGE_LOOP('',(#6261,#6262,#6268,#6269));
#6261 = ORIENTED_EDGE('',*,*,#1307,.T.);
#6262 = ORIENTED_EDGE('',*,*,#6263,.T.);
#6263 = EDGE_CURVE('',#1308,#3470,#6264,.T.);
#6264 = LINE('',#6265,#6266);
#6265 = CARTESIAN_POINT('',(86.7,-75.4,-4.6E-02));
#6266 = VECTOR('',#6267,1.);
#6267 = DIRECTION('',(0.,0.,1.));
#6268 = ORIENTED_EDGE('',*,*,#3469,.F.);
#6269 = ORIENTED_EDGE('',*,*,#6263,.F.);
#6270 = CYLINDRICAL_SURFACE('',#6271,0.5);
#6271 = AXIS2_PLACEMENT_3D('',#6272,#6273,#6274);
#6272 = CARTESIAN_POINT('',(86.7,-74.9,-4.6E-02));
#6273 = DIRECTION('',(-0.,-0.,-1.));
#6274 = DIRECTION('',(-0.,-1.,0.));
#6275 = ADVANCED_FACE('',(#6276),#6287,.F.);
#6276 = FACE_BOUND('',#6277,.T.);
#6277 = EDGE_LOOP('',(#6278,#6279,#6285,#6286));
#6278 = ORIENTED_EDGE('',*,*,#1318,.T.);
#6279 = ORIENTED_EDGE('',*,*,#6280,.T.);
#6280 = EDGE_CURVE('',#1319,#3481,#6281,.T.);
#6281 = LINE('',#6282,#6283);
#6282 = CARTESIAN_POINT('',(86.7,-72.86,-4.6E-02));
#6283 = VECTOR('',#6284,1.);
#6284 = DIRECTION('',(0.,0.,1.));
#6285 = ORIENTED_EDGE('',*,*,#3480,.F.);
#6286 = ORIENTED_EDGE('',*,*,#6280,.F.);
#6287 = CYLINDRICAL_SURFACE('',#6288,0.5);
#6288 = AXIS2_PLACEMENT_3D('',#6289,#6290,#6291);
#6289 = CARTESIAN_POINT('',(86.7,-72.36,-4.6E-02));
#6290 = DIRECTION('',(-0.,-0.,-1.));
#6291 = DIRECTION('',(-0.,-1.,0.));
#6292 = ADVANCED_FACE('',(#6293),#6304,.F.);
#6293 = FACE_BOUND('',#6294,.T.);
#6294 = EDGE_LOOP('',(#6295,#6296,#6302,#6303));
#6295 = ORIENTED_EDGE('',*,*,#1329,.T.);
#6296 = ORIENTED_EDGE('',*,*,#6297,.T.);
#6297 = EDGE_CURVE('',#1330,#3492,#6298,.T.);
#6298 = LINE('',#6299,#6300);
#6299 = CARTESIAN_POINT('',(70.7,-70.32,-4.6E-02));
#6300 = VECTOR('',#6301,1.);
#6301 = DIRECTION('',(0.,0.,1.));
#6302 = ORIENTED_EDGE('',*,*,#3491,.F.);
#6303 = ORIENTED_EDGE('',*,*,#6297,.F.);
#6304 = CYLINDRICAL_SURFACE('',#6305,0.5);
#6305 = AXIS2_PLACEMENT_3D('',#6306,#6307,#6308);
#6306 = CARTESIAN_POINT('',(70.7,-69.82,-4.6E-02));
#6307 = DIRECTION('',(-0.,-0.,-1.));
#6308 = DIRECTION('',(-0.,-1.,0.));
#6309 = ADVANCED_FACE('',(#6310),#6321,.F.);
#6310 = FACE_BOUND('',#6311,.T.);
#6311 = EDGE_LOOP('',(#6312,#6313,#6319,#6320));
#6312 = ORIENTED_EDGE('',*,*,#1340,.T.);
#6313 = ORIENTED_EDGE('',*,*,#6314,.T.);
#6314 = EDGE_CURVE('',#1341,#3503,#6315,.T.);
#6315 = LINE('',#6316,#6317);
#6316 = CARTESIAN_POINT('',(70.7,-67.78,-4.6E-02));
#6317 = VECTOR('',#6318,1.);
#6318 = DIRECTION('',(0.,0.,1.));
#6319 = ORIENTED_EDGE('',*,*,#3502,.F.);
#6320 = ORIENTED_EDGE('',*,*,#6314,.F.);
#6321 = CYLINDRICAL_SURFACE('',#6322,0.5);
#6322 = AXIS2_PLACEMENT_3D('',#6323,#6324,#6325);
#6323 = CARTESIAN_POINT('',(70.7,-67.28,-4.6E-02));
#6324 = DIRECTION('',(-0.,-0.,-1.));
#6325 = DIRECTION('',(-0.,-1.,0.));
#6326 = ADVANCED_FACE('',(#6327),#6338,.F.);
#6327 = FACE_BOUND('',#6328,.T.);
#6328 = EDGE_LOOP('',(#6329,#6330,#6336,#6337));
#6329 = ORIENTED_EDGE('',*,*,#1351,.T.);
#6330 = ORIENTED_EDGE('',*,*,#6331,.T.);
#6331 = EDGE_CURVE('',#1352,#3514,#6332,.T.);
#6332 = LINE('',#6333,#6334);
#6333 = CARTESIAN_POINT('',(70.7,-65.24,-4.6E-02));
#6334 = VECTOR('',#6335,1.);
#6335 = DIRECTION('',(0.,0.,1.));
#6336 = ORIENTED_EDGE('',*,*,#3513,.F.);
#6337 = ORIENTED_EDGE('',*,*,#6331,.F.);
#6338 = CYLINDRICAL_SURFACE('',#6339,0.5);
#6339 = AXIS2_PLACEMENT_3D('',#6340,#6341,#6342);
#6340 = CARTESIAN_POINT('',(70.7,-64.74,-4.6E-02));
#6341 = DIRECTION('',(-0.,-0.,-1.));
#6342 = DIRECTION('',(-0.,-1.,0.));
#6343 = ADVANCED_FACE('',(#6344),#6355,.F.);
#6344 = FACE_BOUND('',#6345,.T.);
#6345 = EDGE_LOOP('',(#6346,#6347,#6353,#6354));
#6346 = ORIENTED_EDGE('',*,*,#1362,.T.);
#6347 = ORIENTED_EDGE('',*,*,#6348,.T.);
#6348 = EDGE_CURVE('',#1363,#3525,#6349,.T.);
#6349 = LINE('',#6350,#6351);
#6350 = CARTESIAN_POINT('',(86.7,-70.32,-4.6E-02));
#6351 = VECTOR('',#6352,1.);
#6352 = DIRECTION('',(0.,0.,1.));
#6353 = ORIENTED_EDGE('',*,*,#3524,.F.);
#6354 = ORIENTED_EDGE('',*,*,#6348,.F.);
#6355 = CYLINDRICAL_SURFACE('',#6356,0.5);
#6356 = AXIS2_PLACEMENT_3D('',#6357,#6358,#6359);
#6357 = CARTESIAN_POINT('',(86.7,-69.82,-4.6E-02));
#6358 = DIRECTION('',(-0.,-0.,-1.));
#6359 = DIRECTION('',(-0.,-1.,0.));
#6360 = ADVANCED_FACE('',(#6361),#6372,.F.);
#6361 = FACE_BOUND('',#6362,.T.);
#6362 = EDGE_LOOP('',(#6363,#6364,#6370,#6371));
#6363 = ORIENTED_EDGE('',*,*,#1373,.T.);
#6364 = ORIENTED_EDGE('',*,*,#6365,.T.);
#6365 = EDGE_CURVE('',#1374,#3536,#6366,.T.);
#6366 = LINE('',#6367,#6368);
#6367 = CARTESIAN_POINT('',(86.7,-67.78,-4.6E-02));
#6368 = VECTOR('',#6369,1.);
#6369 = DIRECTION('',(0.,0.,1.));
#6370 = ORIENTED_EDGE('',*,*,#3535,.F.);
#6371 = ORIENTED_EDGE('',*,*,#6365,.F.);
#6372 = CYLINDRICAL_SURFACE('',#6373,0.5);
#6373 = AXIS2_PLACEMENT_3D('',#6374,#6375,#6376);
#6374 = CARTESIAN_POINT('',(86.7,-67.28,-4.6E-02));
#6375 = DIRECTION('',(-0.,-0.,-1.));
#6376 = DIRECTION('',(-0.,-1.,0.));
#6377 = ADVANCED_FACE('',(#6378),#6389,.F.);
#6378 = FACE_BOUND('',#6379,.T.);
#6379 = EDGE_LOOP('',(#6380,#6381,#6387,#6388));
#6380 = ORIENTED_EDGE('',*,*,#1384,.T.);
#6381 = ORIENTED_EDGE('',*,*,#6382,.T.);
#6382 = EDGE_CURVE('',#1385,#3547,#6383,.T.);
#6383 = LINE('',#6384,#6385);
#6384 = CARTESIAN_POINT('',(86.7,-65.24,-4.6E-02));
#6385 = VECTOR('',#6386,1.);
#6386 = DIRECTION('',(0.,0.,1.));
#6387 = ORIENTED_EDGE('',*,*,#3546,.F.);
#6388 = ORIENTED_EDGE('',*,*,#6382,.F.);
#6389 = CYLINDRICAL_SURFACE('',#6390,0.5);
#6390 = AXIS2_PLACEMENT_3D('',#6391,#6392,#6393);
#6391 = CARTESIAN_POINT('',(86.7,-64.74,-4.6E-02));
#6392 = DIRECTION('',(-0.,-0.,-1.));
#6393 = DIRECTION('',(-0.,-1.,0.));
#6394 = ADVANCED_FACE('',(#6395),#6406,.F.);
#6395 = FACE_BOUND('',#6396,.T.);
#6396 = EDGE_LOOP('',(#6397,#6398,#6404,#6405));
#6397 = ORIENTED_EDGE('',*,*,#1395,.T.);
#6398 = ORIENTED_EDGE('',*,*,#6399,.T.);
#6399 = EDGE_CURVE('',#1396,#3558,#6400,.T.);
#6400 = LINE('',#6401,#6402);
#6401 = CARTESIAN_POINT('',(97.46,-80.01,-4.6E-02));
#6402 = VECTOR('',#6403,1.);
#6403 = DIRECTION('',(0.,0.,1.));
#6404 = ORIENTED_EDGE('',*,*,#3557,.F.);
#6405 = ORIENTED_EDGE('',*,*,#6399,.F.);
#6406 = CYLINDRICAL_SURFACE('',#6407,0.4);
#6407 = AXIS2_PLACEMENT_3D('',#6408,#6409,#6410);
#6408 = CARTESIAN_POINT('',(97.46,-79.61,-4.6E-02));
#6409 = DIRECTION('',(-0.,-0.,-1.));
#6410 = DIRECTION('',(-3.552713678801E-14,-1.,0.));
#6411 = ADVANCED_FACE('',(#6412),#6423,.F.);
#6412 = FACE_BOUND('',#6413,.T.);
#6413 = EDGE_LOOP('',(#6414,#6415,#6421,#6422));
#6414 = ORIENTED_EDGE('',*,*,#1406,.T.);
#6415 = ORIENTED_EDGE('',*,*,#6416,.T.);
#6416 = EDGE_CURVE('',#1407,#3569,#6417,.T.);
#6417 = LINE('',#6418,#6419);
#6418 = CARTESIAN_POINT('',(102.37,-75.2,-4.6E-02));
#6419 = VECTOR('',#6420,1.);
#6420 = DIRECTION('',(0.,0.,1.));
#6421 = ORIENTED_EDGE('',*,*,#3568,.F.);
#6422 = ORIENTED_EDGE('',*,*,#6416,.F.);
#6423 = CYLINDRICAL_SURFACE('',#6424,0.4);
#6424 = AXIS2_PLACEMENT_3D('',#6425,#6426,#6427);
#6425 = CARTESIAN_POINT('',(102.37,-74.8,-4.6E-02));
#6426 = DIRECTION('',(-0.,-0.,-1.));
#6427 = DIRECTION('',(-0.,-1.,0.));
#6428 = ADVANCED_FACE('',(#6429),#6440,.F.);
#6429 = FACE_BOUND('',#6430,.T.);
#6430 = EDGE_LOOP('',(#6431,#6432,#6438,#6439));
#6431 = ORIENTED_EDGE('',*,*,#1417,.T.);
#6432 = ORIENTED_EDGE('',*,*,#6433,.T.);
#6433 = EDGE_CURVE('',#1418,#3580,#6434,.T.);
#6434 = LINE('',#6435,#6436);
#6435 = CARTESIAN_POINT('',(105.87,-75.2,-4.6E-02));
#6436 = VECTOR('',#6437,1.);
#6437 = DIRECTION('',(0.,0.,1.));
#6438 = ORIENTED_EDGE('',*,*,#3579,.F.);
#6439 = ORIENTED_EDGE('',*,*,#6433,.F.);
#6440 = CYLINDRICAL_SURFACE('',#6441,0.4);
#6441 = AXIS2_PLACEMENT_3D('',#6442,#6443,#6444);
#6442 = CARTESIAN_POINT('',(105.87,-74.8,-4.6E-02));
#6443 = DIRECTION('',(-0.,-0.,-1.));
#6444 = DIRECTION('',(-0.,-1.,0.));
#6445 = ADVANCED_FACE('',(#6446),#6457,.F.);
#6446 = FACE_BOUND('',#6447,.T.);
#6447 = EDGE_LOOP('',(#6448,#6449,#6455,#6456));
#6448 = ORIENTED_EDGE('',*,*,#1428,.T.);
#6449 = ORIENTED_EDGE('',*,*,#6450,.T.);
#6450 = EDGE_CURVE('',#1429,#3591,#6451,.T.);
#6451 = LINE('',#6452,#6453);
#6452 = CARTESIAN_POINT('',(110.16,-80.01,-4.6E-02));
#6453 = VECTOR('',#6454,1.);
#6454 = DIRECTION('',(0.,0.,1.));
#6455 = ORIENTED_EDGE('',*,*,#3590,.F.);
#6456 = ORIENTED_EDGE('',*,*,#6450,.F.);
#6457 = CYLINDRICAL_SURFACE('',#6458,0.4);
#6458 = AXIS2_PLACEMENT_3D('',#6459,#6460,#6461);
#6459 = CARTESIAN_POINT('',(110.16,-79.61,-4.6E-02));
#6460 = DIRECTION('',(-0.,-0.,-1.));
#6461 = DIRECTION('',(-0.,-1.,0.));
#6462 = ADVANCED_FACE('',(#6463),#6474,.F.);
#6463 = FACE_BOUND('',#6464,.T.);
#6464 = EDGE_LOOP('',(#6465,#6466,#6472,#6473));
#6465 = ORIENTED_EDGE('',*,*,#1439,.T.);
#6466 = ORIENTED_EDGE('',*,*,#6467,.T.);
#6467 = EDGE_CURVE('',#1440,#3602,#6468,.T.);
#6468 = LINE('',#6469,#6470);
#6469 = CARTESIAN_POINT('',(115.26,-79.91,-4.6E-02));
#6470 = VECTOR('',#6471,1.);
#6471 = DIRECTION('',(0.,0.,1.));
#6472 = ORIENTED_EDGE('',*,*,#3601,.F.);
#6473 = ORIENTED_EDGE('',*,*,#6467,.F.);
#6474 = CYLINDRICAL_SURFACE('',#6475,0.4);
#6475 = AXIS2_PLACEMENT_3D('',#6476,#6477,#6478);
#6476 = CARTESIAN_POINT('',(115.26,-79.51,-4.6E-02));
#6477 = DIRECTION('',(-0.,0.,-1.));
#6478 = DIRECTION('',(3.5527136788E-14,-1.,-0.));
#6479 = ADVANCED_FACE('',(#6480),#6491,.F.);
#6480 = FACE_BOUND('',#6481,.T.);
#6481 = EDGE_LOOP('',(#6482,#6483,#6489,#6490));
#6482 = ORIENTED_EDGE('',*,*,#1450,.T.);
#6483 = ORIENTED_EDGE('',*,*,#6484,.T.);
#6484 = EDGE_CURVE('',#1451,#3613,#6485,.T.);
#6485 = LINE('',#6486,#6487);
#6486 = CARTESIAN_POINT('',(120.1,-74.8,-4.6E-02));
#6487 = VECTOR('',#6488,1.);
#6488 = DIRECTION('',(0.,0.,1.));
#6489 = ORIENTED_EDGE('',*,*,#3612,.F.);
#6490 = ORIENTED_EDGE('',*,*,#6484,.F.);
#6491 = CYLINDRICAL_SURFACE('',#6492,0.4);
#6492 = AXIS2_PLACEMENT_3D('',#6493,#6494,#6495);
#6493 = CARTESIAN_POINT('',(120.1,-74.4,-4.6E-02));
#6494 = DIRECTION('',(-0.,-0.,-1.));
#6495 = DIRECTION('',(-0.,-1.,0.));
#6496 = ADVANCED_FACE('',(#6497),#6508,.F.);
#6497 = FACE_BOUND('',#6498,.T.);
#6498 = EDGE_LOOP('',(#6499,#6500,#6506,#6507));
#6499 = ORIENTED_EDGE('',*,*,#1461,.T.);
#6500 = ORIENTED_EDGE('',*,*,#6501,.T.);
#6501 = EDGE_CURVE('',#1462,#3624,#6502,.T.);
#6502 = LINE('',#6503,#6504);
#6503 = CARTESIAN_POINT('',(97.4,-68.92,-4.6E-02));
#6504 = VECTOR('',#6505,1.);
#6505 = DIRECTION('',(0.,0.,1.));
#6506 = ORIENTED_EDGE('',*,*,#3623,.F.);
#6507 = ORIENTED_EDGE('',*,*,#6501,.F.);
#6508 = CYLINDRICAL_SURFACE('',#6509,0.4);
#6509 = AXIS2_PLACEMENT_3D('',#6510,#6511,#6512);
#6510 = CARTESIAN_POINT('',(97.4,-68.52,-4.6E-02));
#6511 = DIRECTION('',(-0.,-0.,-1.));
#6512 = DIRECTION('',(-0.,-1.,0.));
#6513 = ADVANCED_FACE('',(#6514),#6525,.F.);
#6514 = FACE_BOUND('',#6515,.T.);
#6515 = EDGE_LOOP('',(#6516,#6517,#6523,#6524));
#6516 = ORIENTED_EDGE('',*,*,#1472,.T.);
#6517 = ORIENTED_EDGE('',*,*,#6518,.T.);
#6518 = EDGE_CURVE('',#1473,#3635,#6519,.T.);
#6519 = LINE('',#6520,#6521);
#6520 = CARTESIAN_POINT('',(97.4,-66.38,-4.6E-02));
#6521 = VECTOR('',#6522,1.);
#6522 = DIRECTION('',(0.,0.,1.));
#6523 = ORIENTED_EDGE('',*,*,#3634,.F.);
#6524 = ORIENTED_EDGE('',*,*,#6518,.F.);
#6525 = CYLINDRICAL_SURFACE('',#6526,0.4);
#6526 = AXIS2_PLACEMENT_3D('',#6527,#6528,#6529);
#6527 = CARTESIAN_POINT('',(97.4,-65.98,-4.6E-02));
#6528 = DIRECTION('',(-0.,-0.,-1.));
#6529 = DIRECTION('',(-0.,-1.,0.));
#6530 = ADVANCED_FACE('',(#6531),#6542,.F.);
#6531 = FACE_BOUND('',#6532,.T.);
#6532 = EDGE_LOOP('',(#6533,#6534,#6540,#6541));
#6533 = ORIENTED_EDGE('',*,*,#1483,.T.);
#6534 = ORIENTED_EDGE('',*,*,#6535,.T.);
#6535 = EDGE_CURVE('',#1484,#3646,#6536,.T.);
#6536 = LINE('',#6537,#6538);
#6537 = CARTESIAN_POINT('',(97.4,-63.84,-4.6E-02));
#6538 = VECTOR('',#6539,1.);
#6539 = DIRECTION('',(0.,0.,1.));
#6540 = ORIENTED_EDGE('',*,*,#3645,.F.);
#6541 = ORIENTED_EDGE('',*,*,#6535,.F.);
#6542 = CYLINDRICAL_SURFACE('',#6543,0.4);
#6543 = AXIS2_PLACEMENT_3D('',#6544,#6545,#6546);
#6544 = CARTESIAN_POINT('',(97.4,-63.44,-4.6E-02));
#6545 = DIRECTION('',(-0.,-0.,-1.));
#6546 = DIRECTION('',(-0.,-1.,0.));
#6547 = ADVANCED_FACE('',(#6548),#6559,.F.);
#6548 = FACE_BOUND('',#6549,.T.);
#6549 = EDGE_LOOP('',(#6550,#6551,#6557,#6558));
#6550 = ORIENTED_EDGE('',*,*,#1494,.T.);
#6551 = ORIENTED_EDGE('',*,*,#6552,.T.);
#6552 = EDGE_CURVE('',#1495,#3657,#6553,.T.);
#6553 = LINE('',#6554,#6555);
#6554 = CARTESIAN_POINT('',(110.1,-68.92,-4.6E-02));
#6555 = VECTOR('',#6556,1.);
#6556 = DIRECTION('',(0.,0.,1.));
#6557 = ORIENTED_EDGE('',*,*,#3656,.F.);
#6558 = ORIENTED_EDGE('',*,*,#6552,.F.);
#6559 = CYLINDRICAL_SURFACE('',#6560,0.4);
#6560 = AXIS2_PLACEMENT_3D('',#6561,#6562,#6563);
#6561 = CARTESIAN_POINT('',(110.1,-68.52,-4.6E-02));
#6562 = DIRECTION('',(-0.,-0.,-1.));
#6563 = DIRECTION('',(-0.,-1.,0.));
#6564 = ADVANCED_FACE('',(#6565),#6576,.F.);
#6565 = FACE_BOUND('',#6566,.T.);
#6566 = EDGE_LOOP('',(#6567,#6568,#6574,#6575));
#6567 = ORIENTED_EDGE('',*,*,#1505,.T.);
#6568 = ORIENTED_EDGE('',*,*,#6569,.T.);
#6569 = EDGE_CURVE('',#1506,#3668,#6570,.T.);
#6570 = LINE('',#6571,#6572);
#6571 = CARTESIAN_POINT('',(115.74,-68.92,-4.6E-02));
#6572 = VECTOR('',#6573,1.);
#6573 = DIRECTION('',(0.,0.,1.));
#6574 = ORIENTED_EDGE('',*,*,#3667,.F.);
#6575 = ORIENTED_EDGE('',*,*,#6569,.F.);
#6576 = CYLINDRICAL_SURFACE('',#6577,0.4);
#6577 = AXIS2_PLACEMENT_3D('',#6578,#6579,#6580);
#6578 = CARTESIAN_POINT('',(115.74,-68.52,-4.6E-02));
#6579 = DIRECTION('',(-0.,-0.,-1.));
#6580 = DIRECTION('',(-3.552713678801E-14,-1.,0.));
#6581 = ADVANCED_FACE('',(#6582),#6593,.F.);
#6582 = FACE_BOUND('',#6583,.T.);
#6583 = EDGE_LOOP('',(#6584,#6585,#6591,#6592));
#6584 = ORIENTED_EDGE('',*,*,#1516,.T.);
#6585 = ORIENTED_EDGE('',*,*,#6586,.T.);
#6586 = EDGE_CURVE('',#1517,#3679,#6587,.T.);
#6587 = LINE('',#6588,#6589);
#6588 = CARTESIAN_POINT('',(110.1,-66.38,-4.6E-02));
#6589 = VECTOR('',#6590,1.);
#6590 = DIRECTION('',(0.,0.,1.));
#6591 = ORIENTED_EDGE('',*,*,#3678,.F.);
#6592 = ORIENTED_EDGE('',*,*,#6586,.F.);
#6593 = CYLINDRICAL_SURFACE('',#6594,0.4);
#6594 = AXIS2_PLACEMENT_3D('',#6595,#6596,#6597);
#6595 = CARTESIAN_POINT('',(110.1,-65.98,-4.6E-02));
#6596 = DIRECTION('',(-0.,-0.,-1.));
#6597 = DIRECTION('',(-0.,-1.,0.));
#6598 = ADVANCED_FACE('',(#6599),#6610,.F.);
#6599 = FACE_BOUND('',#6600,.T.);
#6600 = EDGE_LOOP('',(#6601,#6602,#6608,#6609));
#6601 = ORIENTED_EDGE('',*,*,#1527,.T.);
#6602 = ORIENTED_EDGE('',*,*,#6603,.T.);
#6603 = EDGE_CURVE('',#1528,#3690,#6604,.T.);
#6604 = LINE('',#6605,#6606);
#6605 = CARTESIAN_POINT('',(110.1,-63.84,-4.6E-02));
#6606 = VECTOR('',#6607,1.);
#6607 = DIRECTION('',(0.,0.,1.));
#6608 = ORIENTED_EDGE('',*,*,#3689,.F.);
#6609 = ORIENTED_EDGE('',*,*,#6603,.F.);
#6610 = CYLINDRICAL_SURFACE('',#6611,0.4);
#6611 = AXIS2_PLACEMENT_3D('',#6612,#6613,#6614);
#6612 = CARTESIAN_POINT('',(110.1,-63.44,-4.6E-02));
#6613 = DIRECTION('',(-0.,-0.,-1.));
#6614 = DIRECTION('',(-0.,-1.,0.));
#6615 = ADVANCED_FACE('',(#6616),#6627,.F.);
#6616 = FACE_BOUND('',#6617,.T.);
#6617 = EDGE_LOOP('',(#6618,#6619,#6625,#6626));
#6618 = ORIENTED_EDGE('',*,*,#1538,.T.);
#6619 = ORIENTED_EDGE('',*,*,#6620,.T.);
#6620 = EDGE_CURVE('',#1539,#3701,#6621,.T.);
#6621 = LINE('',#6622,#6623);
#6622 = CARTESIAN_POINT('',(115.74,-66.38,-4.6E-02));
#6623 = VECTOR('',#6624,1.);
#6624 = DIRECTION('',(0.,0.,1.));
#6625 = ORIENTED_EDGE('',*,*,#3700,.F.);
#6626 = ORIENTED_EDGE('',*,*,#6620,.F.);
#6627 = CYLINDRICAL_SURFACE('',#6628,0.4);
#6628 = AXIS2_PLACEMENT_3D('',#6629,#6630,#6631);
#6629 = CARTESIAN_POINT('',(115.74,-65.98,-4.6E-02));
#6630 = DIRECTION('',(-0.,-0.,-1.));
#6631 = DIRECTION('',(-3.552713678801E-14,-1.,0.));
#6632 = ADVANCED_FACE('',(#6633),#6644,.F.);
#6633 = FACE_BOUND('',#6634,.T.);
#6634 = EDGE_LOOP('',(#6635,#6636,#6642,#6643));
#6635 = ORIENTED_EDGE('',*,*,#1549,.T.);
#6636 = ORIENTED_EDGE('',*,*,#6637,.T.);
#6637 = EDGE_CURVE('',#1550,#3712,#6638,.T.);
#6638 = LINE('',#6639,#6640);
#6639 = CARTESIAN_POINT('',(115.74,-63.84,-4.6E-02));
#6640 = VECTOR('',#6641,1.);
#6641 = DIRECTION('',(0.,0.,1.));
#6642 = ORIENTED_EDGE('',*,*,#3711,.F.);
#6643 = ORIENTED_EDGE('',*,*,#6637,.F.);
#6644 = CYLINDRICAL_SURFACE('',#6645,0.4);
#6645 = AXIS2_PLACEMENT_3D('',#6646,#6647,#6648);
#6646 = CARTESIAN_POINT('',(115.74,-63.44,-4.6E-02));
#6647 = DIRECTION('',(-0.,-0.,-1.));
#6648 = DIRECTION('',(-3.552713678801E-14,-1.,0.));
#6649 = ADVANCED_FACE('',(#6650),#6661,.F.);
#6650 = FACE_BOUND('',#6651,.T.);
#6651 = EDGE_LOOP('',(#6652,#6653,#6659,#6660));
#6652 = ORIENTED_EDGE('',*,*,#1560,.T.);
#6653 = ORIENTED_EDGE('',*,*,#6654,.T.);
#6654 = EDGE_CURVE('',#1561,#3723,#6655,.T.);
#6655 = LINE('',#6656,#6657);
#6656 = CARTESIAN_POINT('',(70.7,-62.7,-4.6E-02));
#6657 = VECTOR('',#6658,1.);
#6658 = DIRECTION('',(0.,0.,1.));
#6659 = ORIENTED_EDGE('',*,*,#3722,.F.);
#6660 = ORIENTED_EDGE('',*,*,#6654,.F.);
#6661 = CYLINDRICAL_SURFACE('',#6662,0.5);
#6662 = AXIS2_PLACEMENT_3D('',#6663,#6664,#6665);
#6663 = CARTESIAN_POINT('',(70.7,-62.2,-4.6E-02));
#6664 = DIRECTION('',(-0.,-0.,-1.));
#6665 = DIRECTION('',(-0.,-1.,0.));
#6666 = ADVANCED_FACE('',(#6667),#6678,.F.);
#6667 = FACE_BOUND('',#6668,.T.);
#6668 = EDGE_LOOP('',(#6669,#6670,#6676,#6677));
#6669 = ORIENTED_EDGE('',*,*,#1571,.T.);
#6670 = ORIENTED_EDGE('',*,*,#6671,.T.);
#6671 = EDGE_CURVE('',#1572,#3734,#6672,.T.);
#6672 = LINE('',#6673,#6674);
#6673 = CARTESIAN_POINT('',(70.7,-60.16,-4.6E-02));
#6674 = VECTOR('',#6675,1.);
#6675 = DIRECTION('',(0.,0.,1.));
#6676 = ORIENTED_EDGE('',*,*,#3733,.F.);
#6677 = ORIENTED_EDGE('',*,*,#6671,.F.);
#6678 = CYLINDRICAL_SURFACE('',#6679,0.5);
#6679 = AXIS2_PLACEMENT_3D('',#6680,#6681,#6682);
#6680 = CARTESIAN_POINT('',(70.7,-59.66,-4.6E-02));
#6681 = DIRECTION('',(-0.,-0.,-1.));
#6682 = DIRECTION('',(-0.,-1.,0.));
#6683 = ADVANCED_FACE('',(#6684),#6695,.F.);
#6684 = FACE_BOUND('',#6685,.T.);
#6685 = EDGE_LOOP('',(#6686,#6687,#6693,#6694));
#6686 = ORIENTED_EDGE('',*,*,#1582,.T.);
#6687 = ORIENTED_EDGE('',*,*,#6688,.T.);
#6688 = EDGE_CURVE('',#1583,#3745,#6689,.T.);
#6689 = LINE('',#6690,#6691);
#6690 = CARTESIAN_POINT('',(70.7,-57.62,-4.6E-02));
#6691 = VECTOR('',#6692,1.);
#6692 = DIRECTION('',(0.,0.,1.));
#6693 = ORIENTED_EDGE('',*,*,#3744,.F.);
#6694 = ORIENTED_EDGE('',*,*,#6688,.F.);
#6695 = CYLINDRICAL_SURFACE('',#6696,0.5);
#6696 = AXIS2_PLACEMENT_3D('',#6697,#6698,#6699);
#6697 = CARTESIAN_POINT('',(70.7,-57.12,-4.6E-02));
#6698 = DIRECTION('',(-0.,-0.,-1.));
#6699 = DIRECTION('',(-0.,-1.,0.));
#6700 = ADVANCED_FACE('',(#6701),#6712,.F.);
#6701 = FACE_BOUND('',#6702,.T.);
#6702 = EDGE_LOOP('',(#6703,#6704,#6710,#6711));
#6703 = ORIENTED_EDGE('',*,*,#1593,.T.);
#6704 = ORIENTED_EDGE('',*,*,#6705,.T.);
#6705 = EDGE_CURVE('',#1594,#3756,#6706,.T.);
#6706 = LINE('',#6707,#6708);
#6707 = CARTESIAN_POINT('',(86.7,-62.7,-4.6E-02));
#6708 = VECTOR('',#6709,1.);
#6709 = DIRECTION('',(0.,0.,1.));
#6710 = ORIENTED_EDGE('',*,*,#3755,.F.);
#6711 = ORIENTED_EDGE('',*,*,#6705,.F.);
#6712 = CYLINDRICAL_SURFACE('',#6713,0.5);
#6713 = AXIS2_PLACEMENT_3D('',#6714,#6715,#6716);
#6714 = CARTESIAN_POINT('',(86.7,-62.2,-4.6E-02));
#6715 = DIRECTION('',(-0.,-0.,-1.));
#6716 = DIRECTION('',(-0.,-1.,0.));
#6717 = ADVANCED_FACE('',(#6718),#6729,.F.);
#6718 = FACE_BOUND('',#6719,.T.);
#6719 = EDGE_LOOP('',(#6720,#6721,#6727,#6728));
#6720 = ORIENTED_EDGE('',*,*,#1604,.T.);
#6721 = ORIENTED_EDGE('',*,*,#6722,.T.);
#6722 = EDGE_CURVE('',#1605,#3767,#6723,.T.);
#6723 = LINE('',#6724,#6725);
#6724 = CARTESIAN_POINT('',(86.7,-60.16,-4.6E-02));
#6725 = VECTOR('',#6726,1.);
#6726 = DIRECTION('',(0.,0.,1.));
#6727 = ORIENTED_EDGE('',*,*,#3766,.F.);
#6728 = ORIENTED_EDGE('',*,*,#6722,.F.);
#6729 = CYLINDRICAL_SURFACE('',#6730,0.5);
#6730 = AXIS2_PLACEMENT_3D('',#6731,#6732,#6733);
#6731 = CARTESIAN_POINT('',(86.7,-59.66,-4.6E-02));
#6732 = DIRECTION('',(-0.,-0.,-1.));
#6733 = DIRECTION('',(-0.,-1.,0.));
#6734 = ADVANCED_FACE('',(#6735),#6746,.F.);
#6735 = FACE_BOUND('',#6736,.T.);
#6736 = EDGE_LOOP('',(#6737,#6738,#6744,#6745));
#6737 = ORIENTED_EDGE('',*,*,#1615,.T.);
#6738 = ORIENTED_EDGE('',*,*,#6739,.T.);
#6739 = EDGE_CURVE('',#1616,#3778,#6740,.T.);
#6740 = LINE('',#6741,#6742);
#6741 = CARTESIAN_POINT('',(86.7,-57.62,-4.6E-02));
#6742 = VECTOR('',#6743,1.);
#6743 = DIRECTION('',(0.,0.,1.));
#6744 = ORIENTED_EDGE('',*,*,#3777,.F.);
#6745 = ORIENTED_EDGE('',*,*,#6739,.F.);
#6746 = CYLINDRICAL_SURFACE('',#6747,0.5);
#6747 = AXIS2_PLACEMENT_3D('',#6748,#6749,#6750);
#6748 = CARTESIAN_POINT('',(86.7,-57.12,-4.6E-02));
#6749 = DIRECTION('',(-0.,-0.,-1.));
#6750 = DIRECTION('',(-0.,-1.,0.));
#6751 = ADVANCED_FACE('',(#6752),#6763,.F.);
#6752 = FACE_BOUND('',#6753,.T.);
#6753 = EDGE_LOOP('',(#6754,#6760,#6761,#6762));
#6754 = ORIENTED_EDGE('',*,*,#6755,.T.);
#6755 = EDGE_CURVE('',#1627,#3789,#6756,.T.);
#6756 = LINE('',#6757,#6758);
#6757 = CARTESIAN_POINT('',(68.164911,-47.4,0.));
#6758 = VECTOR('',#6759,1.);
#6759 = DIRECTION('',(0.,0.,1.));
#6760 = ORIENTED_EDGE('',*,*,#3788,.T.);
#6761 = ORIENTED_EDGE('',*,*,#6755,.F.);
#6762 = ORIENTED_EDGE('',*,*,#1626,.F.);
#6763 = CYLINDRICAL_SURFACE('',#6764,1.264911);
#6764 = AXIS2_PLACEMENT_3D('',#6765,#6766,#6767);
#6765 = CARTESIAN_POINT('',(66.9,-47.4,0.));
#6766 = DIRECTION('',(-0.,-0.,-1.));
#6767 = DIRECTION('',(1.,0.,-0.));
#6768 = ADVANCED_FACE('',(#6769),#6780,.F.);
#6769 = FACE_BOUND('',#6770,.T.);
#6770 = EDGE_LOOP('',(#6771,#6772,#6778,#6779));
#6771 = ORIENTED_EDGE('',*,*,#1637,.T.);
#6772 = ORIENTED_EDGE('',*,*,#6773,.T.);
#6773 = EDGE_CURVE('',#1638,#3800,#6774,.T.);
#6774 = LINE('',#6775,#6776);
#6775 = CARTESIAN_POINT('',(97.4,-61.3,-4.6E-02));
#6776 = VECTOR('',#6777,1.);
#6777 = DIRECTION('',(0.,0.,1.));
#6778 = ORIENTED_EDGE('',*,*,#3799,.F.);
#6779 = ORIENTED_EDGE('',*,*,#6773,.F.);
#6780 = CYLINDRICAL_SURFACE('',#6781,0.4);
#6781 = AXIS2_PLACEMENT_3D('',#6782,#6783,#6784);
#6782 = CARTESIAN_POINT('',(97.4,-60.9,-4.6E-02));
#6783 = DIRECTION('',(-0.,-0.,-1.));
#6784 = DIRECTION('',(-0.,-1.,0.));
#6785 = ADVANCED_FACE('',(#6786),#6797,.F.);
#6786 = FACE_BOUND('',#6787,.T.);
#6787 = EDGE_LOOP('',(#6788,#6789,#6795,#6796));
#6788 = ORIENTED_EDGE('',*,*,#1648,.T.);
#6789 = ORIENTED_EDGE('',*,*,#6790,.T.);
#6790 = EDGE_CURVE('',#1649,#3811,#6791,.T.);
#6791 = LINE('',#6792,#6793);
#6792 = CARTESIAN_POINT('',(97.4,-58.76,-4.6E-02));
#6793 = VECTOR('',#6794,1.);
#6794 = DIRECTION('',(0.,0.,1.));
#6795 = ORIENTED_EDGE('',*,*,#3810,.F.);
#6796 = ORIENTED_EDGE('',*,*,#6790,.F.);
#6797 = CYLINDRICAL_SURFACE('',#6798,0.4);
#6798 = AXIS2_PLACEMENT_3D('',#6799,#6800,#6801);
#6799 = CARTESIAN_POINT('',(97.4,-58.36,-4.6E-02));
#6800 = DIRECTION('',(-0.,-0.,-1.));
#6801 = DIRECTION('',(-0.,-1.,0.));
#6802 = ADVANCED_FACE('',(#6803),#6814,.F.);
#6803 = FACE_BOUND('',#6804,.T.);
#6804 = EDGE_LOOP('',(#6805,#6806,#6812,#6813));
#6805 = ORIENTED_EDGE('',*,*,#1659,.T.);
#6806 = ORIENTED_EDGE('',*,*,#6807,.T.);
#6807 = EDGE_CURVE('',#1660,#3822,#6808,.T.);
#6808 = LINE('',#6809,#6810);
#6809 = CARTESIAN_POINT('',(97.4,-56.22,-4.6E-02));
#6810 = VECTOR('',#6811,1.);
#6811 = DIRECTION('',(0.,0.,1.));
#6812 = ORIENTED_EDGE('',*,*,#3821,.F.);
#6813 = ORIENTED_EDGE('',*,*,#6807,.F.);
#6814 = CYLINDRICAL_SURFACE('',#6815,0.4);
#6815 = AXIS2_PLACEMENT_3D('',#6816,#6817,#6818);
#6816 = CARTESIAN_POINT('',(97.4,-55.82,-4.6E-02));
#6817 = DIRECTION('',(-0.,-0.,-1.));
#6818 = DIRECTION('',(-0.,-1.,0.));
#6819 = ADVANCED_FACE('',(#6820),#6831,.F.);
#6820 = FACE_BOUND('',#6821,.T.);
#6821 = EDGE_LOOP('',(#6822,#6823,#6829,#6830));
#6822 = ORIENTED_EDGE('',*,*,#1670,.T.);
#6823 = ORIENTED_EDGE('',*,*,#6824,.T.);
#6824 = EDGE_CURVE('',#1671,#3833,#6825,.T.);
#6825 = LINE('',#6826,#6827);
#6826 = CARTESIAN_POINT('',(110.1,-61.3,-4.6E-02));
#6827 = VECTOR('',#6828,1.);
#6828 = DIRECTION('',(0.,0.,1.));
#6829 = ORIENTED_EDGE('',*,*,#3832,.F.);
#6830 = ORIENTED_EDGE('',*,*,#6824,.F.);
#6831 = CYLINDRICAL_SURFACE('',#6832,0.4);
#6832 = AXIS2_PLACEMENT_3D('',#6833,#6834,#6835);
#6833 = CARTESIAN_POINT('',(110.1,-60.9,-4.6E-02));
#6834 = DIRECTION('',(-0.,-0.,-1.));
#6835 = DIRECTION('',(-0.,-1.,0.));
#6836 = ADVANCED_FACE('',(#6837),#6848,.F.);
#6837 = FACE_BOUND('',#6838,.T.);
#6838 = EDGE_LOOP('',(#6839,#6840,#6846,#6847));
#6839 = ORIENTED_EDGE('',*,*,#1681,.T.);
#6840 = ORIENTED_EDGE('',*,*,#6841,.T.);
#6841 = EDGE_CURVE('',#1682,#3844,#6842,.T.);
#6842 = LINE('',#6843,#6844);
#6843 = CARTESIAN_POINT('',(110.1,-58.76,-4.6E-02));
#6844 = VECTOR('',#6845,1.);
#6845 = DIRECTION('',(0.,0.,1.));
#6846 = ORIENTED_EDGE('',*,*,#3843,.F.);
#6847 = ORIENTED_EDGE('',*,*,#6841,.F.);
#6848 = CYLINDRICAL_SURFACE('',#6849,0.4);
#6849 = AXIS2_PLACEMENT_3D('',#6850,#6851,#6852);
#6850 = CARTESIAN_POINT('',(110.1,-58.36,-4.6E-02));
#6851 = DIRECTION('',(-0.,-0.,-1.));
#6852 = DIRECTION('',(-0.,-1.,0.));
#6853 = ADVANCED_FACE('',(#6854),#6865,.F.);
#6854 = FACE_BOUND('',#6855,.T.);
#6855 = EDGE_LOOP('',(#6856,#6857,#6863,#6864));
#6856 = ORIENTED_EDGE('',*,*,#1692,.T.);
#6857 = ORIENTED_EDGE('',*,*,#6858,.T.);
#6858 = EDGE_CURVE('',#1693,#3855,#6859,.T.);
#6859 = LINE('',#6860,#6861);
#6860 = CARTESIAN_POINT('',(115.74,-61.3,-4.6E-02));
#6861 = VECTOR('',#6862,1.);
#6862 = DIRECTION('',(0.,0.,1.));
#6863 = ORIENTED_EDGE('',*,*,#3854,.F.);
#6864 = ORIENTED_EDGE('',*,*,#6858,.F.);
#6865 = CYLINDRICAL_SURFACE('',#6866,0.4);
#6866 = AXIS2_PLACEMENT_3D('',#6867,#6868,#6869);
#6867 = CARTESIAN_POINT('',(115.74,-60.9,-4.6E-02));
#6868 = DIRECTION('',(-0.,-0.,-1.));
#6869 = DIRECTION('',(-3.552713678801E-14,-1.,0.));
#6870 = ADVANCED_FACE('',(#6871),#6882,.F.);
#6871 = FACE_BOUND('',#6872,.T.);
#6872 = EDGE_LOOP('',(#6873,#6874,#6880,#6881));
#6873 = ORIENTED_EDGE('',*,*,#1703,.T.);
#6874 = ORIENTED_EDGE('',*,*,#6875,.T.);
#6875 = EDGE_CURVE('',#1704,#3866,#6876,.T.);
#6876 = LINE('',#6877,#6878);
#6877 = CARTESIAN_POINT('',(115.74,-58.76,-4.6E-02));
#6878 = VECTOR('',#6879,1.);
#6879 = DIRECTION('',(0.,0.,1.));
#6880 = ORIENTED_EDGE('',*,*,#3865,.F.);
#6881 = ORIENTED_EDGE('',*,*,#6875,.F.);
#6882 = CYLINDRICAL_SURFACE('',#6883,0.4);
#6883 = AXIS2_PLACEMENT_3D('',#6884,#6885,#6886);
#6884 = CARTESIAN_POINT('',(115.74,-58.36,-4.6E-02));
#6885 = DIRECTION('',(-0.,-0.,-1.));
#6886 = DIRECTION('',(-3.552713678801E-14,-1.,0.));
#6887 = ADVANCED_FACE('',(#6888),#6899,.F.);
#6888 = FACE_BOUND('',#6889,.T.);
#6889 = EDGE_LOOP('',(#6890,#6891,#6897,#6898));
#6890 = ORIENTED_EDGE('',*,*,#1714,.T.);
#6891 = ORIENTED_EDGE('',*,*,#6892,.T.);
#6892 = EDGE_CURVE('',#1715,#3877,#6893,.T.);
#6893 = LINE('',#6894,#6895);
#6894 = CARTESIAN_POINT('',(110.1,-56.22,-4.6E-02));
#6895 = VECTOR('',#6896,1.);
#6896 = DIRECTION('',(0.,0.,1.));
#6897 = ORIENTED_EDGE('',*,*,#3876,.F.);
#6898 = ORIENTED_EDGE('',*,*,#6892,.F.);
#6899 = CYLINDRICAL_SURFACE('',#6900,0.4);
#6900 = AXIS2_PLACEMENT_3D('',#6901,#6902,#6903);
#6901 = CARTESIAN_POINT('',(110.1,-55.82,-4.6E-02));
#6902 = DIRECTION('',(-0.,-0.,-1.));
#6903 = DIRECTION('',(-0.,-1.,0.));
#6904 = ADVANCED_FACE('',(#6905),#6916,.F.);
#6905 = FACE_BOUND('',#6906,.T.);
#6906 = EDGE_LOOP('',(#6907,#6908,#6914,#6915));
#6907 = ORIENTED_EDGE('',*,*,#1725,.T.);
#6908 = ORIENTED_EDGE('',*,*,#6909,.T.);
#6909 = EDGE_CURVE('',#1726,#3888,#6910,.T.);
#6910 = LINE('',#6911,#6912);
#6911 = CARTESIAN_POINT('',(115.74,-56.22,-4.6E-02));
#6912 = VECTOR('',#6913,1.);
#6913 = DIRECTION('',(0.,0.,1.));
#6914 = ORIENTED_EDGE('',*,*,#3887,.F.);
#6915 = ORIENTED_EDGE('',*,*,#6909,.F.);
#6916 = CYLINDRICAL_SURFACE('',#6917,0.4);
#6917 = AXIS2_PLACEMENT_3D('',#6918,#6919,#6920);
#6918 = CARTESIAN_POINT('',(115.74,-55.82,-4.6E-02));
#6919 = DIRECTION('',(-0.,-0.,-1.));
#6920 = DIRECTION('',(-3.552713678801E-14,-1.,0.));
#6921 = ADVANCED_FACE('',(#6922),#6933,.F.);
#6922 = FACE_BOUND('',#6923,.T.);
#6923 = EDGE_LOOP('',(#6924,#6925,#6931,#6932));
#6924 = ORIENTED_EDGE('',*,*,#1736,.T.);
#6925 = ORIENTED_EDGE('',*,*,#6926,.T.);
#6926 = EDGE_CURVE('',#1737,#3899,#6927,.T.);
#6927 = LINE('',#6928,#6929);
#6928 = CARTESIAN_POINT('',(97.4,-53.68,-4.6E-02));
#6929 = VECTOR('',#6930,1.);
#6930 = DIRECTION('',(0.,0.,1.));
#6931 = ORIENTED_EDGE('',*,*,#3898,.F.);
#6932 = ORIENTED_EDGE('',*,*,#6926,.F.);
#6933 = CYLINDRICAL_SURFACE('',#6934,0.4);
#6934 = AXIS2_PLACEMENT_3D('',#6935,#6936,#6937);
#6935 = CARTESIAN_POINT('',(97.4,-53.28,-4.6E-02));
#6936 = DIRECTION('',(-0.,-0.,-1.));
#6937 = DIRECTION('',(-0.,-1.,0.));
#6938 = ADVANCED_FACE('',(#6939),#6950,.F.);
#6939 = FACE_BOUND('',#6940,.T.);
#6940 = EDGE_LOOP('',(#6941,#6942,#6948,#6949));
#6941 = ORIENTED_EDGE('',*,*,#1747,.T.);
#6942 = ORIENTED_EDGE('',*,*,#6943,.T.);
#6943 = EDGE_CURVE('',#1748,#3910,#6944,.T.);
#6944 = LINE('',#6945,#6946);
#6945 = CARTESIAN_POINT('',(97.4,-51.14,-4.6E-02));
#6946 = VECTOR('',#6947,1.);
#6947 = DIRECTION('',(0.,0.,1.));
#6948 = ORIENTED_EDGE('',*,*,#3909,.F.);
#6949 = ORIENTED_EDGE('',*,*,#6943,.F.);
#6950 = CYLINDRICAL_SURFACE('',#6951,0.4);
#6951 = AXIS2_PLACEMENT_3D('',#6952,#6953,#6954);
#6952 = CARTESIAN_POINT('',(97.4,-50.74,-4.6E-02));
#6953 = DIRECTION('',(-0.,-0.,-1.));
#6954 = DIRECTION('',(-0.,-1.,0.));
#6955 = ADVANCED_FACE('',(#6956),#6967,.F.);
#6956 = FACE_BOUND('',#6957,.T.);
#6957 = EDGE_LOOP('',(#6958,#6959,#6965,#6966));
#6958 = ORIENTED_EDGE('',*,*,#1758,.T.);
#6959 = ORIENTED_EDGE('',*,*,#6960,.T.);
#6960 = EDGE_CURVE('',#1759,#3921,#6961,.T.);
#6961 = LINE('',#6962,#6963);
#6962 = CARTESIAN_POINT('',(110.1,-53.68,-4.6E-02));
#6963 = VECTOR('',#6964,1.);
#6964 = DIRECTION('',(0.,0.,1.));
#6965 = ORIENTED_EDGE('',*,*,#3920,.F.);
#6966 = ORIENTED_EDGE('',*,*,#6960,.F.);
#6967 = CYLINDRICAL_SURFACE('',#6968,0.4);
#6968 = AXIS2_PLACEMENT_3D('',#6969,#6970,#6971);
#6969 = CARTESIAN_POINT('',(110.1,-53.28,-4.6E-02));
#6970 = DIRECTION('',(-0.,-0.,-1.));
#6971 = DIRECTION('',(-0.,-1.,0.));
#6972 = ADVANCED_FACE('',(#6973),#6984,.F.);
#6973 = FACE_BOUND('',#6974,.T.);
#6974 = EDGE_LOOP('',(#6975,#6976,#6982,#6983));
#6975 = ORIENTED_EDGE('',*,*,#1769,.T.);
#6976 = ORIENTED_EDGE('',*,*,#6977,.T.);
#6977 = EDGE_CURVE('',#1770,#3932,#6978,.T.);
#6978 = LINE('',#6979,#6980);
#6979 = CARTESIAN_POINT('',(110.1,-51.14,-4.6E-02));
#6980 = VECTOR('',#6981,1.);
#6981 = DIRECTION('',(0.,0.,1.));
#6982 = ORIENTED_EDGE('',*,*,#3931,.F.);
#6983 = ORIENTED_EDGE('',*,*,#6977,.F.);
#6984 = CYLINDRICAL_SURFACE('',#6985,0.4);
#6985 = AXIS2_PLACEMENT_3D('',#6986,#6987,#6988);
#6986 = CARTESIAN_POINT('',(110.1,-50.74,-4.6E-02));
#6987 = DIRECTION('',(-0.,-0.,-1.));
#6988 = DIRECTION('',(-0.,-1.,0.));
#6989 = ADVANCED_FACE('',(#6990),#7001,.F.);
#6990 = FACE_BOUND('',#6991,.T.);
#6991 = EDGE_LOOP('',(#6992,#6993,#6999,#7000));
#6992 = ORIENTED_EDGE('',*,*,#1780,.T.);
#6993 = ORIENTED_EDGE('',*,*,#6994,.T.);
#6994 = EDGE_CURVE('',#1781,#3943,#6995,.T.);
#6995 = LINE('',#6996,#6997);
#6996 = CARTESIAN_POINT('',(115.74,-53.68,-4.6E-02));
#6997 = VECTOR('',#6998,1.);
#6998 = DIRECTION('',(0.,0.,1.));
#6999 = ORIENTED_EDGE('',*,*,#3942,.F.);
#7000 = ORIENTED_EDGE('',*,*,#6994,.F.);
#7001 = CYLINDRICAL_SURFACE('',#7002,0.4);
#7002 = AXIS2_PLACEMENT_3D('',#7003,#7004,#7005);
#7003 = CARTESIAN_POINT('',(115.74,-53.28,-4.6E-02));
#7004 = DIRECTION('',(-0.,-0.,-1.));
#7005 = DIRECTION('',(-3.552713678801E-14,-1.,0.));
#7006 = ADVANCED_FACE('',(#7007),#7018,.F.);
#7007 = FACE_BOUND('',#7008,.T.);
#7008 = EDGE_LOOP('',(#7009,#7010,#7016,#7017));
#7009 = ORIENTED_EDGE('',*,*,#1791,.T.);
#7010 = ORIENTED_EDGE('',*,*,#7011,.T.);
#7011 = EDGE_CURVE('',#1792,#3954,#7012,.T.);
#7012 = LINE('',#7013,#7014);
#7013 = CARTESIAN_POINT('',(115.74,-51.14,-4.6E-02));
#7014 = VECTOR('',#7015,1.);
#7015 = DIRECTION('',(0.,0.,1.));
#7016 = ORIENTED_EDGE('',*,*,#3953,.F.);
#7017 = ORIENTED_EDGE('',*,*,#7011,.F.);
#7018 = CYLINDRICAL_SURFACE('',#7019,0.4);
#7019 = AXIS2_PLACEMENT_3D('',#7020,#7021,#7022);
#7020 = CARTESIAN_POINT('',(115.74,-50.74,-4.6E-02));
#7021 = DIRECTION('',(-0.,-0.,-1.));
#7022 = DIRECTION('',(-3.552713678801E-14,-1.,0.));
#7023 = ADVANCED_FACE('',(#7024),#7035,.F.);
#7024 = FACE_BOUND('',#7025,.T.);
#7025 = EDGE_LOOP('',(#7026,#7027,#7033,#7034));
#7026 = ORIENTED_EDGE('',*,*,#1802,.T.);
#7027 = ORIENTED_EDGE('',*,*,#7028,.T.);
#7028 = EDGE_CURVE('',#1803,#3965,#7029,.T.);
#7029 = LINE('',#7030,#7031);
#7030 = CARTESIAN_POINT('',(127.96,-79.91,-4.6E-02));
#7031 = VECTOR('',#7032,1.);
#7032 = DIRECTION('',(0.,0.,1.));
#7033 = ORIENTED_EDGE('',*,*,#3964,.F.);
#7034 = ORIENTED_EDGE('',*,*,#7028,.F.);
#7035 = CYLINDRICAL_SURFACE('',#7036,0.4);
#7036 = AXIS2_PLACEMENT_3D('',#7037,#7038,#7039);
#7037 = CARTESIAN_POINT('',(127.96,-79.51,-4.6E-02));
#7038 = DIRECTION('',(-0.,-0.,-1.));
#7039 = DIRECTION('',(-3.552713678801E-14,-1.,0.));
#7040 = ADVANCED_FACE('',(#7041),#7052,.F.);
#7041 = FACE_BOUND('',#7042,.T.);
#7042 = EDGE_LOOP('',(#7043,#7044,#7050,#7051));
#7043 = ORIENTED_EDGE('',*,*,#1813,.T.);
#7044 = ORIENTED_EDGE('',*,*,#7045,.T.);
#7045 = EDGE_CURVE('',#1814,#3976,#7046,.T.);
#7046 = LINE('',#7047,#7048);
#7047 = CARTESIAN_POINT('',(133.46,-80.01,-4.6E-02));
#7048 = VECTOR('',#7049,1.);
#7049 = DIRECTION('',(0.,0.,1.));
#7050 = ORIENTED_EDGE('',*,*,#3975,.F.);
#7051 = ORIENTED_EDGE('',*,*,#7045,.F.);
#7052 = CYLINDRICAL_SURFACE('',#7053,0.4);
#7053 = AXIS2_PLACEMENT_3D('',#7054,#7055,#7056);
#7054 = CARTESIAN_POINT('',(133.46,-79.61,-4.6E-02));
#7055 = DIRECTION('',(-0.,-0.,-1.));
#7056 = DIRECTION('',(-0.,-1.,0.));
#7057 = ADVANCED_FACE('',(#7058),#7069,.F.);
#7058 = FACE_BOUND('',#7059,.T.);
#7059 = EDGE_LOOP('',(#7060,#7061,#7067,#7068));
#7060 = ORIENTED_EDGE('',*,*,#1824,.T.);
#7061 = ORIENTED_EDGE('',*,*,#7062,.T.);
#7062 = EDGE_CURVE('',#1825,#3987,#7063,.T.);
#7063 = LINE('',#7064,#7065);
#7064 = CARTESIAN_POINT('',(123.6,-74.8,-4.6E-02));
#7065 = VECTOR('',#7066,1.);
#7066 = DIRECTION('',(0.,0.,1.));
#7067 = ORIENTED_EDGE('',*,*,#3986,.F.);
#7068 = ORIENTED_EDGE('',*,*,#7062,.F.);
#7069 = CYLINDRICAL_SURFACE('',#7070,0.4);
#7070 = AXIS2_PLACEMENT_3D('',#7071,#7072,#7073);
#7071 = CARTESIAN_POINT('',(123.6,-74.4,-4.6E-02));
#7072 = DIRECTION('',(-0.,-0.,-1.));
#7073 = DIRECTION('',(-0.,-1.,0.));
#7074 = ADVANCED_FACE('',(#7075),#7086,.F.);
#7075 = FACE_BOUND('',#7076,.T.);
#7076 = EDGE_LOOP('',(#7077,#7078,#7084,#7085));
#7077 = ORIENTED_EDGE('',*,*,#1835,.T.);
#7078 = ORIENTED_EDGE('',*,*,#7079,.T.);
#7079 = EDGE_CURVE('',#1836,#3998,#7080,.T.);
#7080 = LINE('',#7081,#7082);
#7081 = CARTESIAN_POINT('',(146.16,-80.01,-4.6E-02));
#7082 = VECTOR('',#7083,1.);
#7083 = DIRECTION('',(0.,0.,1.));
#7084 = ORIENTED_EDGE('',*,*,#3997,.F.);
#7085 = ORIENTED_EDGE('',*,*,#7079,.F.);
#7086 = CYLINDRICAL_SURFACE('',#7087,0.4);
#7087 = AXIS2_PLACEMENT_3D('',#7088,#7089,#7090);
#7088 = CARTESIAN_POINT('',(146.16,-79.61,-4.6E-02));
#7089 = DIRECTION('',(-0.,-0.,-1.));
#7090 = DIRECTION('',(-0.,-1.,0.));
#7091 = ADVANCED_FACE('',(#7092),#7103,.F.);
#7092 = FACE_BOUND('',#7093,.T.);
#7093 = EDGE_LOOP('',(#7094,#7095,#7101,#7102));
#7094 = ORIENTED_EDGE('',*,*,#1846,.T.);
#7095 = ORIENTED_EDGE('',*,*,#7096,.T.);
#7096 = EDGE_CURVE('',#1847,#4009,#7097,.T.);
#7097 = LINE('',#7098,#7099);
#7098 = CARTESIAN_POINT('',(138.3,-75.,-4.6E-02));
#7099 = VECTOR('',#7100,1.);
#7100 = DIRECTION('',(0.,0.,1.));
#7101 = ORIENTED_EDGE('',*,*,#4008,.F.);
#7102 = ORIENTED_EDGE('',*,*,#7096,.F.);
#7103 = CYLINDRICAL_SURFACE('',#7104,0.4);
#7104 = AXIS2_PLACEMENT_3D('',#7105,#7106,#7107);
#7105 = CARTESIAN_POINT('',(138.3,-74.6,-4.6E-02));
#7106 = DIRECTION('',(-0.,-0.,-1.));
#7107 = DIRECTION('',(-0.,-1.,0.));
#7108 = ADVANCED_FACE('',(#7109),#7120,.F.);
#7109 = FACE_BOUND('',#7110,.T.);
#7110 = EDGE_LOOP('',(#7111,#7112,#7118,#7119));
#7111 = ORIENTED_EDGE('',*,*,#1857,.T.);
#7112 = ORIENTED_EDGE('',*,*,#7113,.T.);
#7113 = EDGE_CURVE('',#1858,#4020,#7114,.T.);
#7114 = LINE('',#7115,#7116);
#7115 = CARTESIAN_POINT('',(141.8,-75.,-4.6E-02));
#7116 = VECTOR('',#7117,1.);
#7117 = DIRECTION('',(0.,0.,1.));
#7118 = ORIENTED_EDGE('',*,*,#4019,.F.);
#7119 = ORIENTED_EDGE('',*,*,#7113,.F.);
#7120 = CYLINDRICAL_SURFACE('',#7121,0.4);
#7121 = AXIS2_PLACEMENT_3D('',#7122,#7123,#7124);
#7122 = CARTESIAN_POINT('',(141.8,-74.6,-4.6E-02));
#7123 = DIRECTION('',(-0.,-0.,-1.));
#7124 = DIRECTION('',(-0.,-1.,0.));
#7125 = ADVANCED_FACE('',(#7126),#7137,.F.);
#7126 = FACE_BOUND('',#7127,.T.);
#7127 = EDGE_LOOP('',(#7128,#7129,#7135,#7136));
#7128 = ORIENTED_EDGE('',*,*,#1868,.T.);
#7129 = ORIENTED_EDGE('',*,*,#7130,.T.);
#7130 = EDGE_CURVE('',#1869,#4031,#7131,.T.);
#7131 = LINE('',#7132,#7133);
#7132 = CARTESIAN_POINT('',(128.44,-68.92,-4.6E-02));
#7133 = VECTOR('',#7134,1.);
#7134 = DIRECTION('',(0.,0.,1.));
#7135 = ORIENTED_EDGE('',*,*,#4030,.F.);
#7136 = ORIENTED_EDGE('',*,*,#7130,.F.);
#7137 = CYLINDRICAL_SURFACE('',#7138,0.4);
#7138 = AXIS2_PLACEMENT_3D('',#7139,#7140,#7141);
#7139 = CARTESIAN_POINT('',(128.44,-68.52,-4.6E-02));
#7140 = DIRECTION('',(-0.,-0.,-1.));
#7141 = DIRECTION('',(-0.,-1.,0.));
#7142 = ADVANCED_FACE('',(#7143),#7154,.F.);
#7143 = FACE_BOUND('',#7144,.T.);
#7144 = EDGE_LOOP('',(#7145,#7146,#7152,#7153));
#7145 = ORIENTED_EDGE('',*,*,#1879,.T.);
#7146 = ORIENTED_EDGE('',*,*,#7147,.T.);
#7147 = EDGE_CURVE('',#1880,#4042,#7148,.T.);
#7148 = LINE('',#7149,#7150);
#7149 = CARTESIAN_POINT('',(133.43,-68.9,-4.6E-02));
#7150 = VECTOR('',#7151,1.);
#7151 = DIRECTION('',(0.,0.,1.));
#7152 = ORIENTED_EDGE('',*,*,#4041,.F.);
#7153 = ORIENTED_EDGE('',*,*,#7147,.F.);
#7154 = CYLINDRICAL_SURFACE('',#7155,0.4);
#7155 = AXIS2_PLACEMENT_3D('',#7156,#7157,#7158);
#7156 = CARTESIAN_POINT('',(133.43,-68.5,-4.6E-02));
#7157 = DIRECTION('',(-0.,-0.,-1.));
#7158 = DIRECTION('',(-0.,-1.,0.));
#7159 = ADVANCED_FACE('',(#7160),#7171,.F.);
#7160 = FACE_BOUND('',#7161,.T.);
#7161 = EDGE_LOOP('',(#7162,#7163,#7169,#7170));
#7162 = ORIENTED_EDGE('',*,*,#1890,.T.);
#7163 = ORIENTED_EDGE('',*,*,#7164,.T.);
#7164 = EDGE_CURVE('',#1891,#4053,#7165,.T.);
#7165 = LINE('',#7166,#7167);
#7166 = CARTESIAN_POINT('',(128.44,-66.38,-4.6E-02));
#7167 = VECTOR('',#7168,1.);
#7168 = DIRECTION('',(0.,0.,1.));
#7169 = ORIENTED_EDGE('',*,*,#4052,.F.);
#7170 = ORIENTED_EDGE('',*,*,#7164,.F.);
#7171 = CYLINDRICAL_SURFACE('',#7172,0.4);
#7172 = AXIS2_PLACEMENT_3D('',#7173,#7174,#7175);
#7173 = CARTESIAN_POINT('',(128.44,-65.98,-4.6E-02));
#7174 = DIRECTION('',(-0.,-0.,-1.));
#7175 = DIRECTION('',(-0.,-1.,0.));
#7176 = ADVANCED_FACE('',(#7177),#7188,.F.);
#7177 = FACE_BOUND('',#7178,.T.);
#7178 = EDGE_LOOP('',(#7179,#7180,#7186,#7187));
#7179 = ORIENTED_EDGE('',*,*,#1901,.T.);
#7180 = ORIENTED_EDGE('',*,*,#7181,.T.);
#7181 = EDGE_CURVE('',#1902,#4064,#7182,.T.);
#7182 = LINE('',#7183,#7184);
#7183 = CARTESIAN_POINT('',(133.43,-66.36,-4.6E-02));
#7184 = VECTOR('',#7185,1.);
#7185 = DIRECTION('',(0.,0.,1.));
#7186 = ORIENTED_EDGE('',*,*,#4063,.F.);
#7187 = ORIENTED_EDGE('',*,*,#7181,.F.);
#7188 = CYLINDRICAL_SURFACE('',#7189,0.4);
#7189 = AXIS2_PLACEMENT_3D('',#7190,#7191,#7192);
#7190 = CARTESIAN_POINT('',(133.43,-65.96,-4.6E-02));
#7191 = DIRECTION('',(-0.,-0.,-1.));
#7192 = DIRECTION('',(-0.,-1.,0.));
#7193 = ADVANCED_FACE('',(#7194),#7205,.F.);
#7194 = FACE_BOUND('',#7195,.T.);
#7195 = EDGE_LOOP('',(#7196,#7197,#7203,#7204));
#7196 = ORIENTED_EDGE('',*,*,#1912,.T.);
#7197 = ORIENTED_EDGE('',*,*,#7198,.T.);
#7198 = EDGE_CURVE('',#1913,#4075,#7199,.T.);
#7199 = LINE('',#7200,#7201);
#7200 = CARTESIAN_POINT('',(128.44,-63.84,-4.6E-02));
#7201 = VECTOR('',#7202,1.);
#7202 = DIRECTION('',(0.,0.,1.));
#7203 = ORIENTED_EDGE('',*,*,#4074,.F.);
#7204 = ORIENTED_EDGE('',*,*,#7198,.F.);
#7205 = CYLINDRICAL_SURFACE('',#7206,0.4);
#7206 = AXIS2_PLACEMENT_3D('',#7207,#7208,#7209);
#7207 = CARTESIAN_POINT('',(128.44,-63.44,-4.6E-02));
#7208 = DIRECTION('',(-0.,-0.,-1.));
#7209 = DIRECTION('',(-0.,-1.,0.));
#7210 = ADVANCED_FACE('',(#7211),#7222,.F.);
#7211 = FACE_BOUND('',#7212,.T.);
#7212 = EDGE_LOOP('',(#7213,#7214,#7220,#7221));
#7213 = ORIENTED_EDGE('',*,*,#1923,.T.);
#7214 = ORIENTED_EDGE('',*,*,#7215,.T.);
#7215 = EDGE_CURVE('',#1924,#4086,#7216,.T.);
#7216 = LINE('',#7217,#7218);
#7217 = CARTESIAN_POINT('',(133.43,-63.82,-4.6E-02));
#7218 = VECTOR('',#7219,1.);
#7219 = DIRECTION('',(0.,0.,1.));
#7220 = ORIENTED_EDGE('',*,*,#4085,.F.);
#7221 = ORIENTED_EDGE('',*,*,#7215,.F.);
#7222 = CYLINDRICAL_SURFACE('',#7223,0.4);
#7223 = AXIS2_PLACEMENT_3D('',#7224,#7225,#7226);
#7224 = CARTESIAN_POINT('',(133.43,-63.42,-4.6E-02));
#7225 = DIRECTION('',(-0.,-0.,-1.));
#7226 = DIRECTION('',(-0.,-1.,0.));
#7227 = ADVANCED_FACE('',(#7228),#7239,.F.);
#7228 = FACE_BOUND('',#7229,.T.);
#7229 = EDGE_LOOP('',(#7230,#7231,#7237,#7238));
#7230 = ORIENTED_EDGE('',*,*,#1934,.T.);
#7231 = ORIENTED_EDGE('',*,*,#7232,.T.);
#7232 = EDGE_CURVE('',#1935,#4097,#7233,.T.);
#7233 = LINE('',#7234,#7235);
#7234 = CARTESIAN_POINT('',(146.13,-68.9,-4.6E-02));
#7235 = VECTOR('',#7236,1.);
#7236 = DIRECTION('',(0.,0.,1.));
#7237 = ORIENTED_EDGE('',*,*,#4096,.F.);
#7238 = ORIENTED_EDGE('',*,*,#7232,.F.);
#7239 = CYLINDRICAL_SURFACE('',#7240,0.4);
#7240 = AXIS2_PLACEMENT_3D('',#7241,#7242,#7243);
#7241 = CARTESIAN_POINT('',(146.13,-68.5,-4.6E-02));
#7242 = DIRECTION('',(-0.,-0.,-1.));
#7243 = DIRECTION('',(-0.,-1.,0.));
#7244 = ADVANCED_FACE('',(#7245),#7256,.F.);
#7245 = FACE_BOUND('',#7246,.T.);
#7246 = EDGE_LOOP('',(#7247,#7248,#7254,#7255));
#7247 = ORIENTED_EDGE('',*,*,#1945,.T.);
#7248 = ORIENTED_EDGE('',*,*,#7249,.T.);
#7249 = EDGE_CURVE('',#1946,#4108,#7250,.T.);
#7250 = LINE('',#7251,#7252);
#7251 = CARTESIAN_POINT('',(146.13,-66.36,-4.6E-02));
#7252 = VECTOR('',#7253,1.);
#7253 = DIRECTION('',(0.,0.,1.));
#7254 = ORIENTED_EDGE('',*,*,#4107,.F.);
#7255 = ORIENTED_EDGE('',*,*,#7249,.F.);
#7256 = CYLINDRICAL_SURFACE('',#7257,0.4);
#7257 = AXIS2_PLACEMENT_3D('',#7258,#7259,#7260);
#7258 = CARTESIAN_POINT('',(146.13,-65.96,-4.6E-02));
#7259 = DIRECTION('',(-0.,-0.,-1.));
#7260 = DIRECTION('',(-0.,-1.,0.));
#7261 = ADVANCED_FACE('',(#7262),#7273,.F.);
#7262 = FACE_BOUND('',#7263,.T.);
#7263 = EDGE_LOOP('',(#7264,#7265,#7271,#7272));
#7264 = ORIENTED_EDGE('',*,*,#1956,.T.);
#7265 = ORIENTED_EDGE('',*,*,#7266,.T.);
#7266 = EDGE_CURVE('',#1957,#4119,#7267,.T.);
#7267 = LINE('',#7268,#7269);
#7268 = CARTESIAN_POINT('',(146.13,-63.82,-4.6E-02));
#7269 = VECTOR('',#7270,1.);
#7270 = DIRECTION('',(0.,0.,1.));
#7271 = ORIENTED_EDGE('',*,*,#4118,.F.);
#7272 = ORIENTED_EDGE('',*,*,#7266,.F.);
#7273 = CYLINDRICAL_SURFACE('',#7274,0.4);
#7274 = AXIS2_PLACEMENT_3D('',#7275,#7276,#7277);
#7275 = CARTESIAN_POINT('',(146.13,-63.42,-4.6E-02));
#7276 = DIRECTION('',(-0.,-0.,-1.));
#7277 = DIRECTION('',(-0.,-1.,0.));
#7278 = ADVANCED_FACE('',(#7279),#7290,.F.);
#7279 = FACE_BOUND('',#7280,.T.);
#7280 = EDGE_LOOP('',(#7281,#7282,#7288,#7289));
#7281 = ORIENTED_EDGE('',*,*,#1967,.T.);
#7282 = ORIENTED_EDGE('',*,*,#7283,.T.);
#7283 = EDGE_CURVE('',#1968,#4130,#7284,.T.);
#7284 = LINE('',#7285,#7286);
#7285 = CARTESIAN_POINT('',(162.8,-80.4,-4.6E-02));
#7286 = VECTOR('',#7287,1.);
#7287 = DIRECTION('',(0.,0.,1.));
#7288 = ORIENTED_EDGE('',*,*,#4129,.F.);
#7289 = ORIENTED_EDGE('',*,*,#7283,.F.);
#7290 = CYLINDRICAL_SURFACE('',#7291,0.4);
#7291 = AXIS2_PLACEMENT_3D('',#7292,#7293,#7294);
#7292 = CARTESIAN_POINT('',(162.8,-80.,-4.6E-02));
#7293 = DIRECTION('',(-0.,-0.,-1.));
#7294 = DIRECTION('',(-0.,-1.,0.));
#7295 = ADVANCED_FACE('',(#7296),#7307,.F.);
#7296 = FACE_BOUND('',#7297,.T.);
#7297 = EDGE_LOOP('',(#7298,#7299,#7305,#7306));
#7298 = ORIENTED_EDGE('',*,*,#1978,.T.);
#7299 = ORIENTED_EDGE('',*,*,#7300,.T.);
#7300 = EDGE_CURVE('',#1979,#4141,#7301,.T.);
#7301 = LINE('',#7302,#7303);
#7302 = CARTESIAN_POINT('',(164.8,-80.4,-4.6E-02));
#7303 = VECTOR('',#7304,1.);
#7304 = DIRECTION('',(0.,0.,1.));
#7305 = ORIENTED_EDGE('',*,*,#4140,.F.);
#7306 = ORIENTED_EDGE('',*,*,#7300,.F.);
#7307 = CYLINDRICAL_SURFACE('',#7308,0.4);
#7308 = AXIS2_PLACEMENT_3D('',#7309,#7310,#7311);
#7309 = CARTESIAN_POINT('',(164.8,-80.,-4.6E-02));
#7310 = DIRECTION('',(-0.,-0.,-1.));
#7311 = DIRECTION('',(-0.,-1.,0.));
#7312 = ADVANCED_FACE('',(#7313),#7324,.F.);
#7313 = FACE_BOUND('',#7314,.T.);
#7314 = EDGE_LOOP('',(#7315,#7316,#7322,#7323));
#7315 = ORIENTED_EDGE('',*,*,#1989,.T.);
#7316 = ORIENTED_EDGE('',*,*,#7317,.T.);
#7317 = EDGE_CURVE('',#1990,#4152,#7318,.T.);
#7318 = LINE('',#7319,#7320);
#7319 = CARTESIAN_POINT('',(166.8,-80.4,-4.6E-02));
#7320 = VECTOR('',#7321,1.);
#7321 = DIRECTION('',(0.,0.,1.));
#7322 = ORIENTED_EDGE('',*,*,#4151,.F.);
#7323 = ORIENTED_EDGE('',*,*,#7317,.F.);
#7324 = CYLINDRICAL_SURFACE('',#7325,0.4);
#7325 = AXIS2_PLACEMENT_3D('',#7326,#7327,#7328);
#7326 = CARTESIAN_POINT('',(166.8,-80.,-4.6E-02));
#7327 = DIRECTION('',(-0.,-0.,-1.));
#7328 = DIRECTION('',(-0.,-1.,0.));
#7329 = ADVANCED_FACE('',(#7330),#7341,.F.);
#7330 = FACE_BOUND('',#7331,.T.);
#7331 = EDGE_LOOP('',(#7332,#7333,#7339,#7340));
#7332 = ORIENTED_EDGE('',*,*,#2000,.T.);
#7333 = ORIENTED_EDGE('',*,*,#7334,.T.);
#7334 = EDGE_CURVE('',#2001,#4163,#7335,.T.);
#7335 = LINE('',#7336,#7337);
#7336 = CARTESIAN_POINT('',(168.8,-80.4,-4.6E-02));
#7337 = VECTOR('',#7338,1.);
#7338 = DIRECTION('',(0.,0.,1.));
#7339 = ORIENTED_EDGE('',*,*,#4162,.F.);
#7340 = ORIENTED_EDGE('',*,*,#7334,.F.);
#7341 = CYLINDRICAL_SURFACE('',#7342,0.4);
#7342 = AXIS2_PLACEMENT_3D('',#7343,#7344,#7345);
#7343 = CARTESIAN_POINT('',(168.8,-80.,-4.6E-02));
#7344 = DIRECTION('',(-0.,-0.,-1.));
#7345 = DIRECTION('',(-0.,-1.,0.));
#7346 = ADVANCED_FACE('',(#7347),#7358,.F.);
#7347 = FACE_BOUND('',#7348,.T.);
#7348 = EDGE_LOOP('',(#7349,#7350,#7356,#7357));
#7349 = ORIENTED_EDGE('',*,*,#2011,.T.);
#7350 = ORIENTED_EDGE('',*,*,#7351,.T.);
#7351 = EDGE_CURVE('',#2012,#4174,#7352,.T.);
#7352 = LINE('',#7353,#7354);
#7353 = CARTESIAN_POINT('',(162.8,-76.5,-4.6E-02));
#7354 = VECTOR('',#7355,1.);
#7355 = DIRECTION('',(0.,0.,1.));
#7356 = ORIENTED_EDGE('',*,*,#4173,.F.);
#7357 = ORIENTED_EDGE('',*,*,#7351,.F.);
#7358 = CYLINDRICAL_SURFACE('',#7359,0.4);
#7359 = AXIS2_PLACEMENT_3D('',#7360,#7361,#7362);
#7360 = CARTESIAN_POINT('',(162.8,-76.1,-4.6E-02));
#7361 = DIRECTION('',(-0.,-0.,-1.));
#7362 = DIRECTION('',(-0.,-1.,0.));
#7363 = ADVANCED_FACE('',(#7364),#7375,.F.);
#7364 = FACE_BOUND('',#7365,.T.);
#7365 = EDGE_LOOP('',(#7366,#7367,#7373,#7374));
#7366 = ORIENTED_EDGE('',*,*,#2022,.T.);
#7367 = ORIENTED_EDGE('',*,*,#7368,.T.);
#7368 = EDGE_CURVE('',#2023,#4185,#7369,.T.);
#7369 = LINE('',#7370,#7371);
#7370 = CARTESIAN_POINT('',(164.8,-76.5,-4.6E-02));
#7371 = VECTOR('',#7372,1.);
#7372 = DIRECTION('',(0.,0.,1.));
#7373 = ORIENTED_EDGE('',*,*,#4184,.F.);
#7374 = ORIENTED_EDGE('',*,*,#7368,.F.);
#7375 = CYLINDRICAL_SURFACE('',#7376,0.4);
#7376 = AXIS2_PLACEMENT_3D('',#7377,#7378,#7379);
#7377 = CARTESIAN_POINT('',(164.8,-76.1,-4.6E-02));
#7378 = DIRECTION('',(-0.,-0.,-1.));
#7379 = DIRECTION('',(-0.,-1.,0.));
#7380 = ADVANCED_FACE('',(#7381),#7392,.F.);
#7381 = FACE_BOUND('',#7382,.T.);
#7382 = EDGE_LOOP('',(#7383,#7384,#7390,#7391));
#7383 = ORIENTED_EDGE('',*,*,#2033,.T.);
#7384 = ORIENTED_EDGE('',*,*,#7385,.T.);
#7385 = EDGE_CURVE('',#2034,#4196,#7386,.T.);
#7386 = LINE('',#7387,#7388);
#7387 = CARTESIAN_POINT('',(166.8,-76.5,-4.6E-02));
#7388 = VECTOR('',#7389,1.);
#7389 = DIRECTION('',(0.,0.,1.));
#7390 = ORIENTED_EDGE('',*,*,#4195,.F.);
#7391 = ORIENTED_EDGE('',*,*,#7385,.F.);
#7392 = CYLINDRICAL_SURFACE('',#7393,0.4);
#7393 = AXIS2_PLACEMENT_3D('',#7394,#7395,#7396);
#7394 = CARTESIAN_POINT('',(166.8,-76.1,-4.6E-02));
#7395 = DIRECTION('',(-0.,-0.,-1.));
#7396 = DIRECTION('',(-0.,-1.,0.));
#7397 = ADVANCED_FACE('',(#7398),#7409,.F.);
#7398 = FACE_BOUND('',#7399,.T.);
#7399 = EDGE_LOOP('',(#7400,#7401,#7407,#7408));
#7400 = ORIENTED_EDGE('',*,*,#2044,.T.);
#7401 = ORIENTED_EDGE('',*,*,#7402,.T.);
#7402 = EDGE_CURVE('',#2045,#4207,#7403,.T.);
#7403 = LINE('',#7404,#7405);
#7404 = CARTESIAN_POINT('',(168.8,-76.5,-4.6E-02));
#7405 = VECTOR('',#7406,1.);
#7406 = DIRECTION('',(0.,0.,1.));
#7407 = ORIENTED_EDGE('',*,*,#4206,.F.);
#7408 = ORIENTED_EDGE('',*,*,#7402,.F.);
#7409 = CYLINDRICAL_SURFACE('',#7410,0.4);
#7410 = AXIS2_PLACEMENT_3D('',#7411,#7412,#7413);
#7411 = CARTESIAN_POINT('',(168.8,-76.1,-4.6E-02));
#7412 = DIRECTION('',(-0.,-0.,-1.));
#7413 = DIRECTION('',(-0.,-1.,0.));
#7414 = ADVANCED_FACE('',(#7415),#7426,.F.);
#7415 = FACE_BOUND('',#7416,.T.);
#7416 = EDGE_LOOP('',(#7417,#7418,#7424,#7425));
#7417 = ORIENTED_EDGE('',*,*,#2055,.T.);
#7418 = ORIENTED_EDGE('',*,*,#7419,.T.);
#7419 = EDGE_CURVE('',#2056,#4218,#7420,.T.);
#7420 = LINE('',#7421,#7422);
#7421 = CARTESIAN_POINT('',(162.8,-72.3,-4.6E-02));
#7422 = VECTOR('',#7423,1.);
#7423 = DIRECTION('',(0.,0.,1.));
#7424 = ORIENTED_EDGE('',*,*,#4217,.F.);
#7425 = ORIENTED_EDGE('',*,*,#7419,.F.);
#7426 = CYLINDRICAL_SURFACE('',#7427,0.4);
#7427 = AXIS2_PLACEMENT_3D('',#7428,#7429,#7430);
#7428 = CARTESIAN_POINT('',(162.8,-71.9,-4.6E-02));
#7429 = DIRECTION('',(-0.,-0.,-1.));
#7430 = DIRECTION('',(-0.,-1.,0.));
#7431 = ADVANCED_FACE('',(#7432),#7443,.F.);
#7432 = FACE_BOUND('',#7433,.T.);
#7433 = EDGE_LOOP('',(#7434,#7435,#7441,#7442));
#7434 = ORIENTED_EDGE('',*,*,#2066,.T.);
#7435 = ORIENTED_EDGE('',*,*,#7436,.T.);
#7436 = EDGE_CURVE('',#2067,#4229,#7437,.T.);
#7437 = LINE('',#7438,#7439);
#7438 = CARTESIAN_POINT('',(164.8,-72.3,-4.6E-02));
#7439 = VECTOR('',#7440,1.);
#7440 = DIRECTION('',(0.,0.,1.));
#7441 = ORIENTED_EDGE('',*,*,#4228,.F.);
#7442 = ORIENTED_EDGE('',*,*,#7436,.F.);
#7443 = CYLINDRICAL_SURFACE('',#7444,0.4);
#7444 = AXIS2_PLACEMENT_3D('',#7445,#7446,#7447);
#7445 = CARTESIAN_POINT('',(164.8,-71.9,-4.6E-02));
#7446 = DIRECTION('',(-0.,-0.,-1.));
#7447 = DIRECTION('',(-0.,-1.,0.));
#7448 = ADVANCED_FACE('',(#7449),#7460,.F.);
#7449 = FACE_BOUND('',#7450,.T.);
#7450 = EDGE_LOOP('',(#7451,#7452,#7458,#7459));
#7451 = ORIENTED_EDGE('',*,*,#2077,.T.);
#7452 = ORIENTED_EDGE('',*,*,#7453,.T.);
#7453 = EDGE_CURVE('',#2078,#4240,#7454,.T.);
#7454 = LINE('',#7455,#7456);
#7455 = CARTESIAN_POINT('',(166.8,-72.3,-4.6E-02));
#7456 = VECTOR('',#7457,1.);
#7457 = DIRECTION('',(0.,0.,1.));
#7458 = ORIENTED_EDGE('',*,*,#4239,.F.);
#7459 = ORIENTED_EDGE('',*,*,#7453,.F.);
#7460 = CYLINDRICAL_SURFACE('',#7461,0.4);
#7461 = AXIS2_PLACEMENT_3D('',#7462,#7463,#7464);
#7462 = CARTESIAN_POINT('',(166.8,-71.9,-4.6E-02));
#7463 = DIRECTION('',(-0.,-0.,-1.));
#7464 = DIRECTION('',(-0.,-1.,0.));
#7465 = ADVANCED_FACE('',(#7466),#7477,.F.);
#7466 = FACE_BOUND('',#7467,.T.);
#7467 = EDGE_LOOP('',(#7468,#7469,#7475,#7476));
#7468 = ORIENTED_EDGE('',*,*,#2088,.T.);
#7469 = ORIENTED_EDGE('',*,*,#7470,.T.);
#7470 = EDGE_CURVE('',#2089,#4251,#7471,.T.);
#7471 = LINE('',#7472,#7473);
#7472 = CARTESIAN_POINT('',(168.8,-72.3,-4.6E-02));
#7473 = VECTOR('',#7474,1.);
#7474 = DIRECTION('',(0.,0.,1.));
#7475 = ORIENTED_EDGE('',*,*,#4250,.F.);
#7476 = ORIENTED_EDGE('',*,*,#7470,.F.);
#7477 = CYLINDRICAL_SURFACE('',#7478,0.4);
#7478 = AXIS2_PLACEMENT_3D('',#7479,#7480,#7481);
#7479 = CARTESIAN_POINT('',(168.8,-71.9,-4.6E-02));
#7480 = DIRECTION('',(-0.,-0.,-1.));
#7481 = DIRECTION('',(-0.,-1.,0.));
#7482 = ADVANCED_FACE('',(#7483),#7494,.F.);
#7483 = FACE_BOUND('',#7484,.T.);
#7484 = EDGE_LOOP('',(#7485,#7486,#7492,#7493));
#7485 = ORIENTED_EDGE('',*,*,#2099,.T.);
#7486 = ORIENTED_EDGE('',*,*,#7487,.T.);
#7487 = EDGE_CURVE('',#2100,#4262,#7488,.T.);
#7488 = LINE('',#7489,#7490);
#7489 = CARTESIAN_POINT('',(128.44,-61.3,-4.6E-02));
#7490 = VECTOR('',#7491,1.);
#7491 = DIRECTION('',(0.,0.,1.));
#7492 = ORIENTED_EDGE('',*,*,#4261,.F.);
#7493 = ORIENTED_EDGE('',*,*,#7487,.F.);
#7494 = CYLINDRICAL_SURFACE('',#7495,0.4);
#7495 = AXIS2_PLACEMENT_3D('',#7496,#7497,#7498);
#7496 = CARTESIAN_POINT('',(128.44,-60.9,-4.6E-02));
#7497 = DIRECTION('',(-0.,-0.,-1.));
#7498 = DIRECTION('',(-0.,-1.,0.));
#7499 = ADVANCED_FACE('',(#7500),#7511,.F.);
#7500 = FACE_BOUND('',#7501,.T.);
#7501 = EDGE_LOOP('',(#7502,#7503,#7509,#7510));
#7502 = ORIENTED_EDGE('',*,*,#2110,.T.);
#7503 = ORIENTED_EDGE('',*,*,#7504,.T.);
#7504 = EDGE_CURVE('',#2111,#4273,#7505,.T.);
#7505 = LINE('',#7506,#7507);
#7506 = CARTESIAN_POINT('',(133.43,-61.28,-4.6E-02));
#7507 = VECTOR('',#7508,1.);
#7508 = DIRECTION('',(0.,0.,1.));
#7509 = ORIENTED_EDGE('',*,*,#4272,.F.);
#7510 = ORIENTED_EDGE('',*,*,#7504,.F.);
#7511 = CYLINDRICAL_SURFACE('',#7512,0.4);
#7512 = AXIS2_PLACEMENT_3D('',#7513,#7514,#7515);
#7513 = CARTESIAN_POINT('',(133.43,-60.88,-4.6E-02));
#7514 = DIRECTION('',(-0.,-0.,-1.));
#7515 = DIRECTION('',(-0.,-1.,0.));
#7516 = ADVANCED_FACE('',(#7517),#7528,.F.);
#7517 = FACE_BOUND('',#7518,.T.);
#7518 = EDGE_LOOP('',(#7519,#7520,#7526,#7527));
#7519 = ORIENTED_EDGE('',*,*,#2121,.T.);
#7520 = ORIENTED_EDGE('',*,*,#7521,.T.);
#7521 = EDGE_CURVE('',#2122,#4284,#7522,.T.);
#7522 = LINE('',#7523,#7524);
#7523 = CARTESIAN_POINT('',(128.44,-58.76,-4.6E-02));
#7524 = VECTOR('',#7525,1.);
#7525 = DIRECTION('',(0.,0.,1.));
#7526 = ORIENTED_EDGE('',*,*,#4283,.F.);
#7527 = ORIENTED_EDGE('',*,*,#7521,.F.);
#7528 = CYLINDRICAL_SURFACE('',#7529,0.4);
#7529 = AXIS2_PLACEMENT_3D('',#7530,#7531,#7532);
#7530 = CARTESIAN_POINT('',(128.44,-58.36,-4.6E-02));
#7531 = DIRECTION('',(-0.,-0.,-1.));
#7532 = DIRECTION('',(-0.,-1.,0.));
#7533 = ADVANCED_FACE('',(#7534),#7545,.F.);
#7534 = FACE_BOUND('',#7535,.T.);
#7535 = EDGE_LOOP('',(#7536,#7537,#7543,#7544));
#7536 = ORIENTED_EDGE('',*,*,#2132,.T.);
#7537 = ORIENTED_EDGE('',*,*,#7538,.T.);
#7538 = EDGE_CURVE('',#2133,#4295,#7539,.T.);
#7539 = LINE('',#7540,#7541);
#7540 = CARTESIAN_POINT('',(133.43,-58.74,-4.6E-02));
#7541 = VECTOR('',#7542,1.);
#7542 = DIRECTION('',(0.,0.,1.));
#7543 = ORIENTED_EDGE('',*,*,#4294,.F.);
#7544 = ORIENTED_EDGE('',*,*,#7538,.F.);
#7545 = CYLINDRICAL_SURFACE('',#7546,0.4);
#7546 = AXIS2_PLACEMENT_3D('',#7547,#7548,#7549);
#7547 = CARTESIAN_POINT('',(133.43,-58.34,-4.6E-02));
#7548 = DIRECTION('',(-0.,-0.,-1.));
#7549 = DIRECTION('',(-0.,-1.,0.));
#7550 = ADVANCED_FACE('',(#7551),#7562,.F.);
#7551 = FACE_BOUND('',#7552,.T.);
#7552 = EDGE_LOOP('',(#7553,#7554,#7560,#7561));
#7553 = ORIENTED_EDGE('',*,*,#2143,.T.);
#7554 = ORIENTED_EDGE('',*,*,#7555,.T.);
#7555 = EDGE_CURVE('',#2144,#4306,#7556,.T.);
#7556 = LINE('',#7557,#7558);
#7557 = CARTESIAN_POINT('',(128.44,-56.22,-4.6E-02));
#7558 = VECTOR('',#7559,1.);
#7559 = DIRECTION('',(0.,0.,1.));
#7560 = ORIENTED_EDGE('',*,*,#4305,.F.);
#7561 = ORIENTED_EDGE('',*,*,#7555,.F.);
#7562 = CYLINDRICAL_SURFACE('',#7563,0.4);
#7563 = AXIS2_PLACEMENT_3D('',#7564,#7565,#7566);
#7564 = CARTESIAN_POINT('',(128.44,-55.82,-4.6E-02));
#7565 = DIRECTION('',(-0.,-0.,-1.));
#7566 = DIRECTION('',(-0.,-1.,0.));
#7567 = ADVANCED_FACE('',(#7568),#7579,.F.);
#7568 = FACE_BOUND('',#7569,.T.);
#7569 = EDGE_LOOP('',(#7570,#7571,#7577,#7578));
#7570 = ORIENTED_EDGE('',*,*,#2154,.T.);
#7571 = ORIENTED_EDGE('',*,*,#7572,.T.);
#7572 = EDGE_CURVE('',#2155,#4317,#7573,.T.);
#7573 = LINE('',#7574,#7575);
#7574 = CARTESIAN_POINT('',(133.43,-56.2,-4.6E-02));
#7575 = VECTOR('',#7576,1.);
#7576 = DIRECTION('',(0.,0.,1.));
#7577 = ORIENTED_EDGE('',*,*,#4316,.F.);
#7578 = ORIENTED_EDGE('',*,*,#7572,.F.);
#7579 = CYLINDRICAL_SURFACE('',#7580,0.4);
#7580 = AXIS2_PLACEMENT_3D('',#7581,#7582,#7583);
#7581 = CARTESIAN_POINT('',(133.43,-55.8,-4.6E-02));
#7582 = DIRECTION('',(-0.,-0.,-1.));
#7583 = DIRECTION('',(-0.,-1.,0.));
#7584 = ADVANCED_FACE('',(#7585),#7596,.F.);
#7585 = FACE_BOUND('',#7586,.T.);
#7586 = EDGE_LOOP('',(#7587,#7588,#7594,#7595));
#7587 = ORIENTED_EDGE('',*,*,#2165,.T.);
#7588 = ORIENTED_EDGE('',*,*,#7589,.T.);
#7589 = EDGE_CURVE('',#2166,#4328,#7590,.T.);
#7590 = LINE('',#7591,#7592);
#7591 = CARTESIAN_POINT('',(146.13,-61.28,-4.6E-02));
#7592 = VECTOR('',#7593,1.);
#7593 = DIRECTION('',(0.,0.,1.));
#7594 = ORIENTED_EDGE('',*,*,#4327,.F.);
#7595 = ORIENTED_EDGE('',*,*,#7589,.F.);
#7596 = CYLINDRICAL_SURFACE('',#7597,0.4);
#7597 = AXIS2_PLACEMENT_3D('',#7598,#7599,#7600);
#7598 = CARTESIAN_POINT('',(146.13,-60.88,-4.6E-02));
#7599 = DIRECTION('',(-0.,-0.,-1.));
#7600 = DIRECTION('',(-0.,-1.,0.));
#7601 = ADVANCED_FACE('',(#7602),#7613,.F.);
#7602 = FACE_BOUND('',#7603,.T.);
#7603 = EDGE_LOOP('',(#7604,#7605,#7611,#7612));
#7604 = ORIENTED_EDGE('',*,*,#2176,.T.);
#7605 = ORIENTED_EDGE('',*,*,#7606,.T.);
#7606 = EDGE_CURVE('',#2177,#4339,#7607,.T.);
#7607 = LINE('',#7608,#7609);
#7608 = CARTESIAN_POINT('',(146.13,-58.74,-4.6E-02));
#7609 = VECTOR('',#7610,1.);
#7610 = DIRECTION('',(0.,0.,1.));
#7611 = ORIENTED_EDGE('',*,*,#4338,.F.);
#7612 = ORIENTED_EDGE('',*,*,#7606,.F.);
#7613 = CYLINDRICAL_SURFACE('',#7614,0.4);
#7614 = AXIS2_PLACEMENT_3D('',#7615,#7616,#7617);
#7615 = CARTESIAN_POINT('',(146.13,-58.34,-4.6E-02));
#7616 = DIRECTION('',(-0.,-0.,-1.));
#7617 = DIRECTION('',(-0.,-1.,0.));
#7618 = ADVANCED_FACE('',(#7619),#7630,.F.);
#7619 = FACE_BOUND('',#7620,.T.);
#7620 = EDGE_LOOP('',(#7621,#7622,#7628,#7629));
#7621 = ORIENTED_EDGE('',*,*,#2187,.T.);
#7622 = ORIENTED_EDGE('',*,*,#7623,.T.);
#7623 = EDGE_CURVE('',#2188,#4350,#7624,.T.);
#7624 = LINE('',#7625,#7626);
#7625 = CARTESIAN_POINT('',(146.13,-56.2,-4.6E-02));
#7626 = VECTOR('',#7627,1.);
#7627 = DIRECTION('',(0.,0.,1.));
#7628 = ORIENTED_EDGE('',*,*,#4349,.F.);
#7629 = ORIENTED_EDGE('',*,*,#7623,.F.);
#7630 = CYLINDRICAL_SURFACE('',#7631,0.4);
#7631 = AXIS2_PLACEMENT_3D('',#7632,#7633,#7634);
#7632 = CARTESIAN_POINT('',(146.13,-55.8,-4.6E-02));
#7633 = DIRECTION('',(-0.,-0.,-1.));
#7634 = DIRECTION('',(-0.,-1.,0.));
#7635 = ADVANCED_FACE('',(#7636),#7647,.F.);
#7636 = FACE_BOUND('',#7637,.T.);
#7637 = EDGE_LOOP('',(#7638,#7639,#7645,#7646));
#7638 = ORIENTED_EDGE('',*,*,#2198,.T.);
#7639 = ORIENTED_EDGE('',*,*,#7640,.T.);
#7640 = EDGE_CURVE('',#2199,#4361,#7641,.T.);
#7641 = LINE('',#7642,#7643);
#7642 = CARTESIAN_POINT('',(128.44,-53.68,-4.6E-02));
#7643 = VECTOR('',#7644,1.);
#7644 = DIRECTION('',(0.,0.,1.));
#7645 = ORIENTED_EDGE('',*,*,#4360,.F.);
#7646 = ORIENTED_EDGE('',*,*,#7640,.F.);
#7647 = CYLINDRICAL_SURFACE('',#7648,0.4);
#7648 = AXIS2_PLACEMENT_3D('',#7649,#7650,#7651);
#7649 = CARTESIAN_POINT('',(128.44,-53.28,-4.6E-02));
#7650 = DIRECTION('',(-0.,-0.,-1.));
#7651 = DIRECTION('',(-0.,-1.,0.));
#7652 = ADVANCED_FACE('',(#7653),#7664,.F.);
#7653 = FACE_BOUND('',#7654,.T.);
#7654 = EDGE_LOOP('',(#7655,#7656,#7662,#7663));
#7655 = ORIENTED_EDGE('',*,*,#2209,.T.);
#7656 = ORIENTED_EDGE('',*,*,#7657,.T.);
#7657 = EDGE_CURVE('',#2210,#4372,#7658,.T.);
#7658 = LINE('',#7659,#7660);
#7659 = CARTESIAN_POINT('',(133.43,-53.66,-4.6E-02));
#7660 = VECTOR('',#7661,1.);
#7661 = DIRECTION('',(0.,0.,1.));
#7662 = ORIENTED_EDGE('',*,*,#4371,.F.);
#7663 = ORIENTED_EDGE('',*,*,#7657,.F.);
#7664 = CYLINDRICAL_SURFACE('',#7665,0.4);
#7665 = AXIS2_PLACEMENT_3D('',#7666,#7667,#7668);
#7666 = CARTESIAN_POINT('',(133.43,-53.26,-4.6E-02));
#7667 = DIRECTION('',(-0.,-0.,-1.));
#7668 = DIRECTION('',(-0.,-1.,0.));
#7669 = ADVANCED_FACE('',(#7670),#7681,.F.);
#7670 = FACE_BOUND('',#7671,.T.);
#7671 = EDGE_LOOP('',(#7672,#7673,#7679,#7680));
#7672 = ORIENTED_EDGE('',*,*,#2220,.T.);
#7673 = ORIENTED_EDGE('',*,*,#7674,.T.);
#7674 = EDGE_CURVE('',#2221,#4383,#7675,.T.);
#7675 = LINE('',#7676,#7677);
#7676 = CARTESIAN_POINT('',(128.44,-51.14,-4.6E-02));
#7677 = VECTOR('',#7678,1.);
#7678 = DIRECTION('',(0.,0.,1.));
#7679 = ORIENTED_EDGE('',*,*,#4382,.F.);
#7680 = ORIENTED_EDGE('',*,*,#7674,.F.);
#7681 = CYLINDRICAL_SURFACE('',#7682,0.4);
#7682 = AXIS2_PLACEMENT_3D('',#7683,#7684,#7685);
#7683 = CARTESIAN_POINT('',(128.44,-50.74,-4.6E-02));
#7684 = DIRECTION('',(-0.,-0.,-1.));
#7685 = DIRECTION('',(-0.,-1.,0.));
#7686 = ADVANCED_FACE('',(#7687),#7698,.F.);
#7687 = FACE_BOUND('',#7688,.T.);
#7688 = EDGE_LOOP('',(#7689,#7690,#7696,#7697));
#7689 = ORIENTED_EDGE('',*,*,#2231,.T.);
#7690 = ORIENTED_EDGE('',*,*,#7691,.T.);
#7691 = EDGE_CURVE('',#2232,#4394,#7692,.T.);
#7692 = LINE('',#7693,#7694);
#7693 = CARTESIAN_POINT('',(133.43,-51.12,-4.6E-02));
#7694 = VECTOR('',#7695,1.);
#7695 = DIRECTION('',(0.,0.,1.));
#7696 = ORIENTED_EDGE('',*,*,#4393,.F.);
#7697 = ORIENTED_EDGE('',*,*,#7691,.F.);
#7698 = CYLINDRICAL_SURFACE('',#7699,0.4);
#7699 = AXIS2_PLACEMENT_3D('',#7700,#7701,#7702);
#7700 = CARTESIAN_POINT('',(133.43,-50.72,-4.6E-02));
#7701 = DIRECTION('',(-0.,-0.,-1.));
#7702 = DIRECTION('',(-0.,-1.,0.));
#7703 = ADVANCED_FACE('',(#7704),#7715,.F.);
#7704 = FACE_BOUND('',#7705,.T.);
#7705 = EDGE_LOOP('',(#7706,#7707,#7713,#7714));
#7706 = ORIENTED_EDGE('',*,*,#2242,.T.);
#7707 = ORIENTED_EDGE('',*,*,#7708,.T.);
#7708 = EDGE_CURVE('',#2243,#4405,#7709,.T.);
#7709 = LINE('',#7710,#7711);
#7710 = CARTESIAN_POINT('',(146.13,-53.66,-4.6E-02));
#7711 = VECTOR('',#7712,1.);
#7712 = DIRECTION('',(0.,0.,1.));
#7713 = ORIENTED_EDGE('',*,*,#4404,.F.);
#7714 = ORIENTED_EDGE('',*,*,#7708,.F.);
#7715 = CYLINDRICAL_SURFACE('',#7716,0.4);
#7716 = AXIS2_PLACEMENT_3D('',#7717,#7718,#7719);
#7717 = CARTESIAN_POINT('',(146.13,-53.26,-4.6E-02));
#7718 = DIRECTION('',(-0.,-0.,-1.));
#7719 = DIRECTION('',(-0.,-1.,0.));
#7720 = ADVANCED_FACE('',(#7721),#7732,.F.);
#7721 = FACE_BOUND('',#7722,.T.);
#7722 = EDGE_LOOP('',(#7723,#7724,#7730,#7731));
#7723 = ORIENTED_EDGE('',*,*,#2253,.T.);
#7724 = ORIENTED_EDGE('',*,*,#7725,.T.);
#7725 = EDGE_CURVE('',#2254,#4416,#7726,.T.);
#7726 = LINE('',#7727,#7728);
#7727 = CARTESIAN_POINT('',(146.13,-51.12,-4.6E-02));
#7728 = VECTOR('',#7729,1.);
#7729 = DIRECTION('',(0.,0.,1.));
#7730 = ORIENTED_EDGE('',*,*,#4415,.F.);
#7731 = ORIENTED_EDGE('',*,*,#7725,.F.);
#7732 = CYLINDRICAL_SURFACE('',#7733,0.4);
#7733 = AXIS2_PLACEMENT_3D('',#7734,#7735,#7736);
#7734 = CARTESIAN_POINT('',(146.13,-50.72,-4.6E-02));
#7735 = DIRECTION('',(-0.,-0.,-1.));
#7736 = DIRECTION('',(-0.,-1.,0.));
#7737 = ADVANCED_FACE('',(#7738),#7749,.F.);
#7738 = FACE_BOUND('',#7739,.T.);
#7739 = EDGE_LOOP('',(#7740,#7741,#7747,#7748));
#7740 = ORIENTED_EDGE('',*,*,#2264,.T.);
#7741 = ORIENTED_EDGE('',*,*,#7742,.T.);
#7742 = EDGE_CURVE('',#2265,#4427,#7743,.T.);
#7743 = LINE('',#7744,#7745);
#7744 = CARTESIAN_POINT('',(164.,-58.4,-4.6E-02));
#7745 = VECTOR('',#7746,1.);
#7746 = DIRECTION('',(0.,0.,1.));
#7747 = ORIENTED_EDGE('',*,*,#4426,.F.);
#7748 = ORIENTED_EDGE('',*,*,#7742,.F.);
#7749 = CYLINDRICAL_SURFACE('',#7750,0.5);
#7750 = AXIS2_PLACEMENT_3D('',#7751,#7752,#7753);
#7751 = CARTESIAN_POINT('',(164.,-57.9,-4.6E-02));
#7752 = DIRECTION('',(-0.,-0.,-1.));
#7753 = DIRECTION('',(-0.,-1.,0.));
#7754 = ADVANCED_FACE('',(#7755),#7766,.F.);
#7755 = FACE_BOUND('',#7756,.T.);
#7756 = EDGE_LOOP('',(#7757,#7758,#7764,#7765));
#7757 = ORIENTED_EDGE('',*,*,#2275,.T.);
#7758 = ORIENTED_EDGE('',*,*,#7759,.T.);
#7759 = EDGE_CURVE('',#2276,#4438,#7760,.T.);
#7760 = LINE('',#7761,#7762);
#7761 = CARTESIAN_POINT('',(166.54,-58.4,-4.6E-02));
#7762 = VECTOR('',#7763,1.);
#7763 = DIRECTION('',(0.,0.,1.));
#7764 = ORIENTED_EDGE('',*,*,#4437,.F.);
#7765 = ORIENTED_EDGE('',*,*,#7759,.F.);
#7766 = CYLINDRICAL_SURFACE('',#7767,0.5);
#7767 = AXIS2_PLACEMENT_3D('',#7768,#7769,#7770);
#7768 = CARTESIAN_POINT('',(166.54,-57.9,-4.6E-02));
#7769 = DIRECTION('',(-0.,-0.,-1.));
#7770 = DIRECTION('',(-0.,-1.,0.));
#7771 = ADVANCED_FACE('',(#7772),#7783,.F.);
#7772 = FACE_BOUND('',#7773,.T.);
#7773 = EDGE_LOOP('',(#7774,#7780,#7781,#7782));
#7774 = ORIENTED_EDGE('',*,*,#7775,.T.);
#7775 = EDGE_CURVE('',#2287,#4449,#7776,.T.);
#7776 = LINE('',#7777,#7778);
#7777 = CARTESIAN_POINT('',(176.464911,-46.2,0.));
#7778 = VECTOR('',#7779,1.);
#7779 = DIRECTION('',(0.,0.,1.));
#7780 = ORIENTED_EDGE('',*,*,#4448,.T.);
#7781 = ORIENTED_EDGE('',*,*,#7775,.F.);
#7782 = ORIENTED_EDGE('',*,*,#2286,.F.);
#7783 = CYLINDRICAL_SURFACE('',#7784,1.264911);
#7784 = AXIS2_PLACEMENT_3D('',#7785,#7786,#7787);
#7785 = CARTESIAN_POINT('',(175.2,-46.2,0.));
#7786 = DIRECTION('',(-0.,-0.,-1.));
#7787 = DIRECTION('',(1.,0.,-0.));
#7788 = ( GEOMETRIC_REPRESENTATION_CONTEXT(3) 
GLOBAL_UNCERTAINTY_ASSIGNED_CONTEXT((#7792)) 
GLOBAL_UNIT_ASSIGNED_CONTEXT((#7789,#7790,#7791)) REPRESENTATION_CONTEXT
('Context #1','3D Context with UNIT and UNCERTAINTY') );
#7789 = ( LENGTH_UNIT() NAMED_UNIT(*) SI_UNIT(.MILLI.,.METRE.) );
#7790 = ( NAMED_UNIT(*) PLANE_ANGLE_UNIT() SI_UNIT($,.RADIAN.) );
#7791 = ( NAMED_UNIT(*) SI_UNIT($,.STERADIAN.) SOLID_ANGLE_UNIT() );
#7792 = UNCERTAINTY_MEASURE_WITH_UNIT(LENGTH_MEASURE(1.E-07),#7789,
  'distance_accuracy_value','confusion accuracy');
#7793 = CONTEXT_DEPENDENT_SHAPE_REPRESENTATION(#7794,#7796);
#7794 = ( REPRESENTATION_RELATIONSHIP('','',#32,#10) 
REPRESENTATION_RELATIONSHIP_WITH_TRANSFORMATION(#7795) 
SHAPE_REPRESENTATION_RELATIONSHIP() );
#7795 = ITEM_DEFINED_TRANSFORMATION('','',#11,#15);
#7796 = PRODUCT_DEFINITION_SHAPE('Placement','Placement of an item',
  #7797);
#7797 = NEXT_ASSEMBLY_USAGE_OCCURRENCE('1','=>[0:1:1:2]','',#5,#27,$);
#7798 = PRODUCT_RELATED_PRODUCT_CATEGORY('part',$,(#29));
#7799 = MECHANICAL_DESIGN_GEOMETRIC_PRESENTATION_REPRESENTATION('',(
    #7800),#7788);
#7800 = STYLED_ITEM('color',(#7801),#33);
#7801 = PRESENTATION_STYLE_ASSIGNMENT((#7802));
#7802 = SURFACE_STYLE_USAGE(.BOTH.,#7803);
#7803 = SURFACE_SIDE_STYLE('',(#7804));
#7804 = SURFACE_STYLE_FILL_AREA(#7805);
#7805 = FILL_AREA_STYLE('',(#7806));
#7806 = FILL_AREA_STYLE_COLOUR('',#7807);
#7807 = COLOUR_RGB('',0.313304153717,0.484529207832,0.410020903123);
ENDSEC;
END-ISO-10303-21;
